movie_id,title,genre,language,release_year,imdb_rating,director,revenue
1,Forgotten Empire,Sci-Fi,Korean,1984,8.2,Maria Muller,18198596.06
2,Crimson Horizon,Drama,Hindi,1984,3.8,Elena Silva,11330801.2
3,Lost Flame,Action,French,2005,2.4,Emma Nolan,2706837.59
4,Distant Empire,Animation,English,1999,6.2,Yuki Chen,12796323.71
5,Rising Legacy,Animation,Japanese,2016,2.4,Carlos Wong,8580466.5
6,Forgotten War,Crime,Mandarin,2003,4.2,Yuki Rossi,6039969.91
7,Frozen River,Fantasy,Hindi,2018,9.4,Maria Anderson,15154961.54
8,Hidden Symphony,Sci-Fi,English,2022,2.6,Elena Costa,16376149.18
9,Forgotten Truth,Crime,Spanish,2009,2.5,James Kumar,13299836.5
10,Broken Heart,Adventure,French,2023,8.2,Sofia Iyer,82460946.02
11,Burning Truth,Comedy,French,2011,2.4,Sofia Watanabe,7988058.69
12,Frozen Kingdom,Comedy,Hindi,2015,4.1,Wei Silva,70115791.61
13,Distant Truth,Adventure,Mandarin,1994,3.1,Yuki Watanabe,4705054.87
14,Frozen Flame,Comedy,English,1980,3.1,Elena Muller,6406303.04
15,Hidden Garden,Crime,Korean,1983,5.4,Elena Iyer,7912694.32
16,Frozen Echo,Action,English,1993,5.3,Maria Fernandes,2092472.97
17,Wild Empire,Animation,English,2003,6.6,James Smith,3013582.18
18,Midnight Truth,Crime,Hindi,1987,2.9,Nina Patel,6271453.67
19,Hidden Legacy,Fantasy,Hindi,1996,5.6,Yuki Anderson,19022162.18
20,Secret Truth,Comedy,Japanese,1981,7.7,Sofia Garcia,5259248.18
21,Rising Dream,Horror,German,2014,6.1,Sanjay Fernandes,12283903.05
22,Crimson Journey,Sci-Fi,Japanese,1994,3.5,Nina Muller,19792591.55
23,Midnight Symphony,Romance,English,2018,9.2,Luis Muller,85634459.37
24,Lost Legacy,Thriller,Hindi,2001,3.5,Hana Kim,9615494.85
25,Rising Kingdom,Adventure,English,2004,7.9,Carlos Wong,98106513.63
26,Forgotten Kingdom,Fantasy,Hindi,2005,7.6,James Kapoor,2584415.43
27,Hidden Flame,Documentary,Tamil,1989,6.6,Hana Wong,7040629.87
28,Endless Island,Comedy,English,2026,6.9,Sanjay Watanabe,17441271.41
29,Crimson Shadows,Romance,English,2012,3.8,Chris Fernandes,8409300.43
30,Hidden Horizon,Fantasy,Hindi,2009,7,Sanjay Silva,17569467.17
31,Hidden Island,Comedy,Spanish,1981,8.5,Yuki Kim,15993450.49
32,Eternal Empire,Documentary,French,1987,6.2,David Anderson,9675615.93
33,Last Island,Action,English,1997,2.3,Maria Anderson,605921.88
34,Golden War,Horror,French,2012,6.5,Carlos Kumar,10689044.48
35,Frozen Garden,Thriller,Japanese,1996,8.9,Carlos Patel,2476357.99
36,Burning River,Drama,Korean,2007,2.5,Sofia Chen,47800392.28
37,Rising Empire,Romance,Mandarin,2009,3.6,Maria Iyer,49303130.79
38,Lost Dream,Fantasy,Hindi,2012,5,Aiko Smith,1889270.82
39,Rising Shadows,Horror,Spanish,2008,7.3,Michael Fernandes,5944309.52
40,Golden Legacy,Thriller,Portuguese,1986,2.6,Arjun Nolan,52679250.45
41,Hidden Path,Adventure,Tamil,1996,5,Elena Anderson,14023328.06
42,Golden City,Action,Tamil,1991,5.2,James Kumar,134199111.1
43,Midnight Kingdom,Crime,Telugu,1984,4,Maria Patel,19886402.51
44,Distant City,Crime,English,2013,7.3,Maria Kapoor,3663862.05
45,Sacred Heart,Animation,German,1998,5.3,Yuki Kumar,412353.99
46,Midnight Horizon,Action,English,2012,6.1,Carlos Anderson,18696124.65
47,Last Path,Adventure,Spanish,2005,9.3,Sofia Smith,1091032026
48,Hidden Echo,Horror,Portuguese,1988,2.1,Arjun Silva,1735473.21
49,Shattered Garden,Adventure,Portuguese,2018,3.8,Sofia Nolan,3192782.15
50,Burning Shadows,Romance,Hindi,2001,9.3,Elena Fernandes,19315052.06
51,Sacred Storm,Horror,English,2001,4.9,Nina Kumar,4059552.08
52,Secret Shadows,Drama,English,1985,3.1,Chris Nolan,6027938.89
53,Lost Kingdom,Crime,Italian,1989,6.9,Hana Iyer,14427511.56
54,Frozen Empire,Romance,Japanese,2021,3.1,Sanjay Silva,16253767.37
55,Hidden Garden,Animation,Spanish,1981,8.2,Chris Rossi,885148.92
56,Rising Legacy,Sci-Fi,Tamil,2015,2.4,Raj Reddy,9811421.58
57,Silent War,Drama,Japanese,2012,8.7,James Anderson,14748927.15
58,Midnight Kingdom,Romance,English,1993,3.7,Luis Wong,1580960.48
59,Sacred Horizon,Crime,Korean,1992,2.6,Wei Fernandes,14877184.28
60,Sacred Voyage,Crime,English,2010,2.5,Arjun Chen,13530367.75
61,Sacred Garden,Romance,Hindi,2009,7.8,Elena Smith,1762792.52
62,Frozen Shadows,Romance,Hindi,2012,9.3,Luis Kumar,18335267.83
63,Crimson Kingdom,Crime,English,2013,4,Priya Watanabe,12651780.57
64,Midnight Legacy,Fantasy,Hindi,2011,8.7,Nina Iyer,121629.91
65,Frozen War,Sci-Fi,Hindi,1989,5.1,Michael Fernandes,6659921.01
66,Forgotten River,Sci-Fi,English,1992,7.3,Sofia Kumar,7888342.67
67,Wild Kingdom,Horror,Mandarin,1997,8.4,Arjun Chen,13256464.69
68,Hidden Journey,Romance,Hindi,2000,3.4,Priya Silva,166153208.1
69,Shattered Island,Animation,English,1985,2.4,Aiko Patel,2814522.05
70,Sacred Symphony,Action,Mandarin,2015,3,Nina Silva,5990548.72
71,Midnight Echo,Adventure,English,2010,6.2,Michael Chen,3275056.38
72,Crimson Garden,Documentary,Spanish,2008,8.8,Luis Silva,3888521.56
73,Golden Dream,Horror,Spanish,2000,3.8,Arjun Costa,450630.45
74,Distant Echo,Sci-Fi,Japanese,1993,4.8,David Nolan,11506901.33
75,Rising Empire,Adventure,Spanish,2020,7.9,Carlos Garcia,5006650.31
76,Shattered War,Sci-Fi,Italian,1981,3,Aiko Wong,108168385.2
77,Golden Echo,Animation,Telugu,2008,3.9,Maria Rossi,10471193.86
78,Last War,Drama,Spanish,1982,2,Wei Rossi,799955.02
79,Sacred Empire,Adventure,English,2020,5.3,Maria Chen,10512511.81
80,Wild Storm,Sci-Fi,English,2018,2,Elena Lee,924369490.8
81,Forgotten Journey,Documentary,Spanish,2015,3.9,Aiko Lee,3922598.74
82,Distant Kingdom,Romance,English,2007,8.9,Emma Wong,6794128.83
83,Distant Truth,Adventure,Hindi,1980,8,Sanjay Garcia,19398681.51
84,Sacred Storm,Thriller,Hindi,1996,7.7,Sofia Chen,109237651.3
85,Eternal Journey,Documentary,Hindi,2022,2.4,Hana Watanabe,29784508.34
86,Silent Voyage,Comedy,Hindi,2025,2.5,Michael Patel,179045054.7
87,Last Kingdom,Comedy,Hindi,1991,6.9,Sanjay Patel,13305375.78
88,Shattered Truth,Horror,Hindi,1986,2,Arjun Garcia,19112520.91
89,Last Island,Thriller,Hindi,1999,8.2,Aiko Garcia,9495607.81
90,Rising Island,Documentary,English,2003,7.5,Nina Sharma,4997860.31
91,Shattered Horizon,Sci-Fi,English,1984,8,Anjali Kumar,1303892.24
92,Dark River,Horror,English,2019,2.3,David Kumar,14445362.79
93,Dark Kingdom,Action,Tamil,1986,5.6,Luis Iyer,18275202.1
94,Frozen Empire,Documentary,English,1999,8.2,Wei Kim,17231785.31
95,Burning Truth,Crime,English,1992,4.9,Yuki Rossi,13008442.65
96,Frozen Island,Animation,Hindi,2007,8.6,James Kumar,4206403.76
97,Distant Symphony,Fantasy,Portuguese,1991,3.8,Aiko Patel,13498466.94
98,Endless Legacy,Romance,English,2016,4,Arjun Kumar,4986211.07
99,Lost Journey,Comedy,English,2017,3.4,James Iyer,4956687.09
100,Secret Journey,Adventure,Tamil,2021,5.5,Anjali Chen,17662359.21
101,Lost War,Horror,English,1998,3.7,Anjali Smith,16567104.51
102,Crimson Kingdom,Horror,Spanish,1991,5.4,Arjun Sharma,11943133.96
103,Dark Truth,Thriller,English,2001,3.1,Carlos Kumar,14657957.54
104,Crimson Shadows,Horror,Hindi,2003,3.4,Sofia Garcia,15915859.3
105,Endless Symphony,Drama,Hindi,2005,7,Wei Reddy,3315601.9
106,Midnight Path,Romance,Korean,2006,9.1,Sofia Costa,94534404.84
107,Silent Truth,Adventure,English,2026,5,Raj Silva,96275864.84
108,Golden Echo,Crime,Mandarin,2009,7.8,Wei Sharma,2892811.29
109,Shattered Kingdom,Crime,French,2003,7.5,Yuki Watanabe,3278203.73
110,Eternal Kingdom,Drama,Hindi,1992,4.3,Anjali Wong,12172512.04
111,Shattered Kingdom,Fantasy,French,1990,6.8,Emma Kim,16934710.01
112,Frozen Dream,Crime,English,2005,9,Yuki Iyer,3031869.49
113,Crimson Horizon,Animation,Telugu,2023,2.3,David Chen,9141883.27
114,Sacred Path,Romance,French,2007,4.9,Priya Patel,3616340.18
115,Silent Voyage,Documentary,Hindi,2008,7.7,Luis Kapoor,8036829.8
116,Golden Empire,Horror,Hindi,1985,8,Sanjay Anderson,861000.05
117,Hidden Kingdom,Fantasy,Hindi,2026,5.8,Anjali Anderson,137494218.1
118,Hidden Shadows,Drama,Portuguese,2026,7.2,Maria Smith,17719614.19
119,Sacred Dream,Adventure,German,1994,2.5,Priya Kim,3217410.61
120,Dark City,Documentary,English,2012,9.2,Nina Smith,12336531.49
121,Lost River,Horror,English,1991,5,Arjun Fernandes,50373567.96
122,Midnight Legacy,Animation,English,2003,9.2,Luis Reddy,13790137.8
123,Last City,Animation,French,2005,7.5,Priya Kumar,7410442.33
124,Hidden Truth,Horror,German,2008,3.7,Hana Nolan,10346330.09
125,Sacred Flame,Adventure,Mandarin,2026,2,Anjali Rossi,12340238.42
126,Distant Path,Animation,Hindi,1983,3,Emma Kim,494675.97
127,Silent Flame,Horror,Hindi,2013,4.7,Emma Silva,11802377.57
128,Crimson Truth,Crime,Tamil,1990,3,Emma Watanabe,1320189.43
129,Hidden City,Sci-Fi,Tamil,1980,2.4,Elena Muller,11590526.34
130,Dark Garden,Fantasy,Spanish,1990,8.8,Anjali Nolan,8149475.05
131,Lost Dream,Action,Mandarin,1986,2.1,Elena Smith,4030389.43
132,Dark Garden,Adventure,Korean,2019,3.3,Sofia Garcia,1017391.01
133,Frozen Island,Action,Hindi,2007,7.6,Luis Garcia,9077120.42
134,Lost Legacy,Romance,English,1982,2.9,Arjun Nolan,11098065.77
135,Distant Garden,Romance,English,1993,2.6,Sanjay Sharma,18098815.35
136,Crimson Dream,Fantasy,Mandarin,1992,8.6,David Kim,18155989.46
137,Endless Symphony,Documentary,Tamil,2024,2,Raj Silva,62089126.73
138,Sacred Storm,Sci-Fi,French,1984,6.2,Yuki Watanabe,2282266.22
139,Dark Dream,Horror,Portuguese,2024,2.2,Anjali Watanabe,12695868.63
140,Golden Horizon,Drama,Telugu,2003,3.5,Elena Garcia,156039062.2
141,Shattered Legacy,Thriller,English,1987,2.3,James Lee,2696442.04
142,Crimson Heart,Horror,Hindi,1996,2.2,Arjun Lee,15209047
143,Forgotten Voyage,Animation,Hindi,1998,6.6,Raj Silva,10396516.22
144,Last Truth,Documentary,Japanese,2014,6.2,James Costa,3448906.64
145,Silent Garden,Thriller,English,1983,2,Nina Chen,15945599.36
146,Eternal Symphony,Crime,Hindi,2012,4,Yuki Lee,18768870.14
147,Lost Symphony,Comedy,English,2020,7.8,Nina Reddy,12577247.41
148,Rising Legacy,Sci-Fi,Mandarin,1985,5.2,Raj Muller,5300748.65
149,Endless Garden,Comedy,Hindi,2020,3.8,Luis Watanabe,15101789.83
150,Dark Horizon,Horror,French,2013,3.2,Luis Reddy,3432533.15
151,Burning City,Crime,English,2001,5.5,Emma Anderson,6065078.51
152,Dark Empire,Fantasy,English,1995,7.4,Hana Anderson,4762450.41
153,Crimson City,Fantasy,Portuguese,1990,9.2,Maria Smith,19677464.06
154,Sacred Heart,Sci-Fi,English,1986,6.8,Maria Kumar,7797407.22
155,Broken Shadows,Sci-Fi,Telugu,2007,7.2,Sanjay Lee,2879159.93
156,Dark Echo,Action,Japanese,2007,7.3,Chris Silva,13374520.01
157,Wild Journey,Adventure,English,1987,5.4,David Kumar,2002442.86
158,Distant Journey,Sci-Fi,Japanese,2020,3.2,Aiko Wong,12450297.07
159,Distant Garden,Adventure,Korean,1991,8.7,David Sharma,9822311.27
160,Last Horizon,Romance,Spanish,1990,7.4,Carlos Anderson,16950832.06
161,Burning Island,Thriller,Japanese,2012,2.1,Priya Anderson,14855093.14
162,Burning Storm,Adventure,English,2012,7.7,Maria Kim,1179535.18
163,Midnight Echo,Sci-Fi,English,1984,5.1,Aiko Muller,2229706.57
164,Sacred Echo,Animation,Portuguese,2005,5.5,Yuki Watanabe,32401092.54
165,Crimson Symphony,Adventure,Spanish,1994,8.1,Wei Muller,16622446.45
166,Distant War,Romance,German,2021,2.9,Nina Muller,4647555.96
167,Shattered City,Sci-Fi,Korean,2010,2,Arjun Muller,6071314.45
168,Frozen Symphony,Sci-Fi,French,1985,6.9,Priya Watanabe,173800182.9
169,Broken Kingdom,Crime,Mandarin,1988,6,Priya Costa,279007.23
170,Golden Heart,Romance,French,2017,3.1,Emma Kapoor,6961559.32
171,Hidden Storm,Sci-Fi,Tamil,1990,6.6,Hana Garcia,17883554.94
172,Sacred Storm,Documentary,Japanese,2013,2.6,Luis Chen,5326661.79
173,Lost Empire,Documentary,Spanish,1983,5.6,Wei Wong,3334096.93
174,Dark Shadows,Comedy,Telugu,2009,7.2,Nina Lee,7530409.66
175,Distant Kingdom,Comedy,Korean,2020,6.8,Raj Kim,14743998.95
176,Forgotten Legacy,Animation,Spanish,1989,2.3,Aiko Watanabe,17240715.74
177,Rising River,Documentary,German,2015,7.8,Carlos Lee,8476652.57
178,Endless Horizon,Romance,English,2011,5,Sanjay Kumar,82065836.46
179,Crimson Symphony,Drama,Hindi,2000,7.3,Wei Costa,427698181.9
180,Broken Echo,Fantasy,Spanish,2005,6.1,Anjali Iyer,173903.02
181,Crimson Symphony,Crime,German,1983,7.9,Elena Kim,2983680.31
182,Dark Kingdom,Thriller,English,2020,5.4,Yuki Chen,17390656.66
183,Distant Legacy,Adventure,English,1988,7.9,Elena Kumar,53259738.36
184,Broken River,Action,Hindi,2021,6.3,Anjali Wong,835619.96
185,Last Path,Crime,Japanese,2005,5.3,Raj Iyer,19862868.55
186,Hidden Symphony,Sci-Fi,Spanish,1985,6.8,Carlos Watanabe,8568646.01
187,Silent Legacy,Drama,English,1987,3,Raj Kumar,4883294.15
188,Eternal Horizon,Horror,German,2025,7.2,Wei Garcia,11171904.03
189,Frozen War,Adventure,Italian,1996,8.9,Anjali Nolan,343854.84
190,Dark Kingdom,Sci-Fi,Hindi,2026,6.5,Nina Kim,7382933.31
191,Wild War,Documentary,Korean,1989,9.2,Maria Muller,49524627.13
192,Distant Symphony,Sci-Fi,German,2008,9.1,Chris Fernandes,1259724.24
193,Dark River,Crime,Japanese,1980,8.2,Hana Lee,19528931.22
194,Lost Echo,Sci-Fi,Korean,2018,7.8,Emma Patel,83615.82
195,Midnight City,Sci-Fi,English,1982,4.2,Wei Costa,19508637.96
196,Endless Symphony,Horror,Spanish,2014,6.2,Michael Smith,14457702.53
197,Lost Heart,Crime,English,2005,5.5,Carlos Kumar,236923.87
198,Shattered War,Animation,English,2002,7.8,Emma Iyer,17943735.59
199,Secret River,Documentary,Spanish,1992,3.4,Carlos Garcia,14036229.93
200,Rising Flame,Crime,Hindi,2013,8.4,Emma Nolan,108788350.1
201,Last Truth,Adventure,Hindi,1985,3.2,Hana Sharma,10413163.47
202,Silent Legacy,Action,English,2016,5.6,Chris Smith,15594856.23
203,Distant Legacy,Documentary,German,2018,9.2,Arjun Nolan,19892556.12
204,Shattered Kingdom,Action,English,2015,4.8,Luis Wong,183785548.8
205,Golden Voyage,Adventure,Hindi,1987,7.3,James Kumar,4702497.33
206,Golden Garden,Sci-Fi,English,1990,4.8,Emma Rossi,18837188.02
207,Rising Horizon,Animation,Mandarin,1983,3.9,Sanjay Wong,2938711.44
208,Silent Storm,Adventure,Japanese,2017,6.4,Maria Wong,5177360.07
209,Last Truth,Documentary,Hindi,2008,3.8,Wei Sharma,18256107.45
210,Broken Dream,Thriller,English,2019,8.5,Wei Patel,186669179.7
211,Shattered Shadows,Adventure,English,2001,4.4,Emma Wong,7352339.99
212,Forgotten Journey,Fantasy,English,2025,5.4,Wei Patel,67951421.55
213,Distant Journey,Comedy,English,2016,8.3,David Kapoor,2229294.85
214,Burning Symphony,Drama,English,2012,2.4,Carlos Reddy,5760351.35
215,Midnight Storm,Horror,Hindi,1996,9.5,Emma Chen,8341938.1
216,Eternal Horizon,Fantasy,Portuguese,1989,9.3,Raj Patel,6851073.92
217,Hidden War,Action,German,2013,4.1,Priya Silva,8208363.93
218,Midnight Flame,Comedy,English,1991,5.9,Emma Kapoor,1631370.88
219,Golden Voyage,Fantasy,Spanish,1997,3.3,Wei Kim,12587470.87
220,Crimson Flame,Romance,English,1984,7.2,Sanjay Silva,18329149.12
221,Secret Truth,Horror,English,2020,8.5,Nina Garcia,18208808.49
222,Frozen Empire,Adventure,English,1991,6.2,Priya Nolan,7454748.22
223,Dark Shadows,Horror,Spanish,2008,9.3,James Chen,4932284.76
224,Forgotten Echo,Crime,German,1983,4.2,Maria Wong,561554.71
225,Endless Empire,Action,English,1985,3.7,Yuki Kapoor,5046638.71
226,Silent Shadows,Drama,Mandarin,1992,4,Hana Costa,4805429.01
227,Burning Legacy,Horror,Telugu,2025,3.3,Arjun Chen,11738746.57
228,Midnight Legacy,Drama,English,1988,6.1,Emma Rossi,11478186.41
229,Shattered Dream,Action,Italian,2004,7.2,Hana Kim,7942887.8
230,Broken Truth,Horror,Hindi,2001,7.4,Chris Fernandes,16960231.99
231,Broken River,Animation,English,2023,9,Emma Silva,280512.07
232,Last Garden,Comedy,English,2007,3.5,Raj Rossi,19395438.68
233,Burning Horizon,Action,English,2021,6.7,Hana Kumar,16136279.98
234,Broken Voyage,Drama,English,2013,2.1,Emma Nolan,6142964.29
235,Eternal Legacy,Action,French,2012,8.8,James Patel,18641924.26
236,Burning Legacy,Animation,English,1998,8.9,Chris Lee,14731820.37
237,Endless Heart,Documentary,French,2016,3.7,Michael Smith,7367934.36
238,Endless Heart,Crime,Hindi,1999,2.2,David Rossi,10941016.2
239,Wild Echo,Action,Mandarin,1990,8.5,Emma Fernandes,9853576.67
240,Sacred Storm,Romance,English,1981,3.2,James Kim,99197503.32
241,Broken Garden,Sci-Fi,Tamil,2002,7.5,Maria Anderson,19188130.31
242,Hidden Path,Horror,Korean,1988,7.1,Hana Kim,16432813.15
243,Secret Legacy,Fantasy,Telugu,2010,4,Wei Silva,20778285.07
244,Endless Flame,Drama,Spanish,2016,3.1,Arjun Kim,7622268.38
245,Burning War,Romance,Japanese,1998,4.6,Sanjay Reddy,12981613.64
246,Silent Symphony,Sci-Fi,Hindi,1991,6,Wei Silva,11652568.56
247,Golden River,Horror,Portuguese,2018,8.3,David Smith,2517260128
248,Silent Shadows,Action,English,2011,4.2,Elena Lee,19966635.05
249,Secret Garden,Fantasy,Korean,2004,5.5,Anjali Kim,9088646.9
250,Silent Kingdom,Animation,English,2006,4.8,Michael Reddy,47759673.58
251,Crimson Path,Documentary,Hindi,2019,8.7,Chris Fernandes,14942028.4
252,Golden Dream,Horror,Hindi,1984,8.2,Sanjay Kapoor,17895495.97
253,Forgotten Garden,Sci-Fi,Korean,2013,4.2,Sanjay Smith,3802758.02
254,Eternal Horizon,Adventure,Spanish,1986,4.6,Anjali Silva,105441.53
255,Endless Shadows,Romance,Hindi,1986,6.4,Raj Smith,15390877.22
256,Wild City,Adventure,Mandarin,2012,9.5,Chris Smith,2473951.78
257,Eternal Garden,Animation,English,1986,2.6,Sanjay Wong,12279434.75
258,Broken Shadows,Adventure,German,2000,3.1,Emma Muller,706163.41
259,Last Flame,Drama,Hindi,2008,6.7,Raj Nolan,7950063.89
260,Broken War,Action,French,1995,3.7,Yuki Costa,76662829.53
261,Burning Heart,Sci-Fi,French,2011,9.3,James Rossi,13514455.38
262,Wild Journey,Sci-Fi,Hindi,2025,5.6,Emma Garcia,7200001.17
263,Eternal Shadows,Romance,Hindi,2003,2.9,Elena Iyer,13043071.85
264,Last Path,Horror,Spanish,2004,3.4,Sofia Muller,746570.79
265,Silent River,Comedy,English,1988,2.7,Arjun Reddy,2599498.66
266,Burning War,Thriller,English,2002,3.6,Michael Iyer,11635815.6
267,Sacred Symphony,Animation,English,2008,7.1,Arjun Kim,125761475.6
268,Rising Island,Thriller,Hindi,2012,3.6,Maria Anderson,17044558.47
269,Shattered Shadows,Adventure,Japanese,1989,4.3,Michael Garcia,15533950.55
270,Lost River,Thriller,Korean,1986,2.5,Priya Anderson,3896845.77
271,Sacred Kingdom,Thriller,English,2025,5,Priya Iyer,9316065.41
272,Hidden City,Comedy,English,2023,8,Priya Silva,14090537.95
273,Burning Journey,Sci-Fi,Hindi,2020,2.7,Sofia Chen,12197889.61
274,Lost Horizon,Sci-Fi,English,1990,5.2,Sofia Watanabe,832715.66
275,Sacred Dream,Crime,Tamil,2016,5.7,Sanjay Kumar,140624068.7
276,Wild Truth,Action,English,2021,4.1,Anjali Costa,994568.52
277,Lost Legacy,Action,Tamil,1993,7.8,Priya Garcia,14891463.4
278,Dark Journey,Romance,Spanish,2002,9.1,Aiko Patel,144491695.8
279,Burning Garden,Action,Korean,1993,5.2,Sanjay Watanabe,3826456.84
280,Endless City,Comedy,Spanish,2020,3.8,Arjun Rossi,50249190.66
281,Rising Path,Drama,English,1999,3,Nina Wong,4872146.16
282,Secret War,Comedy,Italian,2002,7.2,Wei Watanabe,4853381.41
283,Last Island,Sci-Fi,German,1990,7.1,Wei Kim,2382663467
284,Shattered Storm,Drama,Japanese,1980,4.7,Carlos Nolan,5653617.07
285,Crimson Legacy,Fantasy,Hindi,1987,3.2,Luis Patel,5825639.59
286,Endless Kingdom,Action,English,2011,2.6,David Costa,12919899.61
287,Distant Symphony,Thriller,German,2000,2.1,James Lee,18708214.26
288,Midnight Journey,Drama,English,1981,2.2,Michael Watanabe,3755407.94
289,Secret Dream,Drama,German,1999,7.6,David Iyer,16515268.83
290,Forgotten Journey,Horror,English,2003,8.3,Arjun Rossi,2189359.43
291,Shattered Horizon,Thriller,Spanish,2011,7.5,Sofia Kim,1650643.32
292,Lost Dream,Comedy,Hindi,2005,2.7,Anjali Patel,4404591.47
293,Rising Shadows,Action,Telugu,2012,5.2,Sofia Garcia,10316707.87
294,Distant River,Drama,Hindi,2022,9.2,Yuki Kapoor,133661.13
295,Wild Truth,Crime,English,1985,6.1,Sanjay Patel,10717171.77
296,Hidden Echo,Crime,French,1983,7.4,David Kim,11322214.24
297,Distant Truth,Documentary,Korean,1988,4.2,David Anderson,25011502.15
298,Crimson Journey,Adventure,Japanese,2024,2.6,Chris Muller,18866398.6
299,Rising Garden,Thriller,Spanish,2005,4,Emma Kapoor,56507667
300,Last Journey,Romance,Korean,1992,6,Arjun Wong,9190191.07
301,Endless Flame,Fantasy,English,2012,8.8,Chris Garcia,142308802.3
302,Burning Empire,Animation,Spanish,2025,8.3,Maria Anderson,16612704.03
303,Shattered Island,Comedy,Portuguese,1992,6.2,James Watanabe,12394759.45
304,Shattered Journey,Action,Hindi,1980,7.3,Carlos Patel,14163158.02
305,Distant Kingdom,Crime,Portuguese,1992,6.2,Priya Kapoor,16837406.73
306,Silent City,Drama,English,2012,7.5,Priya Wong,12095702.41
307,Last Truth,Animation,Hindi,2018,2.8,Emma Kumar,13893859.57
308,Silent Flame,Documentary,English,1981,5.7,James Kumar,11107212.02
309,Sacred Echo,Comedy,French,1996,6,Arjun Patel,6880242.03
310,Hidden Symphony,Animation,Spanish,1982,8,Anjali Garcia,16375045.44
311,Dark Echo,Documentary,Portuguese,2024,8.3,Michael Rossi,129952202.5
312,Golden Truth,Horror,Spanish,1999,8.7,Chris Kim,3436069.78
313,Rising War,Horror,French,2004,9,David Sharma,9694583.25
314,Lost Shadows,Thriller,Hindi,2018,2.3,Wei Watanabe,5503094.4
315,Secret City,Horror,Spanish,2013,6.4,Wei Nolan,182475125.9
316,Last Storm,Sci-Fi,Korean,2020,2.7,Sofia Rossi,188955867.8
317,Golden Heart,Horror,Japanese,2012,8.4,Emma Muller,148824251.8
318,Forgotten Horizon,Fantasy,Hindi,2000,8.6,Nina Anderson,4906268.9
319,Lost Truth,Comedy,English,1980,8.7,Luis Iyer,11396101.86
320,Sacred Dream,Crime,English,1999,7.4,Arjun Costa,18751720.5
321,Forgotten Kingdom,Thriller,French,1985,6.4,Sofia Costa,9384054.95
322,Distant Kingdom,Documentary,Hindi,1991,4.1,Arjun Reddy,3333074.16
323,Midnight Journey,Fantasy,English,1983,5,Carlos Kim,10063227.39
324,Last Storm,Thriller,Japanese,1988,6.5,James Garcia,17516545.13
325,Forgotten Empire,Action,English,2014,6.8,Raj Fernandes,58200740.05
326,Forgotten Shadows,Adventure,Spanish,2019,7.1,David Kapoor,8314723.9
327,Broken Kingdom,Adventure,French,2011,9.4,Michael Kumar,177196560.4
328,Silent River,Crime,Korean,2000,2.4,Hana Fernandes,421096.82
329,Crimson Empire,Animation,German,1985,4.7,Priya Silva,13618993.52
330,Endless Empire,Adventure,Portuguese,2016,4.5,Hana Kumar,9577341.86
331,Broken Heart,Adventure,German,2025,5.4,Arjun Muller,18821753.34
332,Hidden City,Action,Spanish,1986,6.9,Priya Watanabe,793235886.4
333,Golden Shadows,Crime,English,1983,6.1,Carlos Reddy,5219305.95
334,Dark Truth,Fantasy,English,1991,8.5,Yuki Anderson,15573200.17
335,Lost War,Documentary,English,2002,8.8,Michael Patel,15806860.09
336,Silent Legacy,Adventure,Japanese,1984,8.1,Michael Muller,11305811.74
337,Distant Echo,Adventure,French,1994,2.2,Raj Kumar,4874492.01
338,Rising Storm,Horror,German,2021,4.1,Nina Smith,2256156708
339,Frozen City,Comedy,Tamil,1998,2.7,Raj Wong,64951917.6
340,Forgotten Voyage,Crime,Italian,1993,6.3,Carlos Muller,15490107.53
341,Burning Dream,Sci-Fi,Telugu,1999,7.1,Maria Watanabe,224506666.9
342,Sacred Empire,Animation,Japanese,1986,7.6,Luis Iyer,6823818.43
343,Shattered River,Action,French,1992,7.9,Raj Nolan,11923836.67
344,Wild Path,Fantasy,English,1981,2.4,David Garcia,41683451.03
345,Frozen Empire,Animation,Hindi,1991,3.7,Elena Watanabe,10933141.32
346,Last Garden,Horror,Tamil,1984,4.6,Carlos Rossi,5495808.5
347,Eternal Shadows,Romance,English,1982,3.5,Anjali Silva,19040957.95
348,Midnight Shadows,Horror,Korean,2021,5.4,Sofia Reddy,8236943.77
349,Midnight Echo,Sci-Fi,Hindi,2006,4.9,Wei Iyer,17639508.42
350,Hidden Shadows,Thriller,French,1996,7.2,Michael Rossi,13285366.64
351,Golden Voyage,Action,Mandarin,1983,5,Elena Fernandes,8876407.32
352,Forgotten War,Crime,English,2021,8.4,Sanjay Fernandes,19895236.85
353,Lost Echo,Horror,Japanese,2005,9.3,Arjun Kim,16532659
354,Golden Island,Adventure,English,2019,7.7,Arjun Wong,82599974.97
355,Wild Symphony,Crime,English,1989,2.5,Sanjay Muller,10573111.25
356,Rising Journey,Adventure,English,2022,5.5,Anjali Fernandes,16650811.84
357,Distant Legacy,Sci-Fi,English,1996,4.8,Priya Muller,10475585.93
358,Sacred War,Adventure,English,2005,4.2,Luis Chen,9592882.66
359,Eternal Garden,Comedy,English,1988,4.8,Sanjay Rossi,10491556.13
360,Shattered City,Action,Spanish,1980,6.3,Anjali Costa,14377701.5
361,Midnight River,Romance,English,2008,2.7,Nina Garcia,8491755.9
362,Sacred Voyage,Horror,Mandarin,2025,5.3,Priya Nolan,5940170.43
363,Distant Path,Adventure,French,1996,4.6,Michael Costa,12390186.44
364,Wild Truth,Drama,Korean,2001,8.5,James Patel,10540010.55
365,Frozen Shadows,Drama,French,2009,9,Aiko Silva,658201345.2
366,Golden War,Sci-Fi,Spanish,2012,7.6,Raj Rossi,8063467.78
367,Broken Heart,Animation,Hindi,2004,7.8,Maria Garcia,1588879.83
368,Silent Legacy,Documentary,English,1993,6.2,Anjali Smith,9681689.63
369,Broken Island,Fantasy,Japanese,2017,3.1,Aiko Nolan,46194409.41
370,Forgotten Storm,Animation,Portuguese,1991,9.4,Arjun Anderson,6295158.82
371,Midnight Heart,Animation,Hindi,2006,7.1,Sofia Lee,7635516.27
372,Distant Island,Romance,Hindi,1988,2.4,Elena Muller,138137930.2
373,Wild Empire,Horror,Italian,2001,3.5,Elena Nolan,219772.22
374,Golden Path,Crime,Tamil,1982,4.1,Luis Lee,4226825.98
375,Wild Voyage,Documentary,Hindi,2026,5.3,Carlos Nolan,17169570.09
376,Last Horizon,Comedy,Telugu,1984,8.1,Nina Kapoor,14439488.09
377,Eternal Symphony,Thriller,Korean,2023,7.6,Carlos Reddy,2958221.28
378,Crimson Garden,Drama,Hindi,1992,7.9,Anjali Silva,16679562.27
379,Burning Path,Comedy,Telugu,2024,3,Yuki Patel,4691718.21
380,Wild River,Fantasy,Spanish,1989,4.3,Arjun Fernandes,4330875.32
381,Lost Echo,Action,Hindi,1989,6.8,Emma Reddy,4003213.44
382,Hidden Dream,Sci-Fi,Hindi,2005,2.9,Priya Chen,4248973.38
383,Secret Garden,Drama,English,2002,2.1,Nina Garcia,5635976.82
384,Sacred Voyage,Crime,Spanish,1985,3.5,Nina Kumar,15313263.13
385,Lost Flame,Romance,English,2018,2.8,Raj Muller,3086685.41
386,Sacred Horizon,Comedy,Hindi,2008,5.6,David Muller,15765137.09
387,Sacred Kingdom,Fantasy,Spanish,1986,7.6,Maria Kapoor,9254867.18
388,Broken Horizon,Animation,French,2006,6.9,Wei Silva,7089775.73
389,Rising Dream,Horror,English,1985,4.5,Nina Lee,1925563.04
390,Lost Legacy,Comedy,Spanish,2014,6.1,David Patel,11389063.02
391,Broken Garden,Romance,Hindi,1992,4.1,Elena Smith,2561845523
392,Endless Garden,Thriller,Mandarin,1980,2.8,Anjali Wong,14043102.89
393,Crimson Journey,Drama,German,1989,8.3,Raj Silva,10386419.07
394,Sacred Flame,Drama,English,2017,3.6,Emma Kim,10283253.08
395,Broken Journey,Drama,French,1986,2.3,Hana Kapoor,6874334.98
396,Burning Flame,Comedy,English,2006,7.9,Anjali Garcia,3003893.46
397,Secret Dream,Comedy,Tamil,1988,3.5,Emma Fernandes,1384415.99
398,Silent Symphony,Action,Spanish,2001,8.8,Hana Garcia,12521854.48
399,Rising Path,Drama,Korean,2002,6.4,Nina Wong,16577159.07
400,Sacred Horizon,Fantasy,Hindi,2023,6.4,Aiko Iyer,15699385.42
401,Secret Heart,Fantasy,Portuguese,2014,6.9,Maria Garcia,161746282.5
402,Midnight Journey,Thriller,English,2009,6.2,Nina Costa,143358727.3
403,Broken Echo,Adventure,German,2020,7.1,David Iyer,1787614.7
404,Forgotten Voyage,Sci-Fi,Tamil,1980,4.3,Hana Sharma,178076551.3
405,Frozen Path,Sci-Fi,French,2009,3.1,Elena Smith,7907722.75
406,Burning Voyage,Action,English,1985,9.4,Yuki Patel,10786639.42
407,Lost Legacy,Thriller,Korean,1982,4.8,Yuki Iyer,19156255.17
408,Rising Dream,Thriller,Hindi,2019,8.6,Michael Lee,19117885.44
409,Secret Voyage,Thriller,Telugu,1990,4.9,Raj Sharma,38673485.44
410,Lost War,Crime,Tamil,1996,7.5,Maria Reddy,15075165.57
411,Shattered Empire,Romance,Korean,1984,5.9,David Patel,5951894.1
412,Sacred Echo,Animation,Tamil,1983,8.8,Nina Wong,19525160.12
413,Broken Legacy,Animation,Hindi,1999,7.6,Wei Kim,750388.69
414,Forgotten Symphony,Comedy,English,1997,3.1,Chris Costa,19954225.61
415,Eternal Flame,Adventure,Portuguese,2020,7.7,Sofia Reddy,10986774.39
416,Distant Kingdom,Adventure,Korean,2011,9.2,Priya Kumar,16678278.37
417,Frozen Horizon,Animation,Hindi,1988,3.5,Anjali Kapoor,10434236.42
418,Sacred Horizon,Crime,English,2004,7.8,Priya Kapoor,17830279.33
419,Frozen Storm,Crime,Hindi,2008,5,Arjun Muller,7741066.22
420,Frozen City,Drama,English,2019,5.4,Aiko Kapoor,6329389.91
421,Hidden City,Animation,Hindi,2015,8.4,Aiko Garcia,7286690.95
422,Shattered Garden,Romance,Telugu,1987,3.9,Raj Nolan,13976927.13
423,Sacred Truth,Crime,Italian,1996,9.4,James Reddy,12075068.53
424,Distant Legacy,Romance,English,1991,9.3,Maria Iyer,18810060.28
425,Forgotten Echo,Sci-Fi,Spanish,2001,4.6,Yuki Watanabe,10447815.23
426,Sacred Empire,Thriller,Hindi,1984,8.9,James Anderson,11498067.66
427,Lost Flame,Sci-Fi,Hindi,2016,7.5,Wei Watanabe,17001015.61
428,Lost Garden,Drama,Mandarin,1982,7.6,Michael Lee,14096993.37
429,Shattered Voyage,Romance,Japanese,2018,6.5,Sanjay Kumar,18082575.48
430,Sacred Legacy,Horror,Korean,1985,4.7,Sanjay Garcia,19080516.01
431,Crimson Shadows,Documentary,French,1988,5.4,Sanjay Nolan,1734638311
432,Dark Horizon,Action,Spanish,2009,2.8,Emma Lee,6835018.44
433,Forgotten Garden,Crime,English,2015,8,Carlos Lee,16184128.33
434,Endless Shadows,Thriller,German,1981,8.1,Arjun Silva,19092673.09
435,Midnight Kingdom,Crime,English,2004,5.8,Chris Silva,17359695.27
436,Broken Truth,Animation,Hindi,1996,2.5,Nina Costa,9106683.66
437,Dark War,Thriller,Hindi,1992,2.8,Yuki Lee,1575180.69
438,Secret Shadows,Documentary,German,2025,7.6,Arjun Smith,14039485.2
439,Sacred Shadows,Fantasy,Japanese,2026,2.1,Priya Smith,16717482.86
440,Endless City,Animation,Hindi,1990,6.2,David Muller,932619.13
441,Eternal Truth,Sci-Fi,Mandarin,2025,5.4,Maria Fernandes,3119817.17
442,Frozen Symphony,Drama,Mandarin,2000,5.6,Wei Chen,5062199.43
443,Shattered Storm,Horror,English,1981,9,Carlos Kumar,196499286.1
444,Distant Echo,Comedy,Tamil,2007,3,Raj Chen,11727666.57
445,Shattered Shadows,Action,Tamil,1985,5.5,Anjali Smith,116152921.7
446,Golden River,Horror,French,2009,5.6,Carlos Sharma,18120619.83
447,Shattered Legacy,Drama,French,1988,9.1,Luis Patel,18413456.1
448,Burning Kingdom,Crime,Japanese,1983,8.5,Yuki Iyer,17244694.37
449,Lost Symphony,Fantasy,Mandarin,2018,3.1,Nina Kim,14009718.06
450,Lost Shadows,Sci-Fi,Spanish,1994,6.8,Anjali Rossi,19524199.34
451,Silent Horizon,Documentary,English,1995,9.1,Emma Nolan,134955093.7
452,Distant City,Action,English,1981,5.6,Maria Chen,16150930.98
453,Eternal Voyage,Animation,Hindi,2012,7.9,Michael Sharma,642756.25
454,Golden Garden,Animation,French,2018,7.9,Elena Garcia,13245843.42
455,Dark Heart,Documentary,Hindi,1980,6.2,Carlos Sharma,10164820.89
456,Burning Storm,Drama,Japanese,1993,7,Maria Kim,1619901479
457,Rising Legacy,Drama,Japanese,1986,2.7,Arjun Lee,5949604.88
458,Frozen Voyage,Crime,Portuguese,1992,2.1,James Nolan,13864627.51
459,Dark Storm,Animation,Hindi,2006,8.9,Chris Smith,151883834.7
460,Golden Shadows,Action,Japanese,1981,7,Wei Silva,1143567.34
461,Dark Heart,Documentary,English,1988,3.9,Sofia Muller,7676727.4
462,Eternal War,Comedy,Portuguese,2021,6.9,Nina Kim,19885591.57
463,Forgotten City,Thriller,English,2014,2.2,Emma Reddy,185762607.7
464,Forgotten Shadows,Thriller,Mandarin,1985,6,Maria Nolan,6307730.87
465,Forgotten Truth,Drama,Spanish,2009,3.2,Sanjay Nolan,10791212.96
466,Distant Garden,Fantasy,German,2020,2.7,Carlos Smith,18135367.73
467,Silent City,Sci-Fi,Japanese,1991,6.6,Hana Kapoor,14933211.05
468,Shattered Journey,Horror,English,1981,2.7,Carlos Kumar,13136401.52
469,Wild Empire,Adventure,English,1984,7.2,Sofia Garcia,1384886.96
470,Silent Kingdom,Horror,English,2015,2.8,Nina Anderson,5505412.85
471,Burning Dream,Drama,English,2005,5.1,Yuki Patel,2482969441
472,Burning River,Horror,Tamil,1981,4.9,Emma Chen,164516884.4
473,Forgotten City,Crime,English,1992,2.5,James Kapoor,13249990.46
474,Sacred City,Comedy,English,2010,2.7,Anjali Iyer,1824455.98
475,Wild Journey,Action,English,1980,4,Wei Muller,14466696.27
476,Hidden Truth,Fantasy,English,2003,3.2,Maria Rossi,49848404.16
477,Shattered Shadows,Thriller,Korean,1994,7.7,Priya Rossi,9462213.53
478,Silent Horizon,Drama,Korean,2003,3.8,Raj Wong,2361089.68
479,Burning Island,Fantasy,Spanish,2005,2.9,Nina Kapoor,96649118.81
480,Broken Legacy,Thriller,English,2003,5.3,Emma Fernandes,1476761.96
481,Lost Symphony,Fantasy,English,2019,8.5,Michael Chen,8665494.56
482,Broken Journey,Animation,English,2000,3.6,James Wong,18485675.27
483,Burning Empire,Drama,Tamil,2020,4.4,Carlos Kumar,7256647.18
484,Last Symphony,Documentary,English,2012,2.1,Sanjay Sharma,13753951.89
485,Broken Island,Adventure,English,2011,7,Wei Muller,16082521.97
486,Forgotten Horizon,Horror,Korean,2021,3.4,Emma Sharma,18036684.73
487,Golden War,Thriller,Telugu,1998,5.3,Wei Smith,6314812.51
488,Crimson Kingdom,Sci-Fi,English,1990,2.1,Nina Rossi,7505562.42
489,Frozen Storm,Crime,Mandarin,1992,8.3,Carlos Lee,1387103836
490,Lost River,Action,Hindi,2001,5.1,Raj Costa,3283436.38
491,Silent Empire,Crime,Tamil,2018,5.4,Elena Reddy,2796890.42
492,Lost Island,Drama,English,2006,3.1,Wei Anderson,6458306.64
493,Broken Dream,Thriller,Hindi,1985,6.4,Luis Silva,11424886.1
494,Lost Empire,Fantasy,English,2025,5.1,Anjali Silva,38738672.54
495,Silent Heart,Drama,English,1991,8.5,Aiko Garcia,16983861.56
496,Secret Flame,Drama,Hindi,2011,6.9,Chris Muller,193227531.6
497,Crimson Path,Drama,French,1996,6.3,Yuki Kumar,8270222.63
498,Secret City,Adventure,Tamil,2024,7.6,Hana Wong,6595838.06
499,Silent War,Documentary,Hindi,2025,9.2,Yuki Patel,161424343.9
500,Lost Path,Drama,Italian,1993,6.1,Michael Watanabe,61849359.77
501,Rising Echo,Adventure,Spanish,2003,3,Emma Smith,40357456.85
502,Secret Empire,Sci-Fi,French,2021,2.6,Chris Patel,123852659.5
503,Rising Truth,Fantasy,German,2000,3.3,Nina Sharma,15631699.08
504,Shattered Truth,Drama,Portuguese,1998,8.3,Carlos Rossi,19328125.45
505,Crimson Truth,Romance,Korean,1990,8.2,Hana Patel,17508832.42
506,Wild Horizon,Thriller,Mandarin,2018,6,Elena Kumar,15978016.23
507,Eternal Kingdom,Fantasy,English,1991,3.7,Arjun Rossi,2328842.72
508,Golden Storm,Comedy,Hindi,1984,5.9,David Lee,9602904.52
509,Midnight River,Action,Mandarin,1996,3.2,James Garcia,13947711.89
510,Midnight Empire,Fantasy,Hindi,2012,5.7,Carlos Kim,120867378.6
511,Broken Empire,Fantasy,Hindi,1998,7.4,Emma Lee,16049784.6
512,Last Kingdom,Crime,English,2025,5.4,Luis Rossi,16505850.66
513,Frozen Flame,Sci-Fi,English,1992,9,Carlos Chen,9173425.47
514,Midnight Garden,Sci-Fi,Spanish,2001,7.4,Raj Rossi,4458533.16
515,Sacred Storm,Adventure,Japanese,2009,6.6,Yuki Smith,2787885729
516,Midnight Empire,Comedy,English,2009,7.8,Sofia Iyer,14437738.58
517,Broken Voyage,Horror,English,1983,4.4,Emma Watanabe,12607289.82
518,Lost War,Action,English,1987,7.9,Sanjay Muller,9555301.77
519,Sacred Kingdom,Drama,Korean,2019,4.9,Nina Garcia,13387201.57
520,Lost War,Horror,Telugu,2025,5.1,Priya Reddy,18555006.45
521,Forgotten Voyage,Action,English,2009,2.7,Arjun Watanabe,19624049.98
522,Endless Empire,Drama,Hindi,2019,2.3,James Fernandes,1759727.76
523,Shattered Legacy,Fantasy,Portuguese,1983,2.2,Wei Anderson,1459256.26
524,Eternal Island,Crime,Tamil,1990,3.8,Michael Silva,7280468.54
525,Lost War,Animation,English,1996,9.1,Michael Wong,3739878.67
526,Sacred War,Sci-Fi,Japanese,2026,7.9,Carlos Wong,16277495.37
527,Forgotten Journey,Action,English,2010,8.1,Wei Kim,3497571.86
528,Forgotten Storm,Adventure,Hindi,1980,8.5,Chris Muller,15280353.02
529,Dark Horizon,Action,Italian,2000,3.7,David Kumar,74282313.19
530,Dark Truth,Sci-Fi,Hindi,1987,9.1,Raj Silva,15406210.73
531,Wild Journey,Adventure,Tamil,2026,3.3,Wei Lee,13135848.69
532,Shattered Path,Romance,English,2014,7.3,Anjali Muller,51078519.62
533,Forgotten Empire,Fantasy,Telugu,2014,6.9,Anjali Reddy,2660030971
534,Frozen War,Fantasy,Telugu,1993,7.5,Priya Rossi,2411039.58
535,Silent Shadows,Thriller,Hindi,2019,2.5,Anjali Smith,135213392.9
536,Sacred Symphony,Sci-Fi,Hindi,2020,8.7,Chris Wong,6931986.97
537,Sacred Truth,Crime,Mandarin,2018,6.4,Sanjay Garcia,8357452.61
538,Lost Storm,Thriller,Hindi,2003,9,Maria Costa,11837876.66
539,Distant Shadows,Fantasy,English,1985,3.4,Sofia Anderson,7164439.08
540,Lost Voyage,Action,English,2007,3.2,James Silva,6070187.72
541,Forgotten Garden,Fantasy,Portuguese,2011,6.1,Sanjay Sharma,2907930.71
542,Shattered Island,Comedy,English,2021,6.1,Maria Costa,18483454.92
543,Crimson Garden,Action,Mandarin,2025,8.8,Carlos Anderson,3131064.27
544,Crimson Empire,Comedy,Korean,1981,5.2,Hana Kumar,4713923.48
545,Crimson Garden,Adventure,Hindi,1985,7.8,David Kapoor,4779216.19
546,Midnight Journey,Animation,Tamil,1994,6.5,Carlos Costa,2240629.98
547,Burning Voyage,Fantasy,English,2007,8.9,Anjali Wong,99672581.83
548,Golden Kingdom,Animation,Korean,1989,4.4,Yuki Smith,1073722366
549,Lost Storm,Thriller,English,2006,4.7,Aiko Lee,12718142.38
550,Burning Kingdom,Comedy,English,2000,2.9,Sofia Kapoor,16806583.31
551,Wild Symphony,Documentary,Italian,2010,5.9,Nina Costa,10028463.61
552,Lost Kingdom,Horror,Japanese,1984,5,Priya Silva,14113986.21
553,Shattered Empire,Documentary,Telugu,2016,6.1,Anjali Wong,12617567.3
554,Shattered Path,Crime,English,2015,6.9,Raj Watanabe,13573141.68
555,Shattered River,Crime,French,1994,4.6,Yuki Reddy,13035347.98
556,Sacred Legacy,Comedy,Mandarin,1981,6.6,Nina Patel,7300774.77
557,Silent Truth,Animation,Spanish,2000,6.8,Nina Chen,7773030.29
558,Dark Flame,Romance,English,2004,2.5,Elena Sharma,6680748.36
559,Frozen Dream,Fantasy,Hindi,1984,3.4,Anjali Watanabe,4598343.78
560,Broken Path,Romance,English,2026,8.8,Maria Watanabe,18442883.42
561,Golden Empire,Sci-Fi,Tamil,1982,7.6,Michael Silva,17464901.83
562,Eternal Voyage,Comedy,Portuguese,1982,2.6,Yuki Chen,6589848.34
563,Eternal Legacy,Documentary,English,1991,3.5,Priya Smith,19581227.05
564,Distant River,Sci-Fi,Hindi,2008,3.7,Raj Kapoor,17861740.46
565,Rising Horizon,Documentary,Spanish,2023,8.8,Luis Reddy,11534911.93
566,Burning War,Action,French,2001,7,Sanjay Watanabe,184670375.9
567,Endless Garden,Comedy,Spanish,2024,4.9,Raj Anderson,15730067.02
568,Secret Shadows,Horror,Hindi,2022,3.4,Michael Silva,9617209.26
569,Wild Voyage,Comedy,Hindi,2004,3.4,Carlos Kim,19816111.99
570,Forgotten River,Adventure,German,1996,8,David Kapoor,10943208.79
571,Midnight Kingdom,Documentary,Italian,1982,3.1,James Costa,5917068.89
572,Secret Path,Fantasy,Italian,1985,6.4,Wei Chen,17536425.24
573,Dark Path,Documentary,Mandarin,1996,2.6,Luis Muller,9902432.93
574,Sacred Storm,Drama,Korean,1997,7.9,Carlos Anderson,199622436.9
575,Distant Flame,Fantasy,Tamil,1997,5.4,David Iyer,13962504.22
576,Last Horizon,Fantasy,Tamil,2023,4.2,Hana Reddy,18754665.07
577,Rising Echo,Thriller,English,2012,2.2,Nina Sharma,17035320.33
578,Broken Storm,Documentary,French,2025,2.6,Sofia Fernandes,12194750.42
579,Hidden Legacy,Adventure,English,2012,4,Yuki Kapoor,60162726.53
580,Lost City,Romance,Mandarin,1994,3.2,Hana Lee,2205032581
581,Shattered Island,Crime,Telugu,2008,3.6,Aiko Wong,13655808.82
582,Shattered Journey,Adventure,Hindi,2013,9.2,Arjun Kapoor,2438732.56
583,Forgotten Echo,Comedy,Mandarin,2010,5.5,Arjun Costa,11102992.69
584,Wild River,Comedy,Hindi,1986,4.8,Maria Watanabe,5688119.12
585,Forgotten Echo,Crime,Spanish,2000,7.8,David Smith,19137534.55
586,Burning Truth,Crime,German,2023,7.2,Nina Smith,17258188.41
587,Eternal Truth,Thriller,French,1999,4.2,Emma Costa,246330.26
588,Endless Kingdom,Thriller,Spanish,2022,2.9,Emma Chen,18537089.4
589,Crimson Flame,Fantasy,Korean,1997,2.4,Aiko Garcia,76339969.2
590,Wild Shadows,Animation,Hindi,2025,6.4,Yuki Sharma,19764171.93
591,Lost Legacy,Thriller,Italian,1997,6.4,Sanjay Fernandes,7713846.78
592,Silent Kingdom,Crime,Tamil,2007,2.8,Arjun Anderson,7316330.5
593,Silent Shadows,Action,Portuguese,2019,6,Michael Kapoor,7341206.69
594,Hidden Truth,Horror,English,1989,3.2,Wei Watanabe,15947198.71
595,Last Dream,Romance,Spanish,2016,2.7,Nina Silva,15013244.83
596,Broken Journey,Sci-Fi,English,1980,3.8,Priya Rossi,16704898.72
597,Wild Echo,Sci-Fi,Hindi,1982,3.7,Anjali Patel,820981961.5
598,Broken Voyage,Comedy,English,1996,2.6,David Garcia,1622848.15
599,Sacred Kingdom,Animation,German,2008,3.8,Wei Kapoor,6519623.54
600,Last Garden,Sci-Fi,Mandarin,2017,2.3,Maria Kapoor,15814139.12
601,Sacred Garden,Action,Hindi,1986,5.9,Carlos Anderson,4617032.39
602,Crimson Path,Romance,Korean,1985,3.8,Luis Sharma,13254169.42
603,Last Storm,Sci-Fi,English,2023,4.2,Priya Fernandes,13245520.6
604,Forgotten Journey,Action,Hindi,2024,8.3,James Watanabe,1184206.51
605,Crimson City,Adventure,English,2012,7.1,Arjun Smith,18502148.87
606,Wild War,Romance,English,2017,8.1,Nina Watanabe,9699337.93
607,Hidden Shadows,Fantasy,English,2026,2.3,James Chen,4838488.48
608,Lost Flame,Fantasy,English,1990,7.2,Priya Silva,5574681.97
609,Burning War,Comedy,English,1985,6.1,Aiko Rossi,3149765.31
610,Midnight Legacy,Drama,Tamil,1985,7,Raj Watanabe,7104928.6
611,Sacred Flame,Horror,Telugu,2015,8.5,Chris Patel,135938473.7
612,Wild Island,Thriller,Hindi,1993,5.6,David Watanabe,10234410.4
613,Wild Journey,Crime,English,2012,3,Raj Silva,11975988.17
614,Broken Island,Romance,English,2020,7.3,Priya Anderson,14102204.96
615,Secret Island,Sci-Fi,Spanish,1998,5,Anjali Kumar,14635704.63
616,Crimson War,Horror,Japanese,2009,4.7,Priya Smith,19667367.85
617,Distant City,Adventure,Hindi,1981,4,Anjali Fernandes,695636.22
618,Dark Garden,Adventure,Telugu,1999,8,Emma Fernandes,2215899.85
619,Eternal Symphony,Drama,Hindi,1997,8.7,Anjali Watanabe,172791279.4
620,Burning Heart,Sci-Fi,English,1989,9.3,Yuki Kapoor,1260297.29
621,Lost River,Action,Telugu,1983,5.2,Carlos Watanabe,7524214.24
622,Last Legacy,Romance,Hindi,2005,9.5,Arjun Sharma,3757697.93
623,Silent Truth,Drama,German,2001,3,Anjali Kim,4176754.11
624,Wild Flame,Crime,English,1986,3.5,Emma Rossi,15456612.86
625,Forgotten Legacy,Action,French,2013,6.8,Hana Garcia,2490716.21
626,Crimson War,Romance,Portuguese,2003,2.1,Emma Chen,8018909.6
627,Distant Journey,Horror,French,2004,6.8,Sanjay Reddy,5420160.69
628,Frozen War,Action,English,2004,5.5,Hana Kim,12003919.19
629,Frozen Island,Sci-Fi,English,1986,9.3,Luis Garcia,17430138.94
630,Silent Kingdom,Drama,Mandarin,1991,4.8,Aiko Silva,5821324.86
631,Rising Garden,Horror,Portuguese,1990,2.8,Sanjay Wong,5840406.83
632,Endless Storm,Thriller,Telugu,2002,8.4,Hana Kim,5515595.87
633,Golden Voyage,Fantasy,Hindi,1987,4.7,Elena Fernandes,13496204.15
634,Last River,Comedy,Hindi,2003,3.7,Raj Kapoor,714032956.4
635,Endless War,Horror,Hindi,1994,3.3,Luis Kapoor,7530121.36
636,Broken Shadows,Sci-Fi,English,2000,7.1,Anjali Wong,16027074.88
637,Endless Dream,Drama,Korean,2024,3.4,Sanjay Watanabe,15419711.21
638,Secret River,Romance,Spanish,1988,7.4,Hana Chen,6208059.58
639,Crimson Island,Crime,German,2016,8.3,Luis Fernandes,15074802.79
640,Rising Symphony,Documentary,Spanish,1990,8.2,Maria Garcia,712214.7
641,Secret Empire,Romance,Tamil,1984,3.3,Sanjay Sharma,17810801.85
642,Burning Kingdom,Fantasy,Hindi,1995,8.5,Carlos Fernandes,80988183.38
643,Silent Empire,Horror,Hindi,1984,2.2,Maria Nolan,5887015.71
644,Midnight Heart,Fantasy,Mandarin,1993,9.4,Luis Kim,5654664.42
645,Silent Horizon,Fantasy,English,1999,2.7,Elena Wong,17246492.48
646,Hidden Echo,Fantasy,Spanish,2004,7.9,Luis Smith,59681894.71
647,Midnight Garden,Thriller,English,1999,5,Emma Chen,19083377.23
648,Rising War,Animation,Hindi,2011,2.2,Priya Iyer,6981316.24
649,Shattered Dream,Animation,German,2007,8.9,Nina Anderson,18946877.11
650,Lost Truth,Crime,Tamil,1986,4,Priya Chen,7568761.24
651,Wild Storm,Horror,Hindi,1980,8.5,Sofia Kumar,2799966.85
652,Endless Voyage,Crime,French,1988,7.3,Yuki Lee,1957950.56
653,Distant War,Sci-Fi,Tamil,2025,9.1,Carlos Chen,3487436.87
654,Hidden River,Thriller,Korean,2007,4.9,Wei Chen,11570732.73
655,Crimson Dream,Documentary,French,1992,5.3,Sanjay Wong,383602.73
656,Crimson War,Action,Mandarin,2021,6.3,Elena Silva,15632453.84
657,Sacred Voyage,Thriller,Italian,1991,6.9,Priya Chen,1351490.79
658,Eternal Heart,Comedy,English,2026,8,Anjali Costa,29088405.34
659,Lost Storm,Drama,English,1985,4,Yuki Kumar,18362558.04
660,Lost Truth,Thriller,German,2026,5.1,Emma Sharma,15006191.62
661,Burning Symphony,Action,Portuguese,1993,4.6,David Iyer,18625079.2
662,Shattered Journey,Romance,Hindi,2019,9.1,Sanjay Patel,11718273.36
663,Secret Symphony,Romance,English,2006,8.8,Aiko Smith,11216185.47
664,Burning Flame,Thriller,Portuguese,2012,8.5,James Muller,97563455.08
665,Silent Shadows,Romance,French,2020,3.2,Carlos Wong,17501162.87
666,Distant Storm,Comedy,Korean,2022,2,Sofia Sharma,14417416.49
667,Secret Voyage,Thriller,Hindi,1988,2.4,James Lee,5941361.23
668,Endless Dream,Drama,English,2021,2.5,Sofia Sharma,18336292.91
669,Eternal Voyage,Sci-Fi,Korean,2006,8.7,Maria Anderson,9767882.92
670,Burning Echo,Drama,Hindi,1994,4.9,Carlos Fernandes,14254809.13
671,Shattered Echo,Animation,German,1997,8.3,Chris Nolan,5287786.35
672,Crimson Empire,Documentary,Hindi,2019,4.1,Wei Kim,8536300.38
673,Midnight Journey,Drama,Spanish,2006,2.6,Hana Patel,15805726.93
674,Wild War,Fantasy,German,1986,8.9,Maria Iyer,14331371.78
675,Silent Echo,Horror,English,2010,2.7,Raj Watanabe,12784332.53
676,Golden Island,Thriller,French,1984,3,Aiko Patel,4857577.34
677,Broken Flame,Fantasy,Portuguese,2014,9.1,Aiko Lee,17272289.72
678,Last Path,Drama,French,1993,6.4,Arjun Wong,11509885.63
679,Silent Heart,Documentary,French,1999,6.1,Sanjay Garcia,10351438.85
680,Forgotten Journey,Horror,English,2012,8.2,Sofia Lee,8274215.61
681,Secret City,Crime,Portuguese,1995,9.4,Luis Kumar,174154959
682,Crimson Empire,Animation,Korean,2015,2.1,Arjun Kapoor,13812449.08
683,Crimson Echo,Documentary,English,2021,2.7,Maria Kapoor,13006593.51
684,Distant Horizon,Thriller,Italian,2005,4.9,Aiko Smith,13938870.92
685,Sacred Echo,Adventure,Spanish,2012,5,Michael Watanabe,159935629.8
686,Endless War,Action,Tamil,1995,7.1,James Reddy,170009109.7
687,Midnight War,Documentary,Hindi,2018,4.8,Yuki Reddy,3447484.85
688,Hidden Flame,Animation,English,2001,8.5,Sanjay Watanabe,11040399.69
689,Forgotten Heart,Romance,English,1993,5,Raj Silva,9353474.79
690,Burning Echo,Action,English,1994,5,Emma Sharma,9267095.81
691,Distant Flame,Adventure,Spanish,1995,5.4,Carlos Nolan,19789509.52
692,Last Flame,Action,French,2017,8.1,Nina Reddy,8001889.52
693,Endless War,Romance,Hindi,1990,3.4,Chris Fernandes,18442053.45
694,Sacred Flame,Adventure,Hindi,2012,4.8,Maria Nolan,14142294.83
695,Midnight City,Sci-Fi,German,2008,5.4,Luis Costa,2240487.88
696,Dark Dream,Drama,English,2023,7.1,Wei Smith,9885425.47
697,Forgotten Storm,Horror,Portuguese,2008,5.6,Anjali Kapoor,1204367.26
698,Burning Kingdom,Drama,Hindi,1981,8.6,Aiko Anderson,94455205.66
699,Hidden Horizon,Crime,Hindi,2001,4.3,Nina Silva,12929692.9
700,Secret Shadows,Horror,English,2007,3.5,David Sharma,16853439.49
701,Distant Symphony,Fantasy,Spanish,2003,8.3,Chris Iyer,300012.57
702,Shattered City,Sci-Fi,French,1984,5.7,Sanjay Iyer,2004260.94
703,Last Symphony,Fantasy,Hindi,2012,6.5,Maria Kim,15348161.68
704,Sacred Horizon,Crime,Telugu,2022,6.5,Raj Wong,64551411.74
705,Wild War,Sci-Fi,English,2020,7.7,Hana Nolan,10883340.05
706,Wild Echo,Crime,Tamil,2022,2.2,Luis Reddy,11626772.95
707,Hidden Voyage,Fantasy,Hindi,2020,8.8,Anjali Lee,22505864.7
708,Forgotten Horizon,Thriller,English,2021,3.2,Arjun Rossi,16753072.32
709,Secret Voyage,Horror,French,1989,9.2,Maria Rossi,17731813.43
710,Rising Empire,Documentary,English,2015,9.2,Sofia Muller,5450924.12
711,Frozen Horizon,Drama,English,1980,5,Elena Garcia,1468594.49
712,Shattered Empire,Romance,Spanish,1982,6.4,Maria Patel,2906141.82
713,Last Storm,Comedy,Tamil,1994,8.8,Anjali Kumar,15340435
714,Burning Garden,Horror,Portuguese,1988,8.9,David Iyer,16984260.86
715,Wild War,Romance,Tamil,2018,6.1,Wei Kim,180057168.7
716,Lost Shadows,Adventure,Telugu,1992,7.8,Raj Lee,14827848.68
717,Burning Island,Comedy,Hindi,1985,4.6,Yuki Kapoor,18657616.92
718,Silent Kingdom,Adventure,Hindi,1988,3.9,Anjali Silva,2378380.55
719,Shattered River,Thriller,English,2007,7.4,Luis Reddy,17019778.38
720,Shattered Kingdom,Romance,Hindi,1998,7.5,Carlos Silva,5684103.67
721,Frozen Heart,Sci-Fi,French,1985,9,Luis Garcia,17257094.4
722,Midnight Symphony,Romance,Hindi,1994,5.8,Yuki Anderson,19813289.99
723,Frozen Echo,Horror,Hindi,1987,6.2,James Iyer,6188798.35
724,Secret Empire,Romance,Hindi,2009,4.2,Chris Wong,12443239.14
725,Eternal City,Adventure,Spanish,1981,5.1,Raj Kumar,16398689.88
726,Rising Storm,Sci-Fi,German,2009,9.5,Carlos Garcia,19561514.41
727,Lost Heart,Sci-Fi,English,2003,6.3,Luis Silva,2193256.7
728,Golden Heart,Animation,English,2008,7.7,Aiko Muller,12673300.78
729,Lost Flame,Animation,Spanish,2007,4.5,Michael Fernandes,2101457873
730,Broken Symphony,Crime,Spanish,2022,2.4,Yuki Nolan,15660340.48
731,Crimson Journey,Documentary,German,2008,8.8,Aiko Reddy,14652660.99
732,Eternal Storm,Fantasy,English,1989,8.9,Sofia Muller,11088849.65
733,Distant Journey,Drama,English,2011,4.4,Michael Kumar,19691811.76
734,Midnight Dream,Documentary,English,2009,9.1,Priya Watanabe,13098144.37
735,Shattered Island,Drama,English,2003,7,Elena Rossi,2048200.91
736,Forgotten Echo,Thriller,French,2000,2.1,Luis Silva,14390430.48
737,Sacred Symphony,Thriller,French,1994,4.2,Priya Reddy,11481910.25
738,Shattered Kingdom,Action,French,1981,6.4,Michael Fernandes,8733894.88
739,Endless Voyage,Thriller,Spanish,1982,5.5,Carlos Fernandes,60965.36
740,Midnight Heart,Adventure,Korean,1988,6.8,Luis Kim,4159710.75
741,Endless Symphony,Crime,English,1992,9.4,Michael Fernandes,5970957.51
742,Crimson Flame,Comedy,English,2026,4.1,Priya Costa,1973835.55
743,Midnight Garden,Sci-Fi,English,2009,9,Sofia Reddy,13184029.25
744,Silent Journey,Horror,English,1992,8,Arjun Fernandes,16723814.26
745,Sacred Heart,Action,Spanish,1997,3,Priya Chen,6878503.71
746,Secret Dream,Sci-Fi,English,2017,8.9,Nina Lee,10370418.47
747,Broken River,Sci-Fi,Mandarin,1996,6.2,Nina Wong,2725480.79
748,Midnight Voyage,Fantasy,English,1995,8.7,Anjali Smith,4802054.67
749,Endless Symphony,Horror,Telugu,2003,7,Carlos Rossi,19651160.94
750,Crimson Horizon,Fantasy,Hindi,1985,4.1,Maria Wong,10588502.49
751,Eternal Legacy,Animation,French,2004,2.9,Carlos Costa,9431119.69
752,Frozen River,Sci-Fi,English,2002,2.1,Nina Wong,10938587.9
753,Last War,Fantasy,English,1986,4.5,Wei Chen,11196269.09
754,Forgotten Truth,Adventure,English,1986,7.6,Anjali Lee,89200526.96
755,Burning Symphony,Romance,Tamil,1999,8.1,Raj Smith,1629733.38
756,Rising Flame,Sci-Fi,English,2026,9.1,James Anderson,14564452.46
757,Dark Empire,Action,Spanish,2011,5.3,Hana Kumar,632952.73
758,Wild City,Animation,English,1988,5.5,Carlos Smith,606481.52
759,Wild City,Comedy,Spanish,2003,9.1,Raj Silva,1187845.34
760,Last Symphony,Crime,Telugu,2026,8.5,Michael Watanabe,9850377.94
761,Hidden Garden,Sci-Fi,Tamil,1988,5.8,Aiko Kumar,4822083.04
762,Burning Truth,Crime,English,2012,6,Yuki Anderson,380970.2
763,Forgotten Journey,Horror,English,1983,5.1,Anjali Garcia,107184415.3
764,Crimson Path,Romance,German,2020,3.5,Elena Kim,9431219.59
765,Broken Truth,Animation,Tamil,2001,9.3,Maria Smith,2390288.43
766,Forgotten Garden,Animation,French,1989,8.9,Anjali Kumar,9903447.35
767,Distant Flame,Action,English,2007,6.7,James Silva,10410876.48
768,Secret Echo,Comedy,Hindi,2003,4.2,Hana Garcia,6501016.42
769,Last Echo,Documentary,Hindi,2017,2.9,Anjali Rossi,3069096.54
770,Broken Heart,Documentary,Korean,1983,8.8,Emma Rossi,16519623.26
771,Frozen War,Sci-Fi,English,1991,8,Priya Chen,16358037.01
772,Burning Empire,Action,Hindi,1993,2.5,Luis Costa,17836964.82
773,Dark Empire,Drama,Japanese,1980,5.2,Emma Anderson,151448189.3
774,Last Flame,Thriller,Hindi,1993,6.3,David Garcia,16276863.7
775,Eternal Garden,Horror,Portuguese,2026,9.1,David Kim,5045991.81
776,Dark Dream,Adventure,Spanish,1982,5.4,David Reddy,17280260.08
777,Endless Voyage,Comedy,Mandarin,2012,4,Chris Kumar,14529073.4
778,Sacred City,Fantasy,Hindi,2018,3.2,Carlos Patel,4313257.07
779,Forgotten Dream,Sci-Fi,Tamil,1999,5,Nina Iyer,7333918.67
780,Broken Path,Adventure,English,2013,4.5,Carlos Iyer,2347384275
781,Hidden Truth,Fantasy,Tamil,2012,5.9,Carlos Watanabe,6758292.28
782,Endless City,Action,Korean,2007,3.4,Arjun Garcia,16466021.72
783,Endless Symphony,Horror,French,1998,8.2,Priya Nolan,17704252.95
784,Last Flame,Action,English,2016,3.9,Sanjay Garcia,11735630.7
785,Distant Storm,Thriller,Spanish,2014,7.7,David Patel,19639025.72
786,Midnight Legacy,Sci-Fi,Korean,2002,7.9,Elena Lee,14941541.37
787,Dark River,Romance,English,2019,2.7,Anjali Garcia,7030981.32
788,Eternal Path,Horror,Italian,1995,6.7,Sanjay Anderson,11567723.83
789,Last Island,Comedy,English,2003,5.9,Nina Watanabe,14553499.01
790,Wild War,Comedy,English,1985,2.1,David Watanabe,1247236.35
791,Eternal Empire,Romance,English,2024,9.2,Sanjay Kapoor,8200699.27
792,Hidden Island,Adventure,English,1991,3,Yuki Patel,2581676.05
793,Shattered Empire,Animation,Hindi,1995,5,James Anderson,18670241.69
794,Last Island,Animation,German,2016,8.5,Chris Kumar,3081425.55
795,Forgotten River,Sci-Fi,English,1986,2.8,Aiko Kumar,2951759.04
796,Midnight Legacy,Horror,Hindi,2021,3.2,Luis Patel,921986.92
797,Sacred River,Fantasy,Spanish,2000,8.6,Priya Anderson,17236333.07
798,Endless Island,Crime,Hindi,1997,3,James Lee,13891200.68
799,Distant Horizon,Action,Tamil,2013,4.1,Elena Kapoor,11168232.47
800,Golden Empire,Thriller,English,1988,9.2,Luis Kim,13867505.5
801,Lost Horizon,Thriller,English,1995,7.7,Wei Iyer,15418562.23
802,Eternal Garden,Fantasy,French,2010,8.1,Raj Rossi,6118722.62
803,Frozen Horizon,Horror,Hindi,1988,7.1,Luis Watanabe,16107259.35
804,Secret River,Adventure,English,2025,7.3,Elena Reddy,6786121.61
805,Shattered Truth,Crime,Portuguese,2021,5.7,Maria Wong,11420592.03
806,Forgotten Journey,Romance,Korean,2021,2.6,Elena Reddy,124409421.4
807,Secret Voyage,Animation,Hindi,2026,3.6,Aiko Garcia,10218560.09
808,Hidden Island,Sci-Fi,Mandarin,2022,8.3,Emma Rossi,6858744.36
809,Shattered City,Romance,English,2013,5.1,Elena Iyer,6032210.25
810,Wild Dream,Documentary,Hindi,1998,5,Maria Patel,78085262.88
811,Secret Shadows,Fantasy,Tamil,2011,8.5,Emma Kumar,12242677.58
812,Dark Legacy,Horror,English,2002,8.9,Michael Kim,18919605.06
813,Forgotten River,Fantasy,Hindi,1999,3.1,Raj Costa,17201447.14
814,Burning Island,Fantasy,Hindi,1994,9,Maria Sharma,19975046.09
815,Endless City,Horror,English,1981,2.6,Elena Kumar,12834986.69
816,Golden Flame,Animation,Italian,2004,8.6,Arjun Sharma,539160.21
817,Sacred City,Action,Hindi,2017,2.4,Elena Anderson,1946424.76
818,Forgotten Kingdom,Animation,Japanese,2002,2.7,James Patel,4760349.49
819,Eternal Island,Romance,Italian,2001,9.4,Nina Kumar,11200330.49
820,Crimson Kingdom,Action,Spanish,2016,2.4,Luis Fernandes,8261026.55
821,Wild Heart,Sci-Fi,English,2023,2.7,Elena Watanabe,8885516.26
822,Wild Dream,Fantasy,English,1981,6.5,Priya Fernandes,8658403.69
823,Lost Journey,Crime,English,2008,3.6,James Rossi,4497933.9
824,Burning Flame,Drama,Hindi,2000,9.5,Yuki Iyer,3192202.32
825,Shattered War,Comedy,Spanish,2023,6.7,Luis Reddy,38923838.98
826,Lost Truth,Comedy,English,2023,7.7,Nina Wong,2779859.71
827,Distant Symphony,Comedy,Mandarin,1998,6.1,Hana Reddy,7480609.29
828,Dark Journey,Thriller,Hindi,2005,5.8,Nina Silva,15770400.56
829,Hidden Storm,Thriller,Hindi,2001,2.5,Sofia Chen,14909691.77
830,Burning Shadows,Sci-Fi,English,1982,5.9,Carlos Sharma,2642890793
831,Hidden Storm,Horror,Hindi,1993,4.7,Hana Smith,5296988.64
832,Silent Journey,Horror,Japanese,2012,2.4,Sofia Sharma,16185742.76
833,Last Shadows,Sci-Fi,Portuguese,2006,7.6,Priya Sharma,152432748.6
834,Burning Empire,Crime,English,2023,7.4,Luis Fernandes,15334988.23
835,Endless War,Action,English,2002,2.1,James Patel,134576.01
836,Distant Legacy,Fantasy,Hindi,1985,7.9,Maria Kumar,1902410.84
837,Endless Garden,Thriller,Hindi,1994,2.9,David Kim,19658243.3
838,Distant Flame,Crime,English,2013,7.8,Raj Garcia,4694963.2
839,Eternal River,Horror,Hindi,1983,4.6,Wei Anderson,1489926257
840,Sacred Garden,Action,German,2001,9.4,Carlos Patel,17759506.65
841,Sacred Horizon,Horror,Japanese,2016,3.7,Chris Iyer,1987266.25
842,Sacred Island,Drama,Spanish,2025,2.7,Hana Nolan,14454071.31
843,Dark Garden,Thriller,French,2006,5,Arjun Muller,17303429.79
844,Burning Dream,Documentary,English,2012,5.5,Sofia Smith,9661615.84
845,Wild Flame,Crime,Tamil,2015,4.7,Raj Reddy,2577541.92
846,Last Journey,Fantasy,Korean,1988,8.3,Yuki Wong,10867003.58
847,Rising Echo,Thriller,Spanish,1996,7.1,David Watanabe,7229335.98
848,Forgotten Empire,Action,Spanish,1999,7.5,Nina Sharma,1650865.35
849,Frozen War,Adventure,English,2010,8.7,Maria Anderson,19768553.21
850,Silent River,Comedy,French,2023,3.4,Hana Kim,10632853.15
851,Silent Storm,Crime,Telugu,1999,2.6,Maria Kapoor,2365968.32
852,Wild Echo,Romance,Italian,1996,5,Maria Silva,7665379.29
853,Last Path,Animation,English,1988,8.5,Wei Watanabe,17078077.39
854,Crimson Symphony,Animation,Italian,1993,3.8,Wei Iyer,7037575.12
855,Forgotten Kingdom,Thriller,English,2013,2.1,Maria Costa,12043630.78
856,Golden Legacy,Horror,English,2017,5.2,David Muller,91207844.93
857,Distant Island,Animation,Portuguese,2024,9.4,Elena Nolan,2175992211
858,Crimson Dream,Crime,Hindi,1994,5.2,Nina Rossi,1487849.39
859,Distant Path,Fantasy,English,1999,9.4,Aiko Kumar,17280977.73
860,Broken War,Documentary,Hindi,1981,6.9,Yuki Reddy,6009413.52
861,Frozen Symphony,Drama,English,1990,5.3,Priya Wong,10625757.75
862,Shattered Voyage,Comedy,Hindi,2020,6.2,Priya Lee,15590991.02
863,Forgotten Path,Documentary,French,1980,3.1,Carlos Muller,6650268.59
864,Hidden Flame,Documentary,French,2013,9.2,Chris Kim,4754713.45
865,Broken Empire,Animation,Portuguese,2016,2.5,Sofia Muller,9825320.68
866,Shattered Garden,Horror,English,2013,8.7,Emma Wong,9764401.46
867,Endless Legacy,Thriller,Hindi,1984,9.4,Sanjay Kumar,2389389.62
868,Last Truth,Documentary,Tamil,2010,2.6,Nina Muller,3055940.65
869,Frozen Empire,Action,Tamil,2024,8.6,Chris Wong,47152160.41
870,Frozen City,Documentary,English,2005,4,Emma Anderson,5721377.85
871,Last Heart,Crime,Telugu,1996,8.5,Yuki Rossi,12342660.92
872,Wild War,Comedy,Hindi,1989,3.6,Elena Muller,16680339.16
873,Broken River,Documentary,English,2004,3.9,Wei Kumar,17476422.28
874,Last Empire,Thriller,Spanish,1993,8.7,Luis Kapoor,9153253.97
875,Secret Echo,Comedy,English,1997,9.2,Michael Sharma,9688705.58
876,Golden Kingdom,Sci-Fi,Portuguese,1990,3.7,Maria Rossi,6504024.19
877,Golden Echo,Animation,Hindi,2025,7.2,Sanjay Watanabe,2004982.45
878,Wild War,Horror,English,2000,7.2,Maria Iyer,1095076.08
879,Midnight Voyage,Adventure,Spanish,1983,9.3,Priya Chen,16065828.74
880,Frozen Journey,Crime,Spanish,1993,3.6,Wei Sharma,12501702.7
881,Silent Shadows,Drama,Portuguese,1996,6.3,Carlos Chen,6759328.73
882,Lost Island,Crime,Tamil,1991,6.5,Hana Silva,10368532.28
883,Last Legacy,Thriller,English,1983,2.6,Maria Lee,15937295.42
884,Endless Echo,Horror,Hindi,1982,6.4,Emma Garcia,17116189.1
885,Rising Path,Documentary,French,2018,6.8,Yuki Nolan,6460309.06
886,Frozen Shadows,Fantasy,English,2012,4,Elena Kim,17315191.92
887,Golden Heart,Drama,English,2012,2.2,Emma Iyer,10016198.97
888,Rising River,Romance,English,1999,8.8,Priya Rossi,11752511.91
889,Dark Shadows,Action,Telugu,2023,4.2,Hana Patel,5996951.48
890,Shattered Truth,Thriller,German,2023,5.5,Maria Chen,5168120.14
891,Broken Heart,Adventure,Korean,2011,8.9,Elena Silva,10375105.44
892,Sacred Horizon,Documentary,English,2011,4.9,David Muller,35547296.65
893,Silent Garden,Animation,Hindi,1995,7.7,James Iyer,14029564.07
894,Dark Legacy,Adventure,French,1982,2.3,Luis Anderson,12057906.14
895,Broken Truth,Drama,Korean,1985,6.1,Yuki Smith,18498568.68
896,Golden City,Documentary,Portuguese,2006,4.6,Wei Kapoor,146825955.1
897,Silent Legacy,Drama,Italian,2019,5.3,Maria Kim,3674726.46
898,Forgotten Empire,Documentary,Japanese,2022,8.4,Carlos Watanabe,1557128.62
899,Wild Island,Sci-Fi,Italian,2011,9.4,David Kapoor,16689107.91
900,Hidden Symphony,Animation,Hindi,2022,4.2,Emma Patel,18377321.76
901,Sacred Island,Thriller,English,1998,5.6,Michael Garcia,9595593.58
902,Broken City,Adventure,Hindi,1985,2.7,Wei Fernandes,14082725.96
903,Dark Path,Documentary,Tamil,1993,5.9,Yuki Garcia,2621505.43
904,Sacred Heart,Drama,Spanish,2012,8.3,Luis Wong,18961076.66
905,Silent Truth,Sci-Fi,English,2012,8.8,Priya Kapoor,4881573.63
906,Burning Legacy,Adventure,English,2021,4,Elena Rossi,8243171.21
907,Rising Island,Drama,German,2016,7.1,Nina Silva,17601529.21
908,Golden Horizon,Horror,English,1989,6,Nina Kumar,16066522.43
909,Broken River,Action,Italian,2024,9.3,Arjun Kim,2131302.87
910,Rising Heart,Drama,Spanish,1987,9.2,Emma Muller,173862899
911,Broken Voyage,Thriller,English,2024,6.8,Michael Silva,7425919.82
912,Rising Island,Horror,English,2015,6.9,Chris Garcia,3809017.73
913,Rising Garden,Documentary,Portuguese,1980,3.5,Carlos Nolan,10301230.98
914,Secret Dream,Comedy,German,2003,8.2,Wei Muller,10973198.8
915,Endless Dream,Horror,English,2010,8.4,Carlos Lee,10787924.29
916,Broken Horizon,Documentary,Hindi,1984,6.3,Yuki Muller,1149965227
917,Golden Island,Thriller,Korean,2008,6.1,Elena Kumar,13824608.03
918,Hidden Storm,Comedy,Spanish,1985,8,Aiko Nolan,18703629.06
919,Hidden Horizon,Adventure,Spanish,1996,5.8,Maria Patel,8395020.6
920,Shattered Garden,Romance,English,2012,3.4,Wei Reddy,54805675.52
921,Rising Horizon,Horror,Korean,2003,3.4,Sofia Silva,10754209.3
922,Last City,Adventure,Spanish,2020,7.3,Sofia Rossi,11163584.94
923,Dark Path,Sci-Fi,English,1987,5.6,Priya Kapoor,17731106.99
924,Forgotten Journey,Thriller,Tamil,1991,5.5,Chris Kumar,1510795.58
925,Frozen Path,Crime,German,2014,5.3,James Muller,18665210.98
926,Last Kingdom,Drama,Hindi,1984,8.5,Priya Lee,10282420.74
927,Midnight Shadows,Thriller,Telugu,1984,7.2,Sanjay Rossi,193244132.4
928,Burning Dream,Sci-Fi,English,1988,3.4,Priya Lee,12411343.15
929,Distant Empire,Sci-Fi,French,2022,6.1,Arjun Smith,17413860.77
930,Wild Flame,Romance,Tamil,2021,4.1,James Smith,3160740.21
931,Forgotten Horizon,Drama,English,2013,7.7,Carlos Iyer,6144410.82
932,Broken Journey,Thriller,Korean,1982,5.8,Elena Wong,10310122.83
933,Forgotten Echo,Fantasy,Spanish,2006,7.2,Elena Nolan,14202193.23
934,Rising Horizon,Romance,Italian,2022,8.3,Michael Kim,13361447.27
935,Endless Horizon,Comedy,Japanese,1990,9.4,Sanjay Sharma,16670990.39
936,Lost Voyage,Drama,Portuguese,2022,5.3,Yuki Sharma,15808602.38
937,Broken Storm,Documentary,English,1987,5,James Costa,4420234.15
938,Burning Dream,Sci-Fi,Korean,2019,2.6,Aiko Costa,13674974.04
939,Shattered Truth,Animation,Tamil,2015,6.5,Arjun Wong,194386140.7
940,Hidden River,Animation,Tamil,2023,5.6,Hana Costa,7933998.04
941,Distant Island,Crime,Telugu,1982,9.3,Emma Patel,10627663.98
942,Hidden Kingdom,Action,Mandarin,1994,2.7,Priya Silva,563792.18
943,Rising Garden,Drama,Spanish,2009,3.4,Yuki Chen,8884343.82
944,Golden Island,Documentary,Hindi,1986,6.6,Sanjay Reddy,13881774.53
945,Dark Dream,Horror,Japanese,1992,5.6,Nina Kapoor,12233383.55
946,Lost War,Sci-Fi,Hindi,2011,4.9,Aiko Iyer,9686237.92
947,Frozen Truth,Adventure,Japanese,1980,3.6,Priya Lee,5813962.62
948,Eternal Storm,Drama,English,2002,3.1,James Anderson,13329286.24
949,Secret River,Comedy,Korean,1992,8.8,Luis Reddy,11971727.42
950,Last Garden,Action,Korean,1985,8,Luis Lee,17835925.48
951,Eternal Voyage,Animation,English,1991,2.6,Wei Garcia,806135.53
952,Burning Garden,Animation,Mandarin,1981,7.7,Arjun Garcia,7534181.5
953,Frozen Kingdom,Animation,Japanese,1989,3.3,Yuki Sharma,16992024.13
954,Rising Island,Action,Tamil,1988,3.5,Anjali Nolan,15055469.22
955,Silent Legacy,Thriller,Hindi,1985,5.8,Wei Muller,2273658.89
956,Secret Kingdom,Comedy,Spanish,1984,8.7,Chris Anderson,4378468.39
957,Last Journey,Fantasy,English,2019,2.2,James Muller,16553707.19
958,Golden Truth,Romance,Spanish,2020,9.4,Michael Costa,11704592.39
959,Hidden Journey,Romance,Tamil,1981,3.1,Elena Kumar,6612756.34
960,Frozen Garden,Documentary,Spanish,1984,9.5,Wei Kumar,145977190
961,Frozen Storm,Comedy,English,2019,4.7,Raj Kumar,15076497.3
962,Last Garden,Documentary,Hindi,1998,5.8,Elena Kim,3444717
963,Frozen Empire,Romance,English,1987,8.5,Raj Garcia,5149364.47
964,Broken Island,Adventure,English,2005,8.8,David Costa,10548378.67
965,Shattered Voyage,Documentary,Spanish,2014,3.6,Arjun Wong,16929547.35
966,Midnight Kingdom,Animation,Korean,1991,7,Raj Patel,8765591.78
967,Rising War,Action,English,1996,5.4,Wei Nolan,11950054.31
968,Distant Empire,Romance,Spanish,2007,4.8,Luis Reddy,264186.11
969,Golden Shadows,Fantasy,English,1986,2.6,Emma Reddy,142100847.5
970,Crimson River,Animation,Mandarin,2026,8.2,James Costa,17127133.14
971,Lost Empire,Horror,Tamil,2008,6.2,Wei Garcia,9526977.18
972,Silent Island,Action,English,2022,3,Wei Muller,15903602.13
973,Forgotten Island,Crime,Portuguese,2019,6,Sanjay Kim,19108930.1
974,Sacred Path,Horror,Portuguese,2024,2.9,Chris Anderson,173846351.4
975,Sacred Voyage,Horror,German,2002,7,James Chen,5412087.96
976,Dark Echo,Horror,Hindi,2014,8.1,Luis Lee,17987680.42
977,Last Island,Action,Mandarin,1988,7.3,Raj Reddy,2780557906
978,Sacred Symphony,Drama,Telugu,1993,5.8,Raj Kim,9484783.97
979,Hidden Legacy,Animation,Hindi,1985,3,Maria Kim,16098347.07
980,Lost Voyage,Romance,English,2005,2.6,Anjali Chen,59838354.46
981,Broken Flame,Drama,Hindi,1989,7.6,Sofia Wong,9557662.07
982,Crimson Echo,Adventure,Korean,2019,3.3,David Kim,10323698.74
983,Wild Voyage,Documentary,Japanese,2015,6,Arjun Smith,4312789.71
984,Silent Echo,Animation,Korean,2026,3.1,Sanjay Anderson,14196405.67
985,Broken War,Animation,Italian,2009,8.6,Sanjay Sharma,13616623.75
986,Last City,Sci-Fi,Hindi,2002,3.6,Sofia Patel,2108604136
987,Rising Island,Fantasy,Spanish,2000,3.2,Sofia Iyer,2241594.51
988,Forgotten Empire,Documentary,Tamil,2006,5.3,Priya Patel,8314252.58
989,Shattered Garden,Horror,English,2003,3.1,Anjali Smith,18292283.82
990,Frozen Symphony,Comedy,Japanese,2022,5.1,Emma Fernandes,6594801.08
991,Silent Storm,Fantasy,Telugu,1998,8.7,Emma Iyer,19333303.46
992,Silent Island,Thriller,English,1998,8.5,Wei Kim,1602215.76
993,Lost Dream,Comedy,English,1984,2.3,Elena Garcia,17047576.27
994,Broken Kingdom,Romance,English,1984,3.2,Wei Garcia,16120791.4
995,Last Shadows,Animation,English,2001,7.6,Anjali Chen,2565319.54
996,Crimson Echo,Romance,Korean,2024,7.3,Wei Watanabe,823151.18
997,Burning City,Comedy,German,2025,9,Raj Smith,9514987.15
998,Rising War,Action,English,2016,4.7,Sanjay Watanabe,18518785.23
999,Secret War,Documentary,Portuguese,1992,6.1,Aiko Smith,7913670.12
1000,Lost Heart,Fantasy,English,2023,5.4,Sanjay Watanabe,4370311.59
1001,Last Echo,Documentary,English,2025,6.6,James Muller,655880.48
1002,Eternal Echo,Romance,Korean,2015,6.3,Hana Watanabe,2939044.43
1003,Wild Voyage,Comedy,English,1985,4,Hana Kumar,199909609.3
1004,Sacred Echo,Drama,English,1983,2.1,David Reddy,70756820.41
1005,Golden Kingdom,Animation,French,1987,6.8,Elena Fernandes,16112672.41
1006,Eternal Journey,Sci-Fi,English,2002,9,Elena Kapoor,96833798.68
1007,Silent Kingdom,Sci-Fi,English,1987,3,Yuki Chen,1693079933
1008,Forgotten Garden,Thriller,English,1987,3.4,Carlos Iyer,11604270.71
1009,Rising Horizon,Crime,English,1984,6.4,Elena Sharma,2285418.28
1010,Endless Garden,Horror,Italian,1996,7.3,Hana Patel,8761197.88
1011,Secret Island,Sci-Fi,English,2005,2.7,Aiko Watanabe,1237784957
1012,Secret Flame,Romance,Tamil,1980,4.9,Carlos Rossi,368377.87
1013,Crimson Dream,Romance,Hindi,1987,2.2,James Chen,190821315.7
1014,Dark Kingdom,Crime,Hindi,1981,2.3,David Fernandes,1712176.32
1015,Secret Echo,Crime,Spanish,2006,3.3,Chris Muller,65549708.26
1016,Forgotten War,Sci-Fi,Italian,2019,2.9,James Costa,3513038.97
1017,Frozen Truth,Animation,Telugu,2016,7.3,Luis Wong,11305510.67
1018,Sacred Storm,Action,Hindi,2001,4,Elena Watanabe,2783098407
1019,Rising Path,Animation,Italian,2013,8.3,Priya Smith,160849989.7
1020,Forgotten Path,Crime,Hindi,1982,6.1,Wei Costa,1295898.75
1021,Eternal Echo,Fantasy,English,2007,4.7,Hana Kumar,4388654.17
1022,Forgotten Shadows,Animation,Japanese,2017,2.8,Aiko Fernandes,7067618.9
1023,Secret Symphony,Horror,English,2001,7.2,Yuki Rossi,9863756.38
1024,Frozen Legacy,Sci-Fi,English,1980,7.1,Maria Patel,11980559.83
1025,Shattered Island,Documentary,English,2024,7.6,Sanjay Kim,17543568.95
1026,Broken Path,Thriller,English,2003,9.5,Wei Kumar,6359267.6
1027,Dark River,Action,Portuguese,1985,4.3,David Chen,11460070.64
1028,Lost Horizon,Documentary,Hindi,1991,2.9,Emma Silva,11521908.02
1029,Hidden Legacy,Romance,English,2026,8.9,Nina Sharma,196047184.9
1030,Crimson City,Thriller,Hindi,2009,6.5,Sanjay Smith,6328204.2
1031,Silent Horizon,Documentary,English,2019,7.6,Aiko Sharma,13408314.82
1032,Crimson Flame,Crime,Spanish,2001,4.6,Arjun Fernandes,18470175
1033,Broken Garden,Crime,English,1983,6.5,Emma Watanabe,14873861.1
1034,Burning Symphony,Drama,English,1987,4,Arjun Fernandes,131290747.1
1035,Endless Path,Romance,Hindi,2007,3.7,David Nolan,73640603.26
1036,Crimson Storm,Action,English,1997,7.8,David Patel,2069522511
1037,Forgotten Empire,Documentary,Mandarin,2007,9.3,Michael Anderson,10423250.22
1038,Last Horizon,Adventure,Spanish,2024,2.7,Luis Sharma,18887080.03
1039,Lost Island,Romance,Spanish,1994,9.3,Nina Sharma,9750364.17
1040,Dark Kingdom,Sci-Fi,Korean,2012,4.5,Emma Watanabe,18308321.27
1041,Last Empire,Drama,Hindi,2006,7.9,Michael Nolan,15662265.44
1042,Broken River,Animation,Japanese,1982,7.4,David Costa,14734010.6
1043,Shattered Heart,Adventure,Korean,1980,4.8,Sanjay Wong,15420783.06
1044,Sacred Echo,Sci-Fi,French,2010,3.2,Emma Anderson,3073333.72
1045,Silent City,Sci-Fi,Korean,1985,4.2,Carlos Costa,77106567.51
1046,Golden Journey,Fantasy,Hindi,2021,3.1,Emma Wong,18371874.75
1047,Forgotten River,Animation,English,1997,6.7,James Silva,9702138.45
1048,Sacred Echo,Horror,Korean,1981,3.7,Hana Sharma,3332372.71
1049,Wild War,Fantasy,Spanish,2003,2.8,Luis Smith,1136419.45
1050,Midnight Echo,Crime,English,1998,2.5,Anjali Muller,3193416.65
1051,Shattered Empire,Horror,English,1990,5.8,Sofia Costa,17716438.45
1052,Golden Shadows,Action,English,1999,5.6,Wei Silva,9288464.62
1053,Golden Path,Fantasy,Korean,1988,5.5,Wei Sharma,45223485.42
1054,Eternal Empire,Fantasy,English,1984,7.6,Sofia Sharma,6038664.61
1055,Forgotten River,Action,English,1985,9.5,Hana Lee,6613029.42
1056,Shattered Truth,Thriller,English,2025,5.2,Luis Wong,14510157.45
1057,Frozen Journey,Drama,Hindi,2007,7.4,Priya Muller,16553468.74
1058,Endless Echo,Comedy,English,2013,4.3,Raj Watanabe,999394369
1059,Sacred Shadows,Fantasy,Hindi,1980,7,David Wong,3152167.35
1060,Wild Symphony,Animation,English,2007,5.7,Nina Costa,14735766.86
1061,Frozen River,Crime,German,2004,7.1,Michael Sharma,189231452.2
1062,Last Echo,Horror,Telugu,2018,6.3,Elena Lee,31551083.23
1063,Wild Storm,Horror,Japanese,2026,2.3,Luis Silva,3934863.01
1064,Endless Empire,Fantasy,Telugu,2018,5.7,Sanjay Muller,16104029.98
1065,Distant Symphony,Adventure,English,2026,8.8,Yuki Rossi,7653483.14
1066,Dark Flame,Adventure,Japanese,1999,6.5,Carlos Muller,16923490.48
1067,Wild Legacy,Romance,English,1999,8.7,Sanjay Garcia,16618409.55
1068,Shattered Symphony,Sci-Fi,Hindi,2026,9,Emma Muller,5809651.85
1069,Forgotten Empire,Sci-Fi,English,2022,2.5,James Reddy,11133826.79
1070,Hidden Echo,Documentary,German,1996,2.9,Sanjay Anderson,12823183.9
1071,Eternal Shadows,Horror,Japanese,1997,3.4,Elena Nolan,5287572.56
1072,Rising Storm,Fantasy,Korean,1992,2.2,James Reddy,8321466.15
1073,Endless Path,Action,Spanish,2006,6.6,Aiko Muller,181181804.5
1074,Dark Dream,Action,Tamil,1990,5.1,Chris Watanabe,4318637.3
1075,Crimson City,Drama,English,1986,4.3,David Anderson,143714104.2
1076,Burning Heart,Drama,Hindi,2020,4.4,Elena Watanabe,8515142.42
1077,Frozen Legacy,Comedy,Telugu,2000,7,James Kumar,144311496.5
1078,Eternal Echo,Sci-Fi,Japanese,1985,8.5,Anjali Patel,10242156.72
1079,Frozen Echo,Romance,Mandarin,2016,7.1,Priya Muller,17406274.97
1080,Crimson Kingdom,Horror,Mandarin,2026,3.4,Nina Rossi,11584855.04
1081,Lost Legacy,Crime,Spanish,1992,3.8,Emma Wong,6096595.52
1082,Forgotten City,Sci-Fi,Italian,2026,3.5,Luis Wong,7917233.97
1083,Crimson Heart,Animation,Spanish,1983,3.4,Sanjay Iyer,14443022.28
1084,Midnight Symphony,Romance,English,1983,9.3,Emma Wong,184718535.4
1085,Endless Kingdom,Drama,French,2023,9.2,Luis Silva,464550543.3
1086,Dark River,Thriller,Spanish,2017,2.7,Maria Kumar,1091269.18
1087,Wild Shadows,Thriller,Tamil,2008,8.1,James Chen,14820356.95
1088,Crimson Voyage,Fantasy,Mandarin,1983,2.6,Yuki Iyer,614658.49
1089,Hidden Dream,Animation,Hindi,2001,5.5,Raj Anderson,7339378.21
1090,Broken Shadows,Comedy,Telugu,1990,9.5,Yuki Chen,17524110.32
1091,Forgotten Voyage,Drama,Mandarin,1985,3.1,Nina Watanabe,11095001.46
1092,Last River,Sci-Fi,English,2011,8.4,Michael Nolan,675993.98
1093,Crimson Garden,Comedy,Italian,1990,4.3,Priya Rossi,8706633.25
1094,Last Truth,Romance,English,1989,5.2,Sanjay Kumar,12608967.37
1095,Sacred Kingdom,Adventure,German,2018,2.4,Priya Silva,6472831.9
1096,Sacred Legacy,Sci-Fi,Spanish,1987,7.5,Raj Iyer,3913435.19
1097,Last Echo,Drama,Hindi,1986,4.4,Michael Silva,15465079.21
1098,Distant Shadows,Comedy,Mandarin,2018,6.2,Priya Kim,516929.16
1099,Sacred Horizon,Adventure,Korean,1989,6.7,Arjun Watanabe,14051369.47
1100,Last River,Comedy,Telugu,1985,4.3,Hana Kumar,11913699.82
1101,Burning Horizon,Romance,Tamil,2026,5.6,Sofia Smith,10934124.18
1102,Broken Journey,Action,Korean,1987,3.1,Priya Kapoor,16464018.82
1103,Golden War,Animation,Spanish,2023,8.9,Hana Garcia,15239749.84
1104,Last Truth,Thriller,German,2009,7.1,Yuki Watanabe,199684495.3
1105,Sacred Symphony,Adventure,Tamil,2007,7.2,James Anderson,14093528.78
1106,Rising Kingdom,Comedy,Korean,1989,6.1,Elena Chen,831458.12
1107,Distant Legacy,Comedy,Korean,2021,3.5,Sanjay Reddy,15224414.02
1108,Dark Symphony,Sci-Fi,Tamil,2019,7.1,David Iyer,29551249.19
1109,Frozen Garden,Animation,Mandarin,1980,9,Hana Patel,8085689.16
1110,Frozen Horizon,Sci-Fi,English,2005,7.7,Carlos Fernandes,5224784.85
1111,Rising Garden,Animation,Spanish,2000,9.5,Chris Nolan,14039680.79
1112,Frozen Empire,Sci-Fi,Mandarin,1983,6.6,Arjun Silva,10179165.72
1113,Sacred Legacy,Action,Hindi,2003,5.1,David Fernandes,3656498.73
1114,Burning City,Comedy,English,2019,8.9,Raj Muller,9253315.69
1115,Secret Legacy,Crime,Hindi,2006,7.7,Luis Silva,157300209.8
1116,Wild Dream,Fantasy,French,1983,3.8,Wei Kumar,15384191.69
1117,Wild Kingdom,Fantasy,Mandarin,2022,4.8,Luis Fernandes,16111369.55
1118,Distant Empire,Comedy,English,2013,8.4,Yuki Kapoor,998189.04
1119,Wild Voyage,Documentary,Hindi,2022,6.1,James Wong,472568.24
1120,Eternal Island,Horror,English,2018,3.1,Priya Wong,169328276.2
1121,Wild Storm,Sci-Fi,Hindi,2011,7.7,Arjun Fernandes,116824525.2
1122,Sacred Legacy,Romance,Mandarin,2022,2.8,Raj Silva,12355635.17
1123,Burning War,Drama,Japanese,2016,2.7,Raj Fernandes,54805482.97
1124,Golden Echo,Drama,English,1980,3.7,Carlos Kim,591537028.8
1125,Wild Heart,Thriller,Mandarin,1996,5.5,Yuki Silva,3660369.34
1126,Rising War,Animation,Japanese,2007,4,Sanjay Kapoor,7012150.73
1127,Wild Horizon,Thriller,Telugu,2010,6.2,Priya Chen,17505148.31
1128,Golden City,Thriller,English,2015,9.2,Carlos Silva,4075459.98
1129,Forgotten Horizon,Horror,English,2018,6.9,Priya Iyer,11321865.1
1130,Wild Journey,Romance,English,2001,7,Luis Anderson,2234829.06
1131,Forgotten Symphony,Fantasy,English,2011,3.4,Arjun Anderson,14260635.58
1132,Distant Path,Adventure,English,1991,3.9,Luis Wong,17175812.24
1133,Lost Shadows,Fantasy,Hindi,1999,8.6,Elena Anderson,206460171.9
1134,Shattered Flame,Animation,Hindi,1982,8.5,Wei Chen,5458230.73
1135,Shattered War,Romance,Hindi,2008,7,James Sharma,476498078.1
1136,Lost Shadows,Romance,English,2011,8.8,Priya Chen,1904772.97
1137,Midnight Island,Horror,English,2004,8.7,Maria Wong,4225195.49
1138,Lost Heart,Sci-Fi,German,2026,6.8,Anjali Watanabe,2299102.59
1139,Distant River,Romance,English,2002,4.6,Elena Silva,6916252.11
1140,Dark War,Horror,English,2012,4.7,Priya Kapoor,8935139.04
1141,Rising Garden,Comedy,Spanish,2001,3.5,James Rossi,11351005.01
1142,Dark Empire,Comedy,English,2021,6.8,Anjali Lee,4700862.58
1143,Forgotten Truth,Animation,German,2023,2.9,Anjali Iyer,357882.36
1144,Distant Path,Crime,Spanish,1982,4.8,Carlos Muller,9346049.43
1145,Hidden Shadows,Documentary,Hindi,1996,5.2,Hana Muller,13507807.67
1146,Shattered Path,Action,English,1980,5.3,Nina Patel,5880699.05
1147,Last Shadows,Documentary,Mandarin,1983,5.7,Nina Nolan,4484901.92
1148,Sacred Journey,Sci-Fi,English,1998,7.6,Aiko Lee,16656375.73
1149,Midnight City,Fantasy,Hindi,1990,8,Raj Costa,9298813.15
1150,Dark Garden,Sci-Fi,English,1985,6,Priya Fernandes,9455049.17
1151,Eternal Kingdom,Documentary,Korean,1980,3.3,Aiko Patel,10133552.68
1152,Endless Path,Horror,English,2025,3.4,Hana Nolan,14471799.86
1153,Last Garden,Action,Japanese,1991,8.4,Elena Iyer,1927976.29
1154,Lost Path,Documentary,English,1986,7.4,Wei Muller,17755020.73
1155,Hidden City,Drama,German,2008,3.8,Luis Chen,14498641.12
1156,Golden Empire,Thriller,English,2017,6.7,Wei Kumar,18650472.18
1157,Shattered Garden,Thriller,English,1983,5.4,Sanjay Chen,18387543.9
1158,Shattered Horizon,Comedy,German,2025,8.7,Elena Silva,12965952.31
1159,Eternal Symphony,Sci-Fi,Italian,1998,3.9,Carlos Smith,16604235.01
1160,Lost Heart,Fantasy,Mandarin,2012,5.1,Nina Rossi,13795809.72
1161,Rising Heart,Comedy,Hindi,2022,5.3,Elena Anderson,1975182953
1162,Midnight Island,Sci-Fi,English,2005,5.1,Priya Fernandes,198892709.7
1163,Burning Legacy,Crime,Hindi,1994,3.2,Sanjay Silva,15215930.85
1164,Hidden Heart,Documentary,Portuguese,1986,4.3,Elena Nolan,6730463.05
1165,Rising Path,Horror,Tamil,2015,4.9,Chris Costa,7830269.8
1166,Hidden River,Horror,Hindi,2025,2.1,Luis Anderson,55846741.4
1167,Silent Kingdom,Animation,English,2025,6,Luis Anderson,6365464.58
1168,Crimson Path,Sci-Fi,Hindi,2007,4.7,Carlos Patel,10365177.34
1169,Silent Truth,Animation,Hindi,2014,5.7,Chris Rossi,18710724.51
1170,Wild Island,Animation,English,2016,7.1,Emma Rossi,14288925.97
1171,Sacred City,Crime,Spanish,1982,2.2,Emma Anderson,6238739.13
1172,Endless Dream,Fantasy,Spanish,2006,2.5,Emma Muller,15269400.25
1173,Rising Flame,Comedy,English,2018,3.7,Sofia Rossi,4824234.45
1174,Silent Island,Animation,English,2012,7,Carlos Rossi,12310132.2
1175,Shattered Legacy,Fantasy,Telugu,2015,7.1,Carlos Fernandes,18538665.89
1176,Secret Truth,Documentary,English,1995,3.4,Luis Watanabe,616783.97
1177,Silent Path,Crime,English,2025,5,Michael Wong,2895126.85
1178,Last River,Horror,German,2007,4.8,Elena Rossi,8263899.89
1179,Midnight Path,Thriller,English,1994,3,Elena Anderson,14257379.42
1180,Lost Island,Crime,Hindi,1983,3,Yuki Kapoor,3457365.74
1181,Endless Path,Documentary,English,2018,3,Luis Muller,905594.41
1182,Midnight Path,Comedy,English,2006,5.2,Wei Sharma,47737802.13
1183,Lost Journey,Comedy,Telugu,2009,7.8,Raj Kapoor,146439178.1
1184,Distant Path,Fantasy,Hindi,1986,3.3,Carlos Lee,1246059.73
1185,Hidden Path,Comedy,Tamil,1999,4,Sanjay Sharma,14577705.94
1186,Last Storm,Sci-Fi,English,2020,3.9,Anjali Wong,95626418.45
1187,Hidden Symphony,Crime,Japanese,2024,2.8,Elena Iyer,4981925.88
1188,Distant Kingdom,Horror,French,2021,3.7,Luis Costa,13634260.69
1189,Last Island,Fantasy,English,1987,4.8,Wei Reddy,18196741.36
1190,Sacred River,Crime,Tamil,2006,2.9,Chris Kim,16560847.21
1191,Endless Heart,Sci-Fi,German,2018,5.6,Aiko Costa,18902223.28
1192,Rising Shadows,Crime,Hindi,2014,5.1,Emma Anderson,14466622.61
1193,Crimson Dream,Crime,Hindi,2000,5.9,Emma Silva,3012747.22
1194,Dark Echo,Crime,English,1992,7.4,Priya Reddy,12925950.84
1195,Wild Echo,Horror,English,2024,6.4,Priya Lee,108324880.4
1196,Frozen Heart,Action,English,2024,8.8,Raj Muller,1898599.39
1197,Secret River,Fantasy,Spanish,2021,7.6,Maria Nolan,5575690.29
1198,Secret Kingdom,Fantasy,English,2007,5.6,James Lee,104328327
1199,Silent Horizon,Crime,Korean,2008,7.4,Priya Muller,11894194.72
1200,Last City,Comedy,German,1993,9.4,Luis Costa,19863098.27
1201,Forgotten War,Romance,English,1997,6.4,Arjun Kumar,16851229.94
1202,Golden Flame,Sci-Fi,Hindi,1980,6,Hana Patel,193237869.5
1203,Midnight Flame,Documentary,Spanish,2023,8.8,Sofia Lee,6807201.41
1204,Last City,Fantasy,English,2016,5,Carlos Muller,16100333.56
1205,Dark Island,Action,English,2006,2.2,Nina Fernandes,10821770.96
1206,Crimson Symphony,Documentary,Portuguese,1982,9,Nina Muller,4472554.12
1207,Golden Dream,Adventure,English,2008,8.9,Carlos Fernandes,19406664.65
1208,Last Garden,Thriller,French,1997,4.5,Hana Iyer,195023686.8
1209,Wild Path,Horror,Tamil,2000,7.5,Aiko Smith,14336596.98
1210,Rising Truth,Thriller,Spanish,1984,6.2,Yuki Fernandes,5986096.95
1211,Rising Island,Sci-Fi,German,2011,5.9,Elena Costa,10974867.28
1212,Secret Garden,Crime,Hindi,1991,7.2,Wei Garcia,707828.87
1213,Endless Path,Drama,French,1987,3.8,Sanjay Patel,497455.43
1214,Sacred Voyage,Drama,Mandarin,1996,3,Michael Muller,85618010.66
1215,Burning Legacy,Romance,Korean,2004,2.4,Aiko Lee,13621345.9
1216,Lost Symphony,Horror,German,1994,3.6,Raj Anderson,12424668.32
1217,Eternal Legacy,Thriller,English,2017,5.1,Elena Garcia,14479459.62
1218,Dark Flame,Action,Tamil,2017,8.1,Raj Lee,8297917.99
1219,Dark River,Fantasy,German,2011,5.3,David Garcia,9221059.9
1220,Endless Garden,Drama,French,2022,4.7,Nina Kim,17673929.5
1221,Rising Symphony,Adventure,Portuguese,1994,6.2,Sofia Lee,8347624.14
1222,Distant Dream,Sci-Fi,English,2010,6.2,James Chen,2248963167
1223,Crimson Journey,Action,English,2010,2.3,Sanjay Silva,1475220.44
1224,Broken Empire,Action,Tamil,2016,8.9,Chris Patel,6801394.96
1225,Secret Voyage,Sci-Fi,Hindi,2001,4.1,Aiko Sharma,17750259.38
1226,Shattered Dream,Action,English,2004,8.7,Emma Garcia,16326538.07
1227,Frozen River,Action,English,1990,6,Arjun Kapoor,11445004.25
1228,Endless Garden,Adventure,Korean,1991,4.3,Chris Silva,7113640.18
1229,Eternal River,Adventure,Korean,1996,5.5,Wei Sharma,4699590.85
1230,Last Heart,Sci-Fi,Telugu,1992,4.4,Priya Silva,198954715.7
1231,Endless Symphony,Animation,Korean,2007,2.9,Arjun Lee,18626685.12
1232,Eternal Storm,Romance,German,1984,2.8,Sofia Anderson,10103273.66
1233,Burning Symphony,Animation,Spanish,2003,3.8,Priya Watanabe,13200965.24
1234,Lost Dream,Thriller,Hindi,2017,7.9,Yuki Anderson,9783271.21
1235,Last Kingdom,Thriller,Portuguese,2026,6.4,Raj Anderson,14844315.86
1236,Endless War,Romance,French,2013,8.8,Emma Garcia,8418069.23
1237,Sacred Path,Animation,German,2010,7.2,Emma Nolan,16242970.51
1238,Wild Legacy,Crime,Mandarin,2026,4.5,Emma Iyer,14824818.31
1239,Rising Heart,Sci-Fi,Japanese,1991,8,Elena Kim,6021354.82
1240,Sacred War,Fantasy,Spanish,2008,6.4,Chris Lee,14921819.58
1241,Secret Kingdom,Romance,Korean,2012,5,Emma Sharma,7706431.66
1242,Midnight Horizon,Horror,Hindi,2005,3.2,Sanjay Wong,23351447.36
1243,Last River,Adventure,Hindi,1990,3.9,Chris Reddy,112743058.2
1244,Rising Storm,Drama,French,2001,2.9,Aiko Watanabe,16743969.61
1245,Burning Storm,Adventure,Hindi,1995,7.7,Aiko Kim,137408751.5
1246,Wild Storm,Documentary,English,2024,3.3,Emma Chen,13708261.83
1247,Midnight Echo,Sci-Fi,French,2022,9.3,David Patel,60048494.94
1248,Hidden War,Documentary,English,2012,2.8,Nina Chen,12054834.42
1249,Rising City,Adventure,English,2019,5,Michael Kim,4275080.19
1250,Dark River,Adventure,English,2006,8.9,Priya Silva,13467546.79
1251,Forgotten Truth,Fantasy,Hindi,2019,5.3,Chris Patel,9438173.11
1252,Sacred Flame,Comedy,English,2022,7.3,Sanjay Wong,12333569.84
1253,Crimson Journey,Action,Japanese,2024,6,Priya Iyer,4944247.29
1254,Golden River,Action,English,2016,5.3,Raj Watanabe,12539818.18
1255,Sacred River,Sci-Fi,Mandarin,1996,4.6,David Garcia,13761367.76
1256,Eternal Echo,Fantasy,English,2012,2.7,Sofia Anderson,14895497.85
1257,Dark Journey,Comedy,Japanese,2004,2.7,Sanjay Fernandes,7400737.5
1258,Rising City,Thriller,Hindi,1998,4.8,Elena Nolan,13581299.25
1259,Eternal Garden,Crime,Tamil,2001,6.6,Wei Sharma,12795106.87
1260,Hidden Island,Adventure,Italian,1983,8.3,Priya Fernandes,11828770.05
1261,Hidden Kingdom,Drama,Spanish,2008,7,Luis Silva,4942238.78
1262,Secret Echo,Action,Japanese,1994,9.1,Arjun Watanabe,9048063.03
1263,Burning Echo,Romance,Korean,1981,7,Priya Silva,905585.51
1264,Eternal Heart,Action,English,1995,2.6,Sofia Costa,13146347.51
1265,Sacred Garden,Horror,Hindi,2017,5.2,Hana Sharma,17345723.83
1266,Shattered Island,Romance,English,2008,2,Emma Chen,19484236.67
1267,Burning Island,Sci-Fi,Hindi,1998,8.6,Aiko Nolan,7776509.89
1268,Hidden Voyage,Documentary,English,2026,2.6,Sofia Rossi,142459.14
1269,Last Kingdom,Thriller,English,2005,9,Anjali Nolan,14425412.52
1270,Forgotten Path,Crime,French,2018,3.3,Sanjay Fernandes,14704711.5
1271,Hidden Dream,Sci-Fi,English,1982,2.4,James Chen,37568866.37
1272,Rising Dream,Adventure,Italian,2019,8.7,Hana Costa,9366990.1
1273,Shattered Legacy,Thriller,Hindi,2015,5,Emma Kumar,11486391.18
1274,Distant Truth,Action,Japanese,1989,5.5,Emma Rossi,6906886.34
1275,Golden Empire,Horror,English,1990,4.6,Sofia Lee,8703040.95
1276,Lost Journey,Thriller,Korean,2006,3.8,Aiko Kim,4912643.8
1277,Distant Dream,Adventure,Hindi,1993,3.9,Sanjay Rossi,5073787.75
1278,Frozen Dream,Fantasy,Portuguese,1980,2.9,Anjali Watanabe,125244571.2
1279,Wild Symphony,Crime,Portuguese,1980,4.8,James Garcia,19572352.56
1280,Hidden Garden,Fantasy,Spanish,1991,4.2,Elena Reddy,107538190.2
1281,Sacred Symphony,Comedy,English,2009,6.5,Maria Fernandes,9206949.62
1282,Midnight Truth,Animation,Telugu,2021,3.8,Raj Garcia,8328804.58
1283,Lost Echo,Sci-Fi,English,1981,8.3,Aiko Kapoor,5112205.41
1284,Silent River,Crime,English,1990,5.3,Hana Wong,17349649.54
1285,Distant War,Comedy,Spanish,2020,5.9,Priya Patel,2203596.94
1286,Rising Flame,Animation,English,1980,5.8,Michael Costa,12067262.3
1287,Frozen Kingdom,Drama,English,1980,4.3,Aiko Kapoor,12713089.97
1288,Crimson Empire,Thriller,Korean,2008,3.8,James Fernandes,6969653.45
1289,Golden Kingdom,Fantasy,Korean,2010,4.4,Nina Anderson,14680352.42
1290,Forgotten Kingdom,Action,English,1997,6.1,Hana Iyer,12778597.4
1291,Crimson Legacy,Fantasy,Spanish,2026,3.1,Arjun Costa,19649871.69
1292,Forgotten Dream,Action,Korean,1987,6.1,Sanjay Kumar,15378714.39
1293,Hidden Voyage,Comedy,English,1981,7.3,Sofia Kim,190473242.7
1294,Broken Legacy,Action,Mandarin,1985,7.4,Michael Nolan,8855041.6
1295,Rising City,Comedy,English,2021,3.6,Luis Kumar,41726966.46
1296,Rising Storm,Crime,Hindi,1988,5.1,Chris Sharma,2359015.61
1297,Burning Horizon,Thriller,French,2026,8.4,Aiko Sharma,183475469.8
1298,Secret Empire,Crime,Japanese,2025,2.1,Hana Kapoor,4131867.89
1299,Burning Storm,Romance,Spanish,2012,6.3,Emma Kapoor,13163822.59
1300,Hidden Heart,Comedy,Korean,2000,8.6,Anjali Reddy,15244411.53
1301,Forgotten City,Horror,English,1999,2.5,Yuki Wong,3964305.86
1302,Forgotten River,Comedy,Japanese,1997,3.8,Aiko Garcia,18155703.99
1303,Forgotten Island,Adventure,German,1995,9,Arjun Nolan,8903400.6
1304,Crimson Shadows,Adventure,English,1991,2.5,Aiko Nolan,71053375.67
1305,Eternal Empire,Fantasy,Spanish,1990,9.4,Arjun Muller,14733088.13
1306,Frozen Voyage,Horror,English,2014,8.9,Sanjay Kim,1766386.66
1307,Midnight Horizon,Horror,Spanish,2013,9.4,David Lee,8295608.34
1308,Shattered Path,Thriller,Spanish,1986,6.8,Anjali Nolan,2015560010
1309,Eternal River,Crime,Mandarin,1982,2.2,Carlos Silva,324352.51
1310,Crimson Kingdom,Comedy,French,1988,6.1,Luis Nolan,18271136.99
1311,Eternal Storm,Horror,Spanish,1989,4.5,James Fernandes,3604298.66
1312,Silent Empire,Romance,German,2018,7.4,Wei Kapoor,123714640
1313,Dark Flame,Fantasy,Telugu,1985,3.8,Nina Sharma,11346712.64
1314,Midnight River,Thriller,Hindi,1999,7.1,Emma Kim,8036212.76
1315,Broken Legacy,Comedy,Korean,1987,7.1,James Lee,11928067.33
1316,Endless Dream,Horror,English,1985,6.2,Elena Iyer,19813406.46
1317,Distant Heart,Romance,Tamil,2020,8.3,Carlos Costa,9395325.17
1318,Midnight Journey,Thriller,Korean,2011,2.2,Priya Garcia,815106.43
1319,Crimson Truth,Horror,English,1993,6,David Nolan,2342186.33
1320,Lost Horizon,Comedy,English,2013,4.5,Anjali Wong,9053338.92
1321,Last Path,Comedy,Tamil,1988,6.1,Elena Costa,942163.57
1322,Sacred Garden,Romance,English,2010,5.9,Sanjay Fernandes,11027040.54
1323,Secret Journey,Animation,Hindi,1988,5.3,Emma Chen,7849650.31
1324,Sacred Echo,Documentary,Italian,1991,3.7,Maria Silva,3004733.57
1325,Silent Symphony,Sci-Fi,French,2013,5.2,Carlos Lee,6153364.65
1326,Midnight Storm,Crime,Hindi,2020,7.5,Maria Chen,50517783.61
1327,Golden Shadows,Crime,Tamil,1995,5.8,David Costa,19654826.78
1328,Burning Horizon,Comedy,Telugu,1981,4,Yuki Iyer,14624006.44
1329,Midnight Journey,Action,English,1995,6.6,Michael Fernandes,326319.9
1330,Wild Empire,Documentary,English,2003,8.8,Emma Smith,4133851.18
1331,Midnight City,Comedy,Hindi,1996,4.1,Chris Kumar,4557115.94
1332,Hidden Dream,Animation,Mandarin,2008,8.9,Yuki Reddy,14557298.02
1333,Endless Garden,Drama,English,2014,8.9,Aiko Kumar,17924596.48
1334,Endless Echo,Documentary,Tamil,1987,7.3,Raj Kumar,9331514.3
1335,Silent Echo,Adventure,Hindi,1985,8.5,Wei Sharma,98586771.36
1336,Secret Echo,Fantasy,English,2026,6.8,Sanjay Garcia,19133262.5
1337,Broken Truth,Romance,Hindi,2000,8.3,James Silva,15225245.48
1338,Crimson Empire,Comedy,English,1996,4.3,Aiko Reddy,9231105.87
1339,Broken River,Horror,Spanish,1983,5.3,Luis Wong,471552.77
1340,Broken Flame,Horror,Telugu,2001,4.1,Luis Reddy,15663673.72
1341,Dark Island,Comedy,French,2025,2.4,Sanjay Garcia,15560433.65
1342,Distant Truth,Romance,Hindi,1984,7.8,James Watanabe,10599361.49
1343,Wild Echo,Drama,Hindi,1980,8.2,Elena Fernandes,1610194000
1344,Forgotten Echo,Action,English,2013,7,Sofia Smith,12817178.39
1345,Lost Journey,Animation,English,1991,7.2,Sanjay Smith,118025735.5
1346,Crimson Journey,Thriller,Mandarin,1982,3.8,Wei Rossi,8643742.25
1347,Crimson Dream,Horror,English,1985,5.6,Carlos Kumar,9616759.07
1348,Dark Heart,Sci-Fi,Spanish,2017,4.4,Anjali Muller,2904909.31
1349,Crimson Path,Horror,Hindi,2019,3.2,James Anderson,15064101.62
1350,Wild City,Documentary,Hindi,1997,2.3,Priya Muller,5234199.02
1351,Crimson Dream,Crime,Mandarin,2010,3.8,Anjali Patel,4559307.58
1352,Lost Horizon,Crime,Tamil,2009,4,James Silva,186852870.4
1353,Midnight Journey,Fantasy,English,1981,3.6,Elena Reddy,2828841.84
1354,Lost Echo,Romance,Tamil,2018,4,Priya Wong,3755620.47
1355,Frozen Island,Horror,German,2012,6.1,Yuki Kim,14643270.59
1356,Secret Storm,Thriller,French,2003,8.1,Luis Iyer,8818155.81
1357,Secret Voyage,Fantasy,Mandarin,1996,4.8,Elena Rossi,7563108.15
1358,Crimson City,Fantasy,Spanish,1996,2.8,Wei Costa,18241549.16
1359,Lost Kingdom,Sci-Fi,French,2019,2.5,Luis Kumar,74506061.54
1360,Shattered Echo,Fantasy,Spanish,1994,4.2,Raj Patel,47711338.67
1361,Midnight Heart,Drama,English,1980,4.9,Nina Costa,19851626.89
1362,Hidden City,Action,French,2012,9.4,Arjun Kim,18894181.3
1363,Last River,Action,English,1998,9.2,Emma Nolan,14681023.67
1364,Silent Dream,Sci-Fi,French,2023,4.1,Michael Patel,11347220.7
1365,Endless Island,Adventure,German,1991,7.9,Arjun Rossi,4228862.36
1366,Last Island,Horror,English,1999,4.2,Sofia Kapoor,2169441220
1367,Rising Storm,Drama,Spanish,1999,2.5,David Fernandes,17190508.32
1368,Burning Flame,Documentary,French,1990,4.5,Anjali Garcia,19024830.09
1369,Dark Island,Drama,Italian,1992,8.3,Wei Kapoor,4155802.98
1370,Golden Island,Fantasy,English,2015,9.4,Anjali Lee,15880733.76
1371,Eternal Storm,Drama,Telugu,1989,7.9,James Reddy,13189607.45
1372,Eternal Path,Animation,English,1985,3.3,Michael Reddy,11648211.77
1373,Sacred Truth,Drama,Hindi,1988,3.2,David Patel,136899133.7
1374,Dark Island,Thriller,German,2001,9.3,James Chen,4064563.57
1375,Rising Voyage,Comedy,Spanish,1986,5.8,Carlos Fernandes,19801629.05
1376,Silent Flame,Sci-Fi,English,1999,3.2,Chris Wong,3984009.46
1377,Forgotten Storm,Comedy,Spanish,2018,7.5,Wei Anderson,2409543.3
1378,Hidden Legacy,Drama,English,2000,5.1,Carlos Silva,5083197.36
1379,Shattered City,Thriller,English,1996,7.5,Sofia Garcia,8248738.54
1380,Crimson Journey,Animation,Portuguese,2017,7.1,Michael Reddy,8178406.48
1381,Distant Horizon,Sci-Fi,French,2005,4.2,Luis Muller,19057602.49
1382,Hidden Symphony,Documentary,Spanish,2014,5.5,Luis Sharma,3258479.92
1383,Frozen Heart,Action,English,2000,2.7,Maria Watanabe,4438548.89
1384,Endless City,Fantasy,English,2011,4.8,Michael Rossi,4525044.11
1385,Burning City,Documentary,Tamil,1983,8.1,Carlos Muller,17362641.87
1386,Endless Dream,Documentary,English,2020,2.3,Chris Rossi,12016983.27
1387,Secret Heart,Romance,Spanish,1987,3.9,Chris Iyer,11708418.87
1388,Sacred Garden,Fantasy,English,1990,3.6,Luis Nolan,4964331.12
1389,Wild War,Crime,English,2003,6.6,Nina Fernandes,8225625.85
1390,Rising Symphony,Comedy,German,2021,4.3,Michael Anderson,40794886.53
1391,Silent Truth,Documentary,Hindi,1981,9.5,Maria Silva,10886684.97
1392,Hidden City,Crime,Hindi,1980,4,Wei Iyer,741993.87
1393,Crimson Journey,Documentary,Japanese,2001,3.1,Carlos Anderson,16083349.81
1394,Midnight Storm,Horror,English,2003,9.5,Michael Patel,6843868.66
1395,Sacred Storm,Documentary,English,2005,8.9,David Lee,11930216.85
1396,Wild War,Fantasy,Korean,1994,8.3,Yuki Kim,3494226.23
1397,Endless Path,Fantasy,Japanese,1984,4,James Sharma,17066171.17
1398,Wild City,Comedy,English,2015,5.1,Arjun Kapoor,1480698.66
1399,Shattered Flame,Comedy,English,1987,6.1,Carlos Watanabe,10561173.16
1400,Crimson Symphony,Animation,Hindi,1982,9.5,Priya Chen,9508969.69
1401,Dark Truth,Crime,Japanese,2020,7.9,Anjali Anderson,6617938.13
1402,Distant Journey,Animation,Hindi,2025,6.8,Michael Anderson,10473112
1403,Frozen Symphony,Romance,English,1983,8,Carlos Costa,9362447.76
1404,Midnight Legacy,Fantasy,English,2008,4.4,Maria Kim,14225139.66
1405,Shattered Empire,Drama,English,2020,4.4,Aiko Nolan,5265734.02
1406,Endless Echo,Action,Hindi,2021,3.1,Emma Reddy,60910061.21
1407,Sacred Legacy,Animation,Hindi,2014,9.3,Emma Patel,80012019.83
1408,Crimson Flame,Horror,Hindi,2018,6.6,Maria Nolan,2280563.48
1409,Frozen Empire,Animation,English,1987,7,Luis Garcia,13598444.94
1410,Midnight City,Action,Spanish,1982,2.2,Maria Reddy,17499280.31
1411,Dark Kingdom,Thriller,Mandarin,1981,4.8,Hana Anderson,17807619.13
1412,Rising Symphony,Fantasy,English,1990,6.5,Aiko Reddy,849205519.9
1413,Burning Garden,Comedy,English,1999,4.4,Raj Watanabe,10050703.43
1414,Golden Horizon,Thriller,English,1992,4.1,Priya Garcia,135062481.5
1415,Silent Horizon,Action,English,1986,6.7,Nina Patel,16200675.37
1416,Silent Island,Sci-Fi,Spanish,1982,8.9,Hana Silva,9549480.94
1417,Lost Island,Adventure,French,2002,6.8,Carlos Kumar,1871146.07
1418,Broken Shadows,Drama,Japanese,2012,3.6,Michael Reddy,62810363.6
1419,Sacred Garden,Thriller,Spanish,1980,7.5,Aiko Kim,9407715.53
1420,Wild Flame,Sci-Fi,Mandarin,2016,7.8,Raj Wong,160904574.7
1421,Crimson River,Thriller,Spanish,1980,6.9,Arjun Chen,11971070.26
1422,Midnight Garden,Drama,English,2011,7.5,David Lee,3122484.21
1423,Wild Heart,Drama,Tamil,2007,6.6,Carlos Patel,18685069.77
1424,Golden Voyage,Animation,Hindi,2009,2.9,Priya Kapoor,14689292.74
1425,Wild Voyage,Sci-Fi,Telugu,1988,6.9,Luis Kim,7607755.92
1426,Sacred Storm,Thriller,English,2003,6,Sanjay Iyer,13229839.28
1427,Secret Legacy,Adventure,English,2022,3.6,Priya Nolan,2634696.98
1428,Midnight Symphony,Action,Hindi,2024,3.9,Sanjay Chen,8287946.09
1429,Forgotten Journey,Thriller,English,2011,6,Sofia Wong,4549024.02
1430,Midnight Empire,Sci-Fi,Portuguese,2003,3.5,Sanjay Sharma,37093697.09
1431,Endless Dream,Romance,Hindi,2007,5.5,Chris Rossi,17230930.17
1432,Lost River,Comedy,Tamil,2025,7.5,Chris Watanabe,5294760.16
1433,Lost Legacy,Action,English,2000,8.2,Raj Rossi,10177198.36
1434,Eternal River,Fantasy,Korean,2010,7.6,Yuki Smith,1932906.71
1435,Hidden Storm,Crime,English,2000,6.1,Priya Iyer,2399564.75
1436,Frozen Kingdom,Drama,Telugu,2000,5.4,Sanjay Kapoor,100803625.3
1437,Shattered Symphony,Fantasy,Hindi,2020,3.5,David Lee,5044768.55
1438,Silent Kingdom,Thriller,Hindi,1986,2.2,Chris Kim,141079551.4
1439,Crimson River,Comedy,Portuguese,1980,5.4,Anjali Smith,571371550.5
1440,Last Journey,Adventure,Telugu,1998,7,David Anderson,19572310.52
1441,Endless River,Drama,Italian,1985,3.2,James Rossi,6023825.43
1442,Rising River,Animation,Spanish,2001,6,James Reddy,193415181.5
1443,Midnight Heart,Sci-Fi,English,1994,7.8,James Reddy,160206180.3
1444,Sacred Garden,Action,Spanish,1987,4.5,Aiko Reddy,15500177.95
1445,Dark Garden,Horror,Hindi,2013,8,Chris Nolan,586945803.5
1446,Endless River,Thriller,English,2017,7.5,Yuki Sharma,197639267.5
1447,Crimson Island,Horror,Spanish,2001,3.2,Arjun Nolan,171206989
1448,Midnight Symphony,Fantasy,Spanish,1983,7.7,Nina Costa,8686669.02
1449,Silent Horizon,Adventure,Portuguese,1992,9,Wei Smith,1100645.31
1450,Eternal Flame,Sci-Fi,Hindi,2015,7.3,David Reddy,19762362.75
1451,Eternal Empire,Fantasy,Portuguese,2022,2.8,Michael Smith,14033655.21
1452,Silent Heart,Sci-Fi,English,2007,3.4,Sanjay Anderson,18780344.21
1453,Distant Empire,Fantasy,English,1990,5,Sanjay Sharma,833216.57
1454,Golden Empire,Documentary,Hindi,2020,8.4,Maria Reddy,1122787.34
1455,Eternal Empire,Comedy,Hindi,2009,3.1,Nina Nolan,16317368.55
1456,Dark Journey,Documentary,Portuguese,2016,4,Luis Kumar,8076781.85
1457,Frozen Storm,Horror,Telugu,2015,4.5,David Kapoor,14452937.9
1458,Eternal Legacy,Thriller,Japanese,1986,6.1,James Chen,6868303.9
1459,Rising Echo,Horror,English,1989,5.6,Yuki Patel,12196858.2
1460,Hidden Garden,Fantasy,Spanish,2025,6.4,David Silva,10643758.96
1461,Hidden River,Drama,Tamil,2005,8.1,Hana Anderson,96716277.67
1462,Lost Truth,Documentary,English,2011,4.9,Carlos Fernandes,7502622.05
1463,Rising Shadows,Animation,English,1999,6.9,Luis Chen,300803593.1
1464,Distant Island,Thriller,Hindi,1998,5.7,Arjun Iyer,12305087
1465,Forgotten Garden,Romance,Hindi,1981,6.7,Carlos Chen,1150573.3
1466,Endless Flame,Comedy,Spanish,2014,4.4,Nina Muller,4073113.29
1467,Endless Flame,Sci-Fi,Korean,1995,8.9,Hana Garcia,5863432.7
1468,Endless City,Fantasy,Korean,2009,3.5,Michael Kim,107900017.1
1469,Broken Truth,Adventure,Spanish,1982,5,Michael Kim,2852192.75
1470,Sacred Garden,Romance,Hindi,2020,5.8,Yuki Kumar,12726040.08
1471,Burning Heart,Horror,Hindi,2004,6.4,Arjun Costa,12536841.79
1472,Frozen Kingdom,Drama,French,1995,2.8,Arjun Silva,11005325
1473,Silent Legacy,Drama,English,2019,7.9,James Muller,19732311.81
1474,Eternal Journey,Adventure,French,1985,7.5,Maria Anderson,882848.37
1475,Dark Heart,Documentary,German,2000,6.2,Chris Nolan,17077241.62
1476,Secret Island,Drama,German,2005,3.4,Aiko Muller,15086444.88
1477,Eternal Heart,Action,Portuguese,2020,3.6,Hana Smith,1529849.85
1478,Last Horizon,Comedy,Spanish,2023,9.2,James Chen,1219055.25
1479,Silent Voyage,Action,French,2022,8.8,Raj Wong,992848.45
1480,Distant Horizon,Horror,Italian,1991,8.1,Maria Nolan,2914158.55
1481,Broken Empire,Thriller,Japanese,2014,4,Luis Watanabe,19979621.55
1482,Endless Legacy,Adventure,Japanese,2007,6.4,Michael Iyer,1311179.62
1483,Endless Island,Horror,Mandarin,2025,3.8,Michael Costa,7633478.78
1484,Golden War,Documentary,Hindi,1989,7.3,Anjali Watanabe,1447267.87
1485,Sacred Flame,Fantasy,English,2023,2.5,Carlos Anderson,8256640.31
1486,Dark Storm,Crime,French,1997,8.9,Emma Watanabe,8541413.84
1487,Last Flame,Sci-Fi,French,2009,9.2,Carlos Smith,14052234.51
1488,Frozen Flame,Animation,Hindi,1983,3.6,Anjali Smith,3811832.32
1489,Shattered War,Comedy,Mandarin,1991,4.3,Sofia Garcia,1855178464
1490,Forgotten Island,Drama,Mandarin,2019,3.5,Aiko Nolan,2830596.91
1491,Lost Path,Adventure,English,1991,3.6,Hana Patel,18120401.93
1492,Broken Flame,Comedy,English,2006,4.5,Michael Costa,9378071.52
1493,Lost War,Documentary,Hindi,1996,8.4,Emma Kapoor,7101019.36
1494,Rising Garden,Sci-Fi,Spanish,1988,3,Emma Nolan,17000780.19
1495,Burning Symphony,Romance,Hindi,2004,3.5,James Watanabe,11524087.4
1496,Distant Garden,Horror,Japanese,1981,7,Maria Silva,17440900.69
1497,Frozen Symphony,Sci-Fi,English,2014,3.4,Emma Anderson,495606422.8
1498,Lost Garden,Fantasy,English,1990,5.7,Nina Watanabe,5956813.5
1499,Crimson Kingdom,Romance,Tamil,1992,6.9,Sofia Kim,48488130.33
1500,Forgotten Echo,Romance,English,2022,9,Anjali Kim,19157922.12
1501,Midnight City,Crime,Japanese,2026,6.9,Raj Kim,16344085.29
1502,Crimson Echo,Action,Portuguese,2009,6.6,Hana Sharma,17975402.98
1503,Shattered Storm,Crime,Hindi,1983,3.2,Maria Nolan,3385369.88
1504,Secret Empire,Thriller,Mandarin,2017,4.6,Luis Kim,16144298.24
1505,Eternal Horizon,Animation,English,1990,6.8,Maria Wong,3705142.37
1506,Crimson Legacy,Drama,Hindi,1981,7,Emma Lee,51132879.96
1507,Frozen Storm,Crime,Hindi,1983,7.2,David Iyer,74083484.16
1508,Broken City,Adventure,Japanese,1985,8.9,Aiko Iyer,11124832.15
1509,Midnight Empire,Documentary,Portuguese,2018,7.9,Luis Sharma,12356724.74
1510,Silent Journey,Adventure,English,2025,5,Anjali Watanabe,1196961.08
1511,Crimson Island,Sci-Fi,English,2003,4.5,David Kapoor,17402878.59
1512,Endless Legacy,Thriller,Italian,1980,5.3,Priya Costa,71586011.42
1513,Silent Path,Fantasy,Hindi,2007,7,Luis Patel,6606382.98
1514,Crimson Island,Adventure,Telugu,2009,2.4,Yuki Rossi,1844119.94
1515,Secret Echo,Horror,English,2015,2.5,Hana Smith,1776710259
1516,Lost Journey,Horror,French,1994,3.2,Arjun Rossi,16241187.13
1517,Broken River,Horror,Korean,1997,6.9,Wei Kumar,7502376.68
1518,Crimson Path,Drama,Telugu,2010,9,Michael Rossi,29197097.73
1519,Burning Empire,Comedy,Hindi,1983,7.8,Michael Rossi,399504.86
1520,Silent Voyage,Fantasy,Japanese,2003,2.2,Wei Chen,19228128.93
1521,Wild War,Adventure,Telugu,1998,2.2,Yuki Nolan,14258002.26
1522,Broken Truth,Thriller,Telugu,2016,7.2,Hana Reddy,19073486.1
1523,Frozen Dream,Action,Hindi,1983,4.3,Aiko Anderson,19663459.67
1524,Silent Horizon,Sci-Fi,English,2017,2.4,Aiko Fernandes,10309958.18
1525,Shattered Dream,Drama,Telugu,1985,2.2,David Reddy,4350220.26
1526,Silent Legacy,Crime,Tamil,2011,9.1,Yuki Lee,6478685.43
1527,Golden Voyage,Crime,English,2013,7.8,Hana Kim,19834028.73
1528,Frozen Voyage,Sci-Fi,Korean,2024,3.3,Priya Silva,10031742.89
1529,Crimson Symphony,Action,Mandarin,1981,5.4,Hana Reddy,7089577.54
1530,Secret Kingdom,Sci-Fi,Telugu,1985,5.4,Yuki Smith,18797000.81
1531,Frozen Legacy,Adventure,English,2001,5.4,Aiko Kumar,5869730.18
1532,Crimson Voyage,Documentary,French,1997,4.4,Maria Patel,10572180.05
1533,Forgotten Shadows,Drama,Spanish,1983,3.4,Sofia Rossi,5951174.01
1534,Burning Symphony,Fantasy,English,1995,4.8,Anjali Chen,4282863.74
1535,Dark Journey,Documentary,Telugu,2003,6.5,Raj Garcia,4851110.7
1536,Crimson Voyage,Horror,English,1999,3.7,Carlos Patel,11827727.64
1537,Sacred Garden,Documentary,Spanish,2025,2.5,Wei Costa,16064757.11
1538,Hidden Journey,Comedy,French,1981,7.1,James Costa,10383935.74
1539,Forgotten Path,Drama,Tamil,1991,9.4,Yuki Muller,12601089.45
1540,Midnight Journey,Horror,German,2018,8.9,David Kim,8503331.88
1541,Burning Empire,Documentary,English,2000,9.2,Anjali Muller,3909268.36
1542,Midnight Island,Drama,Japanese,1994,5,Maria Kapoor,18385029.17
1543,Frozen Empire,Horror,Hindi,1994,8.5,Raj Lee,9728321.73
1544,Midnight Storm,Animation,Portuguese,1997,4.9,Wei Nolan,7292184.79
1545,Silent Horizon,Horror,Hindi,1985,2,Luis Garcia,14062480.67
1546,Distant Voyage,Fantasy,English,1996,2.7,Arjun Smith,13407808.74
1547,Shattered Flame,Sci-Fi,English,2005,6.5,Wei Lee,3061912.23
1548,Frozen Voyage,Animation,English,2016,8,Emma Kapoor,719102.16
1549,Crimson Storm,Romance,Tamil,2025,7.7,Chris Nolan,769236.43
1550,Dark Path,Action,Tamil,2001,7.8,Wei Fernandes,10845033.34
1551,Hidden Storm,Sci-Fi,French,1991,8.9,Sanjay Rossi,15455015.78
1552,Silent Legacy,Drama,French,2006,4.8,Arjun Kapoor,439163.74
1553,Burning Heart,Romance,Hindi,2020,3,Wei Wong,16175160.75
1554,Hidden Flame,Animation,Italian,2006,9,Wei Muller,10760216.98
1555,Last Horizon,Crime,English,1994,3,Sanjay Fernandes,6089617.78
1556,Broken Horizon,Drama,English,2022,7.9,Yuki Garcia,7025725.09
1557,Forgotten War,Action,Japanese,2005,8.7,Hana Smith,13684470.94
1558,Hidden Voyage,Documentary,Spanish,1985,2.7,Aiko Silva,18980044.8
1559,Sacred Symphony,Animation,German,2013,3.4,Elena Muller,18223072.56
1560,Sacred Flame,Comedy,English,1989,2.6,James Nolan,19102158.75
1561,Rising Kingdom,Action,English,2009,9.2,Sofia Kapoor,14829862.48
1562,Sacred Journey,Adventure,English,2010,5.3,James Reddy,12342484.11
1563,Burning Echo,Drama,Korean,1987,8.3,Anjali Sharma,9920107.55
1564,Shattered Island,Crime,English,1996,2.2,Michael Patel,6079605
1565,Shattered Garden,Drama,French,1989,3.7,Anjali Nolan,13898639.04
1566,Rising Storm,Drama,Telugu,2020,3.7,Michael Reddy,13247848.49
1567,Forgotten Dream,Sci-Fi,Spanish,2022,3.7,Arjun Garcia,17133182.86
1568,Endless Heart,Thriller,Tamil,2007,6.4,Emma Fernandes,441920.17
1569,Sacred City,Crime,Spanish,1998,4.5,Arjun Kumar,1279220.45
1570,Midnight Echo,Fantasy,Mandarin,2006,4.8,Aiko Fernandes,19170361.94
1571,Last Horizon,Animation,English,2014,2.4,Emma Lee,34358419.28
1572,Rising Horizon,Thriller,Japanese,2021,7,Raj Kim,66693373.24
1573,Frozen Storm,Thriller,Hindi,1999,5,Chris Costa,10187307.09
1574,Golden Storm,Romance,Hindi,2001,3.3,James Lee,79034474.17
1575,Shattered Legacy,Horror,French,1997,3.9,James Nolan,104882361.3
1576,Distant City,Romance,Portuguese,2009,6.4,Carlos Garcia,11917855.97
1577,Lost Flame,Animation,Portuguese,2010,4.5,Anjali Patel,278980.21
1578,Hidden Truth,Sci-Fi,Mandarin,2013,5.9,Michael Kapoor,128948623.9
1579,Silent Horizon,Drama,Japanese,1982,4.6,Michael Silva,3172127.7
1580,Silent Empire,Fantasy,Hindi,1986,3,Michael Reddy,19630736.84
1581,Rising Flame,Horror,Portuguese,2026,4.3,James Anderson,15298730
1582,Silent Garden,Drama,English,2014,4.1,Anjali Rossi,10493334.92
1583,Midnight Shadows,Romance,French,1996,4.8,Anjali Fernandes,3822796.21
1584,Golden Empire,Comedy,Spanish,2016,2.9,Maria Kapoor,17965561.63
1585,Frozen Path,Adventure,Japanese,2005,2.1,James Kapoor,6642560.32
1586,Sacred Empire,Sci-Fi,Hindi,2026,2.6,Anjali Rossi,14194488.95
1587,Last Empire,Adventure,Mandarin,1985,2.6,Aiko Watanabe,174673352
1588,Sacred Kingdom,Documentary,English,2009,6,Priya Iyer,7985757.94
1589,Endless Storm,Sci-Fi,Spanish,2010,2.3,Carlos Silva,11906003.92
1590,Dark Symphony,Drama,Portuguese,2016,3.4,Priya Garcia,18932378.87
1591,Sacred Echo,Crime,English,1982,6.6,Sanjay Kim,8054992.87
1592,Golden Legacy,Crime,Tamil,1980,2.4,Aiko Nolan,173962686.7
1593,Distant Horizon,Romance,Hindi,2004,3.9,Sofia Chen,89538147.24
1594,Endless Truth,Action,English,1997,7.2,Sanjay Patel,124779554.2
1595,Broken Voyage,Action,English,2024,9.2,Raj Sharma,19643452.17
1596,Golden Horizon,Animation,Spanish,1994,7.6,Michael Wong,4001243.08
1597,Silent Echo,Romance,French,2002,4.1,Michael Chen,15533758.26
1598,Golden Truth,Thriller,Mandarin,2018,9.1,Luis Iyer,16593603.4
1599,Burning Island,Sci-Fi,English,2005,6.8,Arjun Watanabe,17382962.75
1600,Broken Flame,Horror,Telugu,1985,9.3,Aiko Wong,18672239.95
1601,Wild War,Drama,Tamil,2009,5.5,Sanjay Fernandes,7706503.63
1602,Secret Echo,Drama,Telugu,1999,9.5,Nina Rossi,5760954.63
1603,Lost Kingdom,Sci-Fi,Spanish,1994,2.9,Yuki Nolan,6262572.96
1604,Rising Journey,Action,Mandarin,2018,8.9,Sanjay Costa,11663831.09
1605,Endless Journey,Thriller,Hindi,2019,6.6,Michael Smith,3877201.93
1606,Eternal River,Sci-Fi,Japanese,1980,8.5,Anjali Sharma,912003762
1607,Silent Heart,Thriller,English,1987,8.5,Elena Costa,5233872.62
1608,Silent Journey,Crime,Tamil,2012,7.5,Michael Reddy,15250014.56
1609,Rising Voyage,Fantasy,Japanese,1986,5.8,Carlos Chen,8399249.36
1610,Golden Heart,Documentary,Hindi,2000,7.8,Emma Muller,5949128.41
1611,Hidden War,Drama,Hindi,2022,8.8,Michael Garcia,1866149.44
1612,Shattered Storm,Drama,English,2008,4.8,Yuki Smith,10757654.32
1613,Hidden River,Thriller,English,1983,7.4,David Nolan,974954.87
1614,Silent Island,Horror,Hindi,2011,5.6,James Lee,14023925.65
1615,Sacred Voyage,Thriller,Spanish,2007,7.3,David Lee,19862300.91
1616,Distant Dream,Sci-Fi,English,2019,3.6,Maria Anderson,6695115.35
1617,Secret Dream,Thriller,Korean,2014,9.5,Maria Patel,10654709.84
1618,Sacred Empire,Comedy,German,2026,7.2,Luis Reddy,13186235.48
1619,Crimson City,Documentary,Mandarin,2006,5.1,Hana Kim,2056802.06
1620,Rising Voyage,Drama,English,1993,8.6,Emma Fernandes,107894885.7
1621,Sacred City,Crime,English,2010,5.7,Arjun Garcia,7674592.1
1622,Burning Voyage,Romance,Portuguese,1986,3.7,Nina Sharma,17473117.41
1623,Eternal Path,Romance,English,1984,7.1,Nina Anderson,711669012.7
1624,Burning Echo,Action,Hindi,1981,2.6,Arjun Patel,2593232.58
1625,Sacred Storm,Horror,English,2026,8.7,Nina Nolan,84020429.64
1626,Rising Shadows,Documentary,Spanish,2026,9.1,Hana Lee,17423538.93
1627,Dark Garden,Documentary,French,2001,5.7,Hana Anderson,107542724.2
1628,Frozen Kingdom,Thriller,English,2012,5.1,Raj Wong,19767001.64
1629,Lost Legacy,Documentary,Spanish,1999,6,Maria Patel,410804.27
1630,Sacred Journey,Horror,Hindi,2001,7,Emma Lee,5385051.34
1631,Wild Garden,Thriller,Portuguese,1985,9.1,Emma Nolan,8349781.85
1632,Burning Island,Crime,English,1995,7.1,Hana Wong,65935725.01
1633,Wild City,Action,Hindi,2007,8.6,Aiko Lee,11261469.65
1634,Hidden River,Adventure,English,2006,8.1,Luis Garcia,525891.25
1635,Shattered Path,Documentary,Hindi,2002,8.7,Nina Lee,1904184.98
1636,Broken Horizon,Fantasy,English,2022,4.4,Luis Anderson,2189289.1
1637,Hidden Truth,Documentary,English,2008,5.1,Arjun Lee,6359242.57
1638,Dark Legacy,Fantasy,Spanish,1988,7.4,Chris Iyer,14590455.88
1639,Shattered Shadows,Sci-Fi,Hindi,1987,6,Raj Kapoor,11306588.82
1640,Silent Empire,Fantasy,Tamil,2010,4.7,Luis Anderson,17969554.13
1641,Broken Voyage,Sci-Fi,Hindi,2011,6.1,Anjali Reddy,4324450.79
1642,Endless Symphony,Documentary,German,2007,8.6,Nina Lee,5621029.99
1643,Eternal Island,Adventure,French,1996,5.2,Sofia Reddy,3348246.81
1644,Secret Shadows,Fantasy,Spanish,1983,3,Elena Costa,18451128.01
1645,Frozen Kingdom,Horror,Hindi,1990,7.1,Sanjay Chen,17118894.57
1646,Broken Journey,Romance,English,1986,2.7,Aiko Reddy,6739891.48
1647,Rising Legacy,Action,Tamil,1981,8.5,Elena Wong,18917158.09
1648,Sacred Flame,Animation,English,2005,6.2,Priya Iyer,9763520.59
1649,Eternal Truth,Animation,Telugu,1983,2.1,Hana Iyer,8109569.75
1650,Wild Dream,Sci-Fi,Hindi,1992,2.7,Emma Kumar,15732361.25
1651,Endless Dream,Adventure,English,1983,7.8,David Anderson,8075835.84
1652,Midnight Garden,Thriller,English,2026,4.1,Anjali Kumar,1607643.47
1653,Lost River,Sci-Fi,English,2016,8.1,Carlos Fernandes,113777620.9
1654,Crimson Storm,Fantasy,Hindi,2025,7.8,Emma Iyer,10845544.58
1655,Silent Garden,Documentary,Tamil,1987,8.8,Sofia Kim,9268952.06
1656,Hidden Heart,Documentary,English,1992,5.3,Wei Kumar,744346559.4
1657,Burning Kingdom,Crime,Spanish,1988,4.8,Priya Rossi,8630104.22
1658,Dark Horizon,Horror,Japanese,2018,4.3,Anjali Silva,19318163.9
1659,Eternal Legacy,Crime,Hindi,1995,3.3,Aiko Lee,1197057448
1660,Hidden Flame,Fantasy,English,2013,8,Raj Nolan,25808625.7
1661,Shattered Kingdom,Horror,German,2007,4.4,Hana Patel,18023760.87
1662,Shattered Island,Animation,Hindi,1980,4.7,Sanjay Rossi,7117071.67
1663,Midnight City,Crime,Korean,1989,6.8,Yuki Rossi,1761528.89
1664,Dark Empire,Crime,English,2000,6,Wei Sharma,2106961377
1665,Lost Island,Thriller,Tamil,1984,3.3,Elena Chen,14724823.76
1666,Wild Garden,Action,Portuguese,1997,3.4,Emma Kapoor,4969715.64
1667,Sacred Heart,Thriller,German,2008,6.4,Chris Reddy,5629640.41
1668,Silent Flame,Adventure,Hindi,1993,4.5,Hana Kim,925724.48
1669,Endless River,Fantasy,Hindi,2007,7.7,Anjali Sharma,2312202.48
1670,Shattered Voyage,Sci-Fi,Japanese,1985,2.5,Maria Sharma,2639233.15
1671,Sacred Horizon,Animation,Hindi,2000,3.8,Anjali Lee,19925693.22
1672,Sacred Truth,Fantasy,English,1991,5.6,Arjun Fernandes,5970453.43
1673,Lost War,Drama,English,1994,4.9,Arjun Watanabe,6340031.35
1674,Eternal Island,Action,English,2014,8.4,Sanjay Rossi,10971713.15
1675,Sacred City,Thriller,German,1993,8.2,Nina Sharma,15119273.33
1676,Frozen Horizon,Crime,Italian,2008,2.1,Luis Rossi,2882964.23
1677,Wild Garden,Horror,Telugu,1998,9.2,Priya Lee,13157788.55
1678,Distant Truth,Fantasy,French,1984,3.9,Carlos Kapoor,13740784.19
1679,Midnight Dream,Horror,Hindi,1992,3.2,Michael Wong,149118527.5
1680,Last Voyage,Sci-Fi,Japanese,2001,9.3,Hana Garcia,12475123.45
1681,Forgotten Storm,Horror,French,2022,2.9,Chris Watanabe,13993371.34
1682,Lost Storm,Sci-Fi,Telugu,2003,4.5,Carlos Costa,18096453.83
1683,Burning Kingdom,Horror,Hindi,1986,2.8,Maria Wong,749986.03
1684,Midnight Voyage,Thriller,English,1981,7.9,Yuki Garcia,15322786.53
1685,Crimson River,Fantasy,Spanish,2003,6.1,Nina Reddy,6382011.29
1686,Wild Empire,Thriller,English,2019,2.1,Hana Chen,164368571.4
1687,Hidden Legacy,Romance,Mandarin,2001,7.6,Michael Costa,9241190.84
1688,Eternal Horizon,Thriller,Hindi,2000,4,Yuki Smith,14665815.08
1689,Silent Path,Sci-Fi,English,1991,5.1,Hana Muller,14317066.86
1690,Midnight Symphony,Sci-Fi,French,1991,7.1,Yuki Patel,1034125.89
1691,Wild Voyage,Sci-Fi,English,1984,4.6,Wei Watanabe,6515876.2
1692,Rising Kingdom,Horror,English,1981,6.7,Anjali Kumar,1535349.68
1693,Silent Flame,Animation,English,1994,5.8,Michael Chen,2993414.74
1694,Lost Path,Animation,English,1983,2.3,Elena Rossi,4339783.2
1695,Secret Island,Horror,Hindi,2012,2,Aiko Fernandes,14998138.41
1696,Distant Journey,Comedy,Spanish,1998,5,Anjali Lee,19874621.38
1697,Crimson Path,Drama,Spanish,2015,7.6,James Iyer,12805418.59
1698,Wild Flame,Crime,Hindi,1992,2.4,Anjali Sharma,3782059.23
1699,Dark Journey,Sci-Fi,Japanese,2002,3.1,Maria Iyer,138442404.1
1700,Silent City,Horror,Spanish,2021,3.8,Wei Anderson,13191747.8
1701,Burning Journey,Sci-Fi,English,1982,9.4,Hana Kapoor,3568102.39
1702,Frozen Symphony,Romance,English,1989,9.2,Anjali Silva,199870845
1703,Hidden Legacy,Fantasy,Mandarin,1989,4.6,Anjali Muller,18660820.55
1704,Broken Empire,Fantasy,Hindi,2002,5.4,Priya Costa,12696604.03
1705,Golden Garden,Romance,Spanish,2000,9.2,Sofia Anderson,5283556.93
1706,Distant Symphony,Thriller,Hindi,2014,3.3,Yuki Anderson,93696726.81
1707,Distant River,Animation,Hindi,1988,3.3,Yuki Wong,4990860.69
1708,Hidden Garden,Thriller,Hindi,2002,8.7,Hana Kumar,17091527.27
1709,Midnight Shadows,Horror,Hindi,2024,4.2,Sofia Sharma,10301943.84
1710,Shattered Horizon,Documentary,English,2007,7.4,Emma Costa,2853075.97
1711,Burning Echo,Documentary,English,1981,7,Wei Costa,10589827.45
1712,Shattered Echo,Adventure,Hindi,2013,2.2,Raj Smith,474380026.7
1713,Rising Voyage,Romance,Italian,1996,5,Carlos Kumar,675657047
1714,Golden Legacy,Sci-Fi,English,2009,5.3,Wei Lee,15167037.69
1715,Crimson Kingdom,Romance,Hindi,1994,8.5,Hana Iyer,137903.2
1716,Forgotten Dream,Thriller,Spanish,1990,4.6,Wei Kim,891515.76
1717,Hidden Garden,Documentary,English,2001,9.4,Sanjay Muller,186481666.2
1718,Eternal Path,Documentary,Portuguese,2001,4.7,David Lee,4676575.86
1719,Silent River,Crime,Tamil,2026,7.6,Priya Anderson,185522669.3
1720,Midnight River,Fantasy,Mandarin,1985,7.1,Yuki Reddy,9592758.04
1721,Wild Kingdom,Comedy,Hindi,2024,8.1,Aiko Lee,772714.47
1722,Sacred Heart,Romance,English,2011,7.2,Chris Wong,81293784.33
1723,Hidden Empire,Horror,English,2005,7.5,Arjun Sharma,6966089.92
1724,Secret Dream,Adventure,Japanese,2010,7.7,Elena Reddy,94408858.84
1725,Burning Journey,Horror,English,2000,5.8,Emma Costa,1663250.68
1726,Frozen Garden,Crime,Japanese,2014,5.6,David Lee,19441729.07
1727,Burning Island,Animation,Korean,2017,6.1,David Anderson,11661120.19
1728,Burning War,Thriller,French,2012,2.6,Nina Wong,6177345.35
1729,Endless River,Documentary,French,2006,4.4,Elena Costa,2158336.7
1730,Silent Shadows,Drama,Spanish,1997,3.5,Maria Fernandes,13463886.05
1731,Midnight River,Horror,Korean,2025,9.1,Luis Garcia,974956.29
1732,Dark Truth,Comedy,French,1991,6.2,Arjun Rossi,2471360.68
1733,Rising Empire,Animation,Hindi,2020,7.7,Priya Muller,13105372.22
1734,Sacred Garden,Documentary,Tamil,2015,6,David Muller,12880235.55
1735,Midnight Horizon,Comedy,English,2023,7.8,Wei Kapoor,16208987.97
1736,Eternal Truth,Animation,Tamil,1996,8.3,Nina Watanabe,100102779.2
1737,Distant Island,Sci-Fi,Spanish,1998,4,Luis Nolan,16029479.38
1738,Crimson War,Documentary,Hindi,2017,2.1,Arjun Smith,17641891.89
1739,Last Heart,Crime,English,2024,6.6,Maria Sharma,3937708.4
1740,Sacred Garden,Romance,Mandarin,2008,7,Arjun Garcia,7043615.57
1741,Burning Echo,Sci-Fi,Hindi,2024,7.9,Aiko Sharma,6644497.09
1742,Shattered Kingdom,Thriller,Spanish,2000,7.6,Elena Watanabe,18302935.88
1743,Broken Voyage,Fantasy,Spanish,2019,2.2,Anjali Rossi,1283772158
1744,Lost Journey,Romance,Hindi,1993,4.9,Sofia Watanabe,14632833.94
1745,Shattered Symphony,Drama,English,2020,8.6,Arjun Silva,7168575.31
1746,Burning Garden,Sci-Fi,French,1984,9.2,Raj Chen,1736310.56
1747,Secret Symphony,Horror,Tamil,2011,6.7,David Anderson,64427294.36
1748,Silent Horizon,Crime,Korean,2025,7.1,Sanjay Sharma,19009100.38
1749,Midnight Horizon,Horror,Korean,2000,2.3,Arjun Rossi,7663803.1
1750,Forgotten Shadows,Documentary,English,2019,3,Luis Garcia,3799276.73
1751,Broken Journey,Animation,Korean,2023,9.1,Elena Nolan,3137435.92
1752,Lost Empire,Sci-Fi,English,1983,3.2,Anjali Lee,16790634.64
1753,Eternal City,Horror,Hindi,2001,8,Wei Lee,18388733.12
1754,Endless City,Comedy,Hindi,2004,6.9,Raj Lee,16931497.24
1755,Wild Heart,Romance,English,2005,9.3,David Costa,3041060.35
1756,Forgotten Voyage,Fantasy,French,1988,5.8,Michael Rossi,4831095.69
1757,Last Island,Animation,English,2020,3.8,Michael Wong,12502800.69
1758,Endless Empire,Documentary,Telugu,2023,7.1,Luis Nolan,8998203.92
1759,Wild River,Adventure,English,1988,2.4,Nina Lee,6869002.86
1760,Midnight Dream,Documentary,English,1987,9.4,Emma Chen,7171313.51
1761,Eternal Island,Thriller,English,2013,4.9,Anjali Kapoor,17996481.68
1762,Burning Voyage,Horror,Hindi,1999,4.3,Emma Kumar,135828543.2
1763,Frozen War,Sci-Fi,Tamil,1986,4.1,Sofia Silva,1713901.48
1764,Last Legacy,Adventure,Korean,2001,3.3,Aiko Smith,16053470.96
1765,Distant War,Sci-Fi,Spanish,2000,8.2,Nina Kim,10990762.48
1766,Forgotten Shadows,Action,Japanese,1993,8.2,Sofia Kapoor,15723509.04
1767,Wild Dream,Thriller,Italian,1991,6.3,Wei Garcia,10539053.26
1768,Secret River,Adventure,Japanese,2022,8.6,Nina Lee,10025637.33
1769,Lost Path,Comedy,Mandarin,1982,9.2,Elena Chen,702467.86
1770,Sacred Journey,Adventure,Hindi,2012,6.3,Aiko Reddy,11223593.71
1771,Forgotten River,Horror,Hindi,2020,7.4,Elena Rossi,9224962.38
1772,Secret Dream,Action,English,1982,3.8,Wei Lee,2443512.59
1773,Shattered Flame,Drama,Hindi,1994,8.9,Hana Patel,80425547.74
1774,Distant Voyage,Animation,French,1982,3,Luis Silva,85942218.73
1775,Burning Legacy,Animation,French,2013,4.3,Nina Kumar,7121377.62
1776,Distant War,Animation,English,2014,3.2,Elena Kapoor,113345274.4
1777,Shattered Garden,Crime,Korean,2004,5.9,Sofia Sharma,87926775.54
1778,Broken Kingdom,Fantasy,Japanese,1993,4.1,Sofia Smith,4494918.8
1779,Hidden Symphony,Thriller,English,2025,6,Anjali Sharma,4104775.03
1780,Rising Island,Documentary,Portuguese,1981,2.3,Maria Kapoor,11320312.52
1781,Wild Empire,Adventure,Portuguese,2007,6.8,Arjun Sharma,2226198.65
1782,Frozen Journey,Fantasy,Hindi,1999,4.4,Carlos Silva,19807751.47
1783,Wild Garden,Sci-Fi,English,2015,5.1,Nina Sharma,16866492.55
1784,Secret Flame,Sci-Fi,German,1999,6.8,Maria Fernandes,116201984.4
1785,Dark War,Thriller,Japanese,2025,7.8,Chris Watanabe,112222.66
1786,Wild Journey,Thriller,Italian,1990,5.9,Aiko Reddy,15363370.6
1787,Forgotten City,Comedy,German,2010,2.1,Michael Smith,11757875.55
1788,Midnight Legacy,Fantasy,Korean,1981,4.3,Arjun Nolan,85962979.07
1789,Broken Kingdom,Sci-Fi,Italian,2000,8.7,Maria Watanabe,10025337.37
1790,Secret War,Action,Tamil,1995,3,Chris Garcia,7785766.6
1791,Forgotten Island,Animation,English,2003,4.9,Luis Rossi,9978265.99
1792,Wild Echo,Drama,Korean,2011,3,Aiko Lee,18618822.73
1793,Midnight Empire,Action,Spanish,1991,3.7,Michael Muller,510417.88
1794,Hidden Dream,Horror,Tamil,2017,7.2,Chris Anderson,6350142.37
1795,Wild Empire,Documentary,Spanish,1998,2.8,Raj Costa,1826720.81
1796,Silent Dream,Comedy,Portuguese,1987,2.9,Nina Reddy,91337095.14
1797,Crimson Truth,Animation,Spanish,2012,2.6,James Patel,1402821.09
1798,Shattered River,Adventure,English,2015,5.4,Hana Kapoor,8834227.67
1799,Shattered Path,Fantasy,English,1988,9.4,David Anderson,852844616
1800,Crimson Horizon,Drama,English,2010,9.3,Hana Watanabe,3913788.26
1801,Forgotten Journey,Action,French,1990,4.1,David Reddy,1563801.71
1802,Secret Kingdom,Fantasy,German,2026,7.4,Priya Iyer,14447393.47
1803,Shattered Flame,Crime,Japanese,2007,7.9,Aiko Kim,7464103.24
1804,Endless Legacy,Sci-Fi,Japanese,2017,7.3,Raj Kumar,28887579.62
1805,Eternal Flame,Fantasy,Korean,2023,4.2,Nina Fernandes,7249791.64
1806,Rising Journey,Drama,Japanese,2005,7.7,Raj Smith,12566577.44
1807,Broken Dream,Animation,Spanish,2025,6.2,James Iyer,100638969.5
1808,Sacred Voyage,Comedy,Spanish,2003,8.9,Arjun Chen,16427631.77
1809,Endless Path,Sci-Fi,English,2006,4.3,Chris Lee,10248393.31
1810,Secret City,Drama,Telugu,1984,7,Sofia Anderson,15224006.66
1811,Golden Shadows,Crime,English,1993,8,Arjun Rossi,18790685
1812,Secret Garden,Drama,Hindi,2003,3.7,Anjali Rossi,17380613.28
1813,Hidden Symphony,Action,Italian,1992,7.7,Maria Kim,9314261.18
1814,Frozen Storm,Comedy,Hindi,2017,3.5,Michael Nolan,4234891.4
1815,Frozen Symphony,Romance,English,2025,3.7,Sofia Kapoor,55318451.46
1816,Endless Voyage,Action,Japanese,2014,6.3,Chris Muller,12117788.12
1817,Lost Path,Sci-Fi,Hindi,1998,5.7,Hana Watanabe,1929921457
1818,Endless War,Action,Hindi,2026,3.2,Sofia Reddy,49618498.84
1819,Endless Legacy,Thriller,English,1992,7.9,Aiko Patel,12743044.12
1820,Midnight Shadows,Fantasy,Portuguese,2019,5.5,Sofia Nolan,13386936.58
1821,Dark Shadows,Sci-Fi,Hindi,1998,2.7,Sofia Iyer,4493630.94
1822,Frozen Path,Thriller,English,2022,8.2,Anjali Garcia,12646185.97
1823,Rising Dream,Comedy,English,1997,6.8,Wei Lee,16928740.64
1824,Silent Storm,Action,French,2022,9.4,Wei Costa,1603402536
1825,Wild Journey,Fantasy,Japanese,2009,9.3,Chris Chen,9766935.92
1826,Sacred Echo,Thriller,Mandarin,2020,2.4,Anjali Fernandes,7616581.44
1827,Distant Heart,Horror,Telugu,2003,9.4,Wei Kumar,18626114.76
1828,Rising Shadows,Thriller,Hindi,1988,8.1,Sofia Chen,17905722.4
1829,Distant River,Adventure,Korean,1989,9.5,Yuki Sharma,12958870.81
1830,Burning Legacy,Animation,Tamil,1984,5.1,Chris Wong,5956741.69
1831,Distant Garden,Comedy,Mandarin,2005,3.7,David Sharma,70131301.83
1832,Frozen Echo,Thriller,Italian,2008,5.8,Maria Chen,5069693.78
1833,Lost Path,Adventure,Portuguese,1985,6.1,Michael Kim,2230450739
1834,Crimson Dream,Thriller,French,2005,9.3,Hana Nolan,12092319.87
1835,Dark Flame,Crime,Hindi,2019,6.2,James Smith,8305801.75
1836,Sacred Journey,Horror,English,1993,2.2,Elena Chen,19087297.54
1837,Broken River,Animation,English,2025,7,Carlos Lee,14373368.64
1838,Crimson Island,Sci-Fi,Korean,2020,2.9,Carlos Rossi,81689748.67
1839,Midnight Legacy,Adventure,Korean,1983,9.5,James Kumar,169831189
1840,Broken War,Animation,Tamil,1992,6.4,Priya Chen,6703046.92
1841,Forgotten Horizon,Drama,English,1991,5.7,Hana Nolan,18073204.2
1842,Endless Echo,Action,Telugu,2007,8,Arjun Costa,13491267.35
1843,Golden Garden,Animation,English,1993,7.7,Wei Reddy,3082699.17
1844,Lost Path,Documentary,English,1984,8,Raj Rossi,9278170.12
1845,Wild Storm,Sci-Fi,Japanese,2015,2.9,Raj Costa,2658317.61
1846,Lost Truth,Horror,Hindi,1989,9.3,Emma Kumar,4398161.89
1847,Forgotten Horizon,Thriller,German,2007,4.8,Hana Chen,10899007.76
1848,Rising Island,Romance,German,1980,3.8,Luis Rossi,2438566.77
1849,Midnight Journey,Drama,Tamil,2022,6.8,Priya Costa,11929473.07
1850,Endless Empire,Action,Mandarin,2017,9.2,Yuki Watanabe,11887601.98
1851,Sacred River,Crime,Hindi,1984,5.8,Chris Nolan,51871122.02
1852,Frozen Island,Horror,Mandarin,2009,7.8,Carlos Kapoor,2757180.26
1853,Distant River,Horror,Italian,1987,4.7,Nina Kapoor,5782537.74
1854,Forgotten Voyage,Fantasy,Korean,2009,2.3,Yuki Muller,15736696.99
1855,Sacred Journey,Documentary,Hindi,2006,5.7,Raj Patel,17904391.07
1856,Eternal Heart,Crime,English,2015,6.1,David Silva,8987996.66
1857,Golden Shadows,Romance,Hindi,1993,4.1,Elena Watanabe,4514388.1
1858,Endless Horizon,Fantasy,English,1981,6.6,Arjun Anderson,8772386.43
1859,Forgotten Dream,Animation,German,2016,8.2,Hana Lee,18424052.5
1860,Frozen Shadows,Documentary,Hindi,1986,5.9,Nina Silva,4693242.14
1861,Frozen Storm,Action,English,1980,2.1,Sanjay Kumar,1689975520
1862,Silent Garden,Romance,Spanish,1991,7.1,James Patel,159085712.7
1863,Hidden Heart,Horror,Hindi,1989,4.5,Raj Nolan,3046145.79
1864,Broken Heart,Fantasy,English,2004,4.2,Chris Costa,144234107.4
1865,Golden Legacy,Adventure,English,2012,8.5,Nina Anderson,18518823.84
1866,Crimson Legacy,Action,Italian,1991,2.6,Luis Anderson,10460645.49
1867,Wild Shadows,Horror,Hindi,1984,9.2,Chris Kumar,18265422.77
1868,Frozen Storm,Fantasy,French,1997,3.7,Arjun Garcia,2317172.95
1869,Secret Empire,Fantasy,English,2026,4,Nina Kim,7852437.51
1870,Shattered Path,Romance,English,2014,6.4,David Iyer,1429833.72
1871,Broken Path,Drama,German,2017,4.4,David Fernandes,16071733.19
1872,Endless City,Animation,Korean,1992,9,Sanjay Fernandes,25063808.48
1873,Rising Echo,Sci-Fi,English,1999,8,David Sharma,19314198.58
1874,Distant Island,Comedy,Hindi,2005,9.3,Luis Muller,19999336.14
1875,Burning Truth,Romance,Spanish,1995,4.7,Aiko Costa,16553247.6
1876,Dark Symphony,Fantasy,English,1992,7,Raj Lee,17082066.9
1877,Hidden Horizon,Romance,Telugu,1996,2.6,David Smith,4602311.38
1878,Golden Garden,Sci-Fi,Hindi,2023,3.1,Hana Garcia,5997872.32
1879,Distant Empire,Documentary,Korean,2009,4,James Lee,4669935.3
1880,Endless Kingdom,Horror,Spanish,2001,8.8,Sanjay Kapoor,12763108.84
1881,Secret Echo,Thriller,Hindi,1982,7.8,Michael Lee,4240948.5
1882,Shattered Echo,Drama,Hindi,2023,6.3,Elena Kumar,6284372.8
1883,Burning Heart,Adventure,Hindi,2014,8.3,Emma Anderson,11623413.02
1884,Rising Flame,Comedy,Tamil,1992,9.4,James Anderson,10636099.83
1885,Sacred Journey,Romance,Portuguese,1982,4.9,Carlos Lee,6810451.4
1886,Midnight Truth,Romance,French,2000,8.6,Yuki Nolan,14360756.77
1887,Shattered Flame,Sci-Fi,Tamil,2011,7.3,Carlos Watanabe,19930301.71
1888,Eternal Storm,Drama,Hindi,2003,6.9,Luis Wong,118785505.6
1889,Hidden Echo,Thriller,German,2018,2.7,David Anderson,2708648532
1890,Rising Flame,Horror,English,2013,2.2,Luis Kim,2378198.18
1891,Sacred Symphony,Adventure,English,1991,8.1,Elena Kumar,9008353.8
1892,Wild River,Thriller,English,1997,9.2,Michael Anderson,13510193.36
1893,Midnight Dream,Adventure,English,1984,6.4,Sanjay Wong,5312418.48
1894,Eternal Path,Romance,Portuguese,2008,4.1,James Smith,136167692.7
1895,Frozen River,Fantasy,Korean,2001,2.7,Wei Rossi,13738863.92
1896,Midnight Journey,Action,English,1994,7.6,Hana Nolan,9816582.89
1897,Distant Flame,Animation,Spanish,1995,6.8,Yuki Nolan,18254618.7
1898,Golden Symphony,Documentary,Korean,1988,6.1,Sofia Chen,6903911.76
1899,Shattered City,Crime,English,2013,4.8,Sofia Garcia,16208887.34
1900,Silent Garden,Horror,Telugu,2009,5.4,Anjali Wong,7404093.42
1901,Eternal Horizon,Thriller,Spanish,2012,3.1,Maria Kim,183528677.2
1902,Forgotten War,Documentary,Hindi,2007,2.3,Sofia Iyer,14255918.51
1903,Last Storm,Horror,English,2011,7.9,Yuki Wong,10128385.63
1904,Broken Garden,Documentary,English,1991,5.6,Yuki Fernandes,10303853.32
1905,Last Horizon,Romance,Spanish,2025,4.7,Sofia Lee,14544953.21
1906,Eternal Island,Sci-Fi,Korean,1996,2.1,Michael Muller,15451422.2
1907,Distant War,Animation,French,1983,2.4,Michael Iyer,1605514.48
1908,Frozen Island,Crime,Italian,2025,5.1,Anjali Kapoor,19744894.94
1909,Dark Island,Adventure,English,2004,3.7,Sofia Anderson,16869337.76
1910,Lost Shadows,Comedy,English,1997,7.1,Luis Sharma,19125002.45
1911,Forgotten Storm,Adventure,Hindi,2006,2.7,Luis Rossi,8444033.76
1912,Frozen Kingdom,Fantasy,English,1999,2.7,Raj Lee,12398714.91
1913,Crimson Path,Documentary,English,2008,7.1,Elena Fernandes,13264225.91
1914,Lost Horizon,Sci-Fi,French,2024,5.5,Anjali Anderson,5117595.52
1915,Midnight Truth,Action,German,2015,4,James Nolan,2604285.1
1916,Last Island,Thriller,Mandarin,2002,2.2,James Costa,9432717.41
1917,Wild River,Action,English,1981,7.4,David Reddy,17928734.97
1918,Frozen Echo,Sci-Fi,French,1986,9.1,Luis Sharma,2526335.08
1919,Burning River,Comedy,English,1992,8.6,Elena Reddy,4174005.26
1920,Distant War,Documentary,English,1998,9.4,Chris Nolan,38022607.44
1921,Broken Dream,Thriller,Tamil,1992,3.5,Michael Rossi,11868022.26
1922,Lost Symphony,Sci-Fi,Mandarin,2022,3,Emma Kapoor,7959754.8
1923,Golden Empire,Romance,English,1990,2.5,Sanjay Reddy,14229841.38
1924,Forgotten Echo,Fantasy,English,1992,8.9,Sofia Smith,14856063.17
1925,Rising War,Animation,English,2018,7.2,Emma Anderson,9221959.58
1926,Distant Garden,Comedy,Mandarin,2023,2.1,Priya Iyer,6082187.44
1927,Last Symphony,Romance,Hindi,2002,4.8,Priya Garcia,5026352.04
1928,Golden Truth,Crime,English,1993,4.2,David Rossi,2852087.54
1929,Sacred Journey,Sci-Fi,Italian,2016,5.8,Maria Anderson,1561627.53
1930,Eternal Path,Crime,Mandarin,2020,4.4,Aiko Nolan,1089571.42
1931,Forgotten Island,Romance,Portuguese,2024,4.6,Michael Patel,2791779.12
1932,Midnight Voyage,Adventure,English,2009,7,Sofia Smith,15477027.91
1933,Crimson Voyage,Romance,English,2009,7.7,Sofia Garcia,382535.04
1934,Distant Path,Action,Hindi,1998,3.8,Maria Lee,12064268.71
1935,Lost Path,Comedy,English,2002,3.1,Yuki Sharma,10590664.59
1936,Dark Path,Action,English,2005,6.1,Aiko Reddy,61835655.86
1937,Rising City,Drama,Korean,1981,2.8,Michael Reddy,15401602.02
1938,Eternal Echo,Fantasy,German,2011,8.7,Carlos Chen,18319708.15
1939,Dark Path,Comedy,Spanish,2014,4.8,Yuki Watanabe,7413060.06
1940,Endless Garden,Fantasy,Spanish,1982,3.7,James Wong,11391563.32
1941,Silent City,Comedy,Japanese,1995,2.1,Carlos Smith,12922548.06
1942,Shattered River,Documentary,Tamil,2009,4.4,Aiko Kim,14296678.98
1943,Eternal Empire,Crime,Hindi,2026,8.1,Yuki Kapoor,11715819.66
1944,Lost City,Drama,Korean,1993,5.7,Sanjay Lee,1618553348
1945,Wild Heart,Adventure,English,1987,7.5,Luis Silva,2753809.95
1946,Lost Voyage,Documentary,Hindi,2002,8.5,James Reddy,8436170.09
1947,Frozen Heart,Animation,English,2025,7.8,Aiko Kapoor,1307631.9
1948,Broken Kingdom,Adventure,English,2018,4.9,Sofia Sharma,744378.02
1949,Endless Path,Fantasy,Hindi,2024,2.9,Luis Kumar,11308454.67
1950,Wild Dream,Action,Hindi,2012,7,Luis Reddy,18294802.33
1951,Shattered Kingdom,Fantasy,English,2002,5,Luis Watanabe,16470696.8
1952,Lost Path,Adventure,English,2018,5.2,Hana Rossi,8729559.23
1953,Midnight Flame,Sci-Fi,English,2015,7.5,Elena Muller,7440698.99
1954,Frozen Symphony,Documentary,English,2007,7.7,Arjun Patel,6407063.51
1955,Frozen Island,Comedy,English,2000,8.3,Sofia Kumar,760780992.5
1956,Crimson Truth,Romance,Korean,1994,4.8,Priya Garcia,6427312.25
1957,Shattered Heart,Animation,English,2025,2.8,Emma Watanabe,3786252.96
1958,Wild Legacy,Drama,Hindi,1998,2.1,Luis Muller,27964832.08
1959,Frozen Storm,Crime,Telugu,2013,3.7,James Reddy,5510922.62
1960,Eternal Garden,Animation,Hindi,2000,6.2,Priya Muller,12898328.17
1961,Lost Symphony,Horror,Italian,1994,7.9,Emma Iyer,19361191.1
1962,Midnight River,Adventure,English,2008,7.4,Hana Garcia,121032674.6
1963,Burning Truth,Action,English,1989,7,Priya Garcia,1008234.94
1964,Dark River,Romance,English,2019,7.6,Anjali Watanabe,4073819.78
1965,Golden Journey,Drama,English,2020,3.3,Arjun Lee,9498440.77
1966,Forgotten Echo,Romance,English,2004,6.4,Michael Smith,82725525.07
1967,Dark War,Comedy,German,1999,7.7,Aiko Fernandes,6141150.04
1968,Last Flame,Sci-Fi,Portuguese,2006,4.3,Raj Kapoor,12302396.66
1969,Eternal Kingdom,Comedy,English,2014,3.4,Nina Smith,17608363.92
1970,Eternal Island,Comedy,English,1992,5.2,Carlos Costa,187823121.1
1971,Eternal City,Adventure,English,2024,7.4,Priya Lee,16129902.91
1972,Endless Shadows,Crime,English,2013,6.6,Elena Sharma,265513.17
1973,Frozen Island,Fantasy,Spanish,2024,3.1,James Smith,3371891.03
1974,Crimson Heart,Adventure,English,2018,7.3,Sofia Kumar,5091004.93
1975,Shattered Symphony,Romance,Hindi,2009,8,Arjun Nolan,1176300.21
1976,Dark Truth,Documentary,Portuguese,1999,3.9,Priya Iyer,7245167.23
1977,Dark Empire,Thriller,English,1993,6,Arjun Iyer,13619239.17
1978,Crimson Garden,Comedy,Spanish,1998,8.3,Emma Chen,44547014.72
1979,Lost Shadows,Crime,English,1996,8.2,Sanjay Kim,5130756.45
1980,Midnight War,Romance,English,2016,5.1,Sanjay Muller,4923167.06
1981,Frozen Horizon,Horror,German,2019,2.3,Hana Lee,62967758.07
1982,Endless Kingdom,Sci-Fi,English,2009,6.7,Elena Kim,1798905.73
1983,Midnight Storm,Thriller,Portuguese,1998,2.1,Carlos Fernandes,1301284.16
1984,Frozen Echo,Romance,Hindi,1980,3.2,Luis Muller,186846226.6
1985,Last Dream,Horror,English,1986,4,Sofia Wong,3113325.23
1986,Crimson River,Sci-Fi,Italian,1982,6.6,Chris Anderson,19532923.42
1987,Dark Horizon,Animation,Mandarin,1995,4.7,Wei Smith,807932724.8
1988,Rising City,Action,Hindi,1996,9.4,Sanjay Patel,6341451.63
1989,Rising War,Sci-Fi,English,2024,7.5,Carlos Lee,10774078
1990,Sacred Heart,Comedy,Mandarin,1990,7.2,Priya Sharma,17144004.64
1991,Eternal Garden,Thriller,Portuguese,2004,3.8,Luis Chen,12722523.25
1992,Broken River,Adventure,Hindi,1999,4.3,Arjun Rossi,6941781.44
1993,Eternal Journey,Animation,Italian,2025,4.4,Carlos Fernandes,8255269.41
1994,Rising Voyage,Drama,Tamil,2021,7.6,Nina Reddy,7839372.98
1995,Endless City,Crime,English,2011,4.4,Sanjay Garcia,29870662.18
1996,Broken Island,Action,English,1981,7.5,Emma Kapoor,157937154.3
1997,Hidden Storm,Horror,English,2025,8.9,Sofia Kapoor,13782117.2
1998,Golden Voyage,Documentary,Hindi,2024,3.1,Aiko Lee,292941717.8
1999,Secret River,Horror,Tamil,2017,8.7,Elena Wong,16173315.28
2000,Frozen Truth,Horror,Spanish,2007,3.1,Luis Kapoor,11911562.77
2001,Forgotten Dream,Animation,German,2002,7.2,Hana Muller,10869284.17
2002,Rising Legacy,Thriller,Mandarin,2007,4,Luis Chen,41031268.75
2003,Lost Truth,Adventure,Japanese,1996,7,Elena Iyer,15730911.69
2004,Last Shadows,Romance,Japanese,1991,8.4,Chris Patel,12546065.18
2005,Rising Path,Comedy,English,2009,3,Emma Kim,9027058.96
2006,Eternal Shadows,Documentary,Telugu,2020,7.4,Hana Wong,887219.89
2007,Secret Path,Adventure,English,2005,3.7,Nina Kapoor,6524504.7
2008,Wild Dream,Crime,English,2009,2,Chris Reddy,113346023.6
2009,Midnight Shadows,Animation,Telugu,2004,7.7,Arjun Kim,180152415.8
2010,Secret Symphony,Adventure,Mandarin,2021,9,Chris Garcia,17497755.25
2011,Wild Journey,Thriller,Hindi,1983,7.2,Maria Kim,14464978.99
2012,Last Legacy,Adventure,Japanese,2005,9,Arjun Kapoor,18939737.36
2013,Forgotten Horizon,Fantasy,French,2004,6.4,Arjun Garcia,4358783.58
2014,Endless Horizon,Drama,Hindi,2024,8.3,Maria Kapoor,7580855.61
2015,Sacred Shadows,Adventure,English,2020,5.7,Elena Reddy,5776100.26
2016,Lost City,Romance,Korean,1997,9.2,Yuki Smith,944684.37
2017,Broken Garden,Sci-Fi,Hindi,1994,6.9,Elena Sharma,2434454.08
2018,Frozen Voyage,Documentary,Tamil,1987,7.4,Aiko Anderson,12812897.84
2019,Golden Truth,Adventure,English,2024,8.3,James Anderson,11095157.93
2020,Hidden Echo,Animation,English,2021,7.1,Sofia Wong,15469389.17
2021,Crimson Shadows,Sci-Fi,English,2003,9.4,Priya Reddy,10187316.05
2022,Secret Empire,Romance,French,2001,3.3,Hana Kim,4288623.77
2023,Distant Empire,Crime,English,2001,4,Michael Garcia,15438727.51
2024,Midnight Echo,Documentary,Hindi,2018,7.3,Aiko Kapoor,12523258.94
2025,Golden Island,Comedy,Hindi,2023,7.1,Anjali Nolan,1464672.97
2026,Broken Garden,Animation,English,2003,2.5,Elena Fernandes,970973.82
2027,Endless City,Animation,French,2024,2.8,Raj Patel,91458.54
2028,Secret Legacy,Sci-Fi,Telugu,2013,8.2,Carlos Watanabe,6327049.46
2029,Dark Path,Horror,English,1989,4.8,Hana Nolan,6740494.24
2030,Rising Path,Fantasy,German,2004,6.3,David Iyer,90582.57
2031,Secret River,Romance,Portuguese,1992,6.8,Arjun Iyer,8434691.45
2032,Secret Empire,Documentary,German,2014,3.2,Hana Wong,4207213.96
2033,Last Flame,Thriller,Hindi,2023,7.6,James Kapoor,8748320.9
2034,Forgotten Legacy,Fantasy,Italian,2008,4.5,Arjun Iyer,10589439.48
2035,Dark Echo,Documentary,Hindi,1984,9.4,Priya Muller,14645532.9
2036,Frozen Dream,Thriller,Hindi,2018,7.7,Raj Chen,3385400.64
2037,Dark Dream,Animation,English,2024,9.3,Wei Kumar,9719959.89
2038,Dark Truth,Animation,Mandarin,2025,7.2,Carlos Muller,11445982.5
2039,Midnight Symphony,Fantasy,English,1998,7.2,Sanjay Anderson,1817336508
2040,Endless Echo,Animation,English,1999,3.9,Raj Costa,151168782.6
2041,Shattered War,Animation,English,2021,7.6,Sofia Reddy,12823171.07
2042,Last Horizon,Adventure,Tamil,2023,3.9,Michael Patel,9174823.8
2043,Golden Garden,Comedy,Korean,2002,7.3,Chris Anderson,17238534.63
2044,Distant Kingdom,Crime,English,2024,6.2,Emma Watanabe,11067568.87
2045,Shattered Shadows,Action,Spanish,1990,7,James Silva,154545747.9
2046,Rising Legacy,Documentary,Korean,2007,5.8,Nina Kim,2368712.49
2047,Golden Path,Animation,English,2012,6.2,Emma Anderson,5724638.53
2048,Broken River,Sci-Fi,English,1984,2.9,Hana Watanabe,75739838.69
2049,Shattered Flame,Romance,German,1982,9.2,Michael Muller,139963.59
2050,Frozen Horizon,Romance,Telugu,2009,7.2,Chris Fernandes,18940852.9
2051,Silent Dream,Comedy,English,1987,7,Elena Costa,6325166.71
2052,Endless Truth,Horror,Japanese,1988,3.9,Luis Reddy,1726775.35
2053,Endless Journey,Adventure,English,2013,8.8,Michael Wong,16681780.13
2054,Last Truth,Documentary,French,2020,2.5,Aiko Chen,1683660.6
2055,Lost Voyage,Crime,Portuguese,2002,6.3,Priya Silva,4466177.44
2056,Burning Heart,Animation,English,1997,4.6,Emma Nolan,13817165.85
2057,Dark Symphony,Fantasy,Hindi,2021,4.9,Michael Patel,3716682.71
2058,Sacred Flame,Fantasy,German,1987,8,Priya Sharma,62678867.36
2059,Frozen River,Animation,Spanish,2018,6.3,Luis Wong,9153607.31
2060,Dark Storm,Crime,English,2018,6.3,Elena Kapoor,6191394.06
2061,Last Path,Documentary,English,1998,5.8,Carlos Kapoor,9425567.49
2062,Midnight Storm,Documentary,Hindi,1991,8.6,Luis Iyer,4301274.45
2063,Secret Echo,Romance,English,1988,7.7,Yuki Anderson,19376129.17
2064,Golden War,Romance,English,1990,8,James Wong,6219520.39
2065,Sacred Empire,Thriller,Spanish,1988,2.9,Wei Kim,5950048.74
2066,Lost City,Crime,Telugu,1990,8,Raj Watanabe,14416282.79
2067,Silent Voyage,Fantasy,Italian,2003,7.6,Aiko Kapoor,11921092.83
2068,Dark Garden,Action,English,2000,8.2,Luis Garcia,7598260.82
2069,Endless Path,Thriller,Telugu,1991,7,Nina Smith,2791729.43
2070,Distant Dream,Sci-Fi,Hindi,2023,7,Aiko Kapoor,12414981.23
2071,Wild Echo,Romance,English,2021,4.2,Michael Silva,16653687.52
2072,Eternal War,Documentary,Spanish,1998,3.7,Raj Kumar,10387453.89
2073,Rising Dream,Comedy,English,2008,5.1,Arjun Kim,5046569.75
2074,Golden Voyage,Horror,English,2013,2.9,Arjun Kapoor,94000646.53
2075,Endless River,Romance,Hindi,2010,4.9,Luis Watanabe,8164299.16
2076,Sacred Dream,Adventure,Italian,1989,9.3,Sofia Smith,18276912.05
2077,Burning Echo,Comedy,English,2020,8.5,Sofia Watanabe,17222189.72
2078,Golden Dream,Drama,English,1995,3.5,Yuki Costa,185676474.5
2079,Last Voyage,Sci-Fi,English,1989,3.4,James Garcia,16788947.15
2080,Golden Flame,Sci-Fi,Spanish,1999,4.2,Chris Iyer,7792013.6
2081,Crimson Heart,Documentary,English,1985,3,Priya Silva,1060462.44
2082,Sacred Flame,Horror,Spanish,2020,6.4,Emma Lee,70445694.52
2083,Last City,Crime,Spanish,2004,8.3,Nina Wong,11663406.39
2084,Dark Legacy,Horror,Portuguese,2016,5.8,Wei Lee,19857749.64
2085,Hidden Dream,Animation,Hindi,2001,3,Nina Garcia,2593412.66
2086,Secret Flame,Documentary,Hindi,2005,5.6,Elena Muller,1108607.61
2087,Rising Legacy,Romance,English,1993,8.3,Raj Kapoor,1942809780
2088,Crimson Horizon,Drama,English,2013,8.7,Elena Fernandes,15493391.09
2089,Broken Dream,Fantasy,Hindi,1981,3,Raj Kapoor,15939409.7
2090,Crimson Voyage,Sci-Fi,Italian,1987,5.4,Maria Iyer,15320902.42
2091,Wild Garden,Action,Telugu,2026,3.4,Carlos Watanabe,17710802.15
2092,Shattered Island,Thriller,English,2011,4.7,Elena Garcia,160278550.2
2093,Golden Echo,Thriller,Telugu,2026,6.2,Luis Rossi,7389510.75
2094,Rising Symphony,Documentary,French,1989,5.4,Chris Costa,13821886.16
2095,Rising Flame,Documentary,English,2014,5.6,Hana Kapoor,8491598.94
2096,Broken River,Romance,Hindi,2019,4.6,Elena Nolan,2229712.37
2097,Burning Truth,Action,Spanish,2019,7,David Kumar,484025794.3
2098,Secret Echo,Thriller,Telugu,2013,3.2,Arjun Anderson,2623369.61
2099,Distant Shadows,Comedy,English,1998,7.1,Chris Watanabe,1863968.95
2100,Crimson Journey,Adventure,English,1991,5.2,Emma Patel,17848486.41
2101,Lost Flame,Sci-Fi,Hindi,2008,9.4,Maria Wong,8362183.75
2102,Last River,Fantasy,Mandarin,2012,3.3,Raj Watanabe,6330394.21
2103,Crimson Journey,Action,Spanish,1984,3.1,Elena Muller,98212.03
2104,Burning Empire,Crime,Korean,2020,8.9,Emma Muller,2727359409
2105,Midnight Dream,Adventure,Telugu,1985,5.5,Sofia Garcia,3158819.26
2106,Secret Island,Thriller,Spanish,1981,6.9,Elena Nolan,1374074.45
2107,Frozen Voyage,Drama,Italian,2001,3.8,Nina Nolan,15277169.97
2108,Hidden Storm,Thriller,Hindi,2023,2.2,Elena Iyer,149478108.1
2109,Distant City,Crime,English,1990,2.6,Maria Muller,8324769.75
2110,Forgotten Island,Crime,French,1985,6.7,Carlos Silva,118550941.3
2111,Lost Empire,Fantasy,English,1984,3.4,Elena Anderson,14347003.53
2112,Wild Legacy,Sci-Fi,Hindi,1982,5,Priya Garcia,19726260.94
2113,Rising Kingdom,Drama,Portuguese,1997,3.1,Luis Chen,7335170.6
2114,Lost Echo,Fantasy,Portuguese,1988,2.3,Luis Reddy,19815826.02
2115,Broken War,Adventure,Korean,2002,2.4,Hana Garcia,6561370.15
2116,Hidden Echo,Action,Tamil,1983,3.7,Emma Garcia,8620187.85
2117,Dark Dream,Sci-Fi,English,1980,4.6,Aiko Garcia,11864734.45
2118,Broken Truth,Fantasy,English,2009,8.8,Wei Wong,11179504.16
2119,Silent Empire,Horror,English,2019,2.8,Luis Kim,15645048
2120,Last Dream,Adventure,Hindi,1984,8.4,Wei Reddy,6882343.09
2121,Golden Horizon,Crime,Korean,1998,7.2,Carlos Iyer,192345558
2122,Midnight War,Horror,Hindi,2011,4.1,Elena Sharma,15782484.71
2123,Lost Empire,Fantasy,English,2000,5,Chris Kapoor,10284209.47
2124,Secret Horizon,Romance,English,1998,6.9,Sofia Fernandes,87492614.36
2125,Dark Dream,Sci-Fi,Spanish,1981,3.1,Carlos Kim,18297848.94
2126,Sacred Dream,Documentary,Japanese,1995,8.8,Michael Lee,16613264.81
2127,Midnight Legacy,Adventure,Korean,2004,2.1,James Wong,19738230.2
2128,Golden Voyage,Romance,Korean,1985,5.2,Sanjay Nolan,4334100.76
2129,Forgotten Dream,Romance,Telugu,1981,6.4,Aiko Fernandes,12634154.55
2130,Wild Island,Romance,English,2021,2.2,James Kumar,12171815.65
2131,Frozen Empire,Documentary,Portuguese,2017,5.7,David Kim,6295019.41
2132,Secret Empire,Crime,Korean,1985,9.1,Chris Wong,10051157.7
2133,Dark Legacy,Animation,Hindi,1998,8.3,Elena Costa,699900.71
2134,Silent Garden,Adventure,English,2006,3.7,Nina Lee,15892195.16
2135,Midnight Storm,Drama,English,2020,2.2,Raj Patel,79191364.02
2136,Midnight Legacy,Horror,Tamil,2018,3,Carlos Reddy,14209176.62
2137,Lost Storm,Animation,Portuguese,2014,7,Emma Wong,15209391.25
2138,Hidden Heart,Animation,Telugu,2001,9.5,David Costa,15851496.76
2139,Last River,Crime,English,2018,4.3,Sofia Kim,18743412.17
2140,Wild Heart,Adventure,English,1984,8.6,David Reddy,18624798.53
2141,Frozen Truth,Action,Hindi,1987,5.1,Yuki Costa,5510742.68
2142,Frozen River,Romance,Mandarin,1989,4.7,Nina Silva,2932684.75
2143,Distant Echo,Action,Telugu,2008,3.1,Wei Kim,13947158.66
2144,Silent Horizon,Horror,French,2026,8.7,David Fernandes,7599753.59
2145,Crimson River,Drama,Telugu,2003,8.7,Luis Nolan,18370269.73
2146,Hidden Horizon,Animation,Korean,1982,4.7,Luis Smith,9079194.36
2147,Hidden Dream,Adventure,Hindi,1984,7.2,Chris Costa,9376547.38
2148,Endless Shadows,Drama,Italian,2000,4.2,Yuki Fernandes,6932439.26
2149,Broken Echo,Horror,Hindi,2018,3.7,Michael Kumar,551049.38
2150,Frozen Legacy,Sci-Fi,English,1987,4.9,Yuki Kapoor,14109707.65
2151,Silent City,Horror,English,1990,4.9,James Reddy,13371619.98
2152,Dark Truth,Crime,English,2018,4.7,Nina Wong,8867928.34
2153,Eternal Legacy,Horror,French,2021,5.4,Aiko Smith,13005367.94
2154,Endless Shadows,Comedy,Portuguese,2006,3.9,Raj Sharma,18900572.61
2155,Rising Echo,Documentary,English,2026,7.8,Sofia Fernandes,9603256.61
2156,Shattered Journey,Comedy,Italian,2026,8.1,Chris Nolan,504783.45
2157,Burning Symphony,Thriller,Italian,2026,7.8,Hana Smith,75485589.19
2158,Golden Kingdom,Animation,Hindi,2010,7.4,Sanjay Patel,7168819.87
2159,Last River,Adventure,English,1985,7.2,Sanjay Reddy,12798255.65
2160,Lost Journey,Fantasy,English,2021,9.2,Emma Reddy,6850986.31
2161,Hidden Symphony,Comedy,Tamil,2013,3.7,Michael Lee,18104359.64
2162,Burning Symphony,Romance,Telugu,1998,3.4,Chris Rossi,19627808.83
2163,Silent Path,Romance,Telugu,2010,7.5,Nina Costa,16328324.15
2164,Silent Flame,Crime,French,1986,3.7,Sofia Rossi,16921318.83
2165,Crimson Island,Romance,English,2023,5.1,Raj Kim,11708358.03
2166,Hidden Legacy,Thriller,Spanish,1984,2.7,Hana Kumar,9439883.5
2167,Frozen Island,Thriller,English,2002,2.4,Sanjay Chen,117284074.6
2168,Rising War,Documentary,English,1987,6.6,Nina Lee,16886185.85
2169,Distant Path,Crime,German,1999,5.7,Yuki Fernandes,15069142.9
2170,Dark Truth,Comedy,Italian,2015,2.1,Yuki Lee,640569071.9
2171,Crimson Symphony,Comedy,Hindi,2017,3.3,Anjali Lee,2253949.11
2172,Forgotten Horizon,Comedy,French,1990,4.6,Chris Watanabe,5315556.77
2173,Eternal Heart,Horror,English,2000,8.9,Luis Fernandes,7955821.29
2174,Broken Path,Adventure,English,2014,4.5,Arjun Watanabe,14944568.85
2175,Wild Shadows,Crime,Hindi,2013,4.5,Wei Kapoor,18924821.1
2176,Midnight Journey,Fantasy,English,1986,2.7,Elena Kim,19429263.44
2177,Midnight Truth,Fantasy,Italian,2005,7.7,Wei Costa,9001023.03
2178,Last War,Action,Mandarin,1991,6.2,Maria Iyer,2154415.57
2179,Midnight Garden,Horror,English,1987,7.4,Arjun Lee,2910347.39
2180,Wild Island,Romance,Hindi,2010,7.1,Elena Muller,14192905.22
2181,Burning Journey,Action,English,2017,7.4,Priya Chen,14479893.05
2182,Frozen Garden,Action,English,1999,6.1,Arjun Rossi,8360428
2183,Sacred Legacy,Romance,English,2017,3.2,Aiko Sharma,7527832.26
2184,Silent War,Thriller,English,2000,4.5,Hana Wong,7731582.22
2185,Golden Journey,Romance,Portuguese,1980,8.7,Sanjay Smith,2739796463
2186,Secret Island,Comedy,Spanish,1999,3.3,Anjali Patel,15535164.12
2187,Forgotten Journey,Animation,Hindi,2025,9.1,Elena Anderson,349953
2188,Frozen Island,Sci-Fi,Portuguese,1989,9,Arjun Lee,1277807747
2189,Broken Flame,Fantasy,Korean,1984,2.1,Raj Watanabe,12309601.28
2190,Burning Storm,Crime,Italian,2003,7.9,Sofia Silva,6193232.38
2191,Sacred Storm,Horror,Spanish,2001,5.1,Aiko Costa,16027800.66
2192,Lost Flame,Documentary,English,1981,3,Nina Rossi,8650902.45
2193,Sacred Horizon,Documentary,Hindi,2011,8.8,Michael Muller,100441984.9
2194,Sacred Heart,Sci-Fi,German,2009,9.4,Anjali Costa,6524264.4
2195,Shattered Shadows,Action,English,2015,2.2,Chris Kapoor,139710801.4
2196,Wild Island,Thriller,French,1981,7.2,Sanjay Patel,5013045.73
2197,Midnight Path,Horror,English,2014,6.6,James Kumar,5930632.2
2198,Shattered Voyage,Adventure,Japanese,2016,4.5,Chris Costa,2179728.03
2199,Silent Kingdom,Horror,French,1994,4.2,Emma Anderson,86015043.16
2200,Endless Garden,Animation,English,2015,6.8,Elena Chen,13873570.36
2201,Broken City,Adventure,English,1991,3.4,Wei Garcia,6486201.61
2202,Distant Symphony,Comedy,Spanish,2024,8.9,Chris Fernandes,15005013.69
2203,Silent Journey,Adventure,English,1986,8,Michael Silva,9990638.94
2204,Sacred Path,Horror,Korean,2001,3.5,Chris Patel,19639648.11
2205,Lost River,Documentary,Tamil,1980,4.8,Maria Silva,373591.8
2206,Rising Legacy,Animation,French,1984,5.9,Anjali Kumar,18393894.06
2207,Endless Legacy,Comedy,French,1988,2.7,Chris Kim,2051511.8
2208,Secret Echo,Comedy,Hindi,1983,7.1,Emma Reddy,10545084
2209,Golden Echo,Fantasy,Hindi,1980,6.8,Sanjay Wong,11765328.13
2210,Midnight Symphony,Comedy,English,2005,3.6,Priya Silva,8673227.94
2211,Lost Horizon,Comedy,Portuguese,1985,8.6,Carlos Wong,11194350.98
2212,Broken Garden,Animation,Spanish,2026,3.4,James Garcia,189843903.3
2213,Rising Symphony,Romance,Hindi,2025,6.5,Raj Sharma,4486875.63
2214,Silent Journey,Animation,Korean,2025,3.7,Luis Silva,783020.1
2215,Hidden City,Romance,Japanese,1994,8.3,Carlos Costa,11813693.87
2216,Distant Echo,Documentary,English,1992,8.3,Michael Fernandes,11888828.99
2217,Wild Dream,Action,Telugu,1996,2.7,Nina Garcia,15585282
2218,Wild War,Fantasy,German,2018,5.1,Anjali Watanabe,758765944.9
2219,Endless Path,Sci-Fi,English,2015,3,Michael Garcia,10510286.15
2220,Shattered Voyage,Documentary,Japanese,2020,2.3,Chris Silva,4324147.64
2221,Distant Heart,Documentary,Korean,1986,5.4,Raj Lee,17461341.98
2222,Silent Journey,Sci-Fi,Hindi,1982,6.8,Yuki Muller,9608567.03
2223,Wild Horizon,Adventure,English,2011,2.6,Priya Reddy,2746152.5
2224,Frozen Heart,Romance,Mandarin,1999,7.1,Anjali Chen,11028587.05
2225,Broken Heart,Thriller,Hindi,1995,4.8,Nina Smith,5836733.37
2226,Burning Path,Horror,Mandarin,1984,4,Elena Lee,14716502.81
2227,Eternal Truth,Action,English,1982,8,Elena Silva,51299.09
2228,Forgotten Kingdom,Thriller,Mandarin,1994,9.2,Aiko Reddy,187372273.9
2229,Crimson Truth,Adventure,English,1983,9.4,Emma Muller,10341274.21
2230,Frozen Path,Documentary,English,2018,2.1,Carlos Garcia,18198835.78
2231,Endless City,Documentary,Mandarin,2021,5.7,Aiko Fernandes,111738439.1
2232,Sacred Echo,Horror,Hindi,1988,8.5,Sanjay Rossi,12254952.29
2233,Burning Flame,Adventure,Hindi,1995,6.3,Hana Watanabe,5354173.98
2234,Lost City,Crime,English,2001,3.6,Carlos Garcia,17151955.07
2235,Eternal Heart,Fantasy,English,2023,6.7,Aiko Lee,9728639.07
2236,Silent War,Drama,French,1992,8.7,Michael Anderson,8990544.16
2237,Crimson Horizon,Documentary,English,1995,3.2,Emma Wong,4398727.07
2238,Lost Flame,Comedy,Spanish,2011,8,Luis Sharma,43606034.8
2239,Distant Garden,Thriller,German,2013,9.5,Nina Costa,5594464.11
2240,Last Island,Sci-Fi,Korean,2023,6.2,James Costa,5461510.94
2241,Secret Truth,Adventure,German,1980,7.1,Elena Anderson,151719260.6
2242,Hidden Storm,Romance,German,2007,3.2,Chris Smith,15101557.15
2243,Wild Truth,Fantasy,English,1993,4.6,Michael Kim,4834307.25
2244,Frozen Legacy,Action,English,2001,8.1,David Patel,13885467.97
2245,Forgotten Heart,Fantasy,English,2012,2.8,Maria Smith,6766648.49
2246,Burning Flame,Documentary,German,2001,8.9,Elena Anderson,14443865.59
2247,Lost Flame,Documentary,Spanish,2019,9.5,Chris Nolan,50362643.82
2248,Crimson City,Fantasy,English,1993,6,Carlos Wong,6297175.46
2249,Rising Empire,Animation,Mandarin,2001,8.7,Luis Chen,4895216.29
2250,Last War,Documentary,English,2010,4.7,Yuki Rossi,17784824.77
2251,Dark Garden,Crime,Tamil,2021,3.1,Sofia Iyer,14645480.72
2252,Endless Empire,Horror,English,2016,4.3,Arjun Watanabe,101224.46
2253,Crimson War,Documentary,English,2015,2.8,Elena Watanabe,19026422.48
2254,Last Horizon,Thriller,Spanish,2003,5.6,Yuki Chen,6511082.83
2255,Endless Empire,Animation,Korean,1993,8.8,James Anderson,2830133.44
2256,Distant Dream,Sci-Fi,English,2012,8,Luis Watanabe,11217896.62
2257,Distant Storm,Animation,Italian,1989,7.9,Carlos Costa,37140880.78
2258,Crimson Kingdom,Adventure,Spanish,2018,7.8,James Fernandes,17381120.96
2259,Lost Dream,Crime,English,1982,7.5,Priya Rossi,2958563
2260,Eternal Voyage,Drama,Mandarin,1983,7.9,Michael Watanabe,9273467.85
2261,Broken War,Documentary,Japanese,2022,6.5,Carlos Lee,12456306.07
2262,Shattered Path,Documentary,German,2013,4.8,Hana Silva,70938216.58
2263,Burning River,Documentary,English,2011,5.5,Sanjay Anderson,8038340.53
2264,Sacred Storm,Comedy,Tamil,2023,2.5,Luis Watanabe,13425385.14
2265,Sacred Echo,Fantasy,English,2001,8.8,Carlos Sharma,163652416.4
2266,Silent Island,Drama,Hindi,2020,2.3,Hana Sharma,1724803.72
2267,Wild Voyage,Comedy,English,2022,8.6,Nina Smith,125685959.7
2268,Last War,Action,French,1986,4.2,Chris Muller,5933532.06
2269,Shattered War,Action,Spanish,1982,6,Luis Kim,15695969.81
2270,Burning Path,Romance,Hindi,1985,7.9,Nina Lee,16164324.12
2271,Golden Truth,Thriller,Spanish,2012,8.6,Wei Lee,10075034.37
2272,Secret City,Fantasy,English,2022,5.9,Yuki Smith,2296390.7
2273,Forgotten Flame,Sci-Fi,Hindi,1991,5.6,Emma Kapoor,19044272.1
2274,Silent Truth,Thriller,Telugu,1987,4.9,Carlos Kapoor,400951.66
2275,Forgotten Island,Adventure,English,1993,7.7,Sanjay Fernandes,6360349.41
2276,Broken Voyage,Thriller,Spanish,2003,7.9,Maria Lee,7608921.52
2277,Lost City,Horror,English,2020,8.4,Sanjay Reddy,12521622.62
2278,Burning Empire,Horror,English,2008,4.5,Priya Patel,17650844.73
2279,Burning Path,Action,English,2011,7,Raj Chen,12174274.38
2280,Broken Horizon,Adventure,English,1982,4.6,David Fernandes,18272821.15
2281,Silent Heart,Animation,Mandarin,2000,4.6,Sanjay Silva,17450862.27
2282,Hidden Horizon,Comedy,Hindi,1986,2.7,Arjun Wong,2323492425
2283,Crimson Storm,Sci-Fi,Japanese,1998,3.9,Arjun Patel,18779815.43
2284,Distant Dream,Animation,Mandarin,1991,4.4,Yuki Lee,9763789.21
2285,Burning Legacy,Action,Mandarin,2012,6,Luis Chen,18954630.56
2286,Distant Empire,Drama,German,2020,7,Nina Sharma,5415371.52
2287,Shattered Path,Action,French,1983,8.3,Chris Nolan,10713731.74
2288,Crimson Journey,Adventure,Hindi,2025,7,Michael Fernandes,1625385.54
2289,Burning Truth,Action,Spanish,2020,3.7,Hana Chen,13881118.07
2290,Eternal Shadows,Horror,Hindi,1994,4.4,Maria Anderson,16722886.86
2291,Endless Symphony,Thriller,Japanese,2005,9.1,Sofia Anderson,12688046.02
2292,Golden Echo,Drama,Hindi,1983,6,Michael Lee,780165.16
2293,Wild Journey,Drama,Mandarin,1989,3.2,Luis Anderson,293063.42
2294,Rising City,Action,Spanish,2021,8.1,Hana Sharma,5779625.41
2295,Distant Path,Documentary,French,1991,7.6,Yuki Wong,1083551.42
2296,Golden Voyage,Horror,English,2023,2.8,Luis Iyer,15120971.97
2297,Secret River,Action,Hindi,2011,4.4,Hana Wong,15058635.09
2298,Silent Truth,Action,English,1983,4.2,Anjali Kim,10239785.15
2299,Wild City,Crime,French,2017,8.2,Luis Sharma,16977842.45
2300,Golden Symphony,Comedy,French,1991,7.9,Michael Nolan,10365534.98
2301,Shattered Island,Adventure,Hindi,1993,2.3,Luis Kim,45158299.19
2302,Forgotten Voyage,Adventure,Telugu,1993,6.4,David Nolan,29897346.76
2303,Golden Horizon,Comedy,Tamil,2008,6.7,Anjali Kapoor,119354212.9
2304,Dark Echo,Drama,French,2005,4.3,James Anderson,12784185.12
2305,Golden Journey,Drama,Hindi,2013,7.5,Aiko Smith,4088010.86
2306,Distant Shadows,Romance,Japanese,1982,3.6,James Rossi,7736348.83
2307,Shattered Dream,Animation,Mandarin,1989,9.4,Sanjay Reddy,1797339.26
2308,Hidden Horizon,Animation,Mandarin,1995,6.4,Elena Costa,12908665.96
2309,Eternal Journey,Action,Spanish,2006,4.9,Nina Nolan,3019086.37
2310,Wild Legacy,Romance,Spanish,2012,4.6,Arjun Kumar,4492736.73
2311,Hidden Heart,Adventure,English,2024,6.6,Anjali Wong,15035144.75
2312,Sacred Heart,Animation,Japanese,1985,5.3,Emma Nolan,16444880.03
2313,Eternal War,Action,Telugu,2003,2.9,Raj Iyer,199280210.7
2314,Shattered Voyage,Documentary,Hindi,2012,5.5,Yuki Silva,16995937.64
2315,Silent City,Documentary,English,2021,5.7,Wei Kapoor,168985712.3
2316,Distant Path,Romance,French,2006,2.4,Priya Sharma,26441072.74
2317,Hidden Empire,Horror,French,1985,2.3,Sanjay Reddy,514598.78
2318,Endless Journey,Adventure,English,1997,8.7,Priya Sharma,5603269.07
2319,Distant Garden,Crime,Telugu,2007,6.5,James Wong,22503007.06
2320,Silent Island,Crime,Hindi,2024,3,Nina Muller,1994002.03
2321,Silent War,Romance,English,1996,3.3,Hana Nolan,5258916.46
2322,Frozen Island,Sci-Fi,German,1993,9.1,Elena Anderson,18518883.86
2323,Crimson Island,Thriller,English,2000,3.4,Sofia Anderson,10895802.45
2324,Secret Symphony,Fantasy,Hindi,1999,3.9,Maria Nolan,1581207
2325,Broken River,Horror,Hindi,1994,8.2,David Lee,10083110.91
2326,Lost Dream,Romance,English,2011,2.4,Carlos Kumar,9939755.2
2327,Frozen Legacy,Documentary,English,1987,6.6,James Wong,14135311.35
2328,Midnight Symphony,Horror,English,2005,5.5,Sofia Muller,2645521.45
2329,Frozen Path,Adventure,Tamil,2005,6,Yuki Sharma,3370928.04
2330,Golden Path,Crime,Japanese,2002,2.3,Maria Chen,8384016.77
2331,Endless River,Adventure,Italian,1984,3.2,James Rossi,2922031.88
2332,Hidden Dream,Crime,Portuguese,2000,4.8,Luis Smith,14969410.88
2333,Wild Flame,Crime,English,1983,6.7,Hana Rossi,158372743.1
2334,Frozen Truth,Crime,Japanese,2016,3.8,Yuki Sharma,5984824.55
2335,Lost War,Fantasy,Hindi,2019,3,Nina Muller,11297314.68
2336,Lost Path,Documentary,Telugu,2019,7.5,Raj Reddy,14616982.39
2337,Sacred River,Adventure,English,2013,8.1,Carlos Wong,6026505.88
2338,Eternal Flame,Fantasy,English,2006,5.4,Yuki Anderson,19158357.45
2339,Crimson War,Adventure,English,2026,2.6,Wei Garcia,2048693.37
2340,Golden Truth,Documentary,Japanese,1981,8.5,Hana Chen,43930391.76
2341,Last Voyage,Horror,French,1992,4.6,Priya Garcia,1333591.64
2342,Eternal Shadows,Action,Spanish,1998,5.6,Emma Wong,9885250.86
2343,Hidden Dream,Animation,Korean,1998,2.2,Wei Smith,13744308.37
2344,Crimson War,Crime,Portuguese,2002,2.7,James Garcia,10409975.61
2345,Hidden Garden,Crime,Mandarin,2010,5.5,David Fernandes,19219160.8
2346,Wild Truth,Horror,Mandarin,2023,6,Hana Costa,1962603.36
2347,Eternal Heart,Drama,English,1999,3.6,Raj Nolan,2102180.39
2348,Sacred Echo,Drama,French,1998,6.1,Raj Fernandes,6310503.22
2349,Secret City,Fantasy,Japanese,2004,3.2,Raj Anderson,3388098.09
2350,Sacred River,Fantasy,Spanish,2007,5.1,Yuki Garcia,14759587.02
2351,Broken Symphony,Comedy,Hindi,2004,2.1,Michael Kapoor,26822251.77
2352,Burning City,Action,English,1995,8.7,Elena Costa,4940169.59
2353,Distant Heart,Sci-Fi,Tamil,1985,6,Hana Kumar,17881009.6
2354,Broken Echo,Thriller,Spanish,1989,4.9,Maria Sharma,5360072.17
2355,Silent Garden,Action,German,2001,8.8,Priya Kumar,15454892.25
2356,Lost War,Animation,English,1987,2.2,Arjun Watanabe,6287633.64
2357,Midnight War,Romance,Korean,2021,3.2,Arjun Costa,2990365.52
2358,Burning Storm,Action,Korean,1995,3.5,Raj Chen,12627104.56
2359,Broken Legacy,Thriller,Hindi,2004,3.4,Elena Garcia,5620896.48
2360,Forgotten Echo,Drama,Spanish,1998,9.4,Luis Wong,14677675.35
2361,Burning Garden,Sci-Fi,English,1983,8.5,Raj Watanabe,18092306.24
2362,Secret Truth,Fantasy,Hindi,2010,5.7,Maria Smith,429214.47
2363,Shattered Shadows,Animation,Mandarin,1990,4.5,Chris Kumar,6087813.92
2364,Shattered Echo,Sci-Fi,Mandarin,2014,8.7,Elena Fernandes,15605546.09
2365,Frozen Shadows,Sci-Fi,Hindi,2023,4.2,Luis Reddy,12397203.54
2366,Eternal Truth,Horror,English,2008,2.1,Aiko Patel,17557796.61
2367,Broken Storm,Comedy,Japanese,2002,4.7,Raj Kumar,7254880.02
2368,Sacred Kingdom,Drama,Korean,2021,7.7,Michael Kim,11706324.57
2369,Silent Horizon,Animation,Spanish,1990,4.3,Arjun Chen,673756.6
2370,Eternal Horizon,Action,Spanish,2012,8.2,Chris Watanabe,10073718.07
2371,Eternal War,Romance,English,2015,8.6,Wei Wong,7039163.07
2372,Crimson Voyage,Adventure,English,2002,5.7,Michael Silva,2111717.46
2373,Eternal Echo,Drama,Mandarin,2019,5.3,David Watanabe,157165013.9
2374,Wild Symphony,Crime,English,2026,7.5,James Anderson,16898954.81
2375,Secret Island,Crime,Korean,2002,6.2,Elena Rossi,7806805.08
2376,Distant Empire,Romance,English,1995,2.5,Anjali Garcia,8403142.73
2377,Endless Storm,Action,Spanish,1991,8.3,Yuki Fernandes,14475836.76
2378,Last Kingdom,Thriller,Hindi,1992,6.1,Raj Muller,586867.88
2379,Rising Kingdom,Thriller,English,2010,5.4,Priya Silva,12975672.78
2380,Shattered Shadows,Drama,Spanish,2026,8.6,Luis Nolan,13574278.93
2381,Lost Symphony,Thriller,English,1987,8.5,Emma Nolan,19460512.3
2382,Wild Island,Fantasy,Hindi,1988,6.5,Nina Patel,3137423.18
2383,Frozen Dream,Documentary,English,2006,6.1,Aiko Nolan,12823166.17
2384,Forgotten Flame,Crime,Italian,2014,7.9,Sofia Watanabe,19752727.15
2385,Wild Symphony,Action,English,2008,5,Michael Rossi,15778563.69
2386,Secret Legacy,Documentary,English,1991,3.2,Raj Patel,16094880.66
2387,Secret War,Drama,Hindi,2025,2.5,David Kim,2437104.87
2388,Dark City,Horror,Korean,1980,6.1,Anjali Wong,14639358.13
2389,Lost Legacy,Sci-Fi,Hindi,2012,3.5,Sanjay Wong,15117884.94
2390,Endless Horizon,Horror,Hindi,2012,9.3,Hana Kapoor,13492245.62
2391,Forgotten Garden,Comedy,English,2013,8.1,Luis Sharma,13613179.46
2392,Golden Legacy,Adventure,Tamil,2018,8.9,Carlos Anderson,7051813.93
2393,Sacred Garden,Adventure,English,1982,4.3,Chris Chen,12190287.54
2394,Sacred Journey,Sci-Fi,French,2018,7.6,Chris Anderson,7997598.43
2395,Rising War,Thriller,English,2012,3.7,Carlos Silva,9307501.99
2396,Distant Echo,Crime,Hindi,2017,7.4,David Watanabe,9825934.95
2397,Broken City,Comedy,English,2013,6.6,Priya Watanabe,3936727.32
2398,Endless Voyage,Documentary,Italian,2017,6.3,Sofia Costa,9958792.78
2399,Burning Dream,Documentary,Hindi,1996,2.7,Elena Smith,16959296.6
2400,Sacred City,Fantasy,Hindi,1985,2.3,Elena Lee,10515882.54
2401,Last Path,Action,Mandarin,1994,9.4,Luis Kim,7850119.94
2402,Secret Symphony,Horror,Korean,1993,7.7,Michael Silva,4961469.5
2403,Secret Flame,Crime,English,1984,4,Arjun Sharma,10970045.12
2404,Shattered Garden,Documentary,Spanish,2011,3.8,Emma Sharma,137857.15
2405,Golden River,Horror,Japanese,2012,5.5,Hana Smith,2578858.55
2406,Wild Path,Crime,German,2020,6.2,Aiko Silva,14111818.64
2407,Silent Island,Horror,Japanese,1980,8.8,David Chen,13974939.2
2408,Burning Horizon,Horror,English,2007,2.4,Chris Muller,6676858.85
2409,Sacred Heart,Animation,French,2014,6.3,Hana Kumar,411594639.6
2410,Distant City,Crime,English,2002,6.2,Chris Anderson,14658112.58
2411,Distant War,Comedy,English,1985,8.2,Michael Fernandes,6112217.34
2412,Lost Heart,Sci-Fi,Hindi,2023,8.4,Wei Smith,13936365.44
2413,Crimson Truth,Drama,Hindi,2006,4.3,Hana Kim,812618.05
2414,Eternal River,Horror,English,2001,8.9,Aiko Sharma,97395314.53
2415,Sacred Flame,Crime,English,1995,2.5,Hana Garcia,14031493.68
2416,Wild Path,Sci-Fi,Spanish,2000,2.4,Sofia Iyer,4497659.28
2417,Dark Garden,Horror,Korean,2012,7.2,Sofia Smith,10639385.04
2418,Frozen Storm,Horror,Spanish,2003,5.8,Carlos Sharma,18046501.98
2419,Silent City,Crime,Hindi,1990,7.5,Elena Chen,19728711.72
2420,Burning Garden,Adventure,English,2000,4.1,Priya Silva,7543501.23
2421,Endless Legacy,Documentary,English,2016,9.2,Aiko Costa,8496263.67
2422,Lost River,Sci-Fi,Mandarin,1995,7.9,Sanjay Chen,19898025.39
2423,Crimson Island,Romance,Telugu,1992,3.6,Luis Kapoor,8718931.32
2424,Golden Heart,Sci-Fi,Spanish,2024,7,James Muller,9060956.23
2425,Wild Kingdom,Action,Telugu,1996,2.3,Raj Costa,36528349.64
2426,Dark Dream,Action,Tamil,2024,4.6,Nina Kim,10685093.1
2427,Wild Shadows,Crime,Korean,1982,5.6,Emma Iyer,3402337.84
2428,Rising Shadows,Adventure,Japanese,2017,9.4,Luis Watanabe,7318245.61
2429,Dark War,Crime,English,1999,5.4,Arjun Fernandes,7687890.17
2430,Broken Legacy,Adventure,Italian,2001,7.4,Sofia Nolan,8959782.63
2431,Rising Flame,Romance,English,2026,8.4,Arjun Garcia,9135041.62
2432,Sacred Heart,Animation,English,1983,7.3,Wei Nolan,19827965.73
2433,Silent Kingdom,Crime,Telugu,1997,7.6,Raj Nolan,14051827.97
2434,Dark Echo,Action,English,1990,6.8,Sofia Lee,15908818.71
2435,Hidden Heart,Romance,Korean,2018,4.4,Michael Kapoor,10747542.79
2436,Sacred Symphony,Fantasy,French,2005,9,Michael Wong,16148313.13
2437,Golden Truth,Animation,Japanese,2024,8.6,James Anderson,190582218.2
2438,Secret City,Thriller,Hindi,1989,8.6,Emma Garcia,5033223.28
2439,Wild Horizon,Drama,Hindi,1994,5.9,Maria Sharma,2925484.76
2440,Silent Path,Action,Spanish,2017,9.1,Nina Kim,13892398.63
2441,Midnight Symphony,Animation,Portuguese,2005,2.8,Yuki Wong,9317593.55
2442,Dark Empire,Drama,Hindi,1994,8.6,Emma Nolan,9973578.38
2443,Golden War,Sci-Fi,Tamil,2001,8.5,Elena Smith,1405342.04
2444,Wild Storm,Drama,Spanish,2025,8.7,Priya Chen,197045340.8
2445,Broken Symphony,Fantasy,English,1989,7.5,Wei Anderson,19961218.66
2446,Shattered Kingdom,Animation,Spanish,1991,7.2,James Sharma,8467426.42
2447,Endless Echo,Horror,Hindi,2008,2.1,Emma Kim,5061790.41
2448,Secret Symphony,Comedy,Spanish,1986,5.5,Arjun Kumar,15383567.87
2449,Sacred Horizon,Comedy,English,1989,8.5,David Chen,5051229.56
2450,Golden Echo,Action,English,1994,7.4,James Smith,4366125.8
2451,Sacred Legacy,Drama,English,2025,8.6,Elena Costa,2451636.4
2452,Shattered Symphony,Animation,Hindi,1986,8.2,Sanjay Muller,6774948.87
2453,Wild Dream,Thriller,English,1981,4.9,Hana Silva,14434820.27
2454,Hidden Horizon,Romance,French,1987,4.4,Arjun Nolan,3908288.93
2455,Burning Empire,Drama,English,1986,6.5,Elena Lee,4258044.75
2456,Forgotten Path,Fantasy,Korean,2025,5.3,James Reddy,5363845.54
2457,Midnight Empire,Documentary,English,1996,4.6,Arjun Lee,5301739.84
2458,Wild Symphony,Thriller,Italian,2005,8.7,Luis Wong,6922133.07
2459,Distant Storm,Drama,Spanish,2014,3.2,Anjali Kapoor,3098574.84
2460,Eternal Garden,Adventure,Hindi,2016,3.6,James Fernandes,10952854.06
2461,Midnight Symphony,Comedy,Portuguese,1984,7.9,Emma Kapoor,1880341.71
2462,Endless Shadows,Sci-Fi,Japanese,1998,2.1,Nina Kumar,18389600.04
2463,Distant Path,Action,Hindi,1996,9.2,Aiko Reddy,13676537.78
2464,Burning River,Thriller,Japanese,1985,3.8,Raj Patel,18150975.58
2465,Sacred Empire,Fantasy,Hindi,2009,9.1,Raj Nolan,16052539.24
2466,Sacred Symphony,Drama,English,1995,7.4,Carlos Patel,8530730.27
2467,Forgotten Garden,Drama,English,2001,4,James Rossi,6561378.42
2468,Crimson Storm,Drama,English,1995,5.7,Arjun Anderson,7732260.95
2469,Frozen Symphony,Crime,Spanish,2012,9.2,Luis Chen,16180384.81
2470,Silent Heart,Horror,Tamil,2016,7.9,James Lee,4342402.47
2471,Burning Flame,Animation,English,2025,9.1,David Rossi,3065349.51
2472,Wild Path,Action,English,2001,3.5,Anjali Anderson,1035874.89
2473,Endless City,Animation,Hindi,2006,2.7,Emma Lee,3385173.52
2474,Frozen Garden,Drama,Hindi,2025,5.7,James Anderson,1212811.74
2475,Last Symphony,Sci-Fi,Mandarin,2026,4.1,Elena Reddy,97212311.28
2476,Rising Garden,Horror,Tamil,2025,8.5,Chris Kim,1052944.25
2477,Burning Kingdom,Horror,Korean,2003,6,Michael Sharma,1009061954
2478,Midnight Voyage,Adventure,Spanish,2016,7.2,Nina Smith,5192565.73
2479,Last Shadows,Adventure,English,2004,3.6,Wei Smith,14831512.55
2480,Lost Symphony,Romance,Portuguese,2007,7.1,Luis Silva,7885723
2481,Broken Flame,Animation,Portuguese,2004,5.2,Chris Lee,2630099825
2482,Wild River,Action,Spanish,1985,2.9,Nina Muller,14669856.12
2483,Forgotten Kingdom,Horror,Hindi,2002,6.3,Chris Costa,147279635.2
2484,Endless War,Crime,French,1995,2.6,David Sharma,4056452.32
2485,Frozen Flame,Action,Spanish,1983,6.8,Arjun Chen,11205656.97
2486,Endless Shadows,Action,English,2007,8.2,Priya Sharma,16983585.63
2487,Endless Path,Sci-Fi,Italian,2007,5.6,Maria Wong,4972864.89
2488,Shattered Island,Animation,Hindi,2018,5.7,Raj Muller,4761390.86
2489,Crimson City,Romance,Portuguese,2013,9.2,Sanjay Rossi,19772020.18
2490,Lost Heart,Thriller,French,2003,8.1,Maria Sharma,960287.79
2491,Crimson Island,Comedy,Spanish,1997,4.7,Sanjay Iyer,16607863.44
2492,Wild War,Sci-Fi,Hindi,2008,5.2,Priya Chen,7168681.71
2493,Rising Legacy,Comedy,English,2001,7.7,Sanjay Kumar,11764254.83
2494,Distant Voyage,Documentary,Hindi,1990,4.2,Nina Fernandes,13642589.4
2495,Golden War,Drama,Hindi,2016,3.2,Elena Lee,4250299.75
2496,Secret Voyage,Animation,English,2015,7.6,Luis Kim,19470883.62
2497,Lost Voyage,Action,English,2006,3.1,James Anderson,5533958.08
2498,Hidden Shadows,Drama,English,1984,4.9,Carlos Rossi,5231644.45
2499,Shattered Shadows,Animation,English,2013,7.1,Carlos Wong,10525169.86
2500,Hidden Island,Adventure,Hindi,1980,2.4,James Wong,9558133.31
2501,Hidden Flame,Documentary,English,1983,6.7,Maria Watanabe,11052259
2502,Hidden Kingdom,Comedy,English,1984,8.4,James Kim,152802721.6
2503,Forgotten River,Animation,French,1984,9.1,Luis Rossi,8210825.2
2504,Eternal War,Drama,Mandarin,2014,3.3,Raj Reddy,1193454514
2505,Secret City,Fantasy,English,2022,5,Nina Costa,15874262.85
2506,Lost Symphony,Comedy,English,2016,7.5,Emma Reddy,10948856.01
2507,Burning Horizon,Romance,Hindi,2020,5.8,Nina Muller,15328548.65
2508,Hidden Flame,Action,Korean,2004,4.9,Yuki Kapoor,4057434.68
2509,Lost Garden,Drama,Hindi,2004,8.9,Elena Fernandes,18928849.29
2510,Last Echo,Romance,Hindi,1982,9.2,Aiko Watanabe,135892575.6
2511,Burning Island,Crime,Hindi,2001,6.7,Sofia Sharma,9100321.53
2512,Dark City,Comedy,Telugu,2000,6.4,Hana Garcia,502836.56
2513,Sacred Shadows,Action,Korean,1994,6.9,Elena Reddy,10695629.51
2514,Eternal Horizon,Thriller,Korean,2019,7.9,Sofia Kumar,15948279.88
2515,Crimson War,Fantasy,Korean,1994,2.3,Emma Smith,4896304.82
2516,Crimson Journey,Romance,Italian,1993,9.5,Sofia Kapoor,14783661.08
2517,Eternal Path,Documentary,English,2019,7.1,Yuki Wong,13004893.54
2518,Rising Dream,Thriller,French,2003,4.6,James Watanabe,305874.99
2519,Lost Horizon,Animation,German,2026,6.8,Wei Garcia,3152104.28
2520,Midnight Kingdom,Documentary,Mandarin,2000,2.1,Hana Watanabe,2454144.68
2521,Distant Flame,Comedy,Hindi,2016,7,Carlos Rossi,11928042.49
2522,Forgotten Echo,Romance,Telugu,2013,9.2,Hana Kapoor,9839973.32
2523,Eternal Legacy,Adventure,Mandarin,2000,6.3,Emma Kumar,10672071.76
2524,Crimson Symphony,Thriller,English,2012,2.1,Luis Kumar,10193384.24
2525,Last War,Action,Japanese,2017,4.4,Luis Patel,9827584
2526,Secret Legacy,Thriller,Mandarin,1980,5,Anjali Kapoor,15535314.39
2527,Hidden Truth,Sci-Fi,English,2002,7.6,Luis Patel,9108255.81
2528,Endless Garden,Action,English,2007,9.3,Arjun Rossi,14474270.52
2529,Secret River,Thriller,Portuguese,1990,7.1,Anjali Muller,18573546.98
2530,Distant Heart,Adventure,English,1996,9.5,Sanjay Rossi,16820074.51
2531,Lost Island,Sci-Fi,Italian,1986,9.4,David Garcia,3279898.29
2532,Rising Island,Horror,English,2024,6.8,Elena Reddy,13058971.82
2533,Rising Echo,Sci-Fi,Korean,1989,4.3,David Costa,165570534.5
2534,Crimson War,Crime,English,1982,9.5,Arjun Rossi,9015389.56
2535,Dark Truth,Documentary,Italian,1984,6,Nina Sharma,15590452.46
2536,Dark Echo,Sci-Fi,Hindi,2004,2.2,Maria Lee,10235264.01
2537,Rising Island,Comedy,French,1990,5.8,Sofia Sharma,721288.94
2538,Dark Heart,Drama,Hindi,2021,2.9,Luis Fernandes,18155324.6
2539,Golden City,Comedy,Mandarin,2011,7.3,David Wong,9476227.54
2540,Rising Journey,Comedy,Spanish,1987,3,Chris Patel,10907006.23
2541,Frozen Shadows,Drama,English,1984,3.5,David Muller,14953095.94
2542,Forgotten Truth,Drama,English,2018,9.1,Sanjay Fernandes,16114227.61
2543,Golden War,Romance,Hindi,2025,4.2,Aiko Nolan,10120051.52
2544,Distant Empire,Action,Japanese,1995,4,David Watanabe,10447820.63
2545,Endless Path,Horror,Hindi,2006,4,Yuki Iyer,15320321.92
2546,Silent Journey,Romance,French,2025,3.2,Sofia Rossi,11762265.28
2547,Lost War,Crime,English,1984,2.1,Raj Wong,14367998.34
2548,Lost Flame,Romance,Portuguese,2005,6.8,Carlos Reddy,10022954.91
2549,Dark Path,Thriller,English,1997,8.2,Yuki Kim,62190841.06
2550,Lost Horizon,Adventure,Italian,1982,2.5,Maria Wong,12140412.7
2551,Distant Legacy,Comedy,Tamil,2006,8.1,Wei Silva,11051622.57
2552,Hidden Island,Thriller,Mandarin,2017,6.5,David Wong,7801585.22
2553,Broken Voyage,Romance,English,1996,7.7,Arjun Anderson,14109379.36
2554,Crimson Storm,Romance,English,1985,5.6,David Kapoor,6397725.5
2555,Distant Empire,Drama,Hindi,1995,6.6,Michael Watanabe,7637620.02
2556,Rising Dream,Drama,Japanese,2002,4.5,Chris Muller,13528962.72
2557,Rising Heart,Romance,Hindi,1982,4.7,Carlos Kumar,8186248.7
2558,Lost Kingdom,Thriller,English,1981,6.2,James Smith,29664603.72
2559,Sacred Flame,Thriller,English,1988,4.7,Anjali Anderson,167992845.2
2560,Forgotten Voyage,Sci-Fi,Korean,2015,9,David Reddy,13862374.73
2561,Rising Horizon,Drama,Hindi,2009,9.2,Hana Rossi,17298599.27
2562,Shattered Horizon,Thriller,English,2000,5.6,Chris Garcia,7299290.83
2563,Frozen Island,Animation,Korean,1983,6.8,Arjun Kumar,1184058334
2564,Last Garden,Sci-Fi,English,2025,9,David Kim,15909879.53
2565,Secret River,Comedy,Hindi,1982,4.7,Yuki Patel,140973908.7
2566,Wild Island,Horror,Spanish,2025,2.4,Raj Reddy,9527622.02
2567,Wild Journey,Horror,English,2025,7.3,Wei Smith,10077302.35
2568,Dark Dream,Romance,English,1994,6.4,Wei Rossi,16978744.67
2569,Forgotten Dream,Documentary,Korean,2006,5.1,Arjun Patel,16352068.35
2570,Golden Path,Animation,Spanish,1994,7.3,Raj Sharma,9100679.77
2571,Secret Kingdom,Thriller,Hindi,2000,8.8,Chris Wong,16463406.39
2572,Sacred Path,Horror,Japanese,2025,9.5,Sofia Chen,13332192.54
2573,Golden Shadows,Animation,Hindi,1999,3.8,Michael Garcia,391393.01
2574,Eternal Island,Crime,Korean,1997,8.3,James Wong,4751024.55
2575,Sacred Legacy,Horror,Hindi,1981,7.8,Yuki Smith,18326903.03
2576,Forgotten Empire,Comedy,Japanese,1981,3.2,Yuki Patel,1187803891
2577,Secret Shadows,Animation,French,1989,7.2,Nina Kim,16999151.89
2578,Silent Garden,Horror,English,2017,2.6,Sofia Iyer,6934439.41
2579,Wild War,Romance,English,1980,7,David Reddy,19266810.46
2580,Secret River,Fantasy,Japanese,1981,7.4,Wei Lee,7063355.17
2581,Rising Truth,Thriller,Hindi,1995,7,Raj Rossi,15874195.25
2582,Midnight Island,Action,English,2004,2.3,Maria Reddy,9400981.76
2583,Golden Journey,Action,English,2004,3.7,Luis Fernandes,98767922.61
2584,Lost Journey,Sci-Fi,French,1984,7,Elena Smith,49594652.84
2585,Frozen Truth,Sci-Fi,French,2019,5.6,Elena Fernandes,1105559.27
2586,Crimson Path,Animation,French,2026,8,Carlos Reddy,13424564.51
2587,Frozen Heart,Documentary,English,2014,9.2,Nina Costa,1834897.92
2588,Midnight Island,Sci-Fi,English,1991,8.8,Anjali Watanabe,31508860.25
2589,Wild Empire,Crime,Hindi,1983,8.6,James Lee,11886112.17
2590,Wild War,Crime,Tamil,2003,5.4,Sanjay Watanabe,17315166.91
2591,Crimson Flame,Comedy,Japanese,2001,8,Carlos Kim,582347.76
2592,Broken Truth,Sci-Fi,Mandarin,2010,5.4,Priya Smith,7718438.13
2593,Dark Symphony,Thriller,Spanish,2014,6.8,Arjun Silva,1738368609
2594,Silent Horizon,Sci-Fi,French,1994,2.4,Anjali Kim,94240.8
2595,Lost Island,Crime,Hindi,1994,3.9,Maria Lee,11060782.56
2596,Wild Horizon,Horror,Mandarin,2006,7.7,Sanjay Silva,15799501.08
2597,Wild Path,Comedy,Italian,1983,2.8,Aiko Watanabe,11442131.4
2598,Last Flame,Comedy,Telugu,2004,4.1,Priya Iyer,15155705.7
2599,Distant Storm,Romance,Hindi,1997,5.8,Raj Anderson,16129605.03
2600,Last Empire,Adventure,English,2016,6.7,Yuki Wong,10288339.56
2601,Lost Flame,Romance,Mandarin,2011,3.9,Priya Wong,9882954.83
2602,Endless Truth,Fantasy,Hindi,1997,4.8,Nina Watanabe,10550537.9
2603,Hidden Shadows,Action,Hindi,2018,6.5,Wei Rossi,16808215.6
2604,Eternal City,Comedy,Spanish,2006,7.8,Yuki Muller,19446396.58
2605,Lost River,Crime,English,1980,3.4,James Nolan,5913952.77
2606,Secret Garden,Action,Hindi,2023,8.6,Nina Sharma,9141809.39
2607,Hidden Kingdom,Animation,Portuguese,2001,4.7,Wei Iyer,634460.67
2608,Silent Voyage,Horror,English,1983,6.9,Hana Reddy,12778067.71
2609,Shattered Dream,Documentary,Hindi,2011,2.4,Arjun Kapoor,1800372.8
2610,Golden Voyage,Thriller,Spanish,1983,6.2,Nina Patel,7399281.75
2611,Rising Flame,Horror,English,2017,7.3,David Iyer,4861901.2
2612,Hidden Storm,Adventure,Telugu,1995,5.3,Sanjay Muller,17998717.77
2613,Frozen Empire,Adventure,Hindi,2002,7.8,Elena Chen,4105712.63
2614,Golden Kingdom,Horror,Telugu,2016,5.9,Arjun Nolan,9493077.9
2615,Secret Island,Sci-Fi,Hindi,1985,3.2,Michael Patel,13144382.18
2616,Broken Legacy,Animation,Hindi,2009,6.4,Arjun Kim,8246528.88
2617,Midnight Island,Horror,Hindi,2021,8,Maria Iyer,8933437.97
2618,Silent Storm,Adventure,English,1991,8.8,Yuki Reddy,5739724.56
2619,Frozen Shadows,Drama,Spanish,2019,2,Sofia Iyer,3777128.36
2620,Midnight Horizon,Horror,English,1988,5,Sanjay Garcia,241029.46
2621,Dark Shadows,Action,Korean,2005,7.8,Arjun Silva,10278872.5
2622,Frozen Journey,Crime,Tamil,2023,6.8,Anjali Watanabe,40880359.33
2623,Distant River,Fantasy,English,1993,5.5,Anjali Wong,15136988.87
2624,Wild Garden,Romance,English,2024,8.9,Emma Sharma,2967157.34
2625,Secret Flame,Thriller,Korean,1999,2.2,Maria Fernandes,3715742.56
2626,Secret Flame,Sci-Fi,Korean,2005,8.4,Luis Fernandes,10060599.66
2627,Endless Truth,Documentary,English,2018,9.2,Elena Nolan,16485125.54
2628,Wild Island,Horror,French,1992,8.9,Arjun Rossi,2410255340
2629,Lost Flame,Romance,Portuguese,1991,5.6,Anjali Kumar,4699856.41
2630,Crimson Heart,Action,Spanish,2016,3.2,Emma Iyer,135267165.8
2631,Dark City,Comedy,English,2023,6.2,Aiko Watanabe,529796.68
2632,Frozen Symphony,Animation,Hindi,1992,6.6,Luis Smith,11139700.4
2633,Hidden Shadows,Crime,Japanese,1991,6.8,Michael Kapoor,4377618.46
2634,Silent River,Action,Spanish,1985,8.4,Luis Chen,4463630.02
2635,Golden Journey,Adventure,Korean,2025,6.7,Maria Chen,12435506.39
2636,Broken Legacy,Romance,Japanese,2014,3.7,Carlos Watanabe,8124657.53
2637,Lost Dream,Drama,Telugu,1982,7.4,Sofia Lee,1440411873
2638,Crimson Legacy,Romance,Hindi,2020,4.6,David Patel,8884310.98
2639,Eternal Shadows,Adventure,English,2022,2.4,Luis Costa,19394794.95
2640,Distant City,Adventure,Hindi,2026,5.2,Hana Fernandes,17541132.53
2641,Silent Truth,Comedy,Italian,2003,6.4,Emma Watanabe,7695081.26
2642,Crimson Journey,Romance,Spanish,2001,5.7,Anjali Reddy,32413417.21
2643,Endless Journey,Drama,English,2012,3.6,Priya Chen,2150903.04
2644,Endless River,Comedy,English,1992,5.3,Sofia Rossi,13158520.97
2645,Hidden Voyage,Fantasy,German,2015,7.4,Nina Costa,10677057.56
2646,Frozen Shadows,Action,English,2010,6.2,Emma Wong,7249094.25
2647,Sacred Dream,Comedy,English,2010,6.8,James Chen,180731522.1
2648,Endless Empire,Sci-Fi,Hindi,2025,7.2,Raj Costa,17918942.7
2649,Eternal Journey,Horror,English,2005,8.7,Hana Iyer,2808517.45
2650,Rising Flame,Sci-Fi,English,1991,6.2,Luis Wong,15635607.86
2651,Frozen Horizon,Adventure,Mandarin,2023,8.1,Carlos Lee,18954025.09
2652,Sacred Flame,Comedy,English,1993,5,Carlos Watanabe,13873047.46
2653,Rising River,Action,Korean,2015,6.9,Wei Sharma,18602286.16
2654,Last Truth,Sci-Fi,English,1999,5.1,Luis Rossi,14798766.07
2655,Dark Flame,Comedy,Hindi,2007,6.6,Hana Kumar,19855094.69
2656,Last Flame,Crime,French,2016,2.1,Chris Costa,14385987.75
2657,Secret War,Thriller,Hindi,2004,6.3,Carlos Patel,11710700.77
2658,Secret Heart,Comedy,English,2013,8,Aiko Patel,5077501.37
2659,Rising Empire,Sci-Fi,French,2008,4,Yuki Garcia,3404540.9
2660,Shattered Heart,Romance,English,2005,5,David Rossi,138043043.2
2661,Endless Symphony,Animation,French,1987,7,Yuki Wong,14528765.79
2662,Crimson Symphony,Fantasy,Tamil,2023,8.6,Priya Sharma,19244366.71
2663,Last City,Thriller,Japanese,2005,8,Sanjay Chen,102508570.4
2664,Lost River,Adventure,Hindi,2018,2.1,Hana Costa,3486156.11
2665,Rising Shadows,Sci-Fi,Italian,2001,4,James Nolan,11704785.63
2666,Wild Empire,Animation,English,1998,9.3,James Rossi,13677169.32
2667,Sacred Horizon,Thriller,Korean,2012,8.9,Anjali Garcia,10147908.78
2668,Golden Echo,Romance,Mandarin,2023,6.9,Emma Reddy,17579801.01
2669,Eternal Truth,Animation,Hindi,2003,2.9,Priya Anderson,9082221.51
2670,Silent War,Adventure,English,2003,6.8,Michael Nolan,9852169.78
2671,Broken Shadows,Thriller,Portuguese,1989,8,Yuki Silva,11769475.29
2672,Burning Horizon,Animation,Japanese,1993,8.4,Elena Watanabe,103951755.1
2673,Frozen Garden,Horror,Mandarin,1992,4.7,Priya Kapoor,1348408.7
2674,Last Dream,Fantasy,English,2007,4,Chris Wong,16839984.63
2675,Crimson Island,Animation,Korean,2024,7.6,Chris Sharma,1289054.86
2676,Shattered Empire,Animation,English,2019,4,Carlos Wong,7134081.02
2677,Golden Horizon,Drama,French,2013,2.7,Elena Watanabe,40661313.03
2678,Eternal Path,Fantasy,Spanish,1983,6,Carlos Smith,10295092.5
2679,Sacred Voyage,Horror,Japanese,1993,3.1,James Nolan,8307843.78
2680,Last Island,Animation,Korean,1983,6.9,Anjali Kumar,16796878.8
2681,Wild War,Documentary,Korean,1997,4.5,James Wong,6860816.51
2682,Hidden Shadows,Crime,Spanish,2003,7.8,Arjun Iyer,8519166.92
2683,Dark Island,Drama,Hindi,2026,4.6,Yuki Nolan,8729071.65
2684,Secret Flame,Fantasy,Japanese,2001,5.3,Chris Wong,13263648.41
2685,Silent Island,Animation,Korean,2007,5.6,Yuki Kim,15420058.06
2686,Silent City,Comedy,Hindi,1990,4.4,Luis Rossi,17674965.7
2687,Distant Empire,Sci-Fi,English,1988,5.5,Priya Wong,13846671.16
2688,Endless Echo,Romance,English,2011,7.5,Carlos Nolan,96166547.41
2689,Golden Shadows,Crime,Telugu,1996,6.5,Maria Fernandes,13301260.91
2690,Distant Shadows,Adventure,German,1988,8.2,Emma Kapoor,15430796.89
2691,Sacred Garden,Comedy,English,2020,8.3,Arjun Patel,9267799.66
2692,Distant Journey,Crime,English,1985,8.2,Maria Iyer,1655157829
2693,Forgotten Garden,Horror,Spanish,1997,7.4,Raj Garcia,12732152.23
2694,Endless Storm,Crime,Italian,2007,9.1,Sofia Fernandes,144065321.7
2695,Sacred Echo,Animation,Hindi,2017,2.3,Luis Sharma,11957924.04
2696,Midnight Island,Drama,English,2008,9.1,Emma Smith,13556333.3
2697,Shattered Dream,Crime,Mandarin,2003,6.1,James Sharma,92216118.65
2698,Sacred Journey,Thriller,Tamil,2008,2.4,Wei Sharma,19573162.28
2699,Midnight Heart,Adventure,English,2007,4.1,James Anderson,2312357.99
2700,Forgotten Legacy,Thriller,Tamil,2014,2.1,Emma Garcia,3854204.08
2701,Rising Echo,Crime,Hindi,2025,2.2,Nina Nolan,8799353.49
2702,Shattered City,Horror,Korean,1987,4.2,Luis Reddy,3977701.12
2703,Forgotten Symphony,Sci-Fi,Hindi,2001,3.3,Maria Patel,4651367.95
2704,Silent Horizon,Fantasy,English,2007,8.1,Hana Patel,1775796.47
2705,Golden Empire,Thriller,French,2008,7.4,Arjun Wong,4905918.04
2706,Frozen Dream,Crime,Telugu,2001,6.5,Aiko Smith,2164207249
2707,Wild Legacy,Comedy,Korean,2006,5.4,Luis Rossi,179028348.8
2708,Endless Voyage,Crime,Tamil,1994,6.6,Nina Wong,15071615.68
2709,Broken Heart,Action,English,2004,6.7,Chris Kumar,4806770.15
2710,Frozen Empire,Documentary,Hindi,1997,7.2,Wei Chen,9340926.6
2711,Sacred Legacy,Action,Hindi,2021,3,David Sharma,18354494.01
2712,Distant Garden,Drama,German,2013,4,Luis Kim,19713777.18
2713,Burning Storm,Sci-Fi,Italian,2022,2.1,Arjun Fernandes,123019072.8
2714,Distant Kingdom,Adventure,Spanish,2007,5.5,Raj Sharma,7185458.03
2715,Wild Echo,Comedy,Spanish,1991,8.6,Chris Patel,10320472.21
2716,Wild Symphony,Documentary,Tamil,2001,5.1,Sofia Anderson,3962130.89
2717,Last Truth,Romance,Spanish,1982,6.3,Aiko Muller,132151505.7
2718,Wild Legacy,Crime,English,1992,6,Arjun Kapoor,120087068.7
2719,Endless Path,Fantasy,Hindi,2017,8.5,David Costa,7271306.44
2720,Frozen Echo,Drama,French,2006,8.2,Michael Wong,6840233.98
2721,Dark Horizon,Fantasy,Korean,2016,9.2,Anjali Kumar,7028012.19
2722,Crimson Truth,Drama,Spanish,1982,4.7,Nina Chen,4537425.65
2723,Crimson War,Thriller,English,2010,2.2,Hana Kim,5824304.89
2724,Lost Symphony,Fantasy,Japanese,1991,2.9,Maria Muller,14214225.87
2725,Sacred Shadows,Romance,English,2010,5.6,Arjun Sharma,8448544.13
2726,Rising City,Sci-Fi,Portuguese,2010,6.5,Maria Chen,15694828.96
2727,Dark Echo,Romance,Hindi,1982,3.5,James Sharma,2232938.1
2728,Dark Echo,Thriller,English,2021,8.5,Wei Reddy,9365443.58
2729,Last City,Crime,Spanish,1990,6.3,James Kapoor,11100740.31
2730,Endless Shadows,Action,German,2019,8.2,Priya Nolan,4367736.31
2731,Eternal War,Thriller,English,2001,4.2,Arjun Muller,17864219.8
2732,Distant Shadows,Adventure,English,1998,3.7,Emma Wong,1740776.87
2733,Broken Garden,Animation,Japanese,2002,6.4,Luis Fernandes,4416574.42
2734,Forgotten Horizon,Comedy,Hindi,2019,7.7,Priya Watanabe,7333675.14
2735,Frozen Truth,Action,English,2013,5.1,Wei Patel,12678670.41
2736,Golden Voyage,Romance,English,1985,6.4,Elena Fernandes,19257324.03
2737,Shattered Shadows,Crime,English,2023,7.8,Sofia Chen,7564908.12
2738,Distant Voyage,Romance,Japanese,2021,6.3,Nina Patel,168323265.6
2739,Secret Path,Adventure,English,1991,2.2,James Costa,17590868.45
2740,Last Garden,Romance,Korean,2001,8.7,David Kapoor,6535852.45
2741,Forgotten City,Fantasy,Hindi,2019,7.2,Chris Watanabe,10428300.75
2742,Sacred Truth,Animation,Spanish,2009,7.4,Raj Reddy,8788253.07
2743,Midnight Flame,Comedy,English,1984,3.8,David Fernandes,17081185.22
2744,Last Path,Adventure,English,1999,7.4,Aiko Chen,8350063.02
2745,Dark Voyage,Thriller,Japanese,1998,2.3,Priya Kumar,1240540.26
2746,Midnight Garden,Animation,English,1993,5,Nina Reddy,121496473.9
2747,Sacred Legacy,Action,Telugu,2006,7.1,Anjali Kapoor,18365492.33
2748,Last City,Fantasy,Portuguese,2004,6.6,Luis Garcia,18653773.31
2749,Endless Symphony,Action,Japanese,2026,3.5,Sofia Muller,12516738.93
2750,Rising Heart,Documentary,Mandarin,2005,8,David Smith,4530655.37
2751,Golden Kingdom,Comedy,English,2026,6.7,Raj Muller,14943753.1
2752,Broken War,Thriller,English,2015,6.5,Hana Silva,7597496
2753,Endless Legacy,Horror,English,1987,7.6,Michael Wong,13702841.82
2754,Dark Kingdom,Crime,Spanish,2001,2.9,Priya Chen,1300971.39
2755,Distant Flame,Action,Spanish,2003,5.5,Nina Watanabe,1282958970
2756,Last City,Comedy,Hindi,2019,5.5,Luis Kim,63945770.28
2757,Midnight Journey,Fantasy,Telugu,2020,2.5,Maria Garcia,19893919.81
2758,Last Echo,Action,English,2020,2.2,Sanjay Lee,10767853.58
2759,Golden Legacy,Comedy,Italian,2001,9.5,Carlos Iyer,479171.07
2760,Rising Legacy,Drama,English,1989,3.6,Chris Lee,31925268.05
2761,Crimson Truth,Thriller,English,1980,6.9,Michael Kumar,9490224.09
2762,Frozen Flame,Crime,Spanish,1983,7.8,David Rossi,63206.14
2763,Silent Voyage,Adventure,English,1987,3.1,Raj Costa,18767708.88
2764,Crimson Flame,Adventure,Korean,1994,4.7,Aiko Nolan,4368326.09
2765,Secret Empire,Romance,Hindi,2026,8.5,Sanjay Nolan,12037204.73
2766,Silent Flame,Comedy,German,1995,4.2,Sanjay Rossi,7136537.34
2767,Secret Truth,Adventure,English,1986,5.8,Sanjay Watanabe,2572878.83
2768,Sacred Flame,Animation,Mandarin,2017,5.3,Priya Wong,11987697.6
2769,Shattered Garden,Action,French,1998,7.6,Elena Watanabe,17861125.38
2770,Silent Voyage,Animation,English,1988,8.7,Priya Patel,4531790.07
2771,Hidden Storm,Thriller,Japanese,2005,4,Wei Smith,984854.36
2772,Sacred Voyage,Crime,Hindi,2016,4.1,Sanjay Iyer,13664563.2
2773,Midnight Echo,Thriller,Hindi,2003,4,David Smith,3544510.6
2774,Silent Island,Sci-Fi,Hindi,1993,5.7,Aiko Kapoor,13388924.41
2775,Midnight Island,Thriller,English,1984,4,Priya Sharma,10588114.43
2776,Dark Journey,Action,Korean,2014,9.4,Priya Wong,19780456.34
2777,Last Path,Romance,French,1985,6.3,Michael Muller,19293785.52
2778,Shattered Flame,Sci-Fi,English,2004,7.2,Wei Smith,186613.43
2779,Secret Path,Drama,English,2017,7.8,Anjali Fernandes,10082133.22
2780,Frozen Path,Fantasy,Mandarin,1982,2.8,Anjali Muller,17079179.07
2781,Crimson Legacy,Sci-Fi,Telugu,1996,6.7,Carlos Costa,7587814.05
2782,Shattered Symphony,Animation,Portuguese,2000,2.4,Sanjay Kumar,7404537.39
2783,Burning City,Romance,Japanese,1988,6.5,Sanjay Smith,74180333.18
2784,Midnight Storm,Horror,French,2023,9,Chris Wong,1887840776
2785,Wild Island,Thriller,Mandarin,2021,2.7,Chris Garcia,14069338.95
2786,Sacred Island,Comedy,English,2013,4.2,Emma Garcia,1801689134
2787,Wild Truth,Comedy,Hindi,1991,3.7,Nina Kapoor,14021126.45
2788,Secret City,Fantasy,English,2011,8.2,Anjali Iyer,164361289.6
2789,Distant Symphony,Thriller,Portuguese,1991,7.5,Luis Chen,6357482.65
2790,Broken Empire,Sci-Fi,Mandarin,2000,2.7,Maria Chen,7024886.2
2791,Distant Flame,Horror,Hindi,2008,3.5,Priya Kim,14194167.06
2792,Midnight Legacy,Documentary,Tamil,2006,5.3,Arjun Sharma,10936231.02
2793,Forgotten Legacy,Comedy,Korean,1988,6.8,Luis Fernandes,135119075.4
2794,Forgotten War,Thriller,English,1991,6.4,Raj Rossi,13554299.59
2795,Golden Empire,Romance,English,2023,4.8,Chris Reddy,5316877.56
2796,Silent War,Sci-Fi,Korean,2017,3,Chris Muller,149567109.6
2797,Broken Garden,Documentary,English,2019,3.9,Chris Patel,61396.4
2798,Silent Garden,Crime,Italian,1983,6.5,Chris Silva,19454444.78
2799,Hidden Legacy,Adventure,French,2009,7,Nina Fernandes,2529787.53
2800,Lost Island,Documentary,German,1982,8.4,Carlos Silva,1188032.45
2801,Silent Empire,Action,French,2006,5.3,Michael Costa,10495318.24
2802,Lost Legacy,Crime,Spanish,2025,6.6,Sofia Watanabe,7669519.16
2803,Hidden Journey,Horror,Spanish,1993,3.4,David Smith,17905843.02
2804,Shattered Horizon,Documentary,Mandarin,2023,8.7,Elena Wong,18570399.57
2805,Wild Storm,Crime,Tamil,2025,5.4,Luis Kapoor,9735280.47
2806,Shattered Echo,Animation,English,2009,8.5,David Costa,10256052.18
2807,Dark War,Drama,English,2006,3.2,Arjun Lee,10397617.79
2808,Burning Empire,Fantasy,English,1987,8.7,Nina Patel,9867724.2
2809,Sacred Symphony,Animation,Spanish,1984,2.2,Sofia Rossi,19889506.5
2810,Endless Shadows,Documentary,English,2013,2.5,Nina Sharma,2456593.8
2811,Broken Heart,Fantasy,Hindi,1980,6.1,Michael Lee,129833352.1
2812,Frozen City,Animation,English,1988,5.9,Sanjay Reddy,12175879.34
2813,Distant Voyage,Sci-Fi,French,1987,4.7,Priya Silva,5858842.69
2814,Crimson Dream,Crime,German,1984,3.1,Maria Wong,17533507.58
2815,Shattered Heart,Fantasy,English,2011,2.9,Raj Lee,12206339.04
2816,Rising Heart,Crime,French,1996,5.7,Wei Rossi,580669.62
2817,Secret Kingdom,Romance,English,1989,9.1,Wei Fernandes,14584663.82
2818,Frozen City,Crime,Hindi,2018,6.5,Maria Lee,15942995.37
2819,Silent War,Documentary,Korean,2008,3.3,Luis Sharma,2580038.68
2820,Frozen Heart,Thriller,Korean,2011,3.5,Luis Patel,8821634.1
2821,Frozen River,Drama,English,1996,8.6,Priya Sharma,8604840.45
2822,Distant Island,Fantasy,French,2011,2.3,Hana Iyer,9589525.57
2823,Dark Garden,Horror,Italian,1997,3.3,Raj Smith,4044037.58
2824,Secret Kingdom,Fantasy,English,2006,8,James Anderson,4199122.28
2825,Crimson Legacy,Animation,French,1993,6.4,Yuki Nolan,17403092.26
2826,Golden Heart,Thriller,Japanese,2006,7.9,Priya Kumar,7461304.24
2827,Sacred River,Drama,Telugu,2004,2.3,Arjun Fernandes,147090070.6
2828,Burning Voyage,Crime,English,1980,3.4,Wei Patel,5368624.11
2829,Burning City,Sci-Fi,English,1991,5.7,Nina Lee,13573297.72
2830,Endless Voyage,Fantasy,Hindi,1989,4.7,Yuki Watanabe,6572123.93
2831,Endless Garden,Adventure,Hindi,2022,7.4,Sofia Anderson,13873153.03
2832,Secret River,Thriller,German,2015,9.3,Emma Anderson,14579701.72
2833,Eternal Path,Sci-Fi,English,2003,3.8,Raj Rossi,11530991.08
2834,Distant City,Adventure,Korean,2012,2.1,Sanjay Muller,16359254.42
2835,Distant War,Action,Japanese,1994,2.9,Sanjay Muller,13275017.42
2836,Forgotten Flame,Crime,English,1981,6.7,Chris Chen,47176880.89
2837,Midnight Island,Adventure,Hindi,1981,6.4,Elena Kapoor,9664381.07
2838,Golden Empire,Romance,English,1985,4.2,Priya Costa,17051358.12
2839,Shattered Garden,Drama,English,2013,8.2,Luis Smith,7107077.84
2840,Last Legacy,Romance,Japanese,2010,4.1,Sofia Fernandes,2528063.26
2841,Distant Journey,Documentary,Hindi,2011,3.9,Anjali Chen,12060556.53
2842,Wild City,Horror,Tamil,2011,2.1,Emma Kapoor,13108848.96
2843,Rising Shadows,Adventure,English,2013,8,Nina Anderson,4856636.7
2844,Shattered Garden,Adventure,English,2001,3.6,Elena Chen,9072385.1
2845,Last Heart,Animation,French,2000,6,Michael Chen,149678.18
2846,Frozen Dream,Crime,English,1987,2.6,David Kumar,1208122.04
2847,Rising Flame,Crime,Telugu,1980,4.4,Wei Iyer,13024274.05
2848,Lost Island,Thriller,Italian,2000,8.8,Chris Chen,13310842.42
2849,Distant War,Adventure,French,1993,5.4,Luis Patel,1488338.88
2850,Broken Symphony,Animation,Mandarin,2002,4.4,David Costa,62349591.76
2851,Secret Storm,Crime,English,2017,2.2,Raj Reddy,1316556.5
2852,Dark Garden,Animation,Mandarin,2023,2.9,Arjun Fernandes,18602046.89
2853,Midnight Symphony,Adventure,English,2020,4.6,Wei Chen,13487596.55
2854,Burning Heart,Drama,Hindi,2007,7.6,James Sharma,6739576.35
2855,Forgotten Horizon,Comedy,Spanish,2006,7.3,Sofia Lee,60088970.95
2856,Eternal Truth,Thriller,French,2004,6.8,David Reddy,17157979.76
2857,Rising Shadows,Romance,Japanese,2025,6.6,Carlos Costa,2132653.03
2858,Wild Flame,Drama,Spanish,2015,5.1,Nina Lee,4473461.06
2859,Eternal Flame,Fantasy,Mandarin,1980,4.2,Yuki Kim,10201408.89
2860,Hidden Legacy,Comedy,Spanish,2013,6.9,Luis Kim,3100303.1
2861,Shattered Horizon,Adventure,French,2010,5.5,Sofia Iyer,19647995.02
2862,Broken Kingdom,Drama,English,2005,5,Emma Rossi,5490087.55
2863,Midnight Island,Documentary,English,2007,8.4,Sofia Rossi,11687933.82
2864,Eternal Horizon,Documentary,Tamil,2026,6.1,David Chen,4860951.97
2865,Lost War,Adventure,Korean,1991,5.6,James Lee,6717384.91
2866,Broken River,Animation,German,2002,3.7,David Garcia,10614972.9
2867,Wild Symphony,Horror,Italian,2013,9,James Rossi,13161494.1
2868,Rising Shadows,Adventure,Portuguese,1996,5.1,David Fernandes,10211910.14
2869,Lost City,Crime,Mandarin,2004,6.9,Raj Rossi,9638881.08
2870,Distant Voyage,Thriller,Telugu,2024,5,Michael Costa,13022669.68
2871,Sacred Dream,Comedy,English,1999,3.9,Aiko Kapoor,9871598.79
2872,Midnight Heart,Animation,Italian,2012,5.2,Carlos Kumar,10341328.27
2873,Endless Garden,Sci-Fi,Spanish,2014,9.2,Raj Smith,4067213.97
2874,Golden Legacy,Adventure,English,2018,4.9,James Kapoor,16365900.43
2875,Golden Legacy,Adventure,English,2019,2.7,Priya Smith,18724627.96
2876,Frozen Kingdom,Crime,Hindi,2021,5.5,Aiko Iyer,16819452.97
2877,Hidden Echo,Crime,Spanish,2006,3.5,Chris Kapoor,2637323.24
2878,Hidden Journey,Fantasy,Telugu,1992,7.2,David Reddy,6593490.05
2879,Distant War,Romance,Mandarin,2011,9.1,James Wong,198297840.6
2880,Crimson Flame,Romance,Portuguese,2019,6,Aiko Kim,6480702.67
2881,Lost Flame,Crime,English,2010,6.2,Anjali Reddy,13592320.93
2882,Hidden Garden,Animation,English,2005,8.7,Arjun Smith,1279269.45
2883,Dark Garden,Romance,Tamil,2006,5.4,Carlos Kumar,8290111.52
2884,Forgotten Echo,Comedy,Hindi,2000,7.8,Wei Iyer,16688507.21
2885,Crimson Horizon,Drama,English,2019,6.6,Raj Rossi,17687293
2886,Forgotten Echo,Crime,English,2003,6.4,David Garcia,12633986.72
2887,Rising River,Adventure,Korean,2025,2.2,Wei Wong,9860358.38
2888,Hidden Flame,Action,Tamil,1987,2.6,Priya Patel,18513357.4
2889,Broken Storm,Thriller,Japanese,2026,6.4,Raj Anderson,18799457.46
2890,Forgotten City,Animation,English,2005,3.6,Luis Costa,3794555.52
2891,Broken Truth,Comedy,Hindi,2002,5.5,Anjali Iyer,1958826.17
2892,Lost Echo,Thriller,English,2000,5.9,Emma Wong,14008778.09
2893,Wild City,Crime,English,1988,6.1,Michael Wong,9789698.84
2894,Wild Journey,Action,Mandarin,1995,4.3,Wei Costa,1689203.26
2895,Endless Horizon,Animation,English,2013,9.1,Maria Kumar,1270650.64
2896,Rising Echo,Documentary,English,1983,4.5,Raj Costa,38455533.85
2897,Distant Island,Animation,Korean,1984,8.3,Luis Garcia,11265166.05
2898,Shattered Legacy,Fantasy,English,1988,2.8,Chris Costa,15283310.96
2899,Eternal Horizon,Fantasy,Hindi,2002,2.8,Luis Smith,16350625.85
2900,Wild Path,Documentary,English,1996,5.3,Yuki Anderson,10524757.5
2901,Secret Horizon,Documentary,Telugu,2000,3.4,Raj Chen,109635167.9
2902,Wild Empire,Comedy,Japanese,2004,3.3,David Wong,19282986.3
2903,Burning Journey,Crime,Spanish,2009,2.2,Aiko Garcia,2184578.78
2904,Eternal Kingdom,Documentary,Hindi,2011,7.1,Yuki Iyer,2829857.94
2905,Frozen Garden,Crime,Japanese,2024,6.1,Nina Garcia,16544554.46
2906,Golden Voyage,Sci-Fi,Japanese,1992,8.7,Sanjay Fernandes,1193508814
2907,Sacred Island,Animation,English,1999,7.7,Yuki Watanabe,147302.56
2908,Hidden Empire,Adventure,English,2019,3.9,Arjun Smith,8912746.4
2909,Forgotten Legacy,Fantasy,English,2007,5.3,Carlos Patel,3730407.56
2910,Distant Dream,Crime,Hindi,2012,9.3,Priya Kim,3026170.94
2911,Last Voyage,Crime,Telugu,1996,7.3,Maria Costa,12817341.01
2912,Rising Flame,Comedy,Hindi,2021,2.7,Sofia Anderson,18994126.52
2913,Forgotten Dream,Drama,Mandarin,2008,4.2,Nina Sharma,1579571.79
2914,Secret Garden,Thriller,French,1991,7.4,Raj Nolan,2570562.13
2915,Burning Horizon,Romance,English,2015,5.5,Elena Kim,1395168.27
2916,Hidden Storm,Drama,Spanish,2017,3.4,David Sharma,3555444.55
2917,Lost Legacy,Horror,Portuguese,2005,6.5,Elena Silva,6521804.28
2918,Secret Flame,Drama,Hindi,1986,8.3,Michael Iyer,86298.44
2919,Broken Kingdom,Comedy,Hindi,1983,5.5,Arjun Reddy,8401496.49
2920,Lost Horizon,Romance,Mandarin,2023,5.8,Aiko Wong,7617821.31
2921,Dark Heart,Comedy,Hindi,1994,4.3,Anjali Costa,14660861.9
2922,Eternal Shadows,Crime,Italian,1988,7.6,Sofia Smith,16433327.87
2923,Distant Symphony,Horror,French,2003,2.9,Carlos Lee,6492398
2924,Shattered Dream,Thriller,German,1983,2.4,Sofia Patel,2983163.42
2925,Dark Heart,Action,Korean,2013,6.8,Sofia Lee,6439040.74
2926,Crimson Empire,Sci-Fi,Spanish,1983,3,Emma Chen,4552534.54
2927,Golden Island,Action,Spanish,2005,4.3,Elena Kapoor,1168251298
2928,Frozen Heart,Drama,Japanese,1995,7.2,Maria Anderson,12589549.06
2929,Secret Path,Horror,English,1994,7.8,Anjali Watanabe,17694662.63
2930,Silent Kingdom,Crime,Mandarin,2004,8.4,Nina Anderson,823283.89
2931,Forgotten Symphony,Thriller,Italian,1998,2.1,Wei Kim,16165938.31
2932,Golden Heart,Animation,Tamil,2003,6.4,Arjun Reddy,11079247.56
2933,Eternal Garden,Fantasy,Hindi,1984,4.9,Arjun Fernandes,3982307.35
2934,Golden Horizon,Sci-Fi,English,1991,7,Raj Patel,7351647.4
2935,Secret Shadows,Thriller,Portuguese,2008,6.4,Arjun Wong,4440883.36
2936,Burning Dream,Drama,English,2014,7.7,Anjali Muller,6292611.35
2937,Hidden Empire,Action,Hindi,2015,3.6,Anjali Nolan,19661739
2938,Last Voyage,Documentary,Hindi,2011,3.7,Elena Silva,4837249.56
2939,Hidden Shadows,Documentary,Hindi,2018,3.6,Arjun Silva,7638092.53
2940,Last Path,Horror,Italian,1992,7.8,Elena Silva,13100467.72
2941,Secret Flame,Adventure,Korean,1995,9.1,James Lee,1204539.11
2942,Burning Journey,Fantasy,English,2007,8.9,Nina Wong,10618382.45
2943,Sacred Journey,Thriller,English,2026,7.1,James Kim,10390887.82
2944,Rising City,Comedy,Japanese,2006,9.3,James Garcia,146788198.5
2945,Endless River,Drama,Hindi,2005,9.4,Hana Fernandes,15936582.51
2946,Sacred Empire,Drama,Mandarin,2001,2.3,Arjun Anderson,3863652.69
2947,Frozen Heart,Horror,French,2025,4.6,Priya Chen,17920207.38
2948,Dark Dream,Horror,Spanish,2009,3.5,Yuki Lee,18152737.62
2949,Golden Path,Horror,Portuguese,1999,5,Sanjay Reddy,67004957.86
2950,Dark Journey,Adventure,Spanish,2019,4,Emma Kumar,40225651.91
2951,Eternal Empire,Sci-Fi,Portuguese,2025,3.1,Maria Muller,12843594.27
2952,Midnight Garden,Animation,English,1997,4.5,Michael Reddy,15488142.82
2953,Last Echo,Thriller,Mandarin,1992,6.2,Anjali Costa,1463932.07
2954,Wild Empire,Thriller,English,1994,5.8,Elena Patel,11634932
2955,Sacred Kingdom,Action,Spanish,2010,9.4,Maria Anderson,68594072.63
2956,Forgotten Echo,Drama,Hindi,1993,5.4,Priya Anderson,18696591.6
2957,Secret War,Crime,English,2001,6.4,Carlos Patel,1412953.67
2958,Frozen Garden,Romance,Japanese,1990,4.3,Carlos Sharma,119089148.7
2959,Silent Heart,Fantasy,Portuguese,2013,8.6,Anjali Garcia,1414923.42
2960,Eternal City,Animation,English,2024,2.2,Hana Reddy,14690840
2961,Dark Kingdom,Comedy,Hindi,2002,2.9,Arjun Sharma,3517138.47
2962,Wild Journey,Action,Portuguese,2024,4,Arjun Fernandes,11482179.02
2963,Secret Path,Animation,English,1994,3.7,James Kim,12287033.43
2964,Sacred Truth,Documentary,Hindi,2007,4.7,Arjun Reddy,152251487.5
2965,Frozen Symphony,Adventure,Hindi,1990,4.2,Sanjay Kumar,18362435.9
2966,Burning Voyage,Crime,English,2022,3,Chris Iyer,11775877.16
2967,Lost Symphony,Thriller,English,1991,2.2,Michael Chen,18018460.57
2968,Hidden Dream,Adventure,English,2012,2.8,Hana Garcia,806719.95
2969,Crimson Island,Fantasy,French,2005,5.5,Sofia Rossi,10015167.98
2970,Endless Symphony,Thriller,English,1987,7.4,Nina Silva,5198578.13
2971,Shattered Truth,Drama,Hindi,2024,7.5,Sanjay Sharma,5842517.38
2972,Shattered Heart,Romance,Tamil,2008,6.9,Raj Kim,14758529.26
2973,Endless Kingdom,Thriller,Korean,1984,3.9,Michael Smith,187289280.2
2974,Lost Journey,Documentary,English,2017,2.2,James Iyer,18887953.91
2975,Endless Journey,Drama,Telugu,2010,4,Maria Wong,10146560.1
2976,Broken City,Crime,Italian,1990,9,Luis Wong,13078821.26
2977,Secret River,Romance,Telugu,1981,3,Wei Kim,7695988.93
2978,Golden Empire,Action,English,2004,5.4,James Wong,2177788.5
2979,Last Shadows,Fantasy,Korean,2019,2,Sofia Kumar,2308811.32
2980,Eternal City,Sci-Fi,English,1985,2.9,Yuki Garcia,11431547.3
2981,Midnight Legacy,Horror,French,2013,7.2,Priya Reddy,1934019.48
2982,Lost Voyage,Romance,English,2026,4.5,Raj Patel,636240.48
2983,Burning Truth,Animation,Tamil,2007,6.2,Yuki Rossi,7437917.42
2984,Wild Kingdom,Sci-Fi,Portuguese,1999,8.1,Sofia Sharma,14521113.56
2985,Midnight Dream,Romance,Spanish,2012,4.5,Anjali Anderson,16644087.11
2986,Rising Garden,Action,Spanish,1999,5.4,Chris Wong,11544349.95
2987,Rising Voyage,Thriller,Hindi,2010,8.3,Priya Kapoor,114560628.7
2988,Midnight Kingdom,Adventure,English,1995,8.3,Sanjay Rossi,17148856.71
2989,Forgotten Echo,Drama,Japanese,2022,3.8,Sanjay Anderson,221577.62
2990,Lost Dream,Fantasy,English,1990,9.1,Sofia Fernandes,18176912.66
2991,Frozen Shadows,Documentary,English,1987,2.8,Raj Kim,2572555.54
2992,Sacred Garden,Fantasy,Korean,1998,6.1,Sanjay Muller,1639078.65
2993,Wild Legacy,Action,Japanese,1981,3,Yuki Costa,17362268.57
2994,Last Journey,Documentary,Italian,2013,2.8,Carlos Muller,12379144.03
2995,Midnight Heart,Animation,Hindi,1990,5.8,Emma Anderson,117433745.6
2996,Golden Storm,Romance,Hindi,1982,6.9,Aiko Chen,11016706.91
2997,Silent Shadows,Fantasy,French,1993,6.9,Sanjay Costa,5744251.16
2998,Distant Echo,Fantasy,German,2023,3.3,David Costa,17679824.71
2999,Golden Island,Romance,Spanish,1999,7.2,Sofia Kapoor,10160431.59
3000,Silent Dream,Sci-Fi,Portuguese,1997,6.6,David Nolan,6144602.38
3001,Shattered Voyage,Animation,Spanish,2014,7.9,Anjali Fernandes,3866183.81
3002,Wild Voyage,Action,French,1981,9.3,Arjun Rossi,10933025.5
3003,Crimson Storm,Drama,Tamil,2010,9.4,David Kim,10290064.13
3004,Hidden Path,Sci-Fi,Mandarin,1993,3.5,Arjun Silva,11229767.32
3005,Eternal Legacy,Action,Spanish,2020,7.8,Yuki Silva,15893343.89
3006,Crimson Path,Romance,Japanese,2003,8.7,Hana Rossi,5803681.96
3007,Hidden Island,Fantasy,Hindi,2002,8,Nina Garcia,27187629.78
3008,Golden Dream,Adventure,Korean,1989,5.8,David Kumar,19780044.98
3009,Burning Echo,Romance,Hindi,2009,7.1,Emma Fernandes,16370996.82
3010,Golden Garden,Horror,Telugu,1996,2.6,Arjun Costa,6359022.74
3011,Distant Journey,Fantasy,English,2003,7.8,Anjali Sharma,16887251.83
3012,Midnight Echo,Sci-Fi,Hindi,2011,5.8,Sanjay Wong,2492975.07
3013,Golden Horizon,Horror,Hindi,2001,6.7,James Silva,14043140.45
3014,Wild River,Horror,English,1997,2.9,Wei Wong,12555357.21
3015,Frozen Truth,Action,English,2017,5,Michael Muller,6102052.5
3016,Dark Legacy,Horror,Korean,2005,2.2,Emma Smith,163318277
3017,Midnight Storm,Drama,Hindi,2022,2.7,Sofia Kumar,8204439.91
3018,Forgotten Garden,Fantasy,French,2023,2.6,Anjali Smith,17182443.49
3019,Lost Island,Documentary,Hindi,1997,6,Emma Iyer,5119785.53
3020,Crimson River,Horror,Spanish,2005,5.6,Anjali Watanabe,6459054.11
3021,Sacred Symphony,Sci-Fi,Hindi,1983,3,Wei Sharma,2610408.44
3022,Burning War,Action,Spanish,2013,5.9,Maria Sharma,16009102.75
3023,Forgotten Storm,Horror,English,1982,7.5,Hana Chen,76653701.58
3024,Lost Legacy,Crime,Japanese,1994,7.2,David Fernandes,18496316.05
3025,Burning Journey,Comedy,Korean,2007,2.2,David Garcia,2286979.55
3026,Hidden Garden,Action,Spanish,2021,2.1,Priya Smith,18275925.15
3027,Frozen Empire,Action,Portuguese,2012,4.2,Yuki Fernandes,1551346.25
3028,Rising Voyage,Crime,English,2016,6.4,Nina Muller,14074555.62
3029,Hidden War,Romance,German,2005,7.5,Anjali Kim,16988351.18
3030,Lost Truth,Horror,Italian,2010,4.5,Nina Anderson,5887991.61
3031,Burning Voyage,Adventure,Hindi,2023,8.9,Luis Rossi,17144563.22
3032,Sacred Horizon,Fantasy,English,2005,4.7,Nina Wong,19771905.72
3033,Shattered Heart,Action,Portuguese,1992,8.1,Sanjay Patel,9555033.6
3034,Burning Legacy,Horror,Telugu,2003,2.9,Chris Reddy,152231072.3
3035,Broken War,Action,Hindi,2001,3.8,David Garcia,581928.35
3036,Midnight Dream,Horror,Korean,2023,6.8,Sanjay Sharma,10068714.91
3037,Lost River,Horror,English,1992,6.5,Chris Nolan,11540203.63
3038,Frozen Empire,Comedy,Telugu,2001,8.9,Sofia Sharma,8685044.29
3039,Secret Horizon,Horror,English,1980,3.2,Arjun Costa,10372533.5
3040,Dark Storm,Crime,English,2014,6.8,Aiko Patel,83735146.52
3041,Hidden War,Sci-Fi,Hindi,2002,8.2,Arjun Sharma,15303925.9
3042,Golden Kingdom,Horror,Mandarin,2004,3.5,Sofia Smith,9787078.83
3043,Shattered Heart,Drama,English,1996,5.5,Nina Sharma,10319817.47
3044,Midnight Heart,Adventure,English,2007,5.2,Sofia Sharma,2866421.36
3045,Golden Symphony,Documentary,Portuguese,2002,5.4,Maria Muller,49518316.27
3046,Rising Horizon,Comedy,Telugu,2026,5.3,Sanjay Wong,560735.78
3047,Wild Dream,Drama,Hindi,2009,5.7,Hana Lee,8755342.9
3048,Forgotten Symphony,Action,Portuguese,1983,7.1,James Rossi,1541698200
3049,Endless Journey,Drama,Spanish,2016,3.3,Arjun Kumar,4715357.03
3050,Forgotten Dream,Documentary,Italian,2019,8.1,Hana Smith,17441094.32
3051,Wild Horizon,Sci-Fi,Telugu,2026,5.1,Anjali Muller,1362245.06
3052,Silent War,Animation,English,2024,8.9,Yuki Patel,8374076.82
3053,Sacred Dream,Crime,French,1997,9.4,Nina Kumar,1129123.55
3054,Midnight Truth,Comedy,English,2006,5.8,Yuki Watanabe,2799598.24
3055,Wild Kingdom,Thriller,English,2025,6.7,James Watanabe,19213125.02
3056,Shattered Journey,Comedy,German,1989,4.6,Wei Wong,18965138.45
3057,Secret Empire,Sci-Fi,English,1993,2.3,Sofia Anderson,5266961.86
3058,Rising Empire,Animation,Hindi,1990,6,Arjun Garcia,9708919.28
3059,Endless Shadows,Action,German,2022,5.8,Emma Iyer,10440519.5
3060,Lost Island,Comedy,Portuguese,2017,7.4,James Sharma,18838463.97
3061,Silent Horizon,Horror,Hindi,1984,3.6,Wei Costa,16905380.43
3062,Forgotten War,Documentary,Tamil,1992,6.9,Hana Silva,14431297.79
3063,Crimson Legacy,Drama,English,2016,5.6,Hana Fernandes,93050670
3064,Wild Voyage,Romance,Telugu,2026,9.2,Anjali Kapoor,2191065.61
3065,Rising Kingdom,Thriller,English,2003,5.5,Michael Kim,7111475.49
3066,Shattered Empire,Crime,English,1986,6.7,David Wong,18271758.06
3067,Silent Journey,Documentary,English,2021,3.2,Arjun Fernandes,16074817.87
3068,Lost City,Thriller,Hindi,2022,5.4,Maria Iyer,5971891.82
3069,Distant Symphony,Horror,English,1995,3.8,Priya Kim,17631513.55
3070,Lost Voyage,Documentary,English,1985,4.1,Aiko Wong,16567503.44
3071,Sacred Journey,Animation,English,2013,5.9,Luis Nolan,7104384.8
3072,Rising Island,Comedy,Tamil,1983,7,Emma Fernandes,10320503.77
3073,Hidden Echo,Romance,Hindi,2015,2.7,Arjun Costa,106874312
3074,Frozen Truth,Adventure,Hindi,2008,2.3,Carlos Rossi,2199661.23
3075,Sacred Horizon,Horror,Tamil,2016,5.9,Carlos Lee,19617850.8
3076,Golden Voyage,Thriller,Japanese,2004,8,Hana Iyer,2018173.63
3077,Golden City,Action,Hindi,2005,4.5,Hana Reddy,15669777.22
3078,Shattered Truth,Horror,German,1990,9.1,Anjali Patel,9317105.99
3079,Eternal Heart,Crime,English,1987,9.3,Yuki Kumar,16633020.7
3080,Dark Legacy,Crime,Spanish,1982,6.3,James Chen,8861930.84
3081,Burning Echo,Horror,Spanish,2007,6,Emma Iyer,11472996.8
3082,Forgotten City,Fantasy,Japanese,1989,7.2,Arjun Kim,345266.66
3083,Shattered Storm,Sci-Fi,Telugu,1983,2.4,Emma Costa,1626083.44
3084,Dark Dream,Crime,Spanish,1983,6.3,Luis Lee,27009644.85
3085,Dark Island,Thriller,Korean,1990,8.1,Emma Nolan,18275039.16
3086,Eternal Legacy,Horror,Japanese,2017,7.1,Luis Silva,7883581.68
3087,Lost Shadows,Crime,Hindi,2001,4.1,Wei Iyer,190227904.2
3088,Forgotten Shadows,Drama,French,1992,6.6,Maria Kim,2960914.48
3089,Endless Dream,Adventure,Spanish,2024,3.8,Arjun Silva,19307741.45
3090,Frozen Voyage,Action,Portuguese,2010,5,Nina Chen,5317417.82
3091,Secret Horizon,Documentary,English,2007,3.7,Raj Kumar,17264654.59
3092,Last Flame,Adventure,English,1984,3.5,Michael Iyer,4358128.47
3093,Lost Legacy,Action,English,1995,4.5,Yuki Reddy,8042214.97
3094,Distant Truth,Fantasy,English,1994,3,Nina Smith,9881242.79
3095,Eternal Flame,Crime,French,1998,4.8,Nina Garcia,248050.78
3096,Rising Flame,Romance,Korean,1994,2.8,Maria Kim,343156.81
3097,Secret Kingdom,Animation,Japanese,2000,3.2,Yuki Sharma,138205776.9
3098,Midnight Journey,Adventure,Korean,1995,8.3,Luis Muller,13380146.66
3099,Golden Empire,Sci-Fi,English,2005,3.6,Michael Lee,133687392.4
3100,Frozen Flame,Adventure,Japanese,2014,7.4,Carlos Chen,9325774.9
3101,Silent Garden,Animation,English,1985,6.4,Maria Smith,6226972.69
3102,Forgotten Shadows,Comedy,German,2012,7.6,Elena Kumar,14253014.47
3103,Rising Garden,Thriller,German,2000,6.5,Elena Lee,12726118.49
3104,Dark War,Romance,English,2017,6.7,Arjun Smith,17993090.39
3105,Eternal Heart,Action,Hindi,2010,8.2,Carlos Muller,12453337.48
3106,Golden Storm,Thriller,Spanish,2007,3.4,Hana Rossi,9268709.09
3107,Forgotten Journey,Animation,Japanese,2002,4.2,Aiko Nolan,19844376.99
3108,Sacred Dream,Horror,French,2001,3.9,Aiko Iyer,8150217.2
3109,Forgotten River,Animation,English,1991,7.1,Emma Kapoor,5204940.12
3110,Dark Heart,Drama,Tamil,2006,3.4,Maria Costa,18915982.65
3111,Broken Legacy,Action,English,2012,6.5,Wei Iyer,2782877.65
3112,Lost Shadows,Documentary,Hindi,2017,3.4,David Reddy,1267958.19
3113,Endless Shadows,Horror,Spanish,2007,4.8,Priya Patel,10718373.73
3114,Sacred Echo,Comedy,English,1991,4.1,Michael Wong,15015466.27
3115,Burning Heart,Horror,Hindi,1994,2.4,Sofia Muller,5883243.09
3116,Forgotten Garden,Thriller,English,1994,9,James Kapoor,9079907.84
3117,Lost Garden,Thriller,English,1984,8.2,Wei Lee,255279.55
3118,Secret Storm,Action,Portuguese,2000,5.7,Carlos Rossi,3025415.51
3119,Secret Garden,Comedy,English,1990,3.9,Hana Smith,17507984.76
3120,Sacred Island,Fantasy,German,1980,6.8,Hana Lee,18406936.82
3121,Sacred Shadows,Romance,Hindi,1981,8.8,Wei Wong,5956932.66
3122,Frozen Path,Adventure,Hindi,1982,2.5,Yuki Chen,4172155.61
3123,Rising Truth,Animation,Hindi,2000,4.5,David Sharma,9337560.5
3124,Silent River,Animation,English,1996,8,Raj Sharma,39006250.47
3125,Secret Dream,Romance,English,2021,3.4,Aiko Fernandes,3515880.1
3126,Wild Legacy,Crime,Hindi,2000,7.5,Michael Sharma,10294714.45
3127,Rising Kingdom,Drama,French,2004,5.3,Aiko Smith,17475643.98
3128,Forgotten Echo,Crime,Hindi,2024,4.7,Emma Sharma,19438938.53
3129,Last Truth,Comedy,Hindi,1982,3.7,Raj Reddy,13115122.14
3130,Wild Island,Comedy,Spanish,2023,4.3,Elena Anderson,9171935.89
3131,Dark Voyage,Horror,Portuguese,1984,9.4,Hana Muller,1897805.35
3132,Endless War,Crime,Spanish,2022,8.1,Sofia Anderson,13798790.76
3133,Endless River,Documentary,English,2009,8.1,Sanjay Smith,10623962.74
3134,Eternal Journey,Adventure,Korean,1981,7.1,Chris Costa,2970423.67
3135,Golden Storm,Adventure,Portuguese,2022,6.1,Michael Lee,8031166.07
3136,Midnight Horizon,Comedy,Tamil,2006,4.8,David Chen,4784816.75
3137,Eternal Shadows,Action,German,2018,7.8,David Nolan,40294669.06
3138,Secret Truth,Action,German,1988,2.3,Elena Rossi,244646.41
3139,Distant Dream,Sci-Fi,Hindi,1983,7.5,Chris Kumar,2084676.33
3140,Burning Flame,Documentary,Spanish,1994,7.6,Sanjay Kapoor,16769019.18
3141,Eternal Flame,Sci-Fi,Spanish,2007,6.6,Michael Sharma,1194930.11
3142,Crimson Kingdom,Thriller,Korean,2021,3.7,Hana Silva,11039370.71
3143,Forgotten Horizon,Crime,English,2004,7,Anjali Silva,17715820.64
3144,Dark Flame,Animation,English,1994,3.5,Yuki Chen,6933567.83
3145,Shattered Kingdom,Documentary,Hindi,2007,2.7,Maria Muller,2202782128
3146,Hidden War,Documentary,English,2003,8.6,Michael Kim,10453749.39
3147,Last Journey,Adventure,French,2014,2.6,Maria Patel,15150898.09
3148,Shattered Legacy,Action,French,2020,3.3,Sanjay Kapoor,11925537.73
3149,Crimson City,Fantasy,French,2009,9.3,Carlos Smith,3674898.87
3150,Forgotten Path,Fantasy,Spanish,2023,3.3,Michael Wong,13895060.25
3151,Eternal Flame,Comedy,Hindi,2016,5.1,Yuki Fernandes,18267142.65
3152,Rising Heart,Documentary,Korean,2004,8.9,Elena Anderson,49177005.5
3153,Eternal Shadows,Romance,English,2023,8.9,Michael Sharma,4697245.93
3154,Dark Dream,Animation,Japanese,2005,2.7,Michael Lee,7545725.38
3155,Silent Echo,Documentary,English,1985,8.9,James Silva,5152533.93
3156,Wild Truth,Drama,Tamil,2000,8.9,Emma Silva,1315439.95
3157,Wild River,Fantasy,English,2002,3.2,Priya Fernandes,2246905.25
3158,Golden Kingdom,Fantasy,English,2014,2.6,James Muller,113258982.8
3159,Burning War,Fantasy,Hindi,1990,4.6,Elena Chen,7519701.43
3160,Golden Heart,Romance,Tamil,2010,7.3,Anjali Muller,6727925.81
3161,Golden Legacy,Adventure,English,2024,3.8,Luis Fernandes,3943825.75
3162,Frozen Echo,Sci-Fi,Hindi,1982,4.6,Raj Patel,6618116.33
3163,Midnight Dream,Animation,Spanish,2003,2.9,Maria Reddy,8065444.2
3164,Lost War,Drama,French,2005,3.9,Sofia Anderson,8385208.24
3165,Rising Heart,Horror,Hindi,1996,3.7,Michael Chen,2165865.62
3166,Burning City,Crime,English,2020,5.8,Luis Costa,14777973.23
3167,Rising River,Sci-Fi,Tamil,1980,2.5,Nina Watanabe,5214832.06
3168,Shattered River,Animation,Hindi,1992,3.8,Sanjay Anderson,5954034.09
3169,Broken Echo,Fantasy,Korean,2020,5.7,Chris Kumar,13215408.46
3170,Frozen Kingdom,Drama,Hindi,1990,3.7,Maria Watanabe,4884398.18
3171,Sacred Heart,Romance,Hindi,1981,2.8,James Lee,15774963.09
3172,Forgotten Empire,Horror,Hindi,2011,3.3,Luis Sharma,498117183.8
3173,Eternal River,Adventure,Spanish,1982,2.8,Sofia Kumar,5734514.12
3174,Midnight Path,Thriller,Japanese,1997,3.5,Elena Fernandes,182806787.4
3175,Sacred Shadows,Action,French,2023,3.7,Aiko Watanabe,73734325.14
3176,Dark Garden,Documentary,English,1989,3.8,James Sharma,15619898.92
3177,Shattered Legacy,Fantasy,Spanish,1994,6.2,Carlos Garcia,19557614.01
3178,Dark Heart,Fantasy,German,1980,6.3,Maria Iyer,17740709.58
3179,Dark Voyage,Horror,Hindi,2019,3.5,Arjun Rossi,149259329.8
3180,Golden Dream,Romance,Spanish,1992,2.6,Sanjay Smith,930692450.3
3181,Golden War,Romance,Tamil,1997,5.3,Aiko Patel,36367999.21
3182,Burning City,Drama,Mandarin,2007,9.2,Raj Sharma,7565630.75
3183,Hidden Journey,Adventure,Portuguese,1993,7.7,Raj Sharma,6679634.45
3184,Distant Shadows,Comedy,English,1990,8.5,Sofia Muller,66534355.36
3185,Broken Echo,Sci-Fi,French,2011,3.7,Raj Patel,14254614.26
3186,Broken War,Documentary,English,1996,5.2,Priya Smith,7764179.51
3187,Dark Flame,Sci-Fi,English,2003,6.8,Hana Kapoor,15325893.83
3188,Golden Empire,Crime,Portuguese,1988,6.8,David Costa,3756186.07
3189,Broken Island,Fantasy,English,1986,8.6,Aiko Smith,13937764.24
3190,Silent Kingdom,Documentary,Korean,2015,8.7,Anjali Wong,9507804.88
3191,Dark Island,Fantasy,French,2009,8.3,Chris Nolan,13893118.73
3192,Last River,Horror,English,2025,3.2,Carlos Kim,18072925.57
3193,Forgotten Path,Drama,English,2015,6.2,David Kim,8215852.14
3194,Distant Legacy,Crime,English,1984,5.5,Anjali Sharma,9126346.03
3195,Last Symphony,Action,Spanish,1987,6,Raj Rossi,5822585.25
3196,Secret Flame,Sci-Fi,Hindi,2017,4.6,Luis Kapoor,9970615.27
3197,Dark Storm,Documentary,Tamil,2010,6.6,Sofia Lee,7161471.64
3198,Shattered Garden,Horror,Hindi,2012,8.1,Hana Garcia,5043861.59
3199,Crimson River,Animation,German,2010,5.9,Sofia Wong,9717878.92
3200,Silent Symphony,Thriller,Tamil,2003,8.9,Wei Anderson,19064547
3201,Crimson Garden,Fantasy,Spanish,2004,3.9,James Anderson,2230020.13
3202,Midnight Flame,Animation,Hindi,1985,8.8,Yuki Muller,16142435.61
3203,Forgotten City,Action,French,1981,8,Arjun Garcia,18139962.52
3204,Secret River,Adventure,English,2020,4.4,David Sharma,8630443.56
3205,Forgotten War,Adventure,French,1990,5.7,Aiko Fernandes,3711239.37
3206,Hidden Journey,Drama,Portuguese,1988,7.2,Emma Garcia,16182276.26
3207,Last Voyage,Fantasy,English,2011,4.1,Carlos Kapoor,14093101.53
3208,Rising Symphony,Horror,English,2017,9.2,Maria Anderson,19144554.26
3209,Distant War,Comedy,French,2001,3.3,Yuki Rossi,4005329.43
3210,Distant Voyage,Romance,Portuguese,1986,6.3,James Chen,619270.16
3211,Frozen Storm,Fantasy,Mandarin,2016,7.4,James Fernandes,11571020.63
3212,Broken River,Documentary,English,1982,5.7,Michael Wong,2763071539
3213,Crimson Symphony,Crime,Spanish,2015,7.8,David Wong,1197607125
3214,Shattered Storm,Crime,Spanish,2005,2.1,Elena Garcia,1290068.8
3215,Endless War,Comedy,Mandarin,2009,8.7,Raj Kumar,107037756.6
3216,Golden City,Horror,Telugu,1986,8.4,Priya Anderson,12523793.42
3217,Rising Garden,Documentary,Korean,2003,4.8,James Muller,177373525.6
3218,Hidden Heart,Documentary,English,2019,2.9,Chris Sharma,10448929.68
3219,Broken Truth,Animation,English,2025,3.8,James Nolan,1094597455
3220,Distant Truth,Animation,English,2017,3.5,Arjun Kumar,113601018
3221,Endless Kingdom,Action,English,1983,9.4,Carlos Chen,6959202.02
3222,Burning Empire,Animation,Telugu,1992,7.7,Yuki Kim,6511750.91
3223,Crimson Kingdom,Romance,Hindi,1982,7.4,Carlos Lee,7236188.76
3224,Secret Heart,Drama,Japanese,1996,4.7,Nina Rossi,16815592.39
3225,Midnight Dream,Romance,Telugu,1990,8,Maria Kapoor,5204539.91
3226,Midnight Shadows,Comedy,English,1982,4.1,James Kim,17082669.12
3227,Frozen Kingdom,Crime,Japanese,2013,6.5,Yuki Silva,6761827.92
3228,Forgotten Shadows,Comedy,Hindi,2018,2.7,Sofia Lee,3317358.23
3229,Endless Horizon,Fantasy,English,1980,5.3,Wei Muller,16721210.93
3230,Silent Voyage,Comedy,English,2020,3.5,Sofia Watanabe,14929509.87
3231,Frozen Empire,Drama,Korean,2000,8.6,Luis Kumar,11380049.75
3232,Eternal Truth,Crime,Italian,2001,4.9,James Kim,398830.63
3233,Burning Heart,Documentary,English,1981,2.2,Wei Nolan,1083772232
3234,Wild Heart,Fantasy,German,1998,2.1,James Kim,619835.46
3235,Last Shadows,Thriller,Spanish,1992,8.9,Hana Iyer,63159463.83
3236,Dark Symphony,Crime,English,2001,3.8,Sofia Sharma,9066992.41
3237,Eternal Storm,Animation,French,2022,2.1,Luis Anderson,8891057.21
3238,Rising Island,Comedy,Spanish,1997,5.8,Maria Kim,187978831.3
3239,Burning Garden,Romance,Hindi,2011,6,James Costa,16786850.81
3240,Rising Truth,Fantasy,English,2016,3.5,Anjali Patel,5161678.78
3241,Sacred Legacy,Fantasy,Spanish,2006,7.8,Aiko Kapoor,11300892.9
3242,Golden Shadows,Sci-Fi,Spanish,1982,8.2,Sanjay Patel,112689263.5
3243,Broken Dream,Documentary,English,2003,6.5,Luis Reddy,644571.88
3244,Forgotten Truth,Comedy,Telugu,2014,3.2,Carlos Fernandes,11486056.71
3245,Lost Horizon,Animation,English,1996,3.8,Wei Muller,13603092.78
3246,Shattered City,Sci-Fi,English,2006,3.7,James Reddy,7508316.54
3247,Forgotten Voyage,Animation,English,1987,6.2,Sanjay Chen,13798667.34
3248,Shattered Heart,Adventure,Mandarin,2002,2.7,Wei Sharma,4032740.17
3249,Sacred War,Horror,Spanish,2008,6.7,Nina Lee,16531514.75
3250,Endless Dream,Fantasy,French,1999,2.1,Priya Nolan,10701057.76
3251,Forgotten Dream,Sci-Fi,Japanese,2001,7.3,Sofia Nolan,18186482.78
3252,Hidden Echo,Animation,Spanish,2004,7.5,Nina Anderson,15940170.06
3253,Eternal Island,Action,Spanish,2025,3,Chris Kim,3442509.7
3254,Burning War,Crime,Korean,2018,6.2,Luis Fernandes,13261989.75
3255,Eternal Path,Comedy,English,2008,3.4,Elena Nolan,1464393.41
3256,Wild Garden,Thriller,French,1996,2.2,Maria Smith,4953643.6
3257,Shattered Shadows,Thriller,English,1994,4.5,Sofia Chen,68845884.19
3258,Forgotten Path,Drama,English,2008,4.5,Maria Wong,4391108.64
3259,Midnight Truth,Sci-Fi,Hindi,1998,5.6,Wei Costa,11847589.67
3260,Burning Garden,Drama,Italian,2019,7,Aiko Wong,6566403.04
3261,Distant War,Sci-Fi,Japanese,2024,6.3,Yuki Reddy,14384163.14
3262,Rising Journey,Comedy,Spanish,2001,7.4,Emma Kapoor,17118066.8
3263,Silent City,Fantasy,Hindi,2017,9.3,Elena Rossi,13953918.95
3264,Wild Flame,Comedy,English,2004,8.1,Maria Chen,880930.78
3265,Lost War,Comedy,English,2008,9.3,Hana Iyer,559181.08
3266,Dark Garden,Adventure,English,1992,8.3,Luis Anderson,15584791.78
3267,Hidden Symphony,Animation,Tamil,2007,7,Luis Nolan,154806656.7
3268,Burning Path,Animation,German,1980,8.1,Hana Garcia,17999411.8
3269,Burning War,Fantasy,German,1989,8.1,Wei Smith,4659446.86
3270,Distant Kingdom,Drama,Italian,1982,4.6,Aiko Lee,58498030.53
3271,Sacred Shadows,Comedy,English,2021,3.8,Wei Kapoor,31427289.34
3272,Golden War,Crime,Spanish,2017,9.4,Michael Chen,115525332.7
3273,Shattered Garden,Comedy,English,2003,5.6,Elena Wong,8495854.65
3274,Hidden War,Adventure,English,2024,7.5,Michael Wong,1640937622
3275,Distant Empire,Sci-Fi,Telugu,2025,8.4,Sanjay Nolan,800463.65
3276,Lost Dream,Documentary,Spanish,1991,7.2,Carlos Watanabe,12665669.4
3277,Burning City,Documentary,Hindi,1982,4.5,Raj Sharma,18425194.29
3278,Silent Empire,Thriller,English,2018,8.8,David Kumar,91100744.87
3279,Endless Voyage,Action,German,1981,8.1,Priya Nolan,9215037.85
3280,Midnight Legacy,Horror,Spanish,1981,2.3,Sanjay Chen,5804088.02
3281,Silent Island,Adventure,English,2016,8.5,Hana Muller,17007843.44
3282,Lost Storm,Action,Spanish,2012,7.6,James Wong,17654370.63
3283,Rising Heart,Documentary,English,1990,9.2,James Smith,5274823.94
3284,Dark Echo,Thriller,Japanese,2019,5.6,Sanjay Patel,4146138.49
3285,Silent War,Adventure,French,2002,7.5,Wei Costa,11897544.69
3286,Last Empire,Documentary,Hindi,1982,6.8,Carlos Nolan,126501377.8
3287,Hidden Voyage,Romance,Mandarin,2010,9.1,Sofia Kumar,4341919.83
3288,Rising Empire,Drama,Korean,2023,6.7,Michael Muller,7466605.7
3289,Silent War,Documentary,English,1996,9.1,Maria Patel,17273690.43
3290,Dark War,Action,Hindi,1983,3.4,Nina Watanabe,2358656.35
3291,Golden River,Fantasy,Korean,1989,8.6,Raj Kapoor,101278230
3292,Endless Truth,Drama,English,2000,3.5,Michael Anderson,849611092.2
3293,Forgotten Empire,Horror,Telugu,1985,6.3,Hana Silva,7102013.92
3294,Sacred Legacy,Thriller,German,1987,4.4,Elena Fernandes,6458380.36
3295,Frozen Empire,Comedy,English,1983,7.1,Anjali Silva,27036674.13
3296,Distant Journey,Sci-Fi,Spanish,2002,7.8,Sanjay Kapoor,7170575.6
3297,Wild Kingdom,Drama,Korean,2019,2.4,Nina Sharma,12750194.82
3298,Secret Kingdom,Thriller,French,1994,6.9,Luis Fernandes,1845079636
3299,Midnight Horizon,Animation,Tamil,1989,3.5,Hana Rossi,5361110.6
3300,Eternal War,Documentary,Spanish,2024,6.1,Yuki Anderson,1380758.25
3301,Endless Heart,Comedy,English,1982,2.8,Yuki Wong,7449626.79
3302,Last Horizon,Action,Spanish,1986,7.7,Priya Kim,18382342.93
3303,Hidden Dream,Horror,German,1986,6.7,Chris Muller,17895280.87
3304,Wild River,Action,Hindi,2020,4.1,Carlos Anderson,2913545.5
3305,Last Truth,Crime,French,2012,3.1,Priya Muller,7207047.69
3306,Wild Kingdom,Thriller,Spanish,2025,8.6,Sofia Costa,9156711.81
3307,Forgotten Legacy,Drama,Hindi,2024,7.7,David Smith,2380842033
3308,Silent Symphony,Sci-Fi,English,2021,5.3,Wei Fernandes,16852809.92
3309,Wild River,Animation,Portuguese,1995,6.5,James Watanabe,67617133.03
3310,Endless Legacy,Animation,English,2014,9.4,Maria Kim,1603908.11
3311,Endless Kingdom,Crime,English,1994,7.7,James Rossi,103385.34
3312,Sacred Legacy,Thriller,Mandarin,1981,2.2,Elena Kim,5111643.97
3313,Rising Truth,Animation,Tamil,1991,3.7,Sofia Iyer,5796090.55
3314,Silent Kingdom,Animation,Hindi,1995,2.1,Michael Lee,18301163.43
3315,Eternal Truth,Adventure,English,2016,3.5,Carlos Fernandes,9767465.09
3316,Rising Truth,Romance,English,1990,3.7,David Reddy,16394941.12
3317,Frozen Journey,Comedy,English,2020,5.6,Sanjay Sharma,15023927.59
3318,Endless Kingdom,Romance,Japanese,2000,8.6,Chris Anderson,13728452.95
3319,Burning Journey,Romance,English,2021,2.1,Anjali Wong,12837283.56
3320,Sacred Legacy,Sci-Fi,Hindi,2010,7.4,Anjali Kim,13968944.05
3321,Eternal Voyage,Documentary,English,2011,7.4,Elena Lee,11514736.74
3322,Lost Truth,Thriller,English,2021,6.7,Carlos Sharma,5961649.03
3323,Broken Heart,Action,Mandarin,2007,8.2,Maria Smith,19039710.3
3324,Burning Empire,Adventure,Tamil,1991,9.1,Carlos Sharma,72206978.07
3325,Broken Dream,Fantasy,German,1981,8,Sanjay Silva,8873422.2
3326,Crimson Horizon,Thriller,English,2008,2.1,Carlos Kumar,17449587.17
3327,Sacred Symphony,Documentary,Hindi,2022,8.1,Aiko Smith,19750884.67
3328,Midnight Storm,Sci-Fi,Tamil,2021,4.3,Wei Chen,13651205.25
3329,Rising Shadows,Horror,English,2011,2.6,Elena Costa,13703985.53
3330,Rising War,Romance,Hindi,2005,4.9,James Silva,8610857.33
3331,Broken Empire,Sci-Fi,Hindi,2019,4.3,Sofia Watanabe,8105854.16
3332,Eternal Empire,Adventure,Hindi,2004,4.6,Luis Costa,19141197.06
3333,Golden Truth,Comedy,English,2007,6.5,Sofia Muller,3766886.65
3334,Distant Truth,Romance,Hindi,2000,3.5,Maria Iyer,17179619.12
3335,Golden Shadows,Adventure,English,2009,7.4,Nina Garcia,13793344.56
3336,Endless Legacy,Sci-Fi,Portuguese,2014,7.7,Yuki Lee,5508711.48
3337,Frozen Heart,Sci-Fi,English,1983,4.7,Elena Watanabe,7889491.84
3338,Shattered Kingdom,Fantasy,Hindi,1992,2.3,Priya Fernandes,8166653.84
3339,Crimson Shadows,Drama,Japanese,1993,9.4,Arjun Fernandes,13521751.22
3340,Dark River,Animation,Japanese,2018,5.5,Elena Costa,4587329.9
3341,Rising Garden,Romance,English,1986,3.8,Aiko Kim,11185996.72
3342,Distant Storm,Comedy,English,1982,4.3,Anjali Costa,7580293.32
3343,Silent Dream,Fantasy,Spanish,2005,9.1,Michael Chen,19376804.83
3344,Hidden Empire,Sci-Fi,Italian,2016,5.5,Arjun Kim,182095599.4
3345,Sacred Path,Comedy,English,1981,6.7,Emma Reddy,10031320.9
3346,Forgotten Heart,Sci-Fi,Hindi,2004,6.7,Yuki Silva,3663549.46
3347,Last Dream,Documentary,English,2001,6.8,Arjun Patel,14899510.23
3348,Forgotten City,Adventure,English,2019,2.2,Elena Iyer,1472597.72
3349,Rising Echo,Action,Portuguese,2011,4.8,Maria Watanabe,16609688.78
3350,Eternal Garden,Horror,French,2022,4.9,Yuki Fernandes,18084400.59
3351,Hidden Journey,Crime,Hindi,1996,4.8,Sofia Chen,116959155
3352,Crimson River,Documentary,Mandarin,2019,6,Aiko Reddy,8737425.29
3353,Lost Storm,Comedy,English,2011,7,Sofia Fernandes,7278704.58
3354,Last Heart,Horror,Spanish,1992,8,Yuki Smith,7620585.58
3355,Secret Journey,Adventure,English,2026,7.6,Priya Kapoor,2681105.62
3356,Rising Legacy,Horror,Telugu,2007,4.7,Carlos Patel,2311618.68
3357,Broken Symphony,Crime,Spanish,2010,7.7,David Chen,12125326.7
3358,Lost Voyage,Crime,English,1991,2.6,Nina Smith,13076370.2
3359,Silent Island,Action,English,2016,7.6,Emma Kapoor,2583744.52
3360,Rising Garden,Romance,English,2006,3,Elena Kumar,6504088.66
3361,Eternal War,Adventure,Spanish,1998,4.9,Aiko Chen,19741719.87
3362,Burning Truth,Documentary,English,1996,3.4,Sofia Kapoor,4447607.96
3363,Endless Path,Horror,English,1999,5.8,James Iyer,9246898.17
3364,Sacred River,Documentary,English,1986,8.6,Arjun Reddy,9102284.79
3365,Sacred Kingdom,Adventure,Korean,2026,9.4,James Kim,1678442.31
3366,Wild Heart,Adventure,Japanese,1987,8.1,Michael Muller,16254354.21
3367,Burning Kingdom,Crime,Italian,2022,5.7,Anjali Sharma,12681427.23
3368,Eternal River,Romance,Hindi,2011,2.7,Priya Sharma,4450907.78
3369,Shattered Heart,Sci-Fi,Hindi,1992,3.5,Yuki Nolan,14829197.05
3370,Forgotten Shadows,Adventure,Korean,1987,8.7,Raj Silva,18934488.35
3371,Hidden Legacy,Crime,Japanese,1991,6.5,Maria Chen,14569665.61
3372,Last City,Thriller,Portuguese,1981,3.7,Emma Rossi,109544901.8
3373,Forgotten Symphony,Crime,Hindi,2010,9,James Silva,2386664.66
3374,Endless City,Horror,Japanese,1994,6.5,Anjali Garcia,18362796.21
3375,Midnight Garden,Horror,Portuguese,1988,3.7,Arjun Iyer,32606240.12
3376,Eternal Garden,Documentary,Japanese,2003,2.3,Chris Rossi,19113053.24
3377,Forgotten Legacy,Horror,Italian,2018,8.6,Elena Kumar,9161300.33
3378,Golden Heart,Sci-Fi,Spanish,2017,6.2,Sanjay Kapoor,4138457.72
3379,Dark Voyage,Adventure,Italian,2015,4.1,Raj Kim,16110484.51
3380,Eternal Dream,Romance,English,1986,3.2,Emma Kapoor,77680142.41
3381,Lost Shadows,Documentary,Korean,2026,2.1,Sanjay Kim,125968802.9
3382,Distant Flame,Crime,Italian,2002,7.4,Chris Costa,186032278.3
3383,Frozen Journey,Crime,Hindi,2020,4.4,Sofia Anderson,9507366.26
3384,Golden Heart,Drama,Italian,1985,2.1,Elena Garcia,1588749.7
3385,Burning Heart,Animation,English,2011,7,Wei Reddy,8195127.4
3386,Distant Journey,Sci-Fi,English,1991,2.5,Nina Chen,4744570.76
3387,Distant Journey,Drama,Hindi,1996,3.5,Raj Kim,17006947.83
3388,Broken Heart,Animation,Mandarin,1996,6.5,Yuki Costa,11962968.31
3389,Endless Kingdom,Romance,Hindi,1996,8.9,Sanjay Patel,8055230.77
3390,Eternal Voyage,Action,Mandarin,2010,2.1,Raj Lee,5387841.11
3391,Crimson Garden,Adventure,Hindi,2006,8.7,Arjun Iyer,7329473.75
3392,Midnight Symphony,Action,English,2009,5,Carlos Kumar,1336544241
3393,Rising Legacy,Action,English,1981,2.9,Emma Iyer,166062905.8
3394,Silent Symphony,Drama,English,1995,4.8,Arjun Garcia,166790076.1
3395,Last River,Action,Japanese,2012,5.7,Hana Kim,19809879.76
3396,Endless Kingdom,Crime,Italian,2021,5.5,Anjali Sharma,3889985.12
3397,Endless Dream,Action,German,2002,7.2,Nina Fernandes,12445719.59
3398,Crimson City,Sci-Fi,Japanese,1992,2.2,Sanjay Rossi,2202958076
3399,Broken Symphony,Thriller,Telugu,2026,4.5,Luis Smith,1873481.99
3400,Hidden Empire,Sci-Fi,Spanish,2016,5,Chris Smith,16028680.25
3401,Golden Voyage,Adventure,English,2013,8.8,Priya Garcia,12208674.61
3402,Wild War,Horror,French,1986,7.4,David Anderson,14006593.47
3403,Broken War,Comedy,English,2007,8.2,Sanjay Lee,18305906.71
3404,Secret Kingdom,Comedy,Korean,1988,4.8,Anjali Costa,10026521.33
3405,Burning Flame,Crime,German,1991,2.6,Luis Garcia,14898967.84
3406,Frozen Storm,Sci-Fi,German,2012,8.3,Arjun Kumar,9072646.44
3407,Burning Dream,Romance,Japanese,1994,3.2,Hana Garcia,18643068.96
3408,Eternal Island,Romance,French,2003,5.7,Anjali Iyer,17845632.4
3409,Forgotten Garden,Sci-Fi,English,1990,4.9,Nina Garcia,166740346.6
3410,Endless Symphony,Horror,French,2000,4.4,Wei Lee,32421983.54
3411,Silent Truth,Crime,Hindi,1987,4,Chris Kumar,7027120.43
3412,Rising Shadows,Animation,English,2022,4.8,Raj Smith,8245904.59
3413,Hidden Echo,Romance,English,2003,3.6,Aiko Fernandes,21204196.76
3414,Distant War,Sci-Fi,Hindi,1989,5.7,David Costa,19334894.61
3415,Forgotten War,Thriller,Hindi,2023,5.7,Hana Reddy,173165628.4
3416,Wild War,Fantasy,Portuguese,1998,3,Michael Silva,3402039.59
3417,Wild Empire,Fantasy,English,1989,9,Arjun Lee,5937835.93
3418,Distant Legacy,Drama,English,1987,8.2,Sofia Smith,15765874.12
3419,Endless Island,Drama,English,1986,7.7,Emma Watanabe,14617583.54
3420,Crimson Shadows,Crime,Hindi,1985,3,James Kapoor,8623444.17
3421,Burning War,Adventure,English,1998,4.4,David Costa,8410283.34
3422,Midnight Garden,Thriller,English,2008,4.1,Arjun Silva,13750791.25
3423,Burning Shadows,Animation,Japanese,2000,2.2,Nina Patel,14255394.75
3424,Crimson Garden,Drama,Spanish,2014,6.1,Aiko Silva,199449092.8
3425,Midnight Flame,Adventure,English,2014,4.2,Nina Iyer,40846943.33
3426,Burning Symphony,Adventure,Portuguese,2009,6.2,Chris Wong,17292077.71
3427,Silent River,Comedy,English,1996,3.4,Luis Reddy,199576155.1
3428,Silent Symphony,Drama,English,2002,5.3,Aiko Nolan,16105098.67
3429,Rising Dream,Crime,English,2024,2.4,James Iyer,7634956.93
3430,Golden Dream,Horror,Hindi,1998,4.8,Priya Costa,40363344.27
3431,Lost River,Comedy,English,1986,9.2,Wei Smith,8300669.95
3432,Endless Flame,Documentary,English,2022,8.5,Maria Kumar,2120462.47
3433,Silent Legacy,Documentary,Spanish,2018,2.4,Michael Wong,60589103.73
3434,Burning Symphony,Sci-Fi,Hindi,1985,9.4,Raj Kumar,13354405.19
3435,Frozen City,Adventure,English,2017,4.5,Priya Rossi,16645734.34
3436,Lost Legacy,Drama,English,1997,4.9,Maria Muller,1499251.13
3437,Dark War,Thriller,English,1991,9,David Iyer,85529369.72
3438,Sacred Path,Crime,Hindi,2017,4.3,Emma Smith,17023291.22
3439,Frozen Horizon,Adventure,Hindi,1989,3.8,Chris Anderson,8805467.04
3440,Frozen Heart,Thriller,Korean,2002,8.5,Aiko Smith,11262587.33
3441,Crimson Dream,Drama,German,2012,8.4,Chris Kim,4954987.74
3442,Crimson Flame,Comedy,Mandarin,2026,4.9,Hana Costa,24174813.28
3443,Broken Truth,Thriller,Mandarin,2006,6.3,Anjali Watanabe,19927285.35
3444,Sacred Path,Comedy,English,1984,6.1,James Watanabe,13198267.06
3445,Shattered Kingdom,Action,Hindi,1988,6.9,Nina Fernandes,12292446.67
3446,Midnight Kingdom,Thriller,Telugu,1982,8.4,Hana Kapoor,8013347.58
3447,Forgotten Symphony,Adventure,English,1998,9.4,Sofia Patel,8355193.81
3448,Rising Horizon,Comedy,Mandarin,2018,5.4,Maria Costa,15612277
3449,Dark Shadows,Adventure,Italian,2010,8.9,Nina Kumar,11568464.3
3450,Secret Dream,Sci-Fi,Tamil,1982,6.5,Sanjay Nolan,7136531.01
3451,Crimson Legacy,Fantasy,Hindi,1990,6.5,Emma Patel,10406146.44
3452,Sacred City,Documentary,English,1997,4.7,Wei Rossi,7376477.65
3453,Broken Shadows,Horror,Hindi,2008,6.5,Aiko Silva,14893286.06
3454,Rising Path,Documentary,Korean,2025,5.6,Arjun Reddy,2860971.14
3455,Secret Empire,Animation,Telugu,1992,6.2,Luis Watanabe,19993941.04
3456,Distant War,Adventure,Portuguese,2023,2.2,Anjali Rossi,7942034.98
3457,Burning Shadows,Comedy,Mandarin,1982,3,Nina Costa,1417107.87
3458,Secret Echo,Fantasy,English,2013,3.3,Yuki Silva,3155283.67
3459,Shattered Journey,Drama,English,1980,5.4,Nina Iyer,1712155.34
3460,Crimson Empire,Action,Hindi,2006,5.4,Chris Rossi,9663040.91
3461,Crimson Island,Animation,Hindi,2021,9.4,Arjun Garcia,12121625.7
3462,Silent Echo,Drama,English,1983,6.2,Carlos Kim,9372219.72
3463,Dark Empire,Sci-Fi,Spanish,1989,6.2,Yuki Kapoor,1665502872
3464,Crimson Shadows,Adventure,Hindi,2013,9.1,Priya Patel,14608795.49
3465,Silent Kingdom,Sci-Fi,Tamil,2025,2.6,Priya Nolan,5004900.29
3466,Dark Truth,Animation,Japanese,2021,4.2,Elena Kapoor,17313411.02
3467,Forgotten Empire,Crime,Spanish,1988,6.7,Hana Reddy,354811306.7
3468,Distant Echo,Sci-Fi,French,1989,6.9,James Lee,4864007.88
3469,Last Empire,Adventure,Portuguese,2023,4.8,Nina Chen,740321.93
3470,Midnight Voyage,Horror,English,2003,2.3,Wei Watanabe,115476565.4
3471,Wild City,Drama,French,2021,5.2,Hana Iyer,18535065.81
3472,Sacred Voyage,Action,English,2022,4.4,Elena Patel,25873392.45
3473,Broken Truth,Crime,Japanese,1980,6.7,James Watanabe,2999952.48
3474,Eternal Shadows,Fantasy,Portuguese,1990,7.4,Yuki Chen,11566247.3
3475,Silent Symphony,Thriller,Korean,1993,3.3,Sofia Wong,302513348.9
3476,Dark Echo,Drama,English,2014,5.1,Emma Smith,12431306.18
3477,Distant Horizon,Comedy,English,1990,5.7,Aiko Nolan,2298353.82
3478,Crimson Flame,Animation,English,2016,2.3,Sanjay Kim,108852287.3
3479,Midnight Storm,Animation,Spanish,2011,3.6,Michael Anderson,2511827.28
3480,Forgotten Legacy,Horror,Hindi,2018,6.4,Yuki Nolan,9337135.76
3481,Secret Garden,Drama,English,1983,2.1,Nina Watanabe,17095279.35
3482,Rising War,Sci-Fi,Tamil,1983,6.4,James Patel,14918891.66
3483,Burning Shadows,Action,English,2013,3.5,Carlos Chen,1757595.06
3484,Frozen Legacy,Horror,English,2016,4.6,Maria Costa,7732240.77
3485,Endless Empire,Action,English,1980,4.4,Anjali Garcia,87066430.64
3486,Frozen Journey,Animation,English,2004,5,Anjali Rossi,15914983.19
3487,Last Symphony,Documentary,English,1994,4.6,Sofia Muller,13997828.44
3488,Hidden Shadows,Thriller,English,2013,4.9,Aiko Lee,1991681.86
3489,Last Shadows,Animation,Spanish,2021,3.3,Yuki Anderson,663182.23
3490,Last Symphony,Horror,French,1985,2,Carlos Iyer,14006401.26
3491,Distant War,Animation,Tamil,2021,2.3,Wei Garcia,12684493.68
3492,Hidden Storm,Comedy,Japanese,1994,8.5,Chris Wong,6636874.08
3493,Eternal Echo,Romance,English,2006,5.2,Michael Anderson,18093903.3
3494,Shattered Echo,Sci-Fi,Hindi,1988,3.1,Luis Silva,5915920.45
3495,Wild Symphony,Animation,Hindi,2009,3.1,Hana Smith,3141206.41
3496,Midnight Horizon,Crime,Japanese,1993,8.2,Maria Kim,8713161.66
3497,Eternal Heart,Action,Mandarin,2021,6.6,Maria Kumar,16493617.93
3498,Broken Truth,Sci-Fi,English,2011,7.3,Elena Nolan,15033697.65
3499,Midnight Empire,Thriller,English,1983,2.8,Maria Nolan,11289501.87
3500,Burning Island,Horror,English,1984,6.7,James Lee,17027539.53
3501,Distant Horizon,Action,Hindi,2025,8.7,Wei Chen,12833594.26
3502,Hidden City,Action,English,2018,3.8,Chris Lee,9063840.01
3503,Secret Truth,Horror,English,2023,8.8,Anjali Smith,3974700.02
3504,Silent Empire,Adventure,Korean,2020,3.4,Chris Muller,6721457.62
3505,Forgotten Island,Fantasy,Korean,1997,7.3,Anjali Silva,12238582.89
3506,Hidden Horizon,Animation,Japanese,2016,9.3,Aiko Fernandes,4505615.44
3507,Golden Symphony,Sci-Fi,Mandarin,1990,7.3,Yuki Anderson,19877505.97
3508,Forgotten Horizon,Documentary,Spanish,1990,2.9,Carlos Kumar,103584.07
3509,Forgotten City,Horror,Hindi,2021,8.6,Anjali Costa,4400863.22
3510,Forgotten River,Romance,French,2002,2.8,Hana Rossi,16353540.02
3511,Sacred Legacy,Thriller,English,2015,4.7,Hana Iyer,2907989.24
3512,Broken Shadows,Animation,German,2020,3.7,Sofia Garcia,19199414.5
3513,Forgotten Echo,Adventure,English,1981,2.9,Maria Costa,3186554.03
3514,Lost Path,Animation,English,2019,5.6,Emma Wong,18258264.77
3515,Forgotten River,Adventure,English,2022,7.5,Sofia Sharma,13162961.59
3516,Hidden Journey,Documentary,French,2012,6.1,Elena Anderson,6303111.97
3517,Shattered River,Drama,English,2012,4.9,Chris Sharma,39573285.37
3518,Shattered Legacy,Animation,French,1990,3.3,Raj Silva,2004172.42
3519,Forgotten War,Documentary,Korean,1999,6.9,Aiko Silva,19392759.12
3520,Secret Symphony,Romance,Hindi,2014,2.9,Raj Reddy,14135976.66
3521,Eternal Echo,Romance,English,2000,6.6,Arjun Wong,39586686.44
3522,Last Flame,Drama,English,2022,4.4,Anjali Fernandes,779658.84
3523,Silent Shadows,Romance,Italian,2004,8,Yuki Anderson,101365897
3524,Shattered Storm,Adventure,English,2015,5.7,James Kapoor,10077047.35
3525,Crimson Kingdom,Comedy,English,2023,4.1,Sofia Anderson,112128600.3
3526,Hidden River,Crime,Tamil,2004,5.3,Emma Garcia,10456993.34
3527,Wild Storm,Drama,Hindi,1996,3.6,Arjun Iyer,4250828.02
3528,Burning Journey,Sci-Fi,Tamil,2021,3.1,Priya Reddy,3208957.71
3529,Broken River,Thriller,English,2020,8.1,Anjali Chen,12865749.18
3530,Burning Dream,Action,Hindi,2009,2.8,Elena Reddy,16697646.61
3531,Shattered Horizon,Adventure,Korean,1992,2.3,James Kapoor,12019467.31
3532,Silent Kingdom,Adventure,English,2004,4.9,Aiko Chen,9011110.05
3533,Rising Truth,Sci-Fi,Spanish,1995,6.7,Luis Wong,15304508.34
3534,Secret Heart,Fantasy,Korean,1981,4.5,Emma Muller,3038330.11
3535,Last Empire,Drama,Hindi,2026,8.4,Carlos Rossi,15154813.91
3536,Eternal Empire,Adventure,English,2024,4.6,Michael Wong,9256973.07
3537,Distant Island,Adventure,Hindi,2007,4.6,Raj Fernandes,17740965.16
3538,Frozen Legacy,Adventure,Tamil,1990,8.4,Sanjay Iyer,6995503.89
3539,Hidden Dream,Drama,Japanese,1986,7.6,James Kim,151756075.3
3540,Broken Symphony,Crime,English,1986,6.6,Sofia Nolan,533641.37
3541,Hidden River,Adventure,Spanish,1984,6.7,Wei Lee,11710705.39
3542,Midnight Legacy,Adventure,English,2020,7.4,David Muller,9689850.52
3543,Frozen Island,Fantasy,English,1988,9,Elena Reddy,17966241.01
3544,Last Path,Documentary,Portuguese,2009,8.1,Sanjay Lee,3034149.34
3545,Eternal Horizon,Animation,Italian,2026,9.3,Michael Watanabe,19246295.88
3546,Broken Path,Drama,Korean,1996,2.6,Arjun Sharma,5321250
3547,Frozen City,Crime,English,1989,6.9,Luis Reddy,16945486.75
3548,Endless Horizon,Adventure,English,1981,2.4,Nina Costa,10366408.74
3549,Endless Empire,Comedy,German,1996,3.9,Anjali Fernandes,3336613.14
3550,Dark Symphony,Drama,Mandarin,2022,2.6,Anjali Kim,17984454.28
3551,Forgotten Island,Horror,English,2025,2.9,Nina Kim,10230766.67
3552,Shattered War,Crime,English,2018,6.3,Sofia Smith,7937205.89
3553,Sacred Heart,Action,Korean,1988,2.8,Yuki Wong,3688550.29
3554,Wild Shadows,Comedy,English,1991,9.3,Nina Anderson,8820544.72
3555,Endless Symphony,Documentary,Mandarin,1995,8.3,Sanjay Kapoor,5944924.02
3556,Distant Flame,Action,Hindi,2016,2.2,Aiko Patel,13250961.51
3557,Lost Horizon,Thriller,Tamil,2012,2.1,Sofia Sharma,10381662.9
3558,Secret Storm,Comedy,Hindi,2018,5.4,Sofia Nolan,6395849.18
3559,Dark River,Romance,French,2018,5.2,Aiko Sharma,178170964
3560,Hidden Flame,Crime,Hindi,1994,7.7,Chris Kapoor,12953354.13
3561,Lost River,Animation,English,2012,4.4,Maria Kim,136903003.4
3562,Sacred Empire,Animation,Spanish,1990,5.2,Anjali Fernandes,15170451.79
3563,Burning War,Comedy,Korean,2005,7.8,Aiko Wong,9216908.84
3564,Endless Island,Animation,Hindi,1983,5,Anjali Watanabe,96719228.08
3565,Sacred Journey,Crime,Hindi,2024,3.5,Luis Nolan,38500175.39
3566,Dark Dream,Animation,English,2017,5.6,Yuki Smith,17469115.76
3567,Last Voyage,Crime,Hindi,2014,5.8,Raj Anderson,18275613.42
3568,Frozen Storm,Thriller,English,2010,9.3,Sofia Garcia,18518498.48
3569,Secret Echo,Thriller,Hindi,2014,9.2,Hana Lee,19972371.64
3570,Distant Legacy,Horror,Hindi,1984,8.5,Hana Sharma,17316947.94
3571,Last Symphony,Documentary,English,1993,8.8,Luis Lee,2997346.99
3572,Golden Dream,Sci-Fi,German,2008,5.4,Raj Anderson,158527971.7
3573,Endless War,Animation,Hindi,1984,4.3,Wei Patel,14055744.27
3574,Golden City,Horror,Tamil,2003,3.7,Sanjay Iyer,5949437.54
3575,Midnight Storm,Comedy,Portuguese,1984,9.5,David Chen,1933884711
3576,Burning Dream,Horror,Hindi,2023,5.8,Sofia Silva,17335148.83
3577,Golden Voyage,Animation,Telugu,2002,5.4,Sanjay Fernandes,9027491.07
3578,Midnight Journey,Sci-Fi,Korean,1996,7,Raj Nolan,15731685.34
3579,Burning Symphony,Action,Hindi,1988,4.5,Anjali Rossi,17843118.27
3580,Sacred Echo,Adventure,English,1985,5,Luis Anderson,10605566.12
3581,Frozen Island,Thriller,English,1998,7.8,David Sharma,9149045.79
3582,Wild War,Romance,Korean,2025,6.4,Maria Chen,4514683.51
3583,Golden Dream,Horror,English,2026,7.3,Luis Patel,16578001.54
3584,Golden Island,Horror,Japanese,2002,5.8,David Watanabe,13435819.03
3585,Silent Island,Action,Japanese,1994,2.2,Yuki Rossi,19974640.81
3586,Rising Empire,Drama,English,1986,5.1,Hana Anderson,51786437.17
3587,Last Horizon,Sci-Fi,English,2021,4,Wei Kapoor,2135184286
3588,Distant Dream,Crime,Hindi,2009,5.1,Chris Smith,19412844.37
3589,Hidden City,Romance,French,1994,3,Yuki Chen,910377.87
3590,Forgotten Heart,Romance,Korean,2009,6.3,David Smith,5727242.89
3591,Silent Shadows,Thriller,Spanish,2026,9,Sofia Lee,5235763.67
3592,Frozen River,Adventure,Hindi,2012,6.1,Michael Nolan,1710681298
3593,Crimson Voyage,Sci-Fi,English,2026,8.7,Arjun Patel,3106933.39
3594,Hidden Flame,Fantasy,Telugu,2026,6.7,Michael Lee,419809068.7
3595,Shattered Symphony,Crime,Japanese,2024,2.9,Elena Anderson,19161784.5
3596,Broken Heart,Animation,French,1983,7.9,Chris Kim,7452886.95
3597,Broken Island,Thriller,Korean,2012,9.2,Chris Kim,125759356.1
3598,Broken Island,Horror,Telugu,1991,2.9,Sanjay Sharma,4556848.83
3599,Midnight Island,Action,German,2000,8.1,Chris Patel,5884133.61
3600,Crimson Storm,Documentary,English,2011,2.4,Luis Kapoor,14169833.1
3601,Crimson Symphony,Animation,Hindi,2002,6.7,Priya Chen,15692033.17
3602,Dark Truth,Drama,German,2000,8.6,Maria Kim,18522648.47
3603,Rising Echo,Romance,Spanish,1986,6,Carlos Sharma,19875579.43
3604,Golden Flame,Drama,Hindi,1985,8.9,Raj Rossi,1993531.03
3605,Endless Storm,Comedy,English,1987,4.5,Sofia Costa,6706384.27
3606,Midnight Storm,Adventure,Korean,2024,9.2,Carlos Smith,17595214.54
3607,Wild Island,Drama,Italian,1998,7.4,Sanjay Watanabe,6252047.22
3608,Crimson Echo,Action,English,2024,3.8,David Fernandes,9694467.07
3609,Last Storm,Romance,English,2005,8.6,Elena Iyer,106404390.8
3610,Midnight Kingdom,Comedy,English,2024,6.8,Michael Chen,18760586.91
3611,Endless Storm,Action,English,1995,4.1,James Kapoor,2774647.76
3612,Distant Truth,Romance,Italian,2004,2.7,David Kumar,175913570.8
3613,Midnight Kingdom,Horror,Mandarin,2001,8.4,Sanjay Lee,372195.56
3614,Distant Path,Documentary,Tamil,2014,9.1,Sofia Watanabe,4316350.44
3615,Crimson Island,Drama,Spanish,2021,5.4,Chris Garcia,9314944.71
3616,Hidden Dream,Crime,Hindi,2013,7.7,Priya Anderson,7161039.18
3617,Lost Symphony,Crime,English,1995,7.2,James Muller,12057029.86
3618,Burning Journey,Documentary,Portuguese,2025,5.4,Anjali Lee,1972818491
3619,Distant Symphony,Animation,Tamil,2009,7.4,Elena Iyer,7475100.91
3620,Secret Truth,Horror,Japanese,2020,8.6,Emma Wong,12222406.78
3621,Hidden War,Crime,Spanish,1985,8,Nina Anderson,6161122.74
3622,Hidden Voyage,Horror,Japanese,1991,2.6,Aiko Reddy,18997773.34
3623,Crimson Flame,Action,Spanish,1995,7.1,David Smith,17218255.6
3624,Broken Legacy,Action,Mandarin,1999,6.2,Emma Costa,7167046.23
3625,Endless Heart,Romance,Japanese,2023,4.7,Chris Iyer,11776777.54
3626,Silent Echo,Animation,Spanish,2025,4.3,Yuki Patel,8215408.67
3627,Lost River,Horror,English,2015,6.4,Chris Wong,1257557
3628,Rising Shadows,Animation,Tamil,2002,8.8,Aiko Muller,4658369.74
3629,Wild Garden,Romance,Portuguese,1989,3.1,Arjun Anderson,14707965.24
3630,Rising Echo,Drama,Mandarin,2024,7.3,Chris Watanabe,5506816.46
3631,Broken Journey,Comedy,English,1997,8.9,Wei Costa,4491227.62
3632,Crimson War,Comedy,Mandarin,1990,2,Luis Costa,8729625.69
3633,Broken Journey,Crime,Hindi,2024,9.4,Chris Watanabe,8161438.89
3634,Shattered Empire,Thriller,Hindi,2004,7.7,Maria Nolan,64752731.52
3635,Dark Flame,Adventure,Korean,2000,4.3,James Smith,13970356.66
3636,Last Dream,Crime,English,2015,7.2,Emma Costa,3765629.97
3637,Burning War,Animation,Portuguese,2004,6.1,David Watanabe,15411081.54
3638,Silent Journey,Romance,Portuguese,1998,7.6,Emma Patel,7321722.82
3639,Hidden Heart,Animation,Japanese,2020,2.2,Anjali Costa,173829867.9
3640,Hidden Dream,Fantasy,Korean,1999,9.1,Anjali Chen,778539.85
3641,Eternal Garden,Sci-Fi,English,2020,5.4,Nina Wong,5884214.72
3642,Midnight Flame,Crime,Italian,2010,5,Anjali Silva,9841862.36
3643,Wild Echo,Horror,English,1992,5.7,Raj Sharma,4732238.36
3644,Shattered Garden,Animation,Hindi,2026,2.6,Arjun Smith,160379020.9
3645,Eternal Garden,Animation,Telugu,2010,2.5,Luis Watanabe,2783253.75
3646,Dark Garden,Comedy,English,2021,4.8,Raj Patel,30877803.54
3647,Golden Kingdom,Adventure,Hindi,1987,7,Carlos Watanabe,19060380.01
3648,Lost War,Comedy,Japanese,2010,5.4,Aiko Lee,6908570.65
3649,Silent Garden,Drama,French,2010,5.4,James Lee,111029823
3650,Midnight Horizon,Comedy,English,2012,7.3,Arjun Silva,13040433.37
3651,Burning Horizon,Romance,French,1993,5.5,Raj Fernandes,14627995.04
3652,Crimson Path,Animation,Mandarin,2011,8,Emma Iyer,8528053.63
3653,Secret River,Crime,English,2024,3.4,James Kim,4511069.53
3654,Sacred Flame,Drama,English,1981,4.9,Elena Costa,1953592188
3655,Dark Dream,Horror,Spanish,1990,3.9,Yuki Kumar,9160690.77
3656,Forgotten Kingdom,Documentary,Tamil,2015,5.9,Sanjay Reddy,112829940.7
3657,Lost Kingdom,Crime,Telugu,1991,3.5,Anjali Watanabe,15907233.51
3658,Broken Echo,Sci-Fi,Portuguese,2025,7.6,James Wong,12523143.1
3659,Endless Horizon,Horror,Japanese,1989,4.9,David Kapoor,5640963.25
3660,Last Dream,Thriller,Hindi,2008,9.1,Hana Wong,8147150.05
3661,Last Dream,Horror,English,2003,6,Luis Lee,15793743.72
3662,Dark Dream,Comedy,German,2017,5.5,Raj Anderson,1588893.85
3663,Distant Dream,Adventure,Hindi,2003,4.5,David Silva,98707683.94
3664,Midnight Shadows,Romance,Hindi,1986,7.3,Carlos Iyer,4105434.03
3665,Last River,Drama,Hindi,2014,8.9,Hana Garcia,15843322.19
3666,Eternal Voyage,Animation,English,2002,9.3,Raj Rossi,822553.3
3667,Frozen Empire,Crime,Mandarin,1989,9,Carlos Garcia,127683918.8
3668,Shattered Garden,Adventure,Italian,1982,9.4,James Fernandes,17456949.16
3669,Eternal City,Action,English,2011,3.3,Maria Lee,8553429.84
3670,Broken Garden,Crime,English,2014,6,Carlos Watanabe,5934024.29
3671,Wild Legacy,Sci-Fi,Hindi,1993,6,Sanjay Kapoor,468514000
3672,Frozen Horizon,Action,Hindi,1985,8.3,Chris Iyer,3676035.86
3673,Hidden Symphony,Drama,English,1995,2.9,Aiko Garcia,3469213.3
3674,Burning Journey,Horror,German,1987,2.9,James Wong,15899895.66
3675,Midnight Island,Action,Telugu,2022,2.9,Elena Fernandes,4006077.48
3676,Wild Symphony,Comedy,Hindi,1988,3.8,Yuki Rossi,3835698.82
3677,Hidden Kingdom,Comedy,English,2011,5.1,James Kapoor,1989583.19
3678,Midnight Empire,Adventure,English,2024,3.1,Wei Silva,19569459.85
3679,Frozen Heart,Romance,Portuguese,2023,8,Wei Kapoor,4481756.04
3680,Wild Island,Documentary,English,2025,2.6,Sofia Wong,12699662.34
3681,Midnight Empire,Romance,Spanish,2011,6.4,Emma Watanabe,5709743.21
3682,Crimson Heart,Animation,Portuguese,1995,7.6,Nina Wong,65868858.75
3683,Rising Storm,Comedy,Mandarin,2019,2.5,Raj Fernandes,1124499.15
3684,Distant Garden,Fantasy,Telugu,2012,5.8,Elena Costa,8532191.66
3685,Sacred Flame,Drama,Korean,2021,8.2,Nina Lee,18457618.96
3686,Distant Island,Adventure,Portuguese,1980,5.7,Priya Anderson,51787460.28
3687,Shattered Heart,Documentary,Spanish,2017,6.5,Elena Wong,5001876.51
3688,Secret War,Fantasy,English,2000,8.9,Hana Muller,6860462.23
3689,Sacred Storm,Animation,English,2022,6.1,James Sharma,11960218.11
3690,Secret City,Comedy,German,2023,8,Carlos Garcia,16211227.29
3691,Broken Journey,Thriller,Hindi,1993,3.3,James Kapoor,2560926.85
3692,Midnight Journey,Adventure,French,2003,2.4,Emma Reddy,15447328.01
3693,Silent Dream,Action,English,2007,3.6,David Watanabe,8227553.69
3694,Rising River,Animation,Hindi,1981,6.2,Michael Muller,6466872.19
3695,Burning Empire,Thriller,English,2014,4.2,Aiko Smith,66303973.78
3696,Midnight River,Documentary,Spanish,1983,4.1,Chris Sharma,191596484.8
3697,Last Heart,Horror,Japanese,2023,7.6,Carlos Kumar,8988546.92
3698,Golden Heart,Animation,Italian,1983,9.1,Chris Costa,16721728.79
3699,Last Voyage,Horror,French,2015,8.9,Chris Nolan,34588913.05
3700,Dark Dream,Sci-Fi,Telugu,1992,2.1,Carlos Costa,6250666.63
3701,Midnight Flame,Documentary,Telugu,2012,6.2,Wei Costa,5683720.72
3702,Shattered Garden,Comedy,Hindi,1998,3.4,Maria Costa,11893751.63
3703,Hidden Garden,Romance,English,1995,7.4,Chris Patel,4589213.88
3704,Broken City,Crime,Tamil,2023,3.8,Chris Patel,5805258.98
3705,Frozen Storm,Drama,English,1999,8.8,Carlos Fernandes,12613567.06
3706,Endless Echo,Comedy,English,1993,5.4,Hana Silva,3236668.93
3707,Secret Legacy,Sci-Fi,Japanese,2003,9,Carlos Silva,9910526.78
3708,Wild Path,Sci-Fi,German,1986,3.5,Priya Iyer,117645952.3
3709,Lost Island,Adventure,Hindi,2023,3.3,Sofia Smith,12051276.59
3710,Secret Garden,Adventure,French,1993,4.4,David Wong,4933278.19
3711,Burning Journey,Crime,English,1988,8.3,Emma Rossi,17122934.34
3712,Distant War,Fantasy,Hindi,1982,5.4,Sanjay Kapoor,11627455.5
3713,Sacred Horizon,Crime,English,1981,7.5,Yuki Kapoor,164641833.1
3714,Forgotten Island,Animation,English,2013,3.3,Arjun Fernandes,10782461.38
3715,Crimson Horizon,Horror,Hindi,2015,4.3,Aiko Fernandes,3736372.33
3716,Eternal Island,Animation,Hindi,2013,2.6,Sofia Chen,10293597.48
3717,Frozen War,Documentary,Japanese,2009,9.2,Michael Kumar,5312111.64
3718,Wild Heart,Sci-Fi,French,2022,5.5,Aiko Kim,48910234.71
3719,Eternal Kingdom,Adventure,Spanish,2026,4.5,Sanjay Nolan,11304945.76
3720,Lost City,Romance,Japanese,2016,2.5,Wei Costa,9844302.93
3721,Wild Path,Adventure,Portuguese,2016,9.2,Anjali Lee,5884101.68
3722,Wild River,Drama,German,1982,6.5,David Kim,11940326.03
3723,Last River,Romance,English,1996,5.1,Michael Fernandes,192352524.8
3724,Eternal Path,Drama,Spanish,2022,8,Priya Kim,10857112.09
3725,Endless Flame,Adventure,Hindi,2020,4.5,Chris Smith,39565644.28
3726,Rising Island,Fantasy,Hindi,2016,3.2,Raj Nolan,6084913.68
3727,Lost Empire,Animation,Mandarin,1985,3.8,Aiko Anderson,166747854.2
3728,Frozen River,Comedy,Korean,1982,9.4,Maria Watanabe,9642374.55
3729,Golden Kingdom,Documentary,Korean,2005,9.1,Sanjay Reddy,8654490.21
3730,Eternal Garden,Action,Hindi,1993,2.5,Michael Smith,426905.57
3731,Frozen Empire,Thriller,Japanese,2025,7.6,Yuki Sharma,3640605.19
3732,Frozen Legacy,Documentary,English,2016,2.2,Wei Lee,5669573.8
3733,Silent Dream,Comedy,Hindi,1998,8.2,Michael Nolan,19644720.87
3734,Hidden City,Animation,Japanese,2000,3.6,Hana Muller,58509987.33
3735,Secret River,Action,Hindi,1990,3.7,Hana Kapoor,2218741.39
3736,Midnight Garden,Romance,French,1983,8.1,Arjun Chen,9679993.58
3737,Endless Legacy,Sci-Fi,English,2026,9.4,Elena Patel,9918988.88
3738,Lost Heart,Comedy,English,1997,2.1,Sofia Garcia,156867931.1
3739,Burning Empire,Thriller,English,2006,5.5,Yuki Anderson,13240035.01
3740,Eternal Echo,Horror,Hindi,2001,9.2,Priya Wong,192751637.4
3741,Wild Voyage,Comedy,Hindi,2010,4.5,Arjun Fernandes,19252006.74
3742,Sacred Symphony,Documentary,Hindi,1988,6.5,Carlos Iyer,6891696.21
3743,Shattered Shadows,Fantasy,Hindi,2022,6.3,Chris Watanabe,7788874.96
3744,Dark Echo,Romance,Hindi,2018,6.7,Anjali Rossi,14027236.39
3745,Midnight Dream,Action,Spanish,1996,7.4,Chris Nolan,13781964.69
3746,Broken Legacy,Drama,Portuguese,1985,3.3,Elena Wong,6629265.73
3747,Hidden Island,Romance,English,1995,7,Maria Watanabe,775701485.2
3748,Midnight Kingdom,Comedy,Spanish,2017,4.4,Carlos Costa,4832825.97
3749,Lost Echo,Fantasy,Tamil,2026,2.8,Michael Lee,125116585.4
3750,Silent Storm,Crime,Hindi,2005,4.3,James Watanabe,2420888.6
3751,Dark Kingdom,Comedy,Hindi,1999,8.7,Raj Fernandes,197535314.4
3752,Shattered Journey,Documentary,English,2016,2.5,Anjali Anderson,14416790.12
3753,Hidden War,Horror,Hindi,1991,7.2,Wei Watanabe,788757133.6
3754,Hidden Dream,Adventure,English,2004,4.6,Sofia Sharma,4833021.68
3755,Rising Garden,Sci-Fi,Telugu,1990,8.4,Chris Smith,10181559.35
3756,Lost Dream,Documentary,Hindi,1995,6.9,Anjali Costa,12197654.6
3757,Burning Path,Thriller,Korean,2019,7.1,Nina Rossi,8099234.29
3758,Secret Journey,Romance,Spanish,2007,2.5,Wei Kim,143058332.4
3759,Forgotten Truth,Thriller,Mandarin,1984,6.3,Chris Iyer,4516943.34
3760,Eternal War,Crime,Mandarin,1992,2.5,Elena Rossi,5135640.3
3761,Midnight Truth,Sci-Fi,English,2004,2.3,Arjun Anderson,2467123.53
3762,Crimson Legacy,Crime,German,1985,7,Yuki Garcia,17427481.06
3763,Wild Journey,Documentary,Spanish,2015,5.1,Hana Patel,10228135.44
3764,Hidden Storm,Documentary,Spanish,2020,4.7,Raj Chen,7842769.77
3765,Last Legacy,Animation,English,2026,5.5,David Rossi,3906673.24
3766,Broken Symphony,Animation,English,2010,4.1,Arjun Garcia,124133624.8
3767,Broken Symphony,Documentary,English,1993,9.3,Raj Lee,14671240.05
3768,Frozen Shadows,Romance,Italian,1984,8.5,Maria Iyer,8584657.05
3769,Burning City,Animation,English,2020,3.9,Carlos Wong,1878369.64
3770,Crimson Shadows,Horror,Hindi,2010,9.4,Priya Muller,7731082.7
3771,Broken Echo,Animation,Hindi,2007,6.6,Anjali Lee,16125416.68
3772,Dark Flame,Horror,Spanish,1998,3.6,Arjun Sharma,12009673.81
3773,Burning Empire,Comedy,Spanish,2013,3.4,Aiko Silva,9203262.19
3774,Wild Echo,Sci-Fi,Telugu,1991,8.9,Arjun Sharma,26198869.76
3775,Dark Truth,Crime,Portuguese,2016,6.6,Elena Wong,11692301.55
3776,Golden Truth,Drama,English,2004,7.9,David Garcia,4778699.44
3777,Lost Shadows,Horror,Mandarin,2007,6.8,David Lee,5917483.93
3778,Silent Echo,Documentary,Hindi,2011,8.1,Chris Kumar,7614465.33
3779,Silent Dream,Fantasy,English,2006,5.3,Wei Reddy,171862082.7
3780,Rising War,Romance,Korean,1999,9.2,Michael Smith,71020843.28
3781,Dark Flame,Action,Korean,1999,9.1,Maria Fernandes,10725771.37
3782,Sacred River,Drama,Korean,2026,7.7,Raj Wong,6224556.88
3783,Forgotten Path,Animation,Hindi,2023,5.1,Michael Kapoor,171821506.6
3784,Forgotten Legacy,Animation,Korean,2004,2.4,Priya Kumar,10082512.84
3785,Silent Dream,Comedy,Korean,2020,6.2,David Fernandes,5455821.81
3786,Shattered Shadows,Animation,Japanese,1980,2.5,Raj Garcia,6677601.52
3787,Broken Heart,Sci-Fi,English,1995,6.1,Michael Muller,47743419.15
3788,Wild Echo,Sci-Fi,Hindi,2018,5.8,Luis Lee,9099699.65
3789,Secret Storm,Adventure,French,1981,2.1,Wei Reddy,161607634.5
3790,Golden Shadows,Crime,Hindi,1988,9.4,Maria Lee,16961771.25
3791,Lost Legacy,Drama,Portuguese,2014,4.6,Elena Sharma,9323061.84
3792,Lost Garden,Fantasy,English,1990,8.6,Yuki Nolan,196011451
3793,Hidden Horizon,Action,Hindi,2008,6.8,Yuki Sharma,108244376.9
3794,Eternal Empire,Comedy,Italian,1981,5.2,Elena Rossi,11868836.09
3795,Crimson Journey,Action,Korean,2013,9,Wei Kim,14576165.51
3796,Golden Empire,Action,English,2008,3.2,Maria Nolan,8190199.62
3797,Crimson Voyage,Sci-Fi,English,1996,3.4,Emma Silva,2449627.13
3798,Broken City,Drama,Japanese,1983,2.2,Yuki Kumar,4663499.21
3799,Frozen Empire,Drama,Japanese,1982,5.5,James Patel,4969835.47
3800,Midnight Flame,Documentary,Japanese,1999,2,Wei Nolan,14587262.3
3801,Midnight War,Drama,Japanese,2026,8.8,James Watanabe,5920114.34
3802,Golden City,Thriller,English,1989,5.6,Sanjay Chen,4830585.71
3803,Shattered Horizon,Thriller,Japanese,1994,2.4,Chris Nolan,13954227.67
3804,Burning Truth,Drama,English,1992,5.5,Carlos Chen,16366485.13
3805,Dark Echo,Horror,French,2023,3.7,Elena Wong,74380064.5
3806,Dark Heart,Comedy,Mandarin,1999,5.3,Michael Watanabe,16156040.58
3807,Broken Legacy,Documentary,Hindi,2001,5.9,Chris Lee,9153437.08
3808,Sacred Garden,Romance,English,1987,6.4,David Rossi,12706359.91
3809,Forgotten River,Action,Hindi,2026,5.1,Luis Reddy,5933019.79
3810,Frozen Echo,Horror,English,1994,2.4,Sanjay Rossi,11473532.73
3811,Sacred Kingdom,Fantasy,English,1990,7,Maria Fernandes,18236598.56
3812,Rising Storm,Adventure,Hindi,2025,3.8,Yuki Rossi,2946336.3
3813,Hidden Heart,Romance,Korean,2011,2.8,Elena Patel,13527440.31
3814,Dark Echo,Romance,Tamil,2019,3.9,Yuki Reddy,10760575.44
3815,Dark Journey,Horror,English,2016,3.6,Chris Nolan,11368276.24
3816,Frozen Heart,Fantasy,French,2006,6.8,Sanjay Reddy,3218950.1
3817,Dark Flame,Fantasy,English,2003,8.7,Luis Lee,7636996.75
3818,Burning Heart,Thriller,English,1996,6.8,James Muller,1622281849
3819,Sacred Voyage,Sci-Fi,Tamil,2023,7.2,Luis Silva,32143790.45
3820,Burning River,Sci-Fi,Spanish,2026,4.5,Aiko Wong,8820462.22
3821,Lost Flame,Fantasy,English,1996,6.3,Anjali Kumar,167061456.9
3822,Wild Garden,Drama,Japanese,1981,3,Chris Kapoor,8360452.25
3823,Eternal Garden,Crime,Portuguese,2023,7.9,Hana Fernandes,17920943.9
3824,Broken Echo,Adventure,English,1993,3,Elena Fernandes,15151488.6
3825,Burning Island,Drama,Korean,2016,5.1,Yuki Nolan,5279906.64
3826,Hidden Kingdom,Action,English,2002,5.8,Wei Kumar,15463914.03
3827,Distant Island,Horror,Korean,1996,8.5,Anjali Kapoor,4489919.67
3828,Midnight Legacy,Crime,Korean,1992,4.6,David Muller,1943683.63
3829,Frozen Journey,Crime,Hindi,2011,9.3,Arjun Patel,175801451.4
3830,Silent Voyage,Romance,French,1999,3.3,Sofia Chen,5875897.09
3831,Shattered Horizon,Adventure,Hindi,2016,5.2,Luis Muller,12424896.71
3832,Wild Flame,Animation,Spanish,1990,9.4,Sanjay Kapoor,19232256
3833,Silent Echo,Crime,English,1989,6.6,Aiko Iyer,12085786.83
3834,Lost Heart,Horror,German,1983,5.6,James Kapoor,6822289.02
3835,Endless Flame,Comedy,Hindi,1999,9.4,Maria Nolan,13790913.12
3836,Endless Island,Documentary,English,2019,5.3,Yuki Patel,12898902.1
3837,Rising Storm,Action,English,2014,5.9,Nina Iyer,1189766.06
3838,Crimson Legacy,Crime,Spanish,2019,6.1,Aiko Chen,18476396.7
3839,Forgotten Symphony,Adventure,Mandarin,1990,4.6,Emma Costa,150591507.5
3840,Midnight Island,Horror,English,2016,2.6,Anjali Watanabe,19499590.1
3841,Eternal Path,Action,Japanese,2011,8.5,Yuki Kumar,14846859.56
3842,Shattered Legacy,Fantasy,Japanese,2012,9.5,Anjali Kim,6384322.89
3843,Forgotten Kingdom,Thriller,Hindi,1999,5.4,Hana Sharma,8652427.68
3844,Shattered River,Horror,Telugu,2000,8.2,Anjali Kapoor,4078976.72
3845,Frozen Voyage,Romance,English,2011,4.9,Arjun Reddy,19178109.17
3846,Lost Symphony,Action,Tamil,1993,7.2,Anjali Kapoor,44374637.88
3847,Forgotten Kingdom,Romance,English,1985,8.3,Hana Garcia,16705525.48
3848,Silent River,Romance,French,1988,8,Chris Muller,18477889.5
3849,Midnight Empire,Romance,Korean,1985,4.5,Maria Kim,11701610.6
3850,Hidden Empire,Drama,Spanish,2010,7,Anjali Smith,10806061.41
3851,Forgotten Garden,Action,Korean,2021,8.6,Sanjay Fernandes,1443912.86
3852,Golden Truth,Horror,English,2013,2,Michael Wong,16457651.43
3853,Eternal Flame,Romance,Tamil,2001,8.2,Wei Rossi,15883471.28
3854,Lost Truth,Thriller,Tamil,2016,6,James Kapoor,5854462.93
3855,Golden Legacy,Action,Japanese,1990,5.7,David Iyer,9787950.18
3856,Lost Legacy,Horror,English,2017,7.1,Sofia Costa,11249094.98
3857,Sacred Journey,Crime,Spanish,1980,3.8,Michael Rossi,6439958.9
3858,Frozen City,Romance,Tamil,2023,5.8,David Muller,16481152.09
3859,Crimson Shadows,Thriller,Japanese,1982,4.7,Chris Chen,2884018.3
3860,Hidden Shadows,Sci-Fi,Hindi,2009,7.2,Chris Anderson,18671221.36
3861,Eternal Horizon,Horror,French,1982,3.6,Hana Muller,15791721.09
3862,Hidden River,Thriller,French,1997,7,Wei Silva,106718686
3863,Sacred Echo,Sci-Fi,French,2010,6.7,Sanjay Lee,18671703.01
3864,Rising Dream,Comedy,Korean,2007,6.3,David Costa,16755421.07
3865,Frozen Garden,Sci-Fi,Japanese,2014,4.7,Carlos Kapoor,5287805.54
3866,Secret Empire,Animation,French,2024,6.9,Nina Kim,6893330.27
3867,Midnight Garden,Sci-Fi,English,2019,6.2,Luis Iyer,13017289.11
3868,Shattered River,Fantasy,Hindi,2002,6.6,Elena Fernandes,4507279.2
3869,Wild Empire,Documentary,Mandarin,1984,7.5,Elena Patel,4112830.63
3870,Hidden Garden,Crime,English,1982,6.3,Aiko Reddy,6632901.46
3871,Endless Legacy,Fantasy,English,1998,4.6,Raj Kumar,12941718.83
3872,Rising Kingdom,Action,Korean,2000,5.5,Michael Garcia,4886694.93
3873,Shattered City,Documentary,French,2011,3.2,Hana Smith,2235665.65
3874,Dark Island,Fantasy,English,2004,7.2,Nina Silva,14591546.79
3875,Sacred Horizon,Action,Portuguese,1996,7,James Patel,553913166.4
3876,Eternal Horizon,Crime,Hindi,1995,3.7,Elena Smith,17215759.36
3877,Rising Voyage,Fantasy,English,1993,2.6,Sofia Sharma,12815792.64
3878,Shattered Echo,Thriller,Hindi,1981,8.7,Carlos Wong,656203.72
3879,Distant River,Drama,Tamil,1990,7.3,Raj Nolan,9850215.92
3880,Last Heart,Comedy,Hindi,2016,2.5,Aiko Iyer,13795439.49
3881,Frozen Heart,Comedy,Tamil,1997,4.9,Michael Garcia,1046448819
3882,Midnight Journey,Comedy,Hindi,2015,3.5,Nina Fernandes,3202236.21
3883,Dark Path,Comedy,English,1983,3.5,David Watanabe,92952109.81
3884,Eternal Legacy,Documentary,Tamil,2026,8.6,Yuki Anderson,7913599.41
3885,Eternal Garden,Documentary,Spanish,2000,9,Luis Wong,59531.87
3886,Burning Empire,Action,English,1985,6.2,Michael Iyer,12651512.05
3887,Midnight Legacy,Adventure,Mandarin,1998,9,David Rossi,11893661.91
3888,Silent Symphony,Thriller,Hindi,1995,4.5,Priya Patel,138267885.6
3889,Frozen City,Animation,Spanish,2026,3.3,Luis Muller,16015762.74
3890,Secret Truth,Adventure,Spanish,2008,5.8,Priya Watanabe,8729885.22
3891,Midnight Journey,Sci-Fi,Hindi,1982,5.7,Emma Muller,21163320.96
3892,Broken Storm,Fantasy,Japanese,1996,9.2,Emma Rossi,174807592.8
3893,Crimson City,Sci-Fi,German,2013,6.9,Chris Reddy,11973669.77
3894,Eternal Garden,Horror,French,1998,9.4,Carlos Garcia,8050530.81
3895,Wild Voyage,Crime,English,1991,7.9,Sanjay Iyer,13047340.83
3896,Lost Legacy,Drama,French,1996,2.7,Arjun Wong,2599911.35
3897,Secret Heart,Action,Korean,2026,2.9,Elena Kumar,9088902.76
3898,Forgotten Voyage,Documentary,French,2009,7.7,Arjun Garcia,5114997.56
3899,Distant Shadows,Drama,Telugu,1993,5.1,Nina Garcia,8874950.21
3900,Sacred Echo,Horror,English,1984,7.6,Maria Silva,8146746.17
3901,Forgotten War,Fantasy,Portuguese,1997,3.8,Sanjay Nolan,14395956.34
3902,Secret Voyage,Crime,Hindi,2026,7.1,Sanjay Nolan,5637956.77
3903,Rising Heart,Drama,Spanish,1988,4.5,Anjali Patel,19522094.52
3904,Distant Storm,Sci-Fi,Telugu,2016,6.5,Hana Smith,15030312.54
3905,Frozen Horizon,Drama,Tamil,2001,4.5,Nina Chen,4442444.37
3906,Last Island,Thriller,Japanese,1998,7.7,Priya Lee,15174249.7
3907,Eternal Horizon,Horror,English,2007,3,James Costa,4796973.06
3908,Hidden Flame,Romance,Telugu,2007,2.4,Carlos Nolan,15799795.13
3909,Burning Garden,Animation,Spanish,2013,3.3,Michael Muller,5285021.76
3910,Frozen War,Comedy,English,2003,7.5,Sanjay Reddy,87384704.23
3911,Endless Horizon,Animation,English,1983,5.1,Sofia Chen,9981687.06
3912,Crimson Horizon,Comedy,English,2015,3.3,Nina Sharma,9194138.25
3913,Hidden Storm,Thriller,Hindi,1998,5.5,Aiko Silva,38750454.73
3914,Wild Path,Comedy,Korean,2009,4.9,Sanjay Chen,10307177.59
3915,Crimson Dream,Drama,French,2012,7.8,Hana Iyer,10805926.96
3916,Frozen Truth,Comedy,Portuguese,2024,5,Elena Sharma,16232651.41
3917,Lost Shadows,Animation,Italian,1995,4.1,Hana Nolan,1530956.61
3918,Wild Island,Adventure,Hindi,1987,5.1,Priya Patel,86375646.81
3919,Frozen Heart,Romance,English,2013,6.6,Chris Patel,615296.02
3920,Burning Path,Drama,Spanish,1982,5.1,Nina Muller,10891243.03
3921,Rising Storm,Animation,English,2018,4.6,David Costa,6554442.76
3922,Eternal Garden,Comedy,Tamil,2012,4,Raj Kapoor,2242703955
3923,Silent Truth,Documentary,English,2004,8.4,David Fernandes,11920112.78
3924,Eternal Garden,Crime,French,1998,8.5,Chris Watanabe,4726231.57
3925,Hidden Flame,Documentary,English,1997,3.2,Wei Watanabe,159076317.4
3926,Forgotten Voyage,Action,Japanese,2026,4.2,Elena Garcia,6927016.71
3927,Golden Dream,Adventure,Japanese,2025,6.3,Nina Fernandes,429319.76
3928,Wild Flame,Fantasy,English,2017,3.4,Maria Sharma,7061468.66
3929,Wild Storm,Sci-Fi,English,2004,3.3,Anjali Fernandes,4456634.63
3930,Burning War,Romance,English,2011,7.8,Yuki Silva,92340889.28
3931,Sacred City,Crime,Korean,2024,5.2,Luis Smith,9903617.33
3932,Rising Path,Sci-Fi,Hindi,2010,7.5,Sanjay Costa,12843869.62
3933,Forgotten Garden,Horror,English,2012,2.1,Luis Wong,12312478.62
3934,Eternal Empire,Romance,Japanese,1991,4,Aiko Rossi,45060214.1
3935,Endless City,Adventure,English,2021,6.9,Sanjay Patel,16717236.41
3936,Sacred Voyage,Action,English,2021,7.6,Emma Kumar,8834843.87
3937,Secret Echo,Horror,Hindi,2000,4.1,Carlos Rossi,2308455.28
3938,Distant City,Crime,Mandarin,2003,2.9,Priya Costa,16017688.19
3939,Rising Island,Comedy,Mandarin,2017,6.5,James Patel,19448284.64
3940,Secret Storm,Romance,Spanish,2013,3.7,Anjali Nolan,2869448.57
3941,Sacred Voyage,Crime,Japanese,2011,5.4,Chris Wong,12430461.79
3942,Silent Echo,Documentary,English,1987,4.4,Maria Smith,959242.27
3943,Dark Path,Documentary,Hindi,1992,2.7,Emma Wong,8294714.21
3944,Golden Horizon,Crime,English,1995,5.9,Emma Chen,13362721.37
3945,Sacred War,Sci-Fi,French,1995,4.6,Carlos Costa,12597598.26
3946,Broken Storm,Adventure,English,1997,5.5,Sofia Anderson,12346065.68
3947,Eternal City,Sci-Fi,German,1988,9.1,Emma Kumar,188174164.5
3948,Lost Kingdom,Comedy,Hindi,1991,6.8,Nina Watanabe,1169661.89
3949,Wild War,Action,English,2021,2.5,Sanjay Garcia,30831593.93
3950,Rising Empire,Drama,Telugu,1982,4.6,Yuki Rossi,819246.41
3951,Wild Empire,Romance,Hindi,2025,6.1,Sanjay Kapoor,9709207.7
3952,Midnight Shadows,Horror,Hindi,2011,6.3,Arjun Nolan,5960662.19
3953,Eternal War,Crime,French,1984,8.3,Hana Lee,401645.24
3954,Rising Truth,Comedy,English,1987,8,Priya Kim,10259424.46
3955,Forgotten Path,Sci-Fi,English,2023,5.7,Sofia Anderson,12935174.5
3956,Wild Shadows,Sci-Fi,French,2002,4.9,Priya Reddy,15173760.13
3957,Sacred Dream,Documentary,German,2023,7.8,Maria Kumar,3170092.25
3958,Burning Symphony,Thriller,Spanish,2011,8.3,David Anderson,15240294.47
3959,Distant Truth,Comedy,Hindi,1987,4.3,Elena Lee,11646225.42
3960,Golden Echo,Adventure,French,2020,5.4,Maria Watanabe,19563979.27
3961,Midnight Journey,Adventure,Japanese,2019,8.9,Luis Kumar,6084089.7
3962,Dark Echo,Action,Tamil,2011,5.8,Elena Patel,1236375.62
3963,Broken Storm,Fantasy,Hindi,1986,7.1,Arjun Wong,9284599.22
3964,Forgotten Echo,Horror,Portuguese,1995,8.2,David Kapoor,121244790.7
3965,Endless Storm,Crime,Hindi,1995,2.4,Aiko Kapoor,10012648.97
3966,Silent Island,Fantasy,Hindi,2000,5.3,Elena Garcia,3144238.96
3967,Eternal Echo,Fantasy,German,1991,7.9,Sanjay Anderson,16891094.42
3968,Broken Journey,Fantasy,Korean,1990,8.9,David Kumar,10769304.49
3969,Last Flame,Comedy,English,1980,7,David Kim,4649798.98
3970,Lost Horizon,Comedy,Spanish,1980,6,Maria Smith,10720690.39
3971,Lost Journey,Adventure,Tamil,2023,8.1,Sanjay Iyer,45127535.94
3972,Hidden Echo,Thriller,Portuguese,2001,2.6,Wei Fernandes,5650763.7
3973,Burning River,Thriller,English,2005,7.2,Hana Watanabe,127019.11
3974,Silent Truth,Romance,English,1991,2.1,Sofia Patel,1764060.89
3975,Hidden War,Fantasy,Hindi,2007,3.1,Yuki Lee,13240135.5
3976,Wild Legacy,Action,English,2017,2.6,Priya Sharma,43987996.05
3977,Hidden Flame,Fantasy,English,2003,8.3,Anjali Watanabe,121303741
3978,Wild Empire,Romance,Telugu,1985,7.5,Aiko Kumar,9900504.37
3979,Crimson Storm,Sci-Fi,Mandarin,2023,3.9,Chris Reddy,11287476.91
3980,Burning Horizon,Horror,English,2016,8.1,Raj Kapoor,5207336.07
3981,Silent Echo,Crime,English,1988,8.1,Wei Silva,9104069.53
3982,Burning Dream,Animation,French,1982,2.4,James Reddy,4079156.34
3983,Broken Symphony,Sci-Fi,Korean,1998,6.3,Raj Rossi,9996277.13
3984,Wild Path,Drama,German,2003,7.9,Arjun Patel,7167801.43
3985,Sacred Shadows,Action,Mandarin,2007,4.7,Arjun Reddy,1466536771
3986,Broken Path,Horror,Japanese,1989,7.4,Anjali Lee,15705866.69
3987,Last River,Comedy,German,2009,8.5,Emma Sharma,18064450.49
3988,Distant Empire,Crime,Hindi,2020,7.3,Yuki Rossi,8332974.34
3989,Last Horizon,Adventure,English,2010,7.1,David Garcia,6804167.06
3990,Lost Echo,Fantasy,Japanese,2011,2.1,Aiko Muller,17646392.62
3991,Broken War,Fantasy,English,2003,2.9,Wei Chen,11675995.75
3992,Hidden Garden,Documentary,English,2010,6.4,Sanjay Costa,366700729
3993,Broken Flame,Documentary,English,2006,8.2,Sofia Kapoor,2852315.27
3994,Last Legacy,Action,Portuguese,1992,6.6,Emma Sharma,2261044.37
3995,Forgotten Echo,Romance,Korean,2004,2.4,Chris Kim,60207059.53
3996,Secret Empire,Crime,English,2004,7.8,Sanjay Reddy,6907738.92
3997,Broken Truth,Drama,English,1982,8.4,Yuki Rossi,5812984.37
3998,Shattered City,Sci-Fi,Mandarin,2022,4.5,David Nolan,12412665.55
3999,Dark Shadows,Fantasy,Italian,2024,2,Hana Chen,1499787.24
4000,Lost Storm,Romance,Mandarin,1981,6.1,Maria Silva,4486289.19
4001,Shattered Echo,Crime,Hindi,1994,2.5,Arjun Nolan,56137814.53
4002,Dark Voyage,Documentary,Korean,1987,8.7,Sofia Smith,10143439.08
4003,Dark Kingdom,Adventure,Korean,2006,3,Sofia Smith,1265489.41
4004,Silent Dream,Romance,Korean,1983,2.2,Emma Iyer,52882280.15
4005,Secret War,Thriller,Korean,2018,2,Carlos Rossi,15090675.77
4006,Burning Island,Sci-Fi,Hindi,2025,9.4,Carlos Fernandes,12050900.78
4007,Dark Empire,Horror,English,1984,3.1,Maria Patel,5317898.4
4008,Dark Journey,Crime,Spanish,2024,7.2,Hana Muller,735861.53
4009,Lost Path,Drama,English,1990,7.4,Maria Silva,13764243.07
4010,Sacred Echo,Animation,German,1990,8,Nina Anderson,3473368.74
4011,Distant Horizon,Comedy,Telugu,2021,2.5,Priya Kumar,7399446.69
4012,Frozen City,Romance,Mandarin,1984,3.5,Carlos Fernandes,3728633
4013,Rising Kingdom,Action,Spanish,1998,7.3,Carlos Watanabe,19243453.59
4014,Hidden Storm,Drama,English,1988,3.1,Chris Kumar,8339727.24
4015,Sacred Kingdom,Romance,Italian,2026,9.1,Yuki Rossi,2864150.38
4016,Shattered Path,Documentary,German,2012,7.3,Maria Iyer,15597630.57
4017,Crimson Dream,Romance,Spanish,1987,9.4,Carlos Smith,829357.18
4018,Hidden War,Fantasy,Hindi,1994,2.8,Elena Reddy,185206479.6
4019,Secret Empire,Adventure,Hindi,1980,3.5,Sanjay Kumar,15420696.77
4020,Shattered Kingdom,Action,English,2021,7.4,Anjali Garcia,2558545.74
4021,Shattered Storm,Horror,Korean,2022,4.1,Elena Iyer,9615614.16
4022,Golden Echo,Comedy,Spanish,2017,2.9,Chris Watanabe,17511580.89
4023,Golden Symphony,Crime,English,1993,3.4,Sofia Sharma,2204861.52
4024,Crimson City,Adventure,Hindi,2007,6.7,Luis Nolan,8983365.19
4025,Forgotten Flame,Horror,English,2018,8.4,Wei Kumar,8446557.29
4026,Golden Path,Crime,Hindi,2010,3.1,Priya Fernandes,16771704.63
4027,Eternal Path,Fantasy,German,2009,2.4,Maria Iyer,16957733.96
4028,Lost Storm,Adventure,Japanese,1990,5.6,Hana Nolan,9959635.94
4029,Shattered Journey,Animation,Italian,1995,4,Carlos Kim,19872922.31
4030,Forgotten Echo,Fantasy,English,1997,3.1,Aiko Wong,14161814.99
4031,Broken Path,Romance,French,1983,5.3,Arjun Wong,9481447.04
4032,Midnight Truth,Crime,English,2008,2.4,Hana Silva,7739732.01
4033,Burning Journey,Horror,French,1982,4.7,Maria Watanabe,14161369.53
4034,Crimson Legacy,Comedy,Mandarin,1980,3.5,Michael Watanabe,7196380.15
4035,Wild Symphony,Thriller,Portuguese,2005,5.5,Sofia Silva,19335900.07
4036,Forgotten Legacy,Animation,Portuguese,2004,3.7,Aiko Silva,14544383.68
4037,Silent Flame,Thriller,English,2010,6.2,Sanjay Sharma,5661452.83
4038,Last War,Animation,Telugu,2007,5.1,Nina Chen,15217078.61
4039,Rising Kingdom,Documentary,English,2026,6.9,Hana Patel,4815519.21
4040,Forgotten Voyage,Thriller,Japanese,2025,4.6,Elena Costa,5457881.6
4041,Dark Path,Romance,Hindi,1985,2.3,Anjali Rossi,17953918.83
4042,Frozen Storm,Thriller,German,2019,2.2,Sanjay Anderson,93967767.49
4043,Broken Horizon,Thriller,Telugu,2024,5,Aiko Fernandes,15115244.66
4044,Wild Symphony,Sci-Fi,Hindi,1981,6.5,Priya Watanabe,10508542.84
4045,Dark Symphony,Adventure,Mandarin,2008,3.9,Luis Kim,7136546.15
4046,Dark Symphony,Animation,English,2002,5.9,Nina Garcia,5822345.42
4047,Eternal Journey,Horror,Korean,1984,9.4,Anjali Sharma,7087046.92
4048,Shattered River,Comedy,Hindi,1984,8.8,Michael Muller,9817224.64
4049,Broken Storm,Adventure,English,2005,7.6,Hana Kumar,7168494.84
4050,Last Garden,Animation,English,2000,8.1,Luis Smith,19844517.84
4051,Wild Heart,Crime,English,2011,5.2,Sanjay Sharma,3731885.21
4052,Sacred Heart,Sci-Fi,English,2000,8.2,Carlos Smith,1523183.51
4053,Shattered Heart,Horror,Portuguese,2010,2.6,Wei Silva,15823460
4054,Dark Island,Drama,Italian,2012,5.7,Carlos Silva,82261456.17
4055,Shattered Shadows,Documentary,French,2006,3.8,Emma Sharma,91462015.08
4056,Crimson War,Animation,English,1999,2.9,Chris Patel,10369842.09
4057,Hidden River,Animation,English,2012,7.1,Carlos Silva,12288369.32
4058,Silent River,Fantasy,Korean,1994,2.7,Hana Sharma,18770943.47
4059,Wild Echo,Adventure,Spanish,1997,5.4,Raj Kapoor,19745796.84
4060,Midnight Garden,Thriller,Tamil,2026,6.1,Emma Smith,6358473.19
4061,Distant Legacy,Action,Hindi,1997,4.9,James Chen,16145566.2
4062,Secret Empire,Romance,English,2001,5.5,James Chen,18672084.29
4063,Distant Horizon,Fantasy,English,1990,4.1,Michael Kim,2683412792
4064,Golden Echo,Documentary,English,2019,8.5,Chris Sharma,1955210181
4065,Eternal Empire,Documentary,French,2022,3.1,Elena Kapoor,6388873.17
4066,Forgotten Garden,Crime,Hindi,2006,3.1,Luis Costa,55708285.95
4067,Lost Dream,Fantasy,Hindi,1999,6.9,Arjun Watanabe,5139265.11
4068,Dark Heart,Thriller,Tamil,2015,8.3,Maria Muller,11888882.37
4069,Broken Echo,Sci-Fi,French,1982,6.6,Arjun Iyer,17476810.72
4070,Endless Symphony,Fantasy,Telugu,2014,2.8,Maria Lee,18379501.34
4071,Lost Legacy,Romance,English,2001,5.3,Yuki Muller,20903560.34
4072,Silent Garden,Animation,Mandarin,2014,9.3,Yuki Silva,5085595.8
4073,Forgotten Flame,Thriller,English,2000,6.4,Nina Kapoor,4679672.92
4074,Golden Journey,Action,Hindi,2015,3.6,Maria Patel,37632883.51
4075,Dark Voyage,Animation,English,2015,2,Priya Smith,24661133.24
4076,Frozen River,Horror,Korean,2023,7.7,Raj Costa,1966091.5
4077,Wild Dream,Thriller,Italian,1982,7.4,Carlos Kim,2303384.13
4078,Shattered Island,Horror,French,2015,3.6,David Costa,17944332.87
4079,Crimson Path,Adventure,Hindi,2008,4.6,Michael Smith,1527652.04
4080,Shattered Dream,Action,French,2020,5.6,David Kumar,11098539.99
4081,Lost Dream,Fantasy,Korean,2008,9.4,Wei Silva,12432698.68
4082,Forgotten Horizon,Romance,Spanish,2002,7.4,Emma Lee,11476408.88
4083,Dark Shadows,Action,English,1988,2.5,Maria Chen,10178511.95
4084,Rising Kingdom,Animation,Spanish,2016,7.6,Anjali Watanabe,11413921.01
4085,Distant Truth,Romance,Portuguese,2008,9.5,Michael Lee,7397525.04
4086,Dark Heart,Animation,English,1996,5.1,Emma Silva,42824908.68
4087,Broken Echo,Fantasy,Korean,1984,5.9,Sofia Costa,135685.91
4088,Midnight City,Sci-Fi,Hindi,1987,8.7,Luis Watanabe,67027203.96
4089,Wild Kingdom,Adventure,Tamil,1999,6.1,James Lee,8919822.12
4090,Endless Voyage,Documentary,Tamil,2008,4.7,Aiko Kim,4871678.19
4091,Forgotten Legacy,Comedy,Mandarin,2002,8.8,Michael Silva,17762834.31
4092,Lost Shadows,Adventure,French,2000,6.6,Hana Wong,161993236.6
4093,Eternal War,Fantasy,English,2024,6.8,Nina Kim,2998367.59
4094,Rising Island,Horror,Spanish,2012,8.2,Michael Anderson,1765460.22
4095,Midnight Journey,Comedy,Italian,2008,2.8,Carlos Fernandes,736663.25
4096,Endless Echo,Sci-Fi,English,1980,6.9,Priya Fernandes,11434466.27
4097,Silent Storm,Crime,English,2012,2.2,Elena Fernandes,17764440.6
4098,Dark Journey,Fantasy,English,1999,9,Anjali Silva,2393479.41
4099,Endless War,Thriller,Hindi,2007,2.7,Carlos Sharma,8479510.45
4100,Hidden Journey,Fantasy,Mandarin,1993,6.1,Sanjay Chen,16944675.43
4101,Eternal Symphony,Adventure,English,2010,3.1,Carlos Costa,18145184.58
4102,Shattered Kingdom,Comedy,Japanese,2001,6.7,Luis Kim,13459315.64
4103,Endless Legacy,Adventure,Hindi,2015,9.4,Wei Watanabe,820125.88
4104,Forgotten Voyage,Romance,Hindi,2022,4,Emma Kapoor,19978065.44
4105,Wild Island,Thriller,Spanish,2002,4.5,Maria Fernandes,11196365.07
4106,Frozen Voyage,Romance,English,1985,4.1,David Silva,1726914879
4107,Sacred Storm,Animation,English,1980,8.6,Emma Rossi,5046948.59
4108,Golden Island,Horror,Hindi,1993,4.9,Yuki Kapoor,8172253.6
4109,Crimson Horizon,Sci-Fi,Italian,2005,6.2,Arjun Chen,4430046.01
4110,Frozen Truth,Horror,English,2017,7.6,Wei Wong,18034845.34
4111,Endless Legacy,Thriller,English,2019,7.6,Luis Kapoor,546244.61
4112,Dark Dream,Adventure,Spanish,1995,2.9,Wei Garcia,1652577.76
4113,Midnight Path,Documentary,Spanish,1997,7.5,Chris Sharma,4926323.69
4114,Broken Flame,Drama,English,2024,7.5,Michael Rossi,4674737.24
4115,Eternal Heart,Adventure,Spanish,1997,8.5,Emma Wong,3743765.72
4116,Eternal Storm,Animation,English,2003,6.1,Emma Fernandes,17917397.42
4117,Sacred Shadows,Sci-Fi,Korean,1992,4.1,Priya Smith,14586394.12
4118,Crimson Echo,Horror,Korean,1994,5.9,Carlos Chen,200436.09
4119,Eternal Garden,Documentary,Spanish,2023,6.6,Sofia Reddy,122410422.2
4120,Silent Shadows,Sci-Fi,Hindi,1988,5.8,Arjun Kim,121696.22
4121,Lost Voyage,Thriller,Spanish,2007,2.4,Arjun Chen,152050503.1
4122,Midnight Heart,Drama,Japanese,2006,5.2,Hana Kim,18894761.69
4123,Endless City,Animation,English,2015,3,Nina Reddy,96966359.77
4124,Dark Symphony,Comedy,English,1983,3.6,Anjali Sharma,6330721.23
4125,Distant Heart,Drama,English,2017,6.2,Raj Sharma,13932126.69
4126,Shattered Storm,Fantasy,Tamil,1995,7.1,Chris Reddy,17790819.9
4127,Endless Path,Comedy,Spanish,2024,6,David Iyer,14270570.17
4128,Dark Echo,Horror,English,1986,7.7,Luis Garcia,16921799.11
4129,Eternal Path,Sci-Fi,Tamil,2022,6.2,Chris Kapoor,2502581.03
4130,Frozen Kingdom,Horror,Japanese,1994,8.6,Chris Rossi,41918524.46
4131,Shattered Kingdom,Fantasy,English,2009,6.7,Nina Lee,3205282.34
4132,Secret War,Crime,Japanese,2020,5.3,Luis Nolan,17981308.19
4133,Dark Echo,Romance,English,2001,5.5,Maria Kim,11489959.49
4134,Dark City,Action,Hindi,1984,8.4,Aiko Garcia,9868564.18
4135,Endless Garden,Action,English,1998,6.2,Nina Reddy,8705029.44
4136,Shattered Shadows,Crime,Spanish,2009,9.2,Michael Muller,64993.32
4137,Frozen Shadows,Adventure,Spanish,1991,3.7,David Silva,6316838.66
4138,Rising Shadows,Sci-Fi,English,2004,3.7,Elena Costa,10469147.69
4139,Hidden Journey,Drama,English,2017,6.1,Chris Lee,18441357.53
4140,Sacred Kingdom,Adventure,English,2026,8.6,Arjun Smith,11246733.74
4141,Silent Symphony,Thriller,English,2023,5.1,Wei Muller,114572354.9
4142,Golden War,Thriller,Hindi,2016,4.5,Arjun Anderson,15663361.8
4143,Broken Journey,Horror,English,1988,3.5,Luis Reddy,12577142.2
4144,Broken Empire,Adventure,Hindi,1980,6.2,Carlos Garcia,16209367.59
4145,Midnight Storm,Action,Mandarin,2015,3.3,Sofia Muller,10815603.95
4146,Hidden Kingdom,Thriller,Japanese,1989,5.5,Wei Smith,9400792.26
4147,Secret Kingdom,Fantasy,Spanish,2022,7.6,Luis Wong,100766158.4
4148,Shattered Garden,Drama,Spanish,2017,8.5,Luis Iyer,14980121.51
4149,Last Echo,Drama,Spanish,2017,7.8,Priya Kapoor,2414975.28
4150,Last City,Documentary,Korean,1980,4.5,Michael Iyer,156664796.2
4151,Shattered Garden,Romance,Telugu,1989,8.3,Priya Lee,2081342.34
4152,Frozen Dream,Fantasy,Mandarin,2005,6.9,Wei Wong,6997449.97
4153,Forgotten Shadows,Sci-Fi,English,2001,3.1,Michael Costa,8738788.72
4154,Midnight Truth,Drama,Tamil,2012,2.2,Wei Iyer,6731772.67
4155,Forgotten City,Action,English,2021,9.4,Raj Iyer,11318272.78
4156,Rising City,Comedy,Korean,2008,7.7,Chris Reddy,12317703.84
4157,Hidden Echo,Crime,English,1988,6.7,Anjali Wong,1043419.94
4158,Frozen River,Drama,Hindi,2010,9.4,Chris Watanabe,19672466.39
4159,Distant Dream,Horror,French,2004,9,Arjun Garcia,18745105.9
4160,Midnight Truth,Horror,Hindi,2010,2.3,Raj Smith,18664894.29
4161,Last Storm,Animation,English,1995,9.2,Arjun Kim,3452324.84
4162,Golden Voyage,Adventure,Spanish,2025,4.7,Elena Patel,15801224.99
4163,Silent War,Romance,Tamil,2016,6.7,Hana Iyer,22508911.07
4164,Wild Garden,Comedy,Korean,1993,5.6,Emma Lee,166641331.5
4165,Lost Heart,Crime,Japanese,2014,7.7,Nina Lee,6657640.16
4166,Eternal Symphony,Sci-Fi,French,1981,7.4,Carlos Chen,149526550.9
4167,Rising Island,Crime,English,2025,3.5,Emma Silva,45013343.32
4168,Hidden War,Horror,Spanish,2013,9.3,Wei Rossi,4323793.14
4169,Rising Dream,Fantasy,Hindi,1996,5.8,Priya Reddy,6361862.78
4170,Rising Storm,Sci-Fi,English,1992,5.8,Sofia Fernandes,35472887.83
4171,Dark Flame,Drama,Mandarin,2006,6.8,Chris Rossi,11922017.3
4172,Last Kingdom,Crime,English,1994,4.6,Aiko Nolan,2021209.41
4173,Secret Flame,Crime,English,2021,7.5,Elena Smith,12825428.18
4174,Rising Echo,Animation,English,1985,7.4,Michael Sharma,7876489.53
4175,Rising Voyage,Comedy,Spanish,2019,5.4,David Sharma,706270.52
4176,Dark Dream,Romance,Mandarin,1986,4.8,Raj Patel,15786535.02
4177,Midnight Horizon,Adventure,French,2001,7.2,Luis Silva,14306430.5
4178,Secret Garden,Sci-Fi,French,2003,8.9,Yuki Kim,33987401.57
4179,Crimson Dream,Crime,Tamil,1997,2.8,David Silva,535710127.4
4180,Endless Kingdom,Comedy,English,2016,9.2,Raj Patel,14533022.85
4181,Crimson Dream,Romance,Spanish,2025,5.6,Sanjay Wong,19070951.39
4182,Crimson Storm,Drama,French,2008,9.3,Raj Sharma,17103080.09
4183,Secret Dream,Comedy,English,2003,8.4,Elena Anderson,7909389.59
4184,Midnight Kingdom,Animation,Spanish,2021,2.6,Emma Costa,1880669.48
4185,Frozen Echo,Documentary,Mandarin,2018,7.6,Sanjay Rossi,5883482.78
4186,Secret Legacy,Drama,Hindi,2012,5.6,Hana Kim,12671113.84
4187,Lost Storm,Comedy,Mandarin,1982,9.2,Anjali Iyer,19688518.25
4188,Forgotten Journey,Animation,Hindi,2005,8.8,Sofia Anderson,76737819.95
4189,Silent Shadows,Fantasy,Hindi,2013,4.6,Luis Costa,9022073.11
4190,Crimson Garden,Documentary,Mandarin,2003,5.6,Carlos Sharma,14796636.4
4191,Broken Journey,Adventure,Japanese,2023,3.1,Sofia Costa,10590733.61
4192,Distant Journey,Sci-Fi,Hindi,1981,7.9,Arjun Nolan,15998347.06
4193,Eternal Island,Horror,Italian,1981,6.2,Yuki Kim,17306307.36
4194,Last Symphony,Crime,Spanish,1987,7,Nina Muller,141969590.7
4195,Broken Flame,Animation,English,2006,5.2,Priya Sharma,5882772.78
4196,Eternal Horizon,Crime,Portuguese,1984,7.8,Arjun Wong,1048852.87
4197,Secret Flame,Sci-Fi,English,2025,5,Sofia Smith,1513517.75
4198,Dark Dream,Horror,English,1993,8.3,Luis Watanabe,7543251.56
4199,Sacred Kingdom,Drama,French,2014,8.5,James Nolan,12287125.99
4200,Secret Journey,Crime,English,1997,3.2,David Reddy,83501613.7
4201,Lost Horizon,Horror,English,1991,8.1,Wei Garcia,174353017
4202,Eternal Heart,Sci-Fi,English,2016,7.4,James Smith,3801910.79
4203,Midnight Horizon,Thriller,Mandarin,1993,6,Emma Chen,6067134.77
4204,Last City,Documentary,Hindi,2025,3,Raj Reddy,1586679.41
4205,Burning Legacy,Documentary,French,1997,2.3,Michael Lee,6241794.97
4206,Rising River,Crime,French,1981,5.7,David Kapoor,6209314.91
4207,Forgotten Echo,Action,Mandarin,1984,8.8,James Rossi,7277092.51
4208,Forgotten River,Romance,Hindi,2010,7.2,Sofia Rossi,10307449.14
4209,Endless River,Sci-Fi,Korean,2026,8.5,Hana Patel,150434671.9
4210,Forgotten River,Thriller,Hindi,1980,6.5,Nina Fernandes,9178212.03
4211,Hidden Path,Thriller,English,2006,8.6,Carlos Fernandes,4457584.46
4212,Rising Horizon,Sci-Fi,Mandarin,1983,3.9,Nina Iyer,17340254.13
4213,Hidden Shadows,Documentary,French,1996,6.9,Elena Nolan,17904595.91
4214,Golden River,Fantasy,English,2021,4.3,Priya Sharma,2980702.81
4215,Silent Empire,Animation,German,1992,3.6,Luis Kim,17562771.43
4216,Dark Shadows,Adventure,Hindi,1988,7.6,James Chen,19030460.66
4217,Midnight Island,Thriller,English,2007,2.9,Aiko Muller,15431309.42
4218,Midnight War,Documentary,English,2011,7.8,Anjali Kim,13747673.37
4219,Golden Garden,Thriller,Spanish,1993,9.1,Maria Kim,11681928.19
4220,Lost Storm,Animation,Telugu,1989,4.7,Sanjay Chen,14652362.39
4221,Wild River,Animation,Italian,2023,7.4,Anjali Silva,17488686.6
4222,Forgotten Dream,Adventure,Hindi,1992,8.1,Yuki Sharma,13890424.2
4223,Shattered Storm,Sci-Fi,Hindi,2002,5.8,Nina Patel,16925482.82
4224,Forgotten Storm,Thriller,Hindi,1985,7.5,Maria Smith,2856888.09
4225,Sacred Echo,Sci-Fi,Tamil,1986,4.9,Michael Smith,5730380.22
4226,Rising Shadows,Animation,Hindi,1980,4.7,Yuki Silva,89271794.04
4227,Broken Legacy,Action,English,1982,2.9,Priya Muller,5890063.11
4228,Hidden Truth,Sci-Fi,English,2018,7.5,Maria Kumar,14793581.48
4229,Sacred Storm,Romance,Hindi,2015,5.2,Arjun Kim,80482.22
4230,Secret Kingdom,Horror,English,1996,8.6,Sanjay Kim,2331449.8
4231,Eternal Shadows,Action,English,2020,9.1,Hana Chen,4797166.74
4232,Last Dream,Sci-Fi,Korean,1985,8.2,Luis Garcia,15493113.22
4233,Burning Journey,Action,Hindi,1986,4.7,Yuki Wong,117802772.3
4234,Wild War,Romance,Korean,1984,3.7,Carlos Fernandes,5702033.4
4235,Distant Flame,Documentary,Hindi,2000,5.4,James Sharma,16148194.83
4236,Frozen Dream,Comedy,Spanish,2024,3.2,Elena Chen,11355830.6
4237,Dark Shadows,Animation,Telugu,2015,6.6,Chris Chen,13251559.87
4238,Last Dream,Sci-Fi,Tamil,2009,9.1,Emma Muller,11780313.24
4239,Sacred Symphony,Documentary,Italian,1994,2.9,Arjun Kapoor,11029663.58
4240,Midnight Truth,Sci-Fi,Korean,1980,3.5,Aiko Smith,1800755.7
4241,Golden War,Comedy,Japanese,1982,5.6,Emma Chen,10976233.29
4242,Frozen Path,Documentary,French,1993,8.2,Maria Rossi,52605436.85
4243,Secret Symphony,Fantasy,Japanese,1980,7.4,Carlos Muller,18873094.2
4244,Burning City,Animation,English,2002,9.1,Carlos Nolan,820930.08
4245,Broken Storm,Horror,Hindi,1993,4.2,David Anderson,13791716.25
4246,Secret Path,Adventure,English,1987,4.9,Aiko Lee,9180274.76
4247,Forgotten Storm,Sci-Fi,Telugu,2000,3.3,Michael Smith,2452811.6
4248,Frozen War,Comedy,English,2005,5.9,Anjali Costa,16990552.11
4249,Golden Journey,Thriller,English,2021,4.9,Luis Sharma,19912311.74
4250,Eternal Kingdom,Sci-Fi,Tamil,1993,7.7,Raj Costa,7789364.19
4251,Golden War,Romance,English,2003,2.7,Elena Fernandes,2094329.32
4252,Endless Shadows,Adventure,Spanish,1991,2.3,James Kim,15519634.09
4253,Eternal City,Drama,English,2010,7.4,Chris Watanabe,13558349.4
4254,Frozen Storm,Thriller,English,2025,2.1,Yuki Muller,546188.3
4255,Last Heart,Crime,Korean,1997,8.7,Sofia Nolan,2847074.71
4256,Eternal Island,Fantasy,Italian,2001,5.8,Nina Reddy,912377.3
4257,Eternal Island,Comedy,Korean,2000,6.6,Raj Fernandes,158606703.5
4258,Rising Voyage,Adventure,English,1999,4.6,Sanjay Anderson,10884079.99
4259,Frozen Truth,Drama,Hindi,2015,9.1,Michael Silva,12769676.05
4260,Lost Shadows,Fantasy,English,2021,7.2,Chris Kim,2885150.47
4261,Midnight War,Horror,Hindi,2024,3.5,Anjali Nolan,1496275649
4262,Shattered River,Thriller,Hindi,2001,9.3,Raj Sharma,4498622.94
4263,Forgotten Heart,Sci-Fi,English,2001,5.1,Nina Garcia,89844436.02
4264,Sacred City,Animation,English,1995,5.3,Michael Lee,17949074.69
4265,Rising War,Animation,Hindi,1996,2.2,Raj Garcia,2135527435
4266,Endless Legacy,Action,Tamil,2015,7.4,David Sharma,17801219.72
4267,Endless Legacy,Comedy,Japanese,2011,7.1,Emma Rossi,3273712.96
4268,Dark War,Action,Hindi,2023,9,Yuki Watanabe,11927372.78
4269,Forgotten River,Sci-Fi,English,1998,6.3,Priya Costa,1422849.98
4270,Dark Voyage,Comedy,Hindi,2001,5.3,Yuki Sharma,15452047.56
4271,Forgotten Legacy,Animation,Hindi,1994,4.8,Maria Patel,12405619.96
4272,Silent Kingdom,Crime,Tamil,2024,3.9,Yuki Kumar,1173803.99
4273,Broken Journey,Fantasy,English,1998,9.4,Luis Costa,664499.66
4274,Last Garden,Sci-Fi,Spanish,1981,8.6,Yuki Muller,149259853.9
4275,Shattered Storm,Fantasy,Italian,1998,7.4,Sanjay Silva,9213575.9
4276,Endless Journey,Action,Spanish,2014,3.2,Nina Iyer,18151383.43
4277,Dark Legacy,Action,Mandarin,2019,9.2,James Kumar,4973942.18
4278,Wild Symphony,Sci-Fi,Hindi,2012,3,Emma Wong,2814571.55
4279,Rising Dream,Horror,English,1995,4.7,Maria Wong,198156.06
4280,Broken River,Horror,English,1998,9.3,Arjun Wong,17059726.03
4281,Sacred War,Documentary,Hindi,2004,7,Raj Sharma,9412117.62
4282,Shattered River,Animation,Tamil,2016,7.7,Sanjay Muller,16391264.07
4283,Shattered Empire,Sci-Fi,Portuguese,2022,4.2,Wei Patel,2629510.25
4284,Silent Dream,Horror,Hindi,2004,3.6,Sanjay Garcia,15559682.66
4285,Rising City,Fantasy,Spanish,2023,6.1,Anjali Fernandes,505356.76
4286,Golden Echo,Thriller,English,1983,6.7,Wei Fernandes,15821263.4
4287,Silent Shadows,Thriller,Mandarin,2015,7,Carlos Smith,1464630208
4288,Hidden Flame,Thriller,Hindi,1989,4.4,Sofia Wong,19616581.39
4289,Silent Truth,Crime,English,2023,7,Hana Kim,18714370.3
4290,Dark Horizon,Comedy,English,1998,7.5,Wei Reddy,2708976.46
4291,Frozen Heart,Animation,Hindi,2019,5.7,Elena Fernandes,13212058.69
4292,Silent Shadows,Crime,English,1999,4.3,Nina Chen,3237560.31
4293,Silent Echo,Action,English,1984,3.2,Carlos Anderson,7915915.48
4294,Broken Echo,Fantasy,French,1991,5.6,Raj Costa,1722974268
4295,Lost Truth,Animation,Hindi,2022,3.7,David Anderson,19106794.19
4296,Secret Path,Action,German,1986,7.2,Sanjay Silva,19076133.5
4297,Silent River,Animation,Hindi,1995,5.8,Sanjay Wong,13832971.82
4298,Endless Empire,Romance,English,2011,7.2,Elena Rossi,3318099.39
4299,Shattered River,Comedy,Korean,2019,6,Luis Anderson,18536877.53
4300,Crimson Echo,Action,Italian,2022,8.4,Elena Muller,10715174.68
4301,Rising Truth,Comedy,Spanish,2020,4.4,Yuki Fernandes,6345070.35
4302,Secret Echo,Action,Spanish,2005,5.6,Luis Reddy,19137339.48
4303,Crimson Heart,Sci-Fi,Telugu,2005,9.3,Hana Garcia,8000278.58
4304,Crimson Flame,Drama,Hindi,2024,5.7,Emma Kim,1923623.22
4305,Midnight Path,Action,French,2012,4,Luis Kumar,10751985.68
4306,Midnight Storm,Horror,German,2002,5.2,Priya Lee,12851101.11
4307,Eternal Legacy,Animation,Spanish,2022,3.7,James Costa,549000.74
4308,Hidden Garden,Sci-Fi,Telugu,2020,3.5,James Lee,6815197.36
4309,Frozen Voyage,Comedy,German,2010,9,James Garcia,7830154.81
4310,Silent Legacy,Crime,French,2022,7.1,Nina Kapoor,131036626.2
4311,Burning City,Fantasy,Hindi,1993,4.1,Raj Wong,9758362.52
4312,Distant Kingdom,Animation,Portuguese,2019,6.1,James Garcia,10945851.06
4313,Distant River,Documentary,Hindi,2021,2.8,Chris Iyer,449209.71
4314,Crimson War,Action,French,1996,4.3,Arjun Lee,79501.44
4315,Shattered Island,Romance,Hindi,1985,7.6,Anjali Anderson,19596487.81
4316,Lost Voyage,Horror,French,2015,8.3,Hana Watanabe,144793711.8
4317,Midnight Symphony,Horror,Hindi,2026,6.3,Chris Smith,2683827.17
4318,Endless Garden,Documentary,English,1989,3.5,Nina Rossi,5363650.22
4319,Shattered Kingdom,Fantasy,German,2023,3.7,Arjun Silva,70106296.57
4320,Forgotten Empire,Action,Mandarin,1983,8,Elena Costa,14441522.65
4321,Wild Symphony,Adventure,English,2010,2.8,Emma Rossi,14868538.39
4322,Endless Legacy,Action,Korean,1990,4.4,Chris Silva,13145182.25
4323,Silent War,Adventure,Hindi,1987,9.3,Elena Garcia,16677825.08
4324,Broken Flame,Adventure,English,2022,4.8,Carlos Costa,3209163.46
4325,Eternal Path,Fantasy,Tamil,2010,7.9,Emma Lee,164315758.6
4326,Sacred Kingdom,Fantasy,Spanish,1984,2.9,Luis Costa,8214406.58
4327,Golden Kingdom,Action,Hindi,1991,3.9,Sofia Iyer,83320.17
4328,Frozen Shadows,Drama,Hindi,2023,2.8,James Anderson,359437.82
4329,Burning Garden,Drama,Japanese,2019,4.1,David Fernandes,4855263.91
4330,Crimson City,Animation,Hindi,2014,8.5,Priya Reddy,280033376.3
4331,Lost War,Comedy,English,2022,8.1,Carlos Iyer,5704410.31
4332,Forgotten River,Drama,English,1992,9.3,Michael Kapoor,13274050.54
4333,Distant City,Documentary,Hindi,2006,5.5,Aiko Nolan,5458897.01
4334,Crimson Horizon,Sci-Fi,English,1985,4,Emma Fernandes,12431473.62
4335,Secret Heart,Romance,Spanish,2000,2.5,David Sharma,72234124.02
4336,Midnight Empire,Comedy,Tamil,2000,5,Arjun Smith,10293703.4
4337,Distant Voyage,Horror,English,2025,5.3,Emma Kim,11680682.74
4338,Silent Shadows,Comedy,Mandarin,1993,4.3,Nina Lee,1933626.72
4339,Eternal Path,Romance,Korean,1981,3.9,Yuki Reddy,29513671.32
4340,Midnight River,Fantasy,German,2017,6.2,Emma Silva,2888826.03
4341,Last Journey,Romance,Hindi,1984,2.1,Maria Reddy,1033762.87
4342,Crimson Heart,Romance,German,2020,6.5,Sanjay Reddy,58352908.34
4343,Rising Voyage,Drama,French,2019,8.7,Carlos Kapoor,9180577.7
4344,Endless Kingdom,Thriller,Italian,1994,9.4,Aiko Muller,13590841.26
4345,Burning Legacy,Drama,English,2007,8.2,Priya Sharma,16405654.92
4346,Midnight Path,Romance,English,1988,8.7,Aiko Nolan,162267.25
4347,Last War,Drama,Hindi,2009,3.4,Elena Muller,19441322.02
4348,Lost City,Action,Hindi,1995,2.6,Sofia Kim,52642652.95
4349,Broken Flame,Romance,Korean,1991,2.4,Nina Silva,1726076.73
4350,Sacred Journey,Sci-Fi,Mandarin,2007,3.6,Aiko Costa,5398348.22
4351,Distant Storm,Horror,English,1986,9,Carlos Kapoor,16843264.07
4352,Frozen Path,Documentary,Korean,1990,4.4,Yuki Smith,95279594.29
4353,Sacred Island,Documentary,English,2024,2.8,Chris Wong,14935739.43
4354,Lost Symphony,Romance,English,1990,6,Sanjay Watanabe,14559103.68
4355,Distant Storm,Drama,French,1992,4.6,Sofia Watanabe,6720759.53
4356,Distant Empire,Comedy,English,1984,7.3,Nina Reddy,14527002.61
4357,Crimson Truth,Sci-Fi,Telugu,1989,6.8,Chris Reddy,7574839.3
4358,Crimson Garden,Documentary,Hindi,2010,4.5,Michael Muller,1398639160
4359,Burning Island,Horror,Portuguese,2014,3,Aiko Kapoor,1404879.78
4360,Endless Dream,Documentary,English,2009,6.5,Nina Rossi,17357455.57
4361,Frozen Truth,Romance,Japanese,2025,4.6,Wei Fernandes,19696336.54
4362,Wild Truth,Adventure,Japanese,2010,4.5,Sanjay Watanabe,9128331.96
4363,Last Truth,Documentary,English,2000,2.5,Chris Iyer,8894524.6
4364,Golden Echo,Thriller,Italian,1980,6.7,Raj Nolan,13751284.59
4365,Broken Dream,Thriller,Spanish,1988,3,Carlos Chen,5118914.83
4366,Endless Island,Romance,Spanish,2016,6.4,James Sharma,9463649.33
4367,Dark Shadows,Fantasy,English,2012,3.9,Carlos Silva,7054147.07
4368,Midnight River,Animation,English,1986,4.6,Priya Iyer,16711437.58
4369,Silent Voyage,Thriller,English,2010,8.4,Luis Nolan,11128502.41
4370,Sacred Dream,Crime,German,1985,5.1,Arjun Kapoor,56315049.38
4371,Burning War,Drama,English,2001,3.3,Hana Silva,2508016.62
4372,Sacred Legacy,Horror,Spanish,1983,6.1,James Rossi,18184946.6
4373,Shattered Path,Crime,Mandarin,2012,3.2,Maria Anderson,7386130.75
4374,Silent River,Adventure,English,1981,7.2,Hana Wong,15731666.22
4375,Wild Shadows,Thriller,French,2020,3,James Kapoor,13185689.77
4376,Silent Echo,Drama,Hindi,1998,4.4,Emma Watanabe,125545709.4
4377,Silent Heart,Adventure,English,1980,3.6,Luis Fernandes,15292213.9
4378,Eternal Journey,Fantasy,English,1996,4.8,Hana Garcia,2568109032
4379,Golden Path,Fantasy,English,1994,4.6,Yuki Fernandes,18061236.67
4380,Shattered Storm,Drama,Spanish,1983,5,Luis Sharma,9942347.65
4381,Lost Voyage,Romance,Spanish,1983,6,Sanjay Watanabe,140546707.5
4382,Wild Legacy,Thriller,French,2017,6.3,Anjali Sharma,75498818.12
4383,Shattered City,Animation,English,1994,8.5,Nina Costa,30677091.76
4384,Forgotten Path,Documentary,Hindi,1992,2.9,Sofia Rossi,10779035.67
4385,Lost River,Adventure,Spanish,1990,8.5,Sofia Kapoor,10734047.21
4386,Golden War,Animation,French,1997,4.6,Maria Iyer,768362.59
4387,Lost River,Documentary,English,1982,9.3,Wei Kapoor,15288893.5
4388,Lost Truth,Drama,English,2009,5.3,Sofia Lee,7657830.6
4389,Secret City,Adventure,French,2017,5.7,Sanjay Rossi,19334205.02
4390,Golden Garden,Fantasy,Korean,1996,2.2,Sanjay Wong,1262280.07
4391,Frozen Echo,Horror,French,1992,7.7,Hana Muller,12822729.8
4392,Sacred Dream,Romance,Hindi,2026,8.4,Sanjay Smith,7759485.5
4393,Midnight Symphony,Thriller,Hindi,1999,8.2,Aiko Iyer,13717191.54
4394,Distant Heart,Drama,Japanese,2017,8.8,Sanjay Watanabe,2450836414
4395,Silent River,Action,English,2019,9.1,Anjali Chen,676465.38
4396,Midnight City,Thriller,Hindi,2017,8.5,James Smith,79541571.65
4397,Hidden City,Horror,English,2023,3.1,Michael Watanabe,16210677.82
4398,Distant Island,Horror,English,2022,9.5,Wei Silva,8748913.1
4399,Hidden Garden,Thriller,French,1985,6.8,Aiko Chen,4387296.8
4400,Burning Path,Crime,Hindi,1998,3.7,Nina Sharma,14341638.15
4401,Frozen City,Animation,English,2015,4.2,Emma Garcia,19417387.67
4402,Forgotten Storm,Crime,English,2014,3.7,Yuki Silva,19306073.15
4403,Wild Echo,Thriller,Korean,1999,7.1,Yuki Silva,14185013.32
4404,Last Voyage,Romance,Tamil,1990,4.1,Carlos Garcia,90534286.58
4405,Shattered Empire,Drama,English,2021,3.2,Carlos Watanabe,2045922.38
4406,Frozen War,Animation,Hindi,1984,2.8,Maria Muller,16129981.31
4407,Eternal Heart,Horror,English,2023,8.4,Carlos Muller,4973370.74
4408,Sacred Heart,Adventure,Hindi,1995,3.6,Sofia Reddy,9566116.37
4409,Rising Garden,Romance,English,1998,6.7,Luis Rossi,18126736.15
4410,Dark Dream,Adventure,English,2008,9.2,Michael Kumar,18486486.75
4411,Sacred Horizon,Sci-Fi,French,2006,5.6,Chris Silva,7842990.94
4412,Secret Storm,Romance,Mandarin,2026,5.5,Michael Nolan,461033.01
4413,Last Echo,Comedy,Italian,2018,8.8,Luis Kim,117276843.1
4414,Endless War,Action,Hindi,2008,7.7,Nina Anderson,18109004.64
4415,Forgotten City,Animation,Japanese,2021,8.2,Luis Kim,5470289.99
4416,Midnight Path,Thriller,Japanese,2013,9.3,Michael Smith,1266574.36
4417,Eternal Shadows,Fantasy,Japanese,2009,4.3,Nina Fernandes,12743364.72
4418,Endless Echo,Thriller,Japanese,2009,8.8,Elena Wong,12840895.62
4419,Broken Empire,Animation,Hindi,2011,4.3,Luis Anderson,50778650.55
4420,Shattered Garden,Sci-Fi,French,2018,5.1,Chris Silva,6879711.7
4421,Eternal Garden,Comedy,French,1999,6.9,Aiko Silva,12894452.99
4422,Midnight Island,Adventure,English,2021,5.2,David Sharma,265668.72
4423,Last Dream,Animation,German,2022,3.8,Hana Watanabe,9479886.79
4424,Secret Shadows,Horror,Hindi,2006,6.9,David Muller,181400286.8
4425,Broken Storm,Thriller,English,1997,6,Anjali Costa,15766749.7
4426,Midnight Shadows,Thriller,Tamil,1993,4.2,Luis Fernandes,4623182.79
4427,Silent City,Thriller,English,2012,5,Sofia Chen,11762524.11
4428,Golden Kingdom,Romance,Tamil,1993,5.1,Anjali Kumar,13781779
4429,Lost Heart,Adventure,Spanish,2002,2.6,David Lee,6987489.29
4430,Dark Island,Drama,English,2025,9.3,Maria Patel,47936246.49
4431,Endless Echo,Thriller,Korean,2003,9.4,Sofia Kim,12394552.7
4432,Forgotten Path,Comedy,Japanese,2018,5.3,David Watanabe,5918319.02
4433,Burning Kingdom,Crime,Spanish,1999,2.8,Hana Watanabe,2223014.38
4434,Shattered Storm,Thriller,English,2006,7.1,Sofia Kapoor,5980716.65
4435,Distant Storm,Adventure,French,2005,9.5,Sofia Anderson,4719076.05
4436,Sacred Island,Fantasy,Telugu,2025,4.3,Carlos Anderson,5673971.5
4437,Distant Voyage,Sci-Fi,Japanese,1985,8.8,David Rossi,18528735.4
4438,Golden Island,Romance,Spanish,1982,6.4,David Kim,15022534.47
4439,Dark Heart,Animation,French,1991,8.4,Nina Fernandes,2019364.74
4440,Last Path,Action,English,2004,3.1,Michael Reddy,8460240.16
4441,Hidden Garden,Documentary,Hindi,2012,2.5,Raj Anderson,19659776.72
4442,Wild War,Fantasy,English,1996,8.7,Priya Watanabe,130996053.1
4443,Crimson Island,Adventure,Spanish,1980,4,Hana Kapoor,9954699.43
4444,Distant Island,Horror,Mandarin,2021,2.3,Priya Smith,18226360.88
4445,Secret Garden,Action,English,1999,5.4,Michael Watanabe,12272763.65
4446,Burning Storm,Thriller,Korean,1989,3.5,Carlos Lee,16982178.13
4447,Rising Flame,Comedy,Telugu,1997,2.8,Priya Muller,168208701.7
4448,Silent River,Documentary,English,2022,8,Wei Silva,6444847.6
4449,Distant Shadows,Crime,Telugu,2018,3.4,Nina Lee,17839778.16
4450,Burning River,Documentary,English,1997,5.3,Michael Chen,4670909.95
4451,Crimson Island,Adventure,English,2010,3.5,James Kumar,2870625
4452,Rising Symphony,Action,Mandarin,2005,9.5,Emma Nolan,9207601.55
4453,Shattered Symphony,Adventure,English,1993,6.3,Anjali Costa,6774629.07
4454,Shattered Voyage,Crime,Japanese,2000,9,James Rossi,2649999.37
4455,Crimson Path,Documentary,Spanish,1996,3.4,David Smith,4335832.27
4456,Last Legacy,Crime,German,2015,5.3,David Kim,39813570.51
4457,Hidden Path,Sci-Fi,Spanish,2004,9,Michael Watanabe,3366223.03
4458,Secret Voyage,Horror,Hindi,2017,6.7,Carlos Anderson,13296482.08
4459,Midnight War,Adventure,English,2025,3.3,Luis Patel,8305697.81
4460,Lost Flame,Horror,English,1990,7.2,Hana Kumar,11631546.21
4461,Secret Dream,Drama,German,1991,2.9,Aiko Smith,599872.05
4462,Silent Legacy,Comedy,English,1999,8.7,Sanjay Wong,18059996.13
4463,Burning Symphony,Action,English,1994,4.9,Emma Silva,1712012.45
4464,Hidden Voyage,Comedy,Telugu,2001,5.2,Wei Sharma,42529035.13
4465,Distant River,Action,Portuguese,1998,5.9,James Rossi,3707802.54
4466,Distant Legacy,Adventure,Telugu,2022,2.7,Wei Lee,4647775.2
4467,Hidden Symphony,Horror,Italian,1989,4.1,Luis Kim,12036114.39
4468,Hidden City,Horror,English,2000,4.1,Emma Iyer,16933089.21
4469,Secret Legacy,Romance,Hindi,1992,3,Anjali Patel,3252846.54
4470,Secret Dream,Comedy,German,2007,6.8,Sofia Silva,5742556.52
4471,Wild Truth,Thriller,Spanish,1998,2.5,Anjali Silva,11340195.01
4472,Secret Storm,Drama,Hindi,1986,8.1,Yuki Muller,68951488.76
4473,Distant Flame,Action,Hindi,2010,6.9,Wei Rossi,163045548.4
4474,Wild Truth,Crime,English,2017,2.2,Carlos Lee,190023155.6
4475,Rising Echo,Action,Mandarin,1988,6.5,Arjun Wong,2122910578
4476,Rising Island,Fantasy,Korean,2003,9.2,Chris Rossi,8274511.13
4477,Midnight Symphony,Horror,English,1999,6.2,Anjali Silva,19517615.2
4478,Silent Journey,Romance,Hindi,2003,5.3,Elena Reddy,9408798.66
4479,Burning Garden,Action,Japanese,2008,7.1,Arjun Watanabe,6326956.76
4480,Burning Heart,Adventure,Korean,2018,7.3,Priya Kumar,9942682.65
4481,Last Voyage,Thriller,Japanese,2023,4.1,Arjun Costa,10019320.11
4482,Burning Horizon,Documentary,English,2024,9.3,Sanjay Kumar,19758637.16
4483,Midnight River,Horror,English,2016,9.2,Aiko Kumar,1000389673
4484,Last Kingdom,Horror,English,2026,2.7,Carlos Costa,9846343.82
4485,Frozen Journey,Adventure,Spanish,2024,3,Chris Smith,144162149.2
4486,Secret Legacy,Fantasy,Spanish,1998,2.2,Maria Garcia,949779.95
4487,Forgotten Truth,Thriller,Spanish,2016,3.6,David Reddy,113144712.2
4488,Crimson Horizon,Adventure,English,2009,4,Carlos Wong,7182272.78
4489,Silent Dream,Action,Portuguese,2015,6.6,Chris Patel,19668273.61
4490,Rising Dream,Romance,Tamil,1992,7.6,Arjun Watanabe,14885891.27
4491,Lost Dream,Horror,Portuguese,2026,2.7,Sofia Rossi,741658.21
4492,Rising Empire,Crime,Hindi,2012,2.8,David Garcia,16565148.33
4493,Midnight Legacy,Thriller,English,1992,9.1,Elena Smith,15061330.68
4494,Golden Truth,Crime,Hindi,2004,5.7,Priya Kapoor,17977402.76
4495,Secret Journey,Drama,English,2012,5.2,Elena Smith,12375374.21
4496,Broken Echo,Action,Korean,2015,2.1,James Nolan,76224998.07
4497,Eternal Voyage,Animation,Japanese,2015,3,Hana Muller,1756082.52
4498,Distant River,Drama,Spanish,1986,5.1,Anjali Nolan,17241959.59
4499,Golden Dream,Adventure,Hindi,1994,6.8,Wei Smith,5387892.79
4500,Broken Island,Adventure,Tamil,1982,5.5,Arjun Sharma,178205276.2
4501,Forgotten Island,Animation,Japanese,2008,9.3,Luis Kapoor,15990710.27
4502,Crimson Path,Animation,Tamil,2012,9.2,Aiko Fernandes,5430997
4503,Forgotten Kingdom,Crime,English,1998,8.8,Raj Kapoor,7092383.94
4504,Crimson Heart,Crime,English,2016,5.5,Emma Kim,8476475.41
4505,Rising War,Crime,English,1984,7.6,Carlos Anderson,3859240.05
4506,Broken Dream,Animation,Telugu,1988,8.5,Raj Costa,134662477.1
4507,Broken War,Romance,English,2010,2.6,Sofia Costa,472735.49
4508,Crimson Shadows,Drama,Tamil,2011,9.5,Priya Garcia,4277040.41
4509,Rising Shadows,Adventure,Korean,1984,6.5,James Iyer,9661838.88
4510,Forgotten Flame,Drama,Mandarin,2025,3.1,Elena Chen,6411362.21
4511,Wild Truth,Adventure,Hindi,1990,3.3,James Watanabe,6026760.02
4512,Silent Path,Animation,English,1984,2.1,Maria Patel,456099.65
4513,Silent Truth,Drama,English,2019,7.2,Luis Garcia,18971815.05
4514,Broken River,Sci-Fi,English,2009,7.4,Luis Sharma,22682986.14
4515,Endless Dream,Romance,Mandarin,2008,2.2,Sanjay Smith,18054492.77
4516,Golden Symphony,Drama,Hindi,1994,6,Aiko Iyer,11685877.7
4517,Forgotten River,Romance,Telugu,2023,7,Michael Iyer,18165532.16
4518,Endless Path,Documentary,Hindi,1982,5.4,Sanjay Anderson,9447827.07
4519,Last Legacy,Fantasy,Mandarin,2021,2.8,Chris Fernandes,1011504.83
4520,Eternal River,Action,Korean,2025,4,Emma Kapoor,9096873.63
4521,Wild Horizon,Action,English,2002,7.7,Sofia Reddy,6562187.79
4522,Burning War,Adventure,Hindi,2007,4.9,Wei Nolan,9769675.55
4523,Rising War,Thriller,English,1990,2.5,Yuki Costa,12206543.51
4524,Silent Heart,Horror,German,2003,7.2,Michael Fernandes,2767506.46
4525,Dark Flame,Adventure,Hindi,1991,6.2,Sanjay Lee,580904486.1
4526,Wild Garden,Drama,English,1991,6.8,Emma Fernandes,160251.05
4527,Silent Voyage,Horror,English,2024,6.2,Anjali Anderson,2351954.09
4528,Midnight City,Action,German,2025,3.2,Arjun Muller,401692107.2
4529,Rising Echo,Fantasy,English,2022,6.4,Sofia Anderson,7057499.47
4530,Frozen Legacy,Fantasy,Spanish,2016,7.1,Nina Anderson,15490994.68
4531,Eternal Kingdom,Fantasy,Hindi,2013,2.4,Maria Chen,10965806.95
4532,Forgotten Legacy,Animation,English,1996,4.4,James Silva,4289560.51
4533,Dark Kingdom,Comedy,English,2019,7.9,Raj Rossi,1054284.01
4534,Lost Shadows,Horror,English,1996,2.1,Sofia Iyer,16438220.49
4535,Burning City,Fantasy,Spanish,1988,3.5,Anjali Smith,19889428.45
4536,Endless Heart,Animation,French,2020,6.8,David Fernandes,15250247.38
4537,Endless Empire,Action,English,1986,8.6,Raj Kumar,1788302.82
4538,Golden Empire,Sci-Fi,Japanese,2011,9,Aiko Nolan,14280078.69
4539,Last Shadows,Fantasy,English,2009,6.5,Raj Fernandes,17551359.08
4540,Burning Symphony,Animation,Tamil,1990,8.6,Michael Kim,8500568.89
4541,Burning Flame,Adventure,Japanese,2016,3,Maria Garcia,18808239.48
4542,Midnight Kingdom,Documentary,Hindi,2011,4.7,Luis Wong,12375149.9
4543,Last Journey,Adventure,English,1993,5.9,Michael Watanabe,73253974.49
4544,Wild Heart,Horror,Telugu,1993,2.6,Sofia Nolan,11012102.49
4545,Rising River,Sci-Fi,Telugu,2022,5,Sofia Kim,19749333.13
4546,Distant Dream,Sci-Fi,Tamil,1992,7.6,Hana Kapoor,2707644.46
4547,Wild Empire,Crime,Tamil,2012,7.8,Maria Costa,1978906951
4548,Broken Empire,Horror,Spanish,2010,5.8,Anjali Chen,2207399.87
4549,Lost Legacy,Documentary,Hindi,2020,4,Elena Chen,13049143.93
4550,Silent Dream,Action,Spanish,2006,9.5,David Garcia,144710237.5
4551,Rising Horizon,Crime,English,2000,4.9,Elena Sharma,14045756.47
4552,Broken Flame,Action,English,1986,2.5,Sanjay Chen,8161762.06
4553,Burning Island,Comedy,English,1986,9.5,Raj Fernandes,9321149.8
4554,Wild Dream,Drama,Tamil,2006,6.1,Wei Wong,10718705.18
4555,Endless Truth,Fantasy,English,2003,8.5,Luis Smith,1279021267
4556,Distant Kingdom,Drama,English,2023,9,Maria Nolan,16189867.94
4557,Lost Symphony,Animation,Hindi,1980,4.9,Emma Kumar,3205976.46
4558,Wild Journey,Drama,Hindi,2001,8.4,Sanjay Kumar,737120250.5
4559,Silent Garden,Fantasy,Hindi,2023,4,Elena Silva,20702865.12
4560,Midnight Horizon,Drama,Spanish,1994,4.3,Priya Costa,15519708.75
4561,Secret Echo,Adventure,English,1992,5.4,Nina Silva,19438311.55
4562,Distant Empire,Horror,Tamil,1996,9.3,Chris Kim,1704413902
4563,Hidden Garden,Horror,English,2015,4.6,Chris Fernandes,11703091.69
4564,Last Echo,Action,French,1983,5.9,Anjali Nolan,63886203.14
4565,Burning Garden,Drama,English,2007,6.5,Wei Wong,64586694.31
4566,Dark War,Animation,Telugu,1986,8.6,Maria Nolan,3797742.84
4567,Silent Horizon,Crime,Spanish,2015,5,Luis Iyer,19897342.29
4568,Secret Island,Sci-Fi,Hindi,2009,7.9,Priya Patel,5402817.27
4569,Distant Island,Romance,Korean,2010,2.3,Nina Reddy,185797108.7
4570,Dark War,Adventure,English,2018,8.9,Sanjay Garcia,3656918.77
4571,Shattered Shadows,Adventure,English,1998,2.4,Yuki Iyer,123320820
4572,Eternal Storm,Documentary,English,2019,8.7,Wei Rossi,8365440.53
4573,Forgotten Truth,Horror,Telugu,2014,6.2,Michael Rossi,10413297.34
4574,Lost Island,Sci-Fi,German,1990,3.1,Anjali Iyer,7036224.39
4575,Hidden Journey,Comedy,Korean,2012,2.8,Elena Lee,16163801.78
4576,Eternal Horizon,Sci-Fi,Italian,2019,4.3,Luis Fernandes,3291702.28
4577,Forgotten Kingdom,Comedy,Japanese,1992,8.1,Raj Watanabe,12804927.18
4578,Broken Storm,Action,Korean,1982,3.5,Yuki Wong,11613165.92
4579,Crimson Journey,Thriller,English,2020,7.4,Wei Watanabe,19793101.43
4580,Eternal Flame,Sci-Fi,Spanish,2020,2.7,Hana Chen,11845944.68
4581,Lost Shadows,Sci-Fi,English,1982,3.4,Sofia Muller,4237740.65
4582,Lost Storm,Thriller,French,1990,2.9,Sofia Iyer,9388629.08
4583,Burning Island,Crime,English,2015,7.2,Elena Kumar,6482104.09
4584,Dark Truth,Crime,French,1992,4.2,Maria Rossi,1467332.72
4585,Burning Dream,Documentary,English,1987,5.5,James Reddy,96227060.48
4586,Midnight War,Documentary,Hindi,2002,6.3,Nina Patel,44522281.82
4587,Silent Dream,Crime,English,1998,6.1,Luis Smith,1808886.78
4588,Eternal City,Action,French,2005,7.5,Sanjay Kapoor,1700428.71
4589,Frozen Horizon,Adventure,Mandarin,1983,4.5,Chris Patel,8529096.87
4590,Lost River,Fantasy,English,1991,9,Carlos Kapoor,1922275.85
4591,Crimson River,Sci-Fi,English,2011,3.4,Hana Muller,8639282.37
4592,Frozen Symphony,Sci-Fi,French,2014,5.1,Hana Lee,12309988.54
4593,Wild Garden,Crime,Italian,2017,4.1,Chris Kapoor,4825847.67
4594,Last Shadows,Thriller,English,1993,6.6,Sofia Muller,15802709.42
4595,Endless Garden,Comedy,Portuguese,1990,7.3,David Garcia,148624949.4
4596,Eternal Voyage,Action,English,1992,5.2,Yuki Reddy,8948713.23
4597,Dark Legacy,Sci-Fi,German,1985,7.7,Nina Sharma,46549641.22
4598,Wild Flame,Crime,Hindi,1986,2.2,David Sharma,4518410.51
4599,Midnight Storm,Thriller,English,1997,4.3,Chris Anderson,18256269.5
4600,Distant Journey,Drama,Mandarin,2018,8.8,Michael Watanabe,6964378.23
4601,Secret Garden,Comedy,Spanish,1992,9.1,Sofia Rossi,8219112.09
4602,Sacred Journey,Fantasy,English,2010,4.6,Anjali Rossi,17697737.93
4603,Golden Empire,Adventure,Japanese,1984,5.9,Wei Kumar,17300154.9
4604,Last Dream,Comedy,English,2022,7,Nina Fernandes,4053820.63
4605,Lost Empire,Thriller,Spanish,1999,5.1,Nina Anderson,14685585.29
4606,Hidden Voyage,Adventure,English,2010,8.3,Aiko Wong,7301315.99
4607,Endless River,Fantasy,English,2024,2.8,Elena Fernandes,9872869.21
4608,Lost Voyage,Documentary,English,1981,5.9,Wei Smith,150344865.5
4609,Forgotten Voyage,Fantasy,Mandarin,2013,8.8,Wei Kim,19785576.66
4610,Wild Voyage,Action,English,1994,6,Yuki Chen,94646771.95
4611,Distant Legacy,Horror,English,2003,7.4,Hana Reddy,170877457
4612,Last Empire,Comedy,Korean,2021,6.4,Michael Sharma,188728112.6
4613,Dark Flame,Sci-Fi,English,1992,3.4,Arjun Wong,153460304.1
4614,Crimson Legacy,Adventure,English,1994,8.6,Luis Reddy,12609239.11
4615,Frozen City,Crime,French,1983,6.5,Raj Muller,2006821.4
4616,Silent Truth,Drama,Portuguese,1990,5.6,Priya Silva,10254002.91
4617,Burning Garden,Drama,Tamil,2011,6.2,Maria Iyer,199868479.7
4618,Frozen War,Drama,Telugu,1980,9.2,James Kapoor,15068252.97
4619,Distant Horizon,Crime,Telugu,2012,9.4,Anjali Chen,12875424.33
4620,Frozen Island,Documentary,Japanese,1983,5.9,Emma Reddy,12926231.62
4621,Wild Kingdom,Thriller,Tamil,2004,7.6,Michael Fernandes,10155887.08
4622,Golden Dream,Adventure,Hindi,1998,7.7,Luis Rossi,10711501.92
4623,Lost City,Drama,Korean,1993,3.9,Aiko Kapoor,5699077.82
4624,Shattered City,Action,English,1981,9.4,Arjun Wong,119003801.2
4625,Crimson River,Crime,Italian,2021,7.3,Luis Fernandes,41537493.89
4626,Forgotten Empire,Documentary,English,2016,7.5,Arjun Kim,16416863.27
4627,Burning Echo,Sci-Fi,Korean,2018,9.2,Carlos Anderson,2459060.4
4628,Midnight Heart,Horror,English,2003,9.2,Maria Garcia,105399103.2
4629,Secret Truth,Sci-Fi,Portuguese,1997,7.2,Sofia Nolan,14174446.79
4630,Crimson Heart,Animation,English,2007,2.3,Nina Garcia,5128096.21
4631,Distant Truth,Documentary,Spanish,1993,5.9,Luis Rossi,108409.21
4632,Golden Dream,Documentary,German,2017,3.2,Michael Patel,10988916.41
4633,Hidden Path,Adventure,French,2003,2.9,Emma Silva,17070165.22
4634,Crimson Journey,Fantasy,English,2001,7.5,Emma Anderson,195144739.9
4635,Dark Legacy,Action,Italian,2023,5.4,Maria Rossi,11879101.33
4636,Forgotten Echo,Documentary,Hindi,2004,5.1,Chris Garcia,194236466.4
4637,Lost Echo,Animation,French,2008,5,Hana Chen,17723299.18
4638,Dark Garden,Drama,Hindi,1996,2.9,Priya Anderson,1841566.57
4639,Burning Echo,Sci-Fi,German,2000,3.2,Michael Anderson,17961991.69
4640,Burning Empire,Sci-Fi,English,2008,4,Emma Costa,15037480.45
4641,Burning Horizon,Drama,English,1983,7.9,Sofia Garcia,147912413.6
4642,Sacred Shadows,Documentary,Hindi,1997,4.1,Anjali Garcia,5055017.54
4643,Silent Legacy,Drama,Spanish,1996,2.4,James Fernandes,15180559.79
4644,Broken Voyage,Romance,Hindi,1990,7.1,Maria Lee,15010794.65
4645,Sacred War,Documentary,Hindi,2011,8.6,Aiko Muller,1070317.69
4646,Lost Truth,Action,English,1987,7.1,Michael Smith,18331715.95
4647,Shattered Garden,Romance,Telugu,2019,7.1,Chris Smith,311343.18
4648,Sacred Empire,Action,Spanish,2015,3.6,Chris Anderson,63738306.82
4649,Sacred Dream,Adventure,Korean,1988,3.7,Aiko Anderson,10336960.99
4650,Hidden Shadows,Drama,English,2012,9.4,Luis Reddy,9661406.13
4651,Broken City,Adventure,Tamil,1996,2.2,Arjun Nolan,14489211.52
4652,Hidden War,Thriller,Hindi,1987,3.3,James Patel,19601713.75
4653,Dark Heart,Adventure,German,1992,2.6,Luis Patel,17503327.78
4654,Frozen River,Comedy,English,1984,9.4,Aiko Smith,11176443.38
4655,Golden River,Comedy,English,1985,3.2,Arjun Silva,18637335.59
4656,Burning Dream,Comedy,English,1986,6.2,Carlos Muller,14872453.23
4657,Shattered Symphony,Romance,Japanese,1995,6.7,Michael Kumar,11811995.96
4658,Hidden Shadows,Fantasy,English,2026,7.2,Nina Kim,12807010.3
4659,Rising Storm,Action,English,2010,8.5,Sofia Muller,3060334.66
4660,Silent Shadows,Documentary,English,1987,4.1,Maria Watanabe,6139399.92
4661,Golden Empire,Comedy,English,1988,3.5,Priya Anderson,5742569.37
4662,Rising Truth,Comedy,English,2015,3.5,Emma Patel,19110379.04
4663,Secret City,Horror,English,1990,4.3,Hana Iyer,6768741.96
4664,Golden Horizon,Thriller,Korean,2024,9.2,Wei Nolan,17039172.13
4665,Frozen Horizon,Drama,Telugu,2025,7.1,Carlos Muller,19928637.34
4666,Midnight Truth,Horror,English,1987,7.5,Michael Kim,1423814.42
4667,Rising Truth,Horror,Portuguese,1987,8.4,Raj Patel,8577384.56
4668,Secret Shadows,Documentary,Japanese,1999,4.9,Nina Rossi,111528.55
4669,Frozen Truth,Romance,Hindi,2025,7.1,James Costa,18332909.15
4670,Shattered Journey,Thriller,Italian,1982,5.5,David Kumar,16961036.22
4671,Secret Empire,Adventure,Hindi,2023,6.2,James Reddy,930747.88
4672,Endless Storm,Thriller,Spanish,2013,2.6,Anjali Patel,154195408.3
4673,Shattered Symphony,Animation,English,2007,5.7,Anjali Sharma,116698176.1
4674,Dark War,Adventure,English,2006,5.4,Arjun Kapoor,12749799.64
4675,Dark City,Fantasy,English,2022,6.5,Elena Rossi,11804638.43
4676,Distant Truth,Drama,English,1984,3.3,Michael Iyer,7771300.35
4677,Distant City,Documentary,Italian,1988,6.7,Chris Kim,104124984.1
4678,Crimson Legacy,Romance,Spanish,2000,3.6,Anjali Nolan,2038662.11
4679,Eternal Horizon,Romance,Japanese,1992,2.2,James Kapoor,18093709.81
4680,Lost Horizon,Animation,Hindi,2006,2.5,Carlos Chen,16840467.21
4681,Broken War,Animation,Hindi,2011,2.5,Carlos Anderson,9354974.98
4682,Midnight Voyage,Animation,Hindi,1982,2.8,Hana Kapoor,14253197.4
4683,Rising Voyage,Comedy,Hindi,1991,3.6,Wei Rossi,4733742.73
4684,Dark Echo,Fantasy,French,1988,2.4,Sofia Fernandes,19694937.48
4685,Forgotten Path,Comedy,Spanish,2008,6.5,Sanjay Sharma,3915000.49
4686,Golden Journey,Drama,Hindi,2004,3,Emma Silva,874209.75
4687,Crimson Legacy,Fantasy,French,1998,3.9,Aiko Reddy,14996523.59
4688,Last Island,Drama,Mandarin,1998,3.6,Aiko Reddy,12148933.85
4689,Sacred Storm,Sci-Fi,English,2025,6.3,Priya Costa,10284402.74
4690,Shattered Kingdom,Drama,Telugu,2021,6.4,Michael Iyer,15087066.3
4691,Secret Echo,Drama,German,1988,5.2,Priya Iyer,1706913.15
4692,Broken Symphony,Comedy,English,2006,4.1,Arjun Kim,12938135.42
4693,Burning Kingdom,Sci-Fi,Spanish,1984,7.4,Maria Muller,15411432.79
4694,Forgotten City,Adventure,Hindi,1980,6.1,Luis Rossi,3850439.68
4695,Frozen Flame,Action,Hindi,2005,3.5,Emma Garcia,13428458.14
4696,Golden Truth,Animation,German,1994,2.1,Anjali Chen,14378679.15
4697,Secret Kingdom,Romance,English,1992,8.8,Emma Rossi,4564858.13
4698,Hidden City,Animation,Tamil,2023,2.1,Carlos Costa,16489413.36
4699,Wild Dream,Adventure,German,2022,5.9,Emma Lee,15446910.52
4700,Last Flame,Romance,Portuguese,1980,3.1,Carlos Silva,3991734.21
4701,Frozen War,Fantasy,Korean,2009,6.4,Hana Sharma,8346947.25
4702,Dark Voyage,Fantasy,Hindi,1982,8.6,Wei Reddy,13272187.55
4703,Midnight Shadows,Comedy,Spanish,2024,8.2,David Patel,6387117.51
4704,Rising War,Crime,Hindi,2026,8.2,Sofia Rossi,16535824.34
4705,Endless Truth,Comedy,English,1983,9.4,Michael Watanabe,17692572.85
4706,Distant Island,Thriller,German,1987,2.1,Sanjay Muller,10760200.04
4707,Broken Legacy,Comedy,Telugu,1992,4.1,Aiko Nolan,19523792.09
4708,Lost Island,Crime,English,2024,4.8,Maria Rossi,11877759.5
4709,Endless Garden,Romance,French,2005,6.5,Yuki Silva,19430596.23
4710,Dark Voyage,Fantasy,Tamil,2024,3.2,Sanjay Kim,19102699.1
4711,Silent Empire,Horror,Korean,2001,2.9,Elena Kim,2197344.23
4712,Shattered Storm,Fantasy,Hindi,2010,4.4,Aiko Kim,14693349.71
4713,Hidden Echo,Crime,Italian,2025,6.7,Priya Muller,16448296.95
4714,Dark Garden,Sci-Fi,English,2006,2.7,Aiko Muller,14778196.59
4715,Rising Garden,Thriller,English,1994,8.8,Carlos Chen,74334947.88
4716,Frozen Legacy,Fantasy,English,1990,4,Sofia Patel,7403996.83
4717,Frozen River,Comedy,Portuguese,2015,5.9,Maria Chen,8062425.7
4718,Sacred Island,Fantasy,Tamil,2012,6.3,Anjali Lee,15266593.35
4719,Endless Echo,Crime,Japanese,1988,4.2,Anjali Kumar,10599718.98
4720,Lost City,Documentary,Hindi,1996,8.8,Sanjay Nolan,17261439.03
4721,Distant Island,Thriller,English,2005,5.6,Maria Silva,3176948.36
4722,Eternal Symphony,Comedy,Mandarin,2026,5.3,David Iyer,1685536.8
4723,Rising River,Crime,Tamil,2009,5.9,Anjali Garcia,8343206.59
4724,Hidden Symphony,Romance,English,2017,5.6,David Smith,2439384.22
4725,Eternal Storm,Drama,English,2002,2.1,Luis Costa,19066764.7
4726,Broken Heart,Comedy,Telugu,2026,2.3,James Iyer,10186136.95
4727,Burning City,Sci-Fi,Tamil,2003,3.2,Elena Kim,1318647.43
4728,Burning Flame,Fantasy,Spanish,2017,2.7,Yuki Watanabe,15704780.95
4729,Broken War,Action,English,2005,5.3,Luis Kumar,11059970.98
4730,Broken Heart,Thriller,English,1994,8.7,Maria Silva,1536330.73
4731,Wild Truth,Crime,Japanese,1995,7.4,James Kumar,12619914.67
4732,Dark Voyage,Romance,Mandarin,1996,6.9,Yuki Watanabe,6372185.67
4733,Frozen Truth,Fantasy,English,2007,2.2,Michael Patel,14705499.11
4734,Burning War,Comedy,English,2026,2.7,Anjali Kim,11411728.76
4735,Frozen Truth,Drama,Korean,2017,2.9,David Nolan,12243838.38
4736,Frozen Path,Horror,Tamil,2023,7.5,Michael Lee,5927879.86
4737,Broken Echo,Thriller,English,2006,8.7,Wei Wong,8490722.15
4738,Dark Flame,Crime,English,1996,8.6,Yuki Sharma,44855716.58
4739,Sacred Voyage,Action,Mandarin,2006,3.8,Anjali Kapoor,17208755.94
4740,Frozen Kingdom,Documentary,Tamil,2007,5.9,Michael Rossi,78494882.93
4741,Sacred Kingdom,Animation,English,1985,4.8,Anjali Muller,18359272.06
4742,Wild Kingdom,Sci-Fi,French,2003,7.5,Priya Anderson,534137093
4743,Silent City,Drama,English,2014,7.5,Sanjay Sharma,18419503.85
4744,Lost Truth,Animation,English,2011,9.2,David Patel,8100722.78
4745,Crimson Garden,Sci-Fi,French,1984,4.9,Carlos Muller,101462038.8
4746,Endless Path,Comedy,Portuguese,2002,3.6,Anjali Fernandes,2910216.79
4747,Hidden Empire,Horror,English,1980,5.5,Yuki Wong,4944234.14
4748,Golden Dream,Animation,Japanese,1990,8.4,Anjali Wong,3033582.53
4749,Silent Island,Documentary,Spanish,1985,8.1,Wei Muller,89221301.51
4750,Broken Heart,Horror,Hindi,1986,7.9,Carlos Kumar,8082580.43
4751,Crimson Storm,Sci-Fi,English,2026,7.4,Nina Kumar,182476539.2
4752,Burning Storm,Crime,Korean,2007,4.5,Priya Reddy,11998215.98
4753,Hidden Symphony,Comedy,Hindi,2013,6.7,Hana Silva,9642947.55
4754,Forgotten City,Horror,Hindi,2008,6.5,David Chen,73405741.68
4755,Sacred City,Comedy,Mandarin,1999,4,Emma Kim,3400468.82
4756,Rising Echo,Adventure,Hindi,1992,6.6,Carlos Iyer,4100496.67
4757,Shattered Dream,Crime,Spanish,2000,5,Nina Chen,8910366.5
4758,Frozen Storm,Sci-Fi,French,1982,5.6,Luis Kumar,15194777.68
4759,Wild Island,Romance,Telugu,1986,3.5,Anjali Silva,6912334.13
4760,Dark Kingdom,Crime,Hindi,2016,3.1,Emma Costa,13172663.1
4761,Burning Path,Drama,English,2006,2.1,Nina Fernandes,1518975.74
4762,Rising War,Drama,Korean,2011,2.7,Hana Silva,19841304.71
4763,Burning Shadows,Documentary,Italian,1998,8.5,Yuki Sharma,17692743.91
4764,Endless Shadows,Thriller,English,2016,8.3,Priya Iyer,2769197.43
4765,Forgotten Legacy,Action,Spanish,2010,6.2,Emma Kim,16719834.52
4766,Broken Echo,Comedy,Japanese,2010,7.3,Yuki Patel,19133474.47
4767,Rising Path,Animation,German,2010,8.5,Luis Iyer,14566077.76
4768,Burning Flame,Action,German,2007,5.6,Aiko Lee,8359509.92
4769,Shattered Truth,Crime,English,2025,9.4,Michael Watanabe,11237374.88
4770,Forgotten Path,Animation,Telugu,2007,7.8,Sofia Wong,13091028.43
4771,Eternal Dream,Adventure,Korean,2016,8.8,James Costa,176760705.9
4772,Endless Echo,Horror,Tamil,2020,4.1,Emma Garcia,14387839.99
4773,Wild Heart,Crime,Portuguese,2020,6.9,Carlos Rossi,15851111.63
4774,Lost City,Adventure,Hindi,2022,3.8,Hana Muller,10530331.54
4775,Sacred Kingdom,Adventure,English,1991,6.8,Elena Lee,15015903.16
4776,Lost Storm,Animation,Tamil,2023,4,Anjali Fernandes,3954692.96
4777,Dark River,Comedy,English,2012,2.7,Elena Chen,6852055.12
4778,Dark Path,Horror,English,2021,8.4,Carlos Reddy,6710593.02
4779,Rising Journey,Thriller,English,2011,9.2,Emma Iyer,5010425.9
4780,Lost Flame,Documentary,English,2007,8.2,Hana Sharma,18071263.14
4781,Burning Symphony,Adventure,English,2025,2.8,David Garcia,2547099.07
4782,Silent River,Animation,Japanese,1993,3,Luis Reddy,155064991.3
4783,Wild Island,Horror,Mandarin,1983,6.8,Raj Kapoor,64664884.52
4784,Forgotten Symphony,Animation,English,2000,6.7,Elena Garcia,5572275.83
4785,Crimson City,Comedy,French,1997,3,Nina Kapoor,7512525.52
4786,Distant Flame,Fantasy,English,1996,8.3,Chris Lee,100088098.5
4787,Broken Island,Animation,Hindi,1991,6.6,Michael Kumar,1888289.86
4788,Forgotten Heart,Animation,Spanish,2024,7.1,Elena Kim,8452551
4789,Burning Legacy,Drama,English,1982,4.8,Arjun Garcia,18910667.66
4790,Dark Kingdom,Documentary,Hindi,1989,5.5,Priya Watanabe,14409025.44
4791,Shattered River,Horror,French,2005,6.3,Michael Muller,11515456.76
4792,Frozen Journey,Fantasy,Hindi,2020,5.1,Carlos Iyer,16203883.16
4793,Forgotten City,Fantasy,Mandarin,1983,8.7,James Kim,1308576.2
4794,Golden Echo,Horror,Japanese,2026,5.8,Sofia Silva,10395377.99
4795,Wild Voyage,Adventure,Mandarin,1996,2.8,Raj Rossi,16743536.34
4796,Sacred Dream,Crime,English,2020,6.9,Carlos Rossi,10920060.21
4797,Shattered Truth,Action,Tamil,2026,7.2,Maria Costa,14989864.14
4798,Endless Garden,Adventure,Hindi,1999,7.4,Elena Smith,2359883.33
4799,Frozen Truth,Animation,Japanese,2024,3.2,Sanjay Kumar,18478611.16
4800,Midnight Dream,Thriller,Mandarin,2005,3.1,Anjali Smith,3436261.32
4801,Rising City,Action,French,1997,8.6,Chris Patel,6660962.41
4802,Lost River,Romance,Mandarin,1990,7.4,Yuki Kumar,7572559.31
4803,Frozen Path,Crime,Hindi,2009,5.2,Sofia Reddy,25812717.86
4804,Silent City,Crime,Hindi,1998,7.2,Maria Sharma,18351909.32
4805,Endless Symphony,Action,Hindi,1987,3.7,Elena Watanabe,17312157.34
4806,Distant War,Adventure,Hindi,1989,2.6,Luis Kumar,11667195.48
4807,Forgotten Journey,Animation,Japanese,2024,8,Anjali Patel,92729268.36
4808,Dark Kingdom,Sci-Fi,French,2016,2.2,Raj Muller,10734778.14
4809,Burning River,Crime,Spanish,1998,2.9,Luis Garcia,13921285.06
4810,Forgotten Symphony,Romance,Tamil,2018,3.9,Emma Costa,17606406.66
4811,Golden Shadows,Animation,English,2005,7.8,Raj Muller,134021543.9
4812,Lost Path,Crime,Spanish,2004,6.4,Aiko Sharma,15621856.22
4813,Broken Flame,Documentary,English,2013,6,Arjun Sharma,14104562.63
4814,Burning Echo,Horror,Hindi,2018,6.6,Sofia Kim,19556110.84
4815,Silent Kingdom,Fantasy,Korean,1997,8.4,James Reddy,19580593.09
4816,Sacred Flame,Animation,Tamil,2012,2.8,Raj Garcia,5891710.75
4817,Frozen Garden,Thriller,Hindi,1992,4.8,Wei Smith,15778521.09
4818,Burning War,Crime,Hindi,1989,8.5,Chris Muller,15365845.27
4819,Broken Path,Documentary,Portuguese,1986,3.5,Priya Kumar,5184752.4
4820,Lost Shadows,Thriller,Hindi,2002,9.3,Maria Watanabe,10770646.18
4821,Secret Dream,Crime,Telugu,2011,6.3,Wei Costa,1007148.94
4822,Forgotten Garden,Comedy,Hindi,1982,4.9,Arjun Iyer,19363132.64
4823,Broken Dream,Adventure,English,1990,6,David Nolan,102034014.4
4824,Wild City,Adventure,Telugu,1988,8.9,James Patel,19587953
4825,Dark Heart,Comedy,English,1992,2.8,Aiko Watanabe,7943922.71
4826,Shattered River,Horror,Japanese,2017,4.6,Priya Watanabe,4750345.12
4827,Dark Path,Drama,English,2002,2,Aiko Watanabe,10558043.43
4828,Wild Empire,Animation,French,1987,8.4,Wei Kumar,12444410.81
4829,Hidden Truth,Animation,Spanish,1988,8.5,Priya Watanabe,183894513.6
4830,Shattered River,Sci-Fi,English,1993,7.2,Emma Anderson,825143.02
4831,Forgotten City,Documentary,French,2001,7.4,Emma Rossi,74256006.31
4832,Broken Island,Animation,English,2022,7.2,Sanjay Sharma,1136640.4
4833,Silent Legacy,Sci-Fi,Mandarin,1991,5.1,Priya Garcia,3828912.17
4834,Rising Heart,Sci-Fi,English,1999,3.1,Priya Chen,8514445.82
4835,Broken Kingdom,Animation,Portuguese,2011,5.8,Raj Muller,3274436.12
4836,Endless Flame,Fantasy,Spanish,1980,7.3,Arjun Nolan,17494400.75
4837,Forgotten Storm,Action,Korean,1995,8.9,Elena Rossi,10415143.68
4838,Shattered Island,Adventure,French,2004,5.4,Luis Chen,9435882.85
4839,Forgotten Flame,Drama,English,1994,4.6,Carlos Patel,1405184.99
4840,Midnight Heart,Adventure,French,2011,5.3,Arjun Fernandes,11230883.59
4841,Eternal Dream,Sci-Fi,Tamil,2006,2.9,Wei Chen,17463765.61
4842,Crimson Flame,Thriller,Hindi,2005,5.3,James Garcia,195184118.6
4843,Midnight Voyage,Documentary,Mandarin,1991,8.1,Priya Kapoor,8349490.73
4844,Crimson Island,Action,Spanish,2000,7,Aiko Kumar,14988301.75
4845,Silent War,Adventure,Hindi,1983,4,Raj Costa,15818319.06
4846,Forgotten Flame,Thriller,Spanish,2001,7.4,Anjali Kapoor,10961989.48
4847,Forgotten Heart,Drama,Hindi,2021,3.3,Carlos Watanabe,4649820.35
4848,Shattered Flame,Romance,Mandarin,2017,9.2,Arjun Garcia,3609749.5
4849,Lost City,Romance,German,2015,5.9,Maria Kapoor,12421317.52
4850,Midnight War,Sci-Fi,English,1984,9.3,Priya Fernandes,435850.71
4851,Dark War,Comedy,Japanese,1980,3.3,Michael Rossi,448213.04
4852,Dark Path,Crime,English,2004,9,Sofia Wong,80018586.23
4853,Rising Kingdom,Documentary,Korean,2005,8.9,Luis Wong,2886268.83
4854,Distant Kingdom,Horror,Spanish,1995,7,Sofia Smith,8756681.63
4855,Midnight Journey,Documentary,Hindi,2025,6.5,Maria Chen,12010186.54
4856,Burning Storm,Horror,Portuguese,1997,5,Hana Reddy,4801556.83
4857,Golden Heart,Drama,Tamil,1997,2,Maria Watanabe,14060284.49
4858,Broken Heart,Fantasy,English,1981,4.4,Priya Iyer,555590.11
4859,Shattered Storm,Animation,English,2014,9,Priya Rossi,2704098.36
4860,Hidden Horizon,Crime,English,1987,3,Priya Smith,3047218.91
4861,Silent Echo,Horror,English,1998,9.3,Hana Fernandes,632018958.2
4862,Endless Shadows,Crime,Hindi,2015,7.8,Yuki Muller,7350036.96
4863,Frozen Legacy,Comedy,Telugu,2004,7.6,Luis Sharma,10641445.79
4864,Wild Voyage,Thriller,Japanese,1995,8.2,Sofia Patel,11999386.42
4865,Rising Truth,Animation,Spanish,2024,6.5,Aiko Reddy,5376319.12
4866,Wild Storm,Animation,Hindi,2008,5.8,Chris Patel,14936487.19
4867,Secret Horizon,Animation,English,2006,6,Yuki Fernandes,7677636.43
4868,Burning Island,Drama,English,1990,6.5,David Lee,16415085.83
4869,Burning Path,Romance,Tamil,1981,8.6,Maria Rossi,6596917.75
4870,Eternal Flame,Documentary,Tamil,2019,3,Hana Silva,7825491.96
4871,Shattered Symphony,Adventure,English,1995,7.9,Aiko Silva,4737679.44
4872,Silent Echo,Thriller,Hindi,2001,2.1,Wei Silva,19942727.9
4873,Golden Flame,Documentary,English,1988,5.8,Carlos Rossi,19189665.68
4874,Rising Dream,Horror,Spanish,2011,5.8,Aiko Silva,193346429.2
4875,Golden City,Romance,German,2000,6.8,Carlos Reddy,7072489.9
4876,Broken Symphony,Romance,English,2011,6.3,Sofia Chen,18043141.62
4877,Endless Voyage,Comedy,Japanese,1984,7.1,Carlos Nolan,4433795.31
4878,Last Kingdom,Drama,Italian,2001,5.4,Carlos Costa,4015730.81
4879,Dark Symphony,Comedy,Tamil,2007,8.4,Priya Kim,17982324.7
4880,Rising Kingdom,Action,English,2010,4.1,Elena Nolan,10978333.1
4881,Golden Garden,Fantasy,Italian,2024,6.5,Aiko Reddy,13455141.06
4882,Crimson River,Comedy,English,1983,2.3,Maria Smith,5401864.96
4883,Dark Storm,Romance,French,1998,6.5,Sofia Reddy,11478928.06
4884,Shattered Heart,Romance,English,1982,8.5,Raj Silva,18234768.53
4885,Forgotten River,Crime,Portuguese,2018,6.6,Hana Watanabe,13740739.8
4886,Golden Shadows,Crime,Hindi,1984,5.2,Arjun Costa,10836264.92
4887,Secret Journey,Crime,English,2007,4.1,Yuki Fernandes,16979048.63
4888,Distant Heart,Adventure,Tamil,2004,6.1,Yuki Chen,1557042.26
4889,Sacred River,Animation,English,1992,7.7,Luis Iyer,7616709.43
4890,Eternal Voyage,Drama,Hindi,2008,7.2,Carlos Chen,5563216.93
4891,Secret Echo,Documentary,English,1993,6.4,Priya Muller,54558418.93
4892,Endless Island,Comedy,Spanish,2003,2.6,Wei Anderson,13019512.61
4893,Dark Empire,Romance,Korean,1980,5.4,Priya Garcia,923497.91
4894,Crimson City,Action,English,1987,6.5,Luis Fernandes,14949393.91
4895,Silent Kingdom,Romance,English,1990,3.4,Yuki Chen,19117157.57
4896,Secret River,Drama,English,2006,3.9,Nina Smith,9324204.5
4897,Burning City,Action,English,1992,4.7,Arjun Nolan,12790983.64
4898,Wild Garden,Action,English,2020,3.1,Sanjay Lee,3123962.69
4899,Burning Storm,Horror,Hindi,1980,6.8,Sanjay Lee,6184099.6
4900,Endless Journey,Comedy,English,2008,8.3,Sofia Rossi,15656039.08
4901,Endless Legacy,Comedy,Japanese,1997,6.5,Nina Lee,18939577.24
4902,Endless River,Documentary,Hindi,1989,3.6,Sofia Sharma,13708376.93
4903,Forgotten Empire,Animation,Japanese,1992,3.6,Maria Chen,13512410.75
4904,Lost River,Thriller,Tamil,2008,4.2,Sofia Muller,12419526.75
4905,Distant War,Documentary,English,2006,2.7,Hana Sharma,9432324.02
4906,Burning Journey,Sci-Fi,English,2006,9.3,Sofia Silva,5036098.75
4907,Endless Heart,Fantasy,Italian,2023,3.2,Priya Wong,17215659.89
4908,Silent City,Thriller,Spanish,1989,7.9,Michael Nolan,5965912.98
4909,Rising Kingdom,Horror,Portuguese,1997,9.2,Chris Kapoor,89888.37
4910,Distant City,Horror,Telugu,2001,2.3,James Lee,19927240.6
4911,Secret Journey,Thriller,Hindi,2024,6.1,Carlos Muller,18348152.37
4912,Forgotten War,Comedy,Portuguese,2007,2.2,Sofia Anderson,16073567.71
4913,Dark Storm,Thriller,Portuguese,2003,4.9,Arjun Costa,11258057.09
4914,Last War,Adventure,Hindi,2011,2.8,Sanjay Sharma,19514857.94
4915,Endless Storm,Horror,Japanese,2015,4.9,Carlos Watanabe,13945827.39
4916,Last Path,Sci-Fi,English,1992,9.2,Sanjay Rossi,18885648.23
4917,Rising Truth,Horror,English,2012,9.1,Arjun Kapoor,4791253.88
4918,Broken Shadows,Action,English,1994,8.8,Chris Sharma,1036356.22
4919,Crimson Voyage,Comedy,English,1996,2.8,Wei Patel,53161321.6
4920,Crimson City,Action,French,1998,7.7,Nina Rossi,13189557.56
4921,Dark Symphony,Romance,French,1991,3.3,Sanjay Reddy,1910276.06
4922,Eternal War,Adventure,English,1988,4.8,Aiko Silva,7362597.44
4923,Midnight War,Adventure,English,2000,9.5,Yuki Lee,10660994.57
4924,Crimson Empire,Fantasy,Spanish,2001,8.9,Carlos Patel,15544349.79
4925,Dark Empire,Action,English,2011,4.4,Nina Reddy,15498197.94
4926,Forgotten Horizon,Crime,German,2024,4.2,Carlos Nolan,18529364.99
4927,Endless Voyage,Comedy,English,1996,4.9,Wei Kim,11885264.68
4928,Midnight Shadows,Comedy,Korean,2004,7.4,Sanjay Kapoor,3997721.51
4929,Midnight Legacy,Sci-Fi,French,2001,6.5,Priya Reddy,2291623.68
4930,Secret Legacy,Comedy,English,1988,2.4,Sofia Smith,15134984.03
4931,Distant Path,Romance,English,2025,4.2,Emma Chen,6699137.04
4932,Lost Shadows,Documentary,Hindi,1991,5.9,Sofia Sharma,8852064.79
4933,Eternal Horizon,Thriller,Portuguese,1995,4.9,Anjali Garcia,16616053.42
4934,Wild Horizon,Crime,Mandarin,1991,4.2,Elena Patel,14159112.02
4935,Forgotten Horizon,Drama,Korean,2017,5.2,Chris Smith,18554160.58
4936,Crimson Echo,Action,Hindi,2026,8.7,Elena Muller,2822053.53
4937,Forgotten Truth,Sci-Fi,Korean,1992,2.6,Raj Fernandes,17523643.81
4938,Burning Echo,Drama,German,2026,8.7,Arjun Rossi,8834459.85
4939,Lost Truth,Documentary,English,2026,8.1,Maria Reddy,38506866.35
4940,Midnight Kingdom,Drama,English,1991,3.5,Raj Watanabe,822216.79
4941,Midnight Journey,Action,Mandarin,2006,4.7,Emma Iyer,2174535846
4942,Eternal Kingdom,Crime,Italian,1999,7.8,Luis Reddy,13301583.85
4943,Forgotten Horizon,Drama,English,2026,3.9,Luis Chen,17425019.35
4944,Frozen Kingdom,Action,Italian,2018,8.5,Anjali Iyer,8412941.29
4945,Hidden Heart,Documentary,English,1995,4.8,Chris Anderson,4119447.85
4946,Dark Path,Documentary,Spanish,1994,3.7,Wei Patel,6847125.49
4947,Forgotten Shadows,Romance,English,2017,2.9,Wei Smith,146566841.6
4948,Forgotten Heart,Horror,English,2000,6.3,Emma Kim,12040491.84
4949,Crimson Symphony,Thriller,Spanish,1990,2.8,Aiko Anderson,8634309.85
4950,Broken Path,Horror,English,1984,2.7,Anjali Reddy,6405194.64
4951,Endless Symphony,Romance,Hindi,1988,7.7,Carlos Costa,3820781.85
4952,Frozen Path,Horror,French,1999,8.9,Priya Chen,12684716.8
4953,Distant Empire,Horror,Tamil,2019,5.5,Wei Garcia,2191312199
4954,Crimson Heart,Sci-Fi,Korean,2013,8.8,Hana Kumar,11267817.03
4955,Frozen Kingdom,Horror,Spanish,2011,9,Chris Wong,53931550.08
4956,Forgotten Island,Action,Italian,2003,6.4,James Rossi,11549075.68
4957,Silent Garden,Horror,Hindi,2005,3,Maria Nolan,12183503.47
4958,Dark Kingdom,Thriller,Hindi,2018,2.9,Luis Sharma,16610686.26
4959,Endless Symphony,Horror,English,1991,8.1,Chris Garcia,625070.46
4960,Shattered Horizon,Horror,English,1999,9,David Smith,4782086.05
4961,Crimson Kingdom,Thriller,Spanish,2005,9.3,Elena Garcia,18839711.68
4962,Crimson Horizon,Drama,English,2006,7.7,Hana Nolan,11322192.75
4963,Wild Storm,Action,Portuguese,2005,4.7,Sanjay Sharma,19892899.15
4964,Broken Horizon,Animation,Tamil,2013,3,David Patel,19040740.94
4965,Rising Truth,Adventure,French,2013,7.2,Maria Smith,1780565.59
4966,Eternal Echo,Thriller,English,2020,5.2,Nina Smith,85763794.17
4967,Sacred War,Action,Korean,1990,6.9,Anjali Reddy,14153357.7
4968,Broken War,Crime,English,2003,2.8,Anjali Anderson,2555253.62
4969,Last Voyage,Animation,Hindi,1996,8.3,Nina Rossi,175138552.1
4970,Shattered Empire,Adventure,English,1991,7.8,Yuki Garcia,160842328.5
4971,Golden Heart,Romance,English,2002,3.2,Carlos Reddy,12542440.06
4972,Hidden Garden,Thriller,Hindi,2007,6.7,Anjali Chen,17329713.16
4973,Dark Garden,Horror,Hindi,1983,4,Raj Fernandes,8533865.5
4974,Eternal Flame,Documentary,Telugu,1998,2.7,Emma Chen,135316934.6
4975,Crimson River,Drama,Portuguese,1982,2.4,Emma Smith,2486234.38
4976,Burning Flame,Thriller,Hindi,2001,7.2,Emma Kumar,5911037.96
4977,Crimson Island,Thriller,Spanish,1993,2.1,Yuki Smith,16813609.17
4978,Secret Storm,Action,English,1981,5.8,Luis Muller,18649866.74
4979,Endless Heart,Comedy,Korean,2016,4.6,Chris Sharma,6641705.35
4980,Midnight Garden,Adventure,Hindi,1986,7.2,Arjun Nolan,9724082.67
4981,Wild Legacy,Drama,Tamil,2005,2.8,David Reddy,11493066.55
4982,Lost Garden,Romance,French,2025,2.1,Chris Patel,12604632.08
4983,Endless Horizon,Romance,Mandarin,1991,2.3,Emma Rossi,5534760.36
4984,Wild Legacy,Crime,English,1986,8.5,Elena Rossi,15780081.02
4985,Last River,Thriller,Italian,1994,7.8,Wei Muller,25871850.04
4986,Burning Flame,Action,Portuguese,1987,5.2,Arjun Silva,1930738.04
4987,Crimson Heart,Sci-Fi,English,2009,7,Sanjay Kim,11943087.3
4988,Hidden Heart,Horror,French,2002,5.1,Elena Kapoor,7226369.27
4989,Dark Truth,Adventure,German,1980,5.4,Nina Kumar,47509206.7
4990,Hidden Island,Documentary,Korean,2011,4.7,Michael Patel,1078234.33
4991,Rising Legacy,Action,French,1980,4.4,Priya Garcia,12671030.38
4992,Crimson Storm,Action,English,2007,8.5,Raj Sharma,1702299
4993,Forgotten War,Fantasy,Spanish,1980,3.9,James Costa,6200738.88
4994,Shattered Legacy,Sci-Fi,English,2012,9.1,Carlos Fernandes,16065093.61
4995,Distant War,Documentary,English,2006,3.2,Yuki Kim,8339321.13
4996,Lost Garden,Animation,English,2004,7.5,Emma Costa,12651624.17
4997,Midnight Kingdom,Romance,English,2003,5.8,James Garcia,15517174.77
4998,Wild Empire,Fantasy,English,2016,8.7,Luis Kapoor,6047880.57
4999,Silent Garden,Documentary,Mandarin,1998,2.8,Raj Watanabe,15956093.63
5000,Frozen Echo,Crime,French,2013,4.8,James Patel,7443372.3
5001,Secret Symphony,Comedy,Hindi,2017,7.8,Luis Fernandes,8984854.91
5002,Crimson Island,Comedy,English,2015,8,Carlos Anderson,8007761.25
5003,Shattered Echo,Animation,Korean,1996,4.1,David Sharma,92538.99
5004,Golden Shadows,Horror,Tamil,2016,7,Luis Lee,15753902.87
5005,Burning Kingdom,Fantasy,Hindi,2015,4.6,Aiko Patel,13590578.2
5006,Lost River,Comedy,English,2021,3.7,James Fernandes,6779310.05
5007,Endless Flame,Drama,German,1989,3.8,Priya Lee,32389028.3
5008,Shattered City,Thriller,Spanish,1993,2.4,Wei Silva,16713413.32
5009,Dark Truth,Comedy,Spanish,2006,4.2,Elena Lee,6495389.18
5010,Silent Flame,Action,Tamil,2017,9.4,Sofia Kim,14378021.87
5011,Sacred River,Horror,English,1997,7.4,James Wong,11563043.14
5012,Secret Truth,Comedy,Italian,1996,6,Michael Rossi,15671043.48
5013,Golden Empire,Animation,Hindi,2015,3.4,Elena Costa,2154812.85
5014,Sacred City,Animation,French,1997,7.4,Anjali Reddy,3059661.38
5015,Shattered Kingdom,Animation,German,1989,5.6,Anjali Lee,9791571.91
5016,Eternal Horizon,Thriller,English,1981,4.6,Arjun Kumar,194782949.8
5017,Hidden Empire,Crime,Korean,2016,6.3,Hana Nolan,8943773.37
5018,Endless City,Animation,Hindi,1986,5.3,James Sharma,118807.37
5019,Rising Kingdom,Comedy,French,2002,5.5,Aiko Costa,18115842.73
5020,Silent Symphony,Crime,Italian,1984,7.2,Wei Chen,78344702.29
5021,Midnight Path,Fantasy,German,1985,6.4,Priya Rossi,5613378.29
5022,Midnight Island,Thriller,Japanese,1981,9.2,Arjun Wong,8062078.33
5023,Burning Echo,Thriller,Hindi,2008,6.9,Wei Patel,17678293.32
5024,Shattered Garden,Sci-Fi,Japanese,1991,5.9,Michael Muller,233861.9
5025,Silent Kingdom,Documentary,Hindi,2012,9,Elena Nolan,5330389.31
5026,Burning Voyage,Drama,Hindi,1991,4.9,Sofia Sharma,17131315.73
5027,Rising Voyage,Comedy,Japanese,2023,2.9,Raj Chen,5146088.04
5028,Eternal Truth,Romance,Hindi,2022,4,Nina Sharma,2586323.21
5029,Burning River,Fantasy,Telugu,2007,8.6,David Costa,11555614.51
5030,Forgotten Truth,Adventure,Hindi,2004,6.9,Wei Patel,5727907.47
5031,Endless Heart,Fantasy,Telugu,1991,2.2,Wei Kapoor,6846938.39
5032,Hidden River,Comedy,Spanish,2013,2.1,Yuki Anderson,182162408.9
5033,Rising Voyage,Animation,French,2014,3.3,Yuki Garcia,18428678.48
5034,Shattered Legacy,Horror,Spanish,1980,4.2,Nina Wong,17920003.13
5035,Sacred Flame,Fantasy,English,2004,4.4,Nina Nolan,792495344.3
5036,Burning River,Documentary,Italian,2014,7.9,Chris Rossi,19636746.8
5037,Wild Shadows,Sci-Fi,English,1986,7.1,James Iyer,6594031.12
5038,Broken Shadows,Animation,English,1987,6.7,Priya Silva,2220510.82
5039,Crimson Truth,Adventure,Hindi,1996,2.4,Sofia Iyer,12449368.58
5040,Crimson Truth,Crime,Telugu,2010,4.7,Emma Kim,9370170.78
5041,Rising Truth,Crime,Spanish,1996,5,Chris Muller,10928462.28
5042,Silent Storm,Adventure,English,1990,5.8,Nina Wong,2765734.23
5043,Dark Symphony,Fantasy,Mandarin,2010,7.9,Hana Sharma,6635476.58
5044,Hidden Dream,Drama,Mandarin,2007,4,Michael Fernandes,7487153.58
5045,Lost Voyage,Animation,Mandarin,1982,8.6,Anjali Iyer,14034777.82
5046,Endless Truth,Comedy,English,1980,5.8,Chris Fernandes,10740435.11
5047,Distant Heart,Horror,German,1990,8,Aiko Rossi,165603864.3
5048,Crimson Island,Sci-Fi,French,2007,4.1,Sofia Iyer,17999594.16
5049,Broken Echo,Action,Spanish,2012,7.2,Raj Nolan,97952431.57
5050,Silent Voyage,Fantasy,Hindi,2002,5.6,Hana Costa,2660088614
5051,Silent Island,Crime,Hindi,2016,6.4,Sofia Iyer,12775409.94
5052,Distant War,Comedy,Mandarin,2010,4.8,Michael Rossi,12792364.42
5053,Midnight War,Thriller,German,2003,5.1,Sanjay Iyer,644916.51
5054,Rising Island,Crime,Korean,2010,5.3,Luis Silva,3037932.22
5055,Dark Echo,Adventure,French,2014,8.6,Sanjay Nolan,17973412.05
5056,Endless Journey,Documentary,German,1980,6.2,Yuki Chen,4310556.78
5057,Silent Legacy,Comedy,English,2022,6.3,Yuki Reddy,69064507.98
5058,Lost Legacy,Horror,Japanese,2022,2.3,Michael Sharma,2362785.67
5059,Wild Symphony,Fantasy,Spanish,2023,7.4,Hana Wong,260450.82
5060,Distant Garden,Action,English,2026,7.2,Nina Fernandes,102960830.2
5061,Golden Dream,Comedy,English,2012,9.5,Raj Garcia,43854116.78
5062,Silent Horizon,Action,English,1987,2.1,Anjali Nolan,6903543.74
5063,Silent Island,Sci-Fi,French,1987,5.6,Maria Chen,6634866.94
5064,Hidden Horizon,Comedy,Portuguese,2016,8.3,James Watanabe,2072804.56
5065,Silent Truth,Adventure,Spanish,2019,3.8,Sanjay Watanabe,140900762.1
5066,Silent Voyage,Action,German,1992,5.7,Carlos Sharma,29951610.47
5067,Frozen Empire,Comedy,Spanish,2006,7.4,Aiko Anderson,14642183.42
5068,Lost Heart,Fantasy,English,1992,2.4,Sofia Silva,15132529.4
5069,Golden War,Romance,Mandarin,2013,4.2,Michael Chen,1594191.25
5070,Distant Voyage,Sci-Fi,English,1982,3.1,Maria Nolan,159202822.1
5071,Broken Voyage,Horror,Hindi,1980,2.2,Wei Reddy,15430997.62
5072,Dark Empire,Action,Korean,2013,7.3,Raj Kapoor,6890281.56
5073,Hidden Storm,Adventure,Portuguese,2006,5.1,Sofia Fernandes,759218.81
5074,Last Storm,Sci-Fi,Telugu,1995,4.3,Aiko Watanabe,740831.53
5075,Rising City,Animation,Tamil,2026,7.5,Arjun Smith,3287441.06
5076,Silent Shadows,Adventure,Tamil,2009,5.5,Arjun Costa,1691901.98
5077,Last Kingdom,Thriller,English,2000,2,James Nolan,17611455.01
5078,Golden Legacy,Comedy,Hindi,1988,4.9,Hana Watanabe,18397193.25
5079,Endless Symphony,Thriller,Telugu,1983,3.1,Emma Rossi,8252499.02
5080,Eternal Kingdom,Sci-Fi,Tamil,2002,7.5,Anjali Kapoor,5589358.15
5081,Broken Legacy,Crime,English,2004,2.2,Hana Garcia,9430135.72
5082,Distant Voyage,Horror,Hindi,1982,5.5,Chris Watanabe,14965104.13
5083,Sacred Path,Fantasy,English,2004,3.5,Carlos Kim,101714460
5084,Broken Voyage,Animation,Tamil,1996,5.6,Luis Fernandes,10619133.93
5085,Forgotten Truth,Animation,English,2020,9.2,Aiko Kumar,15623703
5086,Rising Island,Romance,Telugu,2017,8,Chris Kim,5490795.76
5087,Midnight Voyage,Adventure,French,2011,3.5,Nina Reddy,7315136.88
5088,Eternal River,Thriller,Telugu,2015,6.3,Sofia Lee,12313543.79
5089,Midnight Voyage,Documentary,Portuguese,2004,2.7,Hana Kapoor,15946314.95
5090,Sacred River,Horror,Korean,1992,3.3,Elena Chen,3440547.46
5091,Eternal Symphony,Documentary,Telugu,1990,7,Aiko Sharma,17699499.87
5092,Shattered City,Comedy,English,2013,3.2,Raj Costa,19542636.16
5093,Burning Heart,Fantasy,Spanish,2003,2.9,Maria Kim,13407604.56
5094,Golden River,Thriller,English,2014,7.8,James Fernandes,19265783.69
5095,Forgotten War,Comedy,English,1996,7,Maria Wong,8132984.84
5096,Wild Legacy,Action,English,2010,8,Luis Anderson,1198714.64
5097,Secret Legacy,Documentary,English,1981,4.7,Arjun Anderson,10416328.14
5098,Burning Journey,Action,English,1997,7,James Iyer,1326147569
5099,Burning Island,Animation,Korean,2010,6.6,Chris Wong,17444976.16
5100,Broken Truth,Action,English,2024,5.5,Michael Iyer,848945.64
5101,Sacred Storm,Crime,Portuguese,2025,4.3,Emma Kumar,9506062.17
5102,Distant Shadows,Fantasy,Japanese,2000,5.7,Hana Costa,11091328.48
5103,Golden Voyage,Adventure,English,2005,6.2,Arjun Kumar,3962448.3
5104,Golden Kingdom,Adventure,English,2015,4,David Silva,5820997.8
5105,Last Kingdom,Documentary,Hindi,2020,3.8,Maria Kapoor,1458556.23
5106,Rising Kingdom,Sci-Fi,German,2008,6.4,Arjun Nolan,12292074.99
5107,Secret Island,Sci-Fi,German,1991,7.9,Aiko Kapoor,9858988.34
5108,Forgotten Storm,Thriller,English,2014,6.5,Hana Anderson,8251468.24
5109,Distant Legacy,Documentary,Telugu,1999,7.4,Maria Muller,16431508.52
5110,Sacred Storm,Horror,Hindi,2006,5.1,Carlos Anderson,5417483.45
5111,Midnight Island,Documentary,English,1985,5.2,Arjun Nolan,1970254.34
5112,Lost Kingdom,Sci-Fi,Spanish,1993,6.8,Priya Kumar,12219196.41
5113,Forgotten Island,Comedy,Hindi,1986,5.4,Carlos Fernandes,155032531.7
5114,Lost Garden,Drama,Italian,2026,2.8,Arjun Iyer,17771262.49
5115,Silent Storm,Adventure,English,2017,2.2,Sanjay Smith,10980038.08
5116,Sacred River,Fantasy,French,1990,8.3,Sofia Fernandes,144729291.2
5117,Dark Island,Action,Hindi,2020,6.7,Carlos Garcia,1209123.2
5118,Dark City,Drama,French,2005,8.8,Wei Kim,19901617.53
5119,Secret Heart,Crime,Italian,2000,2.1,Sofia Muller,47416427.12
5120,Midnight Empire,Romance,French,1996,7,Elena Rossi,10384035.6
5121,Wild Legacy,Horror,German,1984,8.9,Michael Costa,13595469.34
5122,Endless Symphony,Sci-Fi,Portuguese,1995,6.9,Carlos Rossi,4039403.69
5123,Broken Island,Horror,Spanish,2005,6.4,Carlos Kapoor,10415577.68
5124,Endless Journey,Documentary,Portuguese,1995,7.8,Arjun Nolan,4752913.64
5125,Wild Storm,Drama,Hindi,2023,3.6,Nina Smith,13883989.38
5126,Shattered Kingdom,Action,Hindi,2019,2.3,Yuki Kapoor,160449820.6
5127,Burning Echo,Comedy,Telugu,1984,5,Priya Kim,4739539.64
5128,Broken Symphony,Documentary,Hindi,2020,3.9,Michael Reddy,70240294.5
5129,Last Journey,Sci-Fi,Telugu,2000,8.9,Aiko Nolan,145712257.7
5130,Wild Shadows,Romance,English,2020,7.2,Hana Kim,12869559.02
5131,Eternal Heart,Adventure,English,2015,6.7,Hana Lee,1291397982
5132,Golden Horizon,Action,Japanese,2015,8.2,Sofia Costa,12999934.62
5133,Lost River,Romance,English,2023,4.4,Aiko Rossi,2775465.75
5134,Hidden Journey,Fantasy,Hindi,2007,6.7,Hana Chen,14072366.3
5135,Midnight Path,Crime,Spanish,2008,6,Chris Chen,16367805.68
5136,Dark Kingdom,Animation,English,1989,8.5,Chris Fernandes,15447698.42
5137,Endless Path,Drama,Telugu,2020,9.3,Sofia Sharma,899806.65
5138,Endless War,Comedy,Hindi,2004,9.4,David Lee,5656585.97
5139,Eternal Garden,Animation,Spanish,2023,8.6,Wei Chen,14934747.74
5140,Eternal Island,Romance,Portuguese,1996,5.8,James Nolan,16077374.45
5141,Eternal Dream,Comedy,Hindi,2003,3.1,Elena Muller,194479422.1
5142,Broken Storm,Adventure,English,1981,4.5,Maria Silva,2251376.81
5143,Distant Flame,Comedy,Hindi,1995,5.8,Maria Nolan,13737678.55
5144,Hidden Empire,Action,English,1993,9,Arjun Iyer,17402022.43
5145,Broken Symphony,Fantasy,English,1994,8.1,Michael Lee,1337652503
5146,Burning Island,Romance,Telugu,1990,8.7,Carlos Chen,5225775.38
5147,Endless Symphony,Comedy,English,2025,9.1,Raj Muller,3620662.64
5148,Lost Dream,Romance,Spanish,2023,6,Michael Wong,8246230.9
5149,Crimson War,Adventure,Korean,2002,7.7,Sanjay Wong,10876728.04
5150,Broken Heart,Horror,Italian,1999,7.7,Sofia Lee,2920741.01
5151,Shattered Garden,Documentary,English,1994,6.8,Hana Silva,149256658.5
5152,Dark Empire,Sci-Fi,French,1986,3.9,James Kapoor,19488061.81
5153,Lost Kingdom,Comedy,German,2024,4.6,Priya Reddy,1408985723
5154,Eternal Kingdom,Animation,Japanese,2020,3,Luis Rossi,39721871.91
5155,Sacred War,Horror,Portuguese,2026,6,Yuki Iyer,16619744.25
5156,Last Flame,Documentary,English,1984,4.6,Luis Wong,6576899.84
5157,Frozen Truth,Crime,Telugu,2021,5.1,Maria Costa,106422599.2
5158,Silent Empire,Fantasy,Mandarin,2012,3.3,Carlos Iyer,1190878.66
5159,Eternal Journey,Drama,German,2015,9,Michael Anderson,908474.67
5160,Forgotten Shadows,Adventure,French,1982,5.1,Chris Costa,5572407.19
5161,Secret Shadows,Romance,Spanish,2010,2.7,James Reddy,18990827.84
5162,Last Legacy,Crime,English,1995,7.7,Carlos Silva,15913120.12
5163,Sacred Flame,Drama,English,2000,6.3,David Fernandes,6992755.01
5164,Eternal Path,Drama,Telugu,1999,9.4,Elena Garcia,610288.58
5165,Eternal Storm,Romance,Hindi,2016,3.9,Aiko Kumar,7423916.2
5166,Lost Kingdom,Fantasy,English,1983,4.2,Wei Kim,7397996.01
5167,Broken Heart,Sci-Fi,Japanese,1993,6.6,Carlos Kim,19616897.06
5168,Golden Dream,Thriller,Tamil,2002,8.6,Wei Silva,6123503.3
5169,Silent Garden,Fantasy,Spanish,1984,4.1,Yuki Silva,32126647.19
5170,Distant River,Action,Spanish,2008,7.7,Hana Sharma,15358868.88
5171,Sacred Path,Animation,Hindi,2009,2.9,Emma Kim,11515091.61
5172,Eternal Symphony,Fantasy,English,2025,2.1,Aiko Reddy,144561572.6
5173,Broken Truth,Comedy,Hindi,1980,3,Carlos Fernandes,963921000.3
5174,Forgotten Kingdom,Documentary,English,2016,3.6,Yuki Nolan,17179099.72
5175,Midnight Flame,Crime,English,2024,8.3,James Kim,296511887.9
5176,Endless Garden,Fantasy,English,2010,9.4,Yuki Nolan,6999906.93
5177,Dark City,Crime,Tamil,1981,3.3,Emma Kim,6467693.74
5178,Shattered Dream,Drama,English,2021,5.9,Carlos Muller,18830586.15
5179,Burning Symphony,Horror,Hindi,2010,4.7,Michael Lee,5100603.49
5180,Wild Voyage,Action,Spanish,2019,2.1,Luis Patel,7834555.1
5181,Dark Empire,Animation,Korean,1991,2.3,Hana Kim,7261787.72
5182,Last Garden,Adventure,English,2012,3.3,Chris Patel,12522047.52
5183,Crimson Flame,Romance,English,1983,3.6,Elena Kumar,14845249.49
5184,Secret Kingdom,Animation,Spanish,1998,7.7,Wei Watanabe,1595875.09
5185,Shattered Symphony,Crime,Mandarin,2015,3.6,Sanjay Garcia,13357680.18
5186,Endless Storm,Thriller,Hindi,2016,2.4,Hana Smith,7623470.82
5187,Wild Storm,Fantasy,Hindi,2012,7.9,Carlos Rossi,16058812.91
5188,Sacred Symphony,Animation,Italian,1984,4.8,David Iyer,5175595.75
5189,Distant Shadows,Animation,French,2023,9.1,Chris Patel,4458202.74
5190,Eternal Dream,Horror,Italian,2013,6,Luis Garcia,16801790.04
5191,Rising Voyage,Thriller,Japanese,1982,5.7,Chris Wong,171352604.9
5192,Hidden Truth,Horror,Telugu,2024,8.1,Yuki Sharma,17241411.49
5193,Rising Truth,Sci-Fi,Japanese,1997,9.1,Hana Kim,6101148.7
5194,Dark Journey,Thriller,English,2020,8.9,Anjali Silva,6770895.68
5195,Midnight Truth,Drama,Tamil,2021,5.1,Michael Iyer,1262690.88
5196,Shattered Heart,Crime,Spanish,2006,8.5,Emma Kim,5033200.92
5197,Sacred Symphony,Animation,Spanish,1987,8.2,Chris Fernandes,14044330.72
5198,Wild Horizon,Drama,Hindi,2008,8.7,Luis Lee,8079574.43
5199,Shattered Storm,Adventure,Hindi,1980,3.5,Raj Watanabe,11091246.7
5200,Frozen Journey,Crime,English,2023,2.9,Michael Anderson,13577646.64
5201,Wild Flame,Sci-Fi,Italian,2011,4.9,Sofia Nolan,27657916.57
5202,Wild City,Comedy,Mandarin,2011,3.6,Carlos Silva,5474682.76
5203,Shattered Garden,Animation,Spanish,2005,4.9,Raj Reddy,18766983.71
5204,Crimson Heart,Horror,German,1992,9.2,Anjali Garcia,2740647.4
5205,Eternal Flame,Romance,Portuguese,2025,8.1,Hana Muller,17911447.53
5206,Endless Voyage,Action,English,1999,6.2,Elena Silva,5796682.95
5207,Endless Path,Action,Portuguese,1995,6.6,Elena Fernandes,159481843.9
5208,Last Echo,Sci-Fi,Spanish,2016,2.5,Nina Iyer,4424626.07
5209,Last Empire,Adventure,English,1999,7.1,Raj Kim,17071074.89
5210,Lost War,Fantasy,Korean,1984,3.1,Aiko Wong,8175606.64
5211,Burning Garden,Fantasy,Japanese,1996,4,Hana Watanabe,14850942.66
5212,Midnight Kingdom,Drama,English,1987,6.5,Arjun Sharma,14894602.97
5213,Shattered Flame,Drama,English,2017,5.3,Aiko Smith,18799683.92
5214,Sacred Kingdom,Drama,Spanish,1990,6.3,Yuki Anderson,5345333.29
5215,Lost Path,Documentary,Spanish,2005,9,Elena Wong,106827033
5216,Forgotten Symphony,Romance,Hindi,2005,5.1,Chris Silva,36976626.91
5217,Forgotten Journey,Comedy,Telugu,1991,7.1,Wei Fernandes,3639819.47
5218,Sacred City,Action,Italian,2017,6.6,Nina Reddy,10845951.58
5219,Forgotten Shadows,Drama,Italian,1989,3.3,Anjali Watanabe,168844809.4
5220,Burning Dream,Fantasy,English,2000,9.2,Maria Wong,15927143.16
5221,Midnight Journey,Adventure,Tamil,1991,2.3,Luis Muller,9663177.69
5222,Eternal Heart,Animation,English,2011,3.7,Carlos Kapoor,13041836.19
5223,Lost Empire,Animation,Spanish,1999,3.4,Luis Wong,9082164.37
5224,Silent Garden,Comedy,Tamil,2017,7.4,Priya Kapoor,16678450.8
5225,Shattered War,Romance,Hindi,1993,3.1,James Patel,16701613.9
5226,Forgotten Island,Crime,English,2005,4.7,Chris Patel,10693564.61
5227,Distant River,Romance,Mandarin,2010,8.4,Elena Smith,17294278.12
5228,Distant Island,Adventure,English,2025,5.5,Hana Iyer,12239022.08
5229,Eternal Dream,Adventure,Spanish,2019,7.3,Michael Anderson,14237365.27
5230,Forgotten Truth,Drama,English,2001,8.8,David Kapoor,6481716.57
5231,Shattered Voyage,Sci-Fi,Hindi,2023,9.2,Chris Watanabe,16679333.03
5232,Frozen War,Action,Hindi,2019,3.9,Luis Kapoor,11582378.27
5233,Forgotten City,Horror,Hindi,2007,7.2,James Rossi,14842099.2
5234,Crimson War,Comedy,Hindi,1981,2.9,Elena Sharma,9582362.54
5235,Wild Voyage,Romance,Korean,1989,6.9,Michael Nolan,14681826.98
5236,Wild Empire,Fantasy,Hindi,2014,5.3,Luis Kumar,10684353.03
5237,Midnight Dream,Comedy,Hindi,1992,7.7,Anjali Sharma,13435546.95
5238,Crimson Heart,Documentary,Telugu,2018,7.3,Anjali Wong,17638754.94
5239,Last Echo,Comedy,Hindi,1984,8.4,Sanjay Silva,60841038.04
5240,Forgotten Dream,Fantasy,Hindi,2001,9,James Nolan,687756.69
5241,Midnight Kingdom,Animation,Korean,2016,7.9,Elena Garcia,15388143.86
5242,Sacred River,Comedy,Hindi,1981,3.1,Yuki Kim,13658896.74
5243,Sacred Flame,Horror,Spanish,2008,7.8,Maria Fernandes,16297784.31
5244,Crimson Kingdom,Action,English,1999,8.4,Elena Kapoor,3367998.93
5245,Eternal Empire,Fantasy,English,2003,4.3,Emma Smith,13276371.59
5246,Hidden River,Crime,English,2010,8.4,Luis Fernandes,10623310.55
5247,Lost Garden,Thriller,Spanish,1987,7.4,Sofia Muller,14487531.77
5248,Midnight War,Crime,Spanish,2011,8,Nina Kumar,4605894.38
5249,Shattered War,Action,German,2009,7.4,Michael Watanabe,2876845.32
5250,Broken Truth,Fantasy,Korean,1996,9,Luis Costa,15263025.44
5251,Wild Empire,Horror,Spanish,1980,9.2,David Silva,90802325.25
5252,Wild River,Horror,English,2005,8.4,Sofia Watanabe,12819694.72
5253,Burning Horizon,Drama,English,1997,5.5,Maria Reddy,3052975.03
5254,Wild Kingdom,Horror,Telugu,2007,6.8,Sanjay Kapoor,12968141.87
5255,Last Path,Sci-Fi,English,2010,2.6,James Rossi,6319733.44
5256,Dark Truth,Drama,English,2020,3.5,Emma Garcia,827132.57
5257,Frozen Truth,Animation,Japanese,1986,8,Sanjay Smith,15700037.13
5258,Dark Truth,Crime,English,1991,8,Raj Kapoor,5793159.18
5259,Forgotten City,Romance,Korean,2008,7.5,Hana Chen,5727041.64
5260,Endless Garden,Drama,Hindi,1989,8.6,Hana Sharma,6020178.11
5261,Burning Path,Sci-Fi,Hindi,2001,5.3,Arjun Costa,6997278.41
5262,Dark Echo,Comedy,Hindi,2004,6.6,Elena Rossi,11680259.48
5263,Golden City,Crime,French,1988,3.7,Wei Muller,14640744.96
5264,Endless Echo,Drama,English,2003,2.8,Hana Kumar,15392782.17
5265,Golden Island,Drama,Tamil,2023,7.3,Michael Rossi,7437963.83
5266,Midnight Heart,Animation,Tamil,1988,3.7,James Iyer,3790301.37
5267,Sacred Echo,Fantasy,Hindi,1984,2.3,Emma Chen,15554828.97
5268,Eternal Voyage,Horror,Spanish,1985,8.9,Sofia Kapoor,491788.75
5269,Golden Symphony,Horror,English,2022,6.4,Sofia Smith,1359458.69
5270,Silent Voyage,Romance,Tamil,2006,6.1,Elena Kim,13217630.85
5271,Secret Journey,Drama,German,1996,5.3,Emma Patel,9272241.04
5272,Burning Shadows,Adventure,Italian,2023,8,Arjun Anderson,5973847.7
5273,Crimson Echo,Sci-Fi,Tamil,1980,3.9,Emma Rossi,731362374.8
5274,Endless Journey,Comedy,English,2010,6.4,Aiko Kim,13732464.45
5275,Shattered Dream,Sci-Fi,Japanese,2016,4.4,Elena Nolan,18012812.29
5276,Secret Voyage,Adventure,Italian,1983,4.2,Hana Rossi,14380181.34
5277,Dark Garden,Comedy,English,2010,6.8,Carlos Anderson,13667277.64
5278,Broken Voyage,Drama,Italian,1981,6.8,James Kim,1372181.5
5279,Frozen Kingdom,Romance,Italian,2022,4.1,Hana Silva,8189405.3
5280,Dark River,Animation,Tamil,2022,4.5,Chris Wong,7522859.05
5281,Distant Garden,Sci-Fi,Tamil,1994,7,James Nolan,14855188.21
5282,Endless Legacy,Animation,English,1990,2.2,Sanjay Chen,16083612.77
5283,Endless Path,Sci-Fi,Japanese,1995,2.6,Wei Kumar,10997004.09
5284,Last Horizon,Horror,Telugu,1980,7.3,Chris Lee,11130842.96
5285,Midnight Heart,Romance,English,1989,5.7,Priya Chen,17856371.88
5286,Secret Voyage,Adventure,English,1991,4,Arjun Patel,14534760.91
5287,Hidden Horizon,Fantasy,English,2005,6.4,Raj Kumar,16597212.96
5288,Distant City,Drama,English,1995,5.1,Hana Watanabe,18970186.33
5289,Eternal Symphony,Comedy,French,2015,6.2,Aiko Garcia,11738601.96
5290,Sacred Island,Comedy,English,1986,5.6,Chris Fernandes,2993646.61
5291,Golden Truth,Crime,Portuguese,2023,6.7,Emma Muller,4098630.98
5292,Last Journey,Drama,Korean,1998,4.7,James Wong,19913763.18
5293,Dark Island,Documentary,Hindi,2008,5.5,Luis Watanabe,1387294699
5294,Distant Horizon,Adventure,Tamil,2020,7.7,Sanjay Sharma,15524562.27
5295,Crimson Garden,Adventure,Telugu,1999,7.8,Michael Kumar,934110.74
5296,Hidden War,Adventure,Hindi,2008,7,Priya Kumar,5247006.07
5297,Wild Horizon,Action,Tamil,1993,4.2,Raj Sharma,110910189.1
5298,Forgotten Dream,Fantasy,Hindi,2009,9.1,Sanjay Watanabe,8433542.65
5299,Rising Symphony,Romance,English,2009,7.1,Luis Kapoor,849892.02
5300,Shattered Path,Crime,Spanish,2010,4.3,Luis Fernandes,17289044.87
5301,Burning River,Romance,English,2023,8.2,Luis Rossi,28743305.64
5302,Frozen Kingdom,Thriller,Hindi,1990,2.7,Priya Patel,5451279.25
5303,Crimson Horizon,Horror,Korean,1996,5.1,Chris Iyer,3439805.25
5304,Midnight Voyage,Horror,English,2018,6.2,Priya Muller,18858358.37
5305,Crimson Voyage,Fantasy,English,1994,5.4,Hana Smith,14042996.4
5306,Endless Horizon,Action,Spanish,1986,9.4,Raj Silva,13889825.66
5307,Midnight Journey,Drama,English,2016,7.1,Raj Kumar,14712380.54
5308,Hidden Dream,Fantasy,Telugu,1995,7.9,Wei Kumar,298108273.1
5309,Golden Kingdom,Horror,English,2025,8.9,Luis Patel,9639664.74
5310,Shattered Heart,Thriller,Spanish,1982,5.1,Raj Rossi,8932190.52
5311,Wild Island,Sci-Fi,English,1980,2.8,Chris Smith,11595106.36
5312,Eternal River,Animation,Hindi,2012,5.4,Luis Lee,1145374.17
5313,Last Path,Action,English,1987,4.8,David Sharma,5088288.1
5314,Lost River,Comedy,Telugu,1996,5.5,Arjun Lee,8790258.52
5315,Endless Voyage,Animation,Mandarin,2003,2.3,Sofia Anderson,6901709.93
5316,Golden Empire,Drama,Hindi,2025,9.1,Aiko Fernandes,9551280.52
5317,Shattered Horizon,Drama,Mandarin,1998,8.5,Elena Rossi,6698024.48
5318,Burning Storm,Drama,Mandarin,2007,5.2,Elena Wong,15629160.45
5319,Lost Journey,Adventure,Tamil,2018,7.3,Wei Costa,4302645.4
5320,Broken Heart,Animation,Hindi,2019,6.7,David Patel,18886215
5321,Forgotten Island,Fantasy,Spanish,1986,5,Michael Chen,5274691.23
5322,Secret Kingdom,Romance,Hindi,2010,7.8,Hana Iyer,12660910.01
5323,Hidden Horizon,Comedy,Hindi,1991,4.3,Sanjay Fernandes,4712187.98
5324,Golden City,Fantasy,Portuguese,1994,3.2,Nina Costa,6559329.76
5325,Eternal Dream,Action,Mandarin,2006,4.2,Sanjay Smith,4416251.93
5326,Frozen Kingdom,Documentary,Hindi,2023,4,Emma Patel,18495941.27
5327,Secret Journey,Crime,Mandarin,1987,4.2,Maria Iyer,9728354.44
5328,Forgotten Shadows,Comedy,Spanish,2015,6.8,James Lee,11090855.76
5329,Secret Voyage,Animation,Japanese,2013,2.7,Carlos Kapoor,161872562
5330,Last Storm,Action,English,2020,5.3,Chris Smith,147629990.2
5331,Secret Journey,Fantasy,Mandarin,1981,6.5,Maria Patel,6428884.85
5332,Golden Legacy,Comedy,Korean,1987,4.7,Chris Nolan,6037189.66
5333,Sacred Horizon,Adventure,German,2012,7.6,Raj Kim,15041843.77
5334,Eternal Journey,Crime,French,1988,3.1,Wei Silva,19585858.93
5335,Silent Storm,Animation,English,1996,3.2,Yuki Reddy,650905.36
5336,Shattered Storm,Fantasy,Spanish,2006,2.1,Yuki Costa,18269672.81
5337,Wild Journey,Drama,Spanish,1983,2.1,Aiko Chen,4538668.77
5338,Wild Horizon,Action,English,1993,6.4,Arjun Anderson,19060736.1
5339,Crimson Shadows,Romance,Mandarin,1996,3,Chris Wong,16424231.57
5340,Silent City,Romance,English,1994,9,Aiko Muller,147990870.4
5341,Lost City,Documentary,Hindi,2008,8.6,Aiko Lee,5427097.32
5342,Frozen Path,Fantasy,Spanish,2023,7.9,Yuki Chen,11542089.22
5343,Shattered War,Thriller,Hindi,1980,3.1,Maria Anderson,13395583.57
5344,Burning Shadows,Adventure,English,1995,2.7,Sofia Iyer,8381818.56
5345,Golden Shadows,Action,Spanish,1991,7.1,Aiko Silva,14695319.3
5346,Distant War,Romance,English,2000,3.9,Anjali Muller,11292000.11
5347,Rising Empire,Documentary,Portuguese,1991,8.3,Raj Muller,17601760.07
5348,Forgotten Island,Romance,French,2016,9,David Nolan,3802526.96
5349,Frozen Voyage,Documentary,English,2010,2.1,Sofia Nolan,13965483.76
5350,Wild River,Fantasy,French,2024,5.4,Arjun Lee,16033452.9
5351,Golden Flame,Romance,French,2006,9.4,Emma Sharma,102221132.3
5352,Endless Dream,Fantasy,French,1982,8.9,Sanjay Silva,665149.97
5353,Golden Symphony,Comedy,English,2005,4,Michael Fernandes,15378934.24
5354,Endless Heart,Sci-Fi,Tamil,2009,8.4,Elena Costa,110711406.3
5355,Wild Heart,Horror,French,2022,7.1,David Iyer,2635735.46
5356,Hidden River,Documentary,English,2006,4,Wei Sharma,8449441.25
5357,Lost City,Crime,Telugu,1998,2,Michael Watanabe,41919146.27
5358,Eternal Flame,Thriller,English,1987,4.5,Chris Muller,8143742.12
5359,Crimson Legacy,Thriller,Spanish,2010,6.9,Anjali Anderson,12610851.71
5360,Endless Symphony,Action,Japanese,2018,5,Arjun Wong,8547574.84
5361,Burning City,Drama,English,2020,6.4,Yuki Reddy,18273933.55
5362,Wild War,Action,Korean,2014,7.3,Wei Lee,14229848.97
5363,Last Island,Drama,English,2022,8.7,Elena Patel,212276.92
5364,Crimson Echo,Fantasy,Hindi,1995,2.8,Elena Costa,13117938.85
5365,Wild Dream,Animation,Hindi,1996,4.6,Hana Anderson,4719254.7
5366,Wild River,Sci-Fi,French,1981,3.9,Sofia Kim,11611221.52
5367,Endless Path,Documentary,Spanish,1989,7.4,Yuki Garcia,6009540.35
5368,Shattered Echo,Sci-Fi,Mandarin,2013,4.1,Luis Kapoor,3738992.19
5369,Last Symphony,Fantasy,English,2011,4.4,Maria Lee,1996722.8
5370,Endless Legacy,Animation,Japanese,2013,3.7,Elena Iyer,18467694.56
5371,Frozen Heart,Drama,Italian,1985,8.5,Luis Fernandes,37411384.11
5372,Distant Shadows,Horror,Telugu,1998,8.5,Anjali Kim,187706464.7
5373,Secret Empire,Horror,English,2021,3.8,Yuki Nolan,7345696.86
5374,Eternal Heart,Sci-Fi,Telugu,2003,5.2,David Smith,16081980.99
5375,Forgotten Voyage,Comedy,German,2008,9,Carlos Fernandes,6351141.16
5376,Hidden Truth,Horror,Spanish,1985,8.7,Sanjay Costa,19027436.84
5377,Rising City,Thriller,Hindi,2010,8.3,Priya Costa,97460444.08
5378,Rising Island,Documentary,French,1987,9.5,Aiko Fernandes,12368633.98
5379,Rising Storm,Adventure,German,1986,2.1,Maria Smith,6833312.02
5380,Eternal Garden,Animation,Spanish,1984,7.2,Chris Iyer,11044922.99
5381,Distant River,Sci-Fi,English,1985,8.7,Emma Silva,4204177.62
5382,Last Garden,Romance,Hindi,1993,2,Raj Muller,15544785.41
5383,Shattered Shadows,Animation,Spanish,1995,3.6,Raj Wong,55894327.36
5384,Rising Heart,Comedy,Hindi,1982,6.3,Arjun Lee,18546544.96
5385,Hidden Dream,Thriller,Hindi,1988,7.3,Priya Rossi,5473809.46
5386,Lost Empire,Documentary,German,1999,3.2,Wei Patel,7854159.7
5387,Wild Kingdom,Fantasy,English,2001,2.6,Priya Muller,13158390.59
5388,Hidden Shadows,Action,Hindi,2008,3.1,Aiko Kapoor,5758865.66
5389,Golden City,Sci-Fi,Telugu,1994,2.4,Hana Nolan,6540611.05
5390,Dark Island,Action,Tamil,1993,6.8,Priya Nolan,3124902.22
5391,Lost Voyage,Adventure,Spanish,1980,7.6,Anjali Kim,26501162.87
5392,Endless Storm,Horror,English,2025,4.8,Raj Rossi,15665509.87
5393,Sacred Dream,Documentary,Hindi,2012,6.9,Luis Sharma,18933081.45
5394,Hidden Voyage,Documentary,German,1996,3.8,Aiko Wong,140088053.6
5395,Distant Kingdom,Comedy,Spanish,1996,2.8,Sanjay Kim,19888917.54
5396,Sacred Horizon,Thriller,Tamil,1995,6.2,James Muller,13202712.19
5397,Rising Kingdom,Horror,Hindi,2025,3.1,Wei Chen,197524300.8
5398,Dark Garden,Documentary,Hindi,1990,8.9,Raj Patel,10602782.99
5399,Dark River,Documentary,Mandarin,1984,2.5,Maria Nolan,7702792.24
5400,Distant Garden,Animation,Spanish,1981,4.8,Elena Anderson,14165445.12
5401,Last Shadows,Thriller,Hindi,1986,8.6,Hana Chen,13658681.67
5402,Rising Symphony,Sci-Fi,Telugu,1993,3.8,Sofia Sharma,17669554.32
5403,Forgotten Voyage,Crime,Hindi,2019,4,Aiko Kapoor,19744145.85
5404,Lost Truth,Thriller,English,2015,7.7,Hana Iyer,9943070.22
5405,Last Island,Adventure,Hindi,2000,6.9,James Fernandes,4607106.88
5406,Last City,Horror,Japanese,1980,3.4,Sanjay Wong,17170969.06
5407,Silent Heart,Drama,Korean,2019,5.2,Carlos Patel,149717833.4
5408,Distant Truth,Comedy,Korean,1998,6.7,Hana Nolan,3082332.74
5409,Midnight Kingdom,Horror,Japanese,1991,2.4,Sanjay Garcia,2583416060
5410,Golden City,Comedy,Hindi,2002,7.9,Carlos Costa,12687717.09
5411,Hidden Journey,Fantasy,Spanish,1993,7,Hana Wong,3618505.79
5412,Frozen City,Drama,Hindi,1999,8.9,Wei Chen,13422953.24
5413,Shattered Island,Romance,English,1984,6.9,Wei Kim,14230990.67
5414,Sacred Island,Drama,English,1997,6.4,Sofia Wong,4744295.65
5415,Dark Echo,Drama,English,2016,6.3,Anjali Watanabe,3144785.3
5416,Hidden Dream,Horror,Hindi,2019,6.7,Chris Watanabe,70913292.69
5417,Broken Legacy,Thriller,English,2026,7.5,Luis Sharma,61013475.42
5418,Midnight River,Sci-Fi,German,1991,6,Aiko Kumar,33038777.55
5419,Rising Echo,Documentary,English,1983,8.4,Sanjay Rossi,15439244.43
5420,Eternal City,Thriller,German,1984,7.4,James Nolan,16303449.88
5421,Midnight Symphony,Documentary,French,1993,3.7,James Garcia,135984104.4
5422,Lost Empire,Comedy,French,2010,6.1,Luis Kim,4120966.85
5423,Secret Horizon,Comedy,English,2002,2.8,Michael Sharma,1029019.19
5424,Golden Flame,Adventure,Spanish,2001,6.6,Arjun Chen,13887138.38
5425,Shattered Garden,Romance,English,2015,2.9,Wei Lee,177240916
5426,Crimson Horizon,Thriller,French,2011,7.3,Emma Kim,14331984.34
5427,Dark Horizon,Adventure,Korean,1988,3.8,Arjun Patel,6772040.27
5428,Last Horizon,Romance,Hindi,1988,5.8,Wei Anderson,18277823.03
5429,Golden Storm,Crime,Portuguese,2013,3.3,Sanjay Anderson,18470857.55
5430,Hidden Legacy,Comedy,Mandarin,1982,6.1,James Chen,4692421.24
5431,Crimson Flame,Romance,English,2006,9.2,Sofia Iyer,6743908.52
5432,Distant Journey,Crime,English,2012,8.4,Sofia Kapoor,8778632.42
5433,Distant Empire,Fantasy,Spanish,2026,2.5,Chris Watanabe,1256321.77
5434,Crimson Empire,Fantasy,Hindi,1982,9.5,Raj Watanabe,95105.83
5435,Frozen Echo,Sci-Fi,Hindi,2009,4.5,Nina Garcia,11875421.3
5436,Silent Legacy,Documentary,English,1985,6.9,Sofia Lee,17978553.35
5437,Forgotten War,Thriller,Portuguese,1993,6.7,David Fernandes,11262715.47
5438,Distant War,Romance,English,2020,6.6,Elena Muller,171429424.2
5439,Silent Kingdom,Crime,Tamil,1983,3.9,Carlos Chen,3333500.43
5440,Broken Shadows,Horror,Japanese,2007,3.4,Chris Nolan,1990707975
5441,Hidden Path,Horror,English,1988,4.4,Raj Lee,52782512.78
5442,Dark Heart,Crime,Japanese,2002,7.6,Maria Kumar,17076156.28
5443,Rising Heart,Sci-Fi,Hindi,2007,7.8,Elena Chen,77432526.42
5444,Eternal Storm,Documentary,Korean,1996,5.4,Aiko Kumar,13919410.62
5445,Burning Kingdom,Documentary,English,2008,5.1,Chris Sharma,4387448.51
5446,Forgotten Voyage,Drama,Hindi,2020,2.7,Raj Nolan,11997136.15
5447,Eternal Voyage,Crime,English,1994,5.3,James Lee,4817212.91
5448,Dark Heart,Drama,French,2009,8.4,Luis Lee,15515227.39
5449,Sacred Shadows,Documentary,Tamil,2008,2.9,Carlos Watanabe,9622489.34
5450,Forgotten Journey,Animation,Telugu,2002,3.2,Chris Rossi,5088497.37
5451,Secret Heart,Sci-Fi,Spanish,2010,7.9,David Patel,6243488.32
5452,Eternal Path,Comedy,Hindi,2004,4.9,Yuki Kapoor,10258829.03
5453,Golden Kingdom,Animation,English,2004,8.2,Luis Garcia,18892891.11
5454,Dark Voyage,Adventure,French,1994,5.5,Wei Reddy,8308275.39
5455,Eternal Flame,Romance,Spanish,2013,4.4,Elena Reddy,106433716
5456,Distant War,Animation,Japanese,2012,7,Chris Costa,15782302.71
5457,Frozen City,Comedy,English,1981,5.5,Elena Lee,14141574.91
5458,Last Legacy,Comedy,Hindi,2025,5.7,Priya Garcia,8849394.68
5459,Wild Storm,Romance,Hindi,2013,4.5,Carlos Wong,11796550.85
5460,Hidden War,Fantasy,Tamil,2008,4.1,Yuki Iyer,11595554.82
5461,Secret Garden,Thriller,English,2023,3.8,Raj Muller,85930492.02
5462,Dark Storm,Documentary,Hindi,2008,6.9,Raj Patel,14281050.23
5463,Broken Empire,Horror,Hindi,2025,4.2,Wei Anderson,2694553314
5464,Forgotten Truth,Action,Korean,2022,2.6,Emma Smith,14691554.74
5465,Midnight Storm,Comedy,English,2010,7.8,Sanjay Fernandes,13516003.67
5466,Secret Voyage,Romance,Spanish,1983,4.3,Arjun Chen,11881773.01
5467,Endless Garden,Adventure,English,2026,4.7,Wei Wong,17753489.55
5468,Burning Flame,Comedy,English,1991,3.2,Sanjay Costa,8439366.72
5469,Endless Symphony,Thriller,Spanish,2018,5.3,Priya Lee,1120335745
5470,Midnight Journey,Action,Hindi,2007,5.9,Chris Fernandes,10916360.97
5471,Last City,Documentary,Hindi,2024,6.6,Elena Muller,8699382.06
5472,Golden Shadows,Adventure,Telugu,2018,5.7,Nina Lee,19582378.89
5473,Shattered River,Documentary,Italian,2003,4.7,Michael Chen,36776752.22
5474,Endless Kingdom,Fantasy,English,2016,7.9,Sanjay Kumar,12871868.28
5475,Endless War,Crime,Hindi,2000,8,Yuki Patel,509708.65
5476,Dark Echo,Romance,Italian,2008,3.4,Raj Wong,12767249.52
5477,Rising Voyage,Comedy,English,1984,2.7,Aiko Kim,10172367.63
5478,Distant Garden,Crime,Spanish,1986,6.3,Priya Patel,41582934.12
5479,Golden Flame,Documentary,Tamil,1997,3.4,Hana Chen,157896433.1
5480,Dark Dream,Fantasy,English,2010,6.8,Carlos Wong,397114.07
5481,Last River,Adventure,Hindi,2012,7.9,Carlos Wong,1087410.92
5482,Wild Echo,Drama,German,1987,5.1,Hana Iyer,10913877.21
5483,Rising Journey,Romance,Hindi,2018,5.2,Arjun Silva,117153117.8
5484,Rising Flame,Romance,English,2007,7.9,Luis Kumar,8515962.88
5485,Secret Voyage,Horror,Hindi,1998,9.1,Carlos Sharma,8887968.7
5486,Crimson War,Sci-Fi,Spanish,1987,7.2,Aiko Anderson,13890673.32
5487,Burning Storm,Sci-Fi,Spanish,1994,9.4,Sofia Fernandes,1771398768
5488,Golden Echo,Romance,Hindi,2010,7.4,Sanjay Rossi,3469350.54
5489,Frozen Legacy,Fantasy,Hindi,2019,8.8,James Sharma,1665105.41
5490,Frozen Echo,Action,Tamil,2008,8.1,Anjali Sharma,17850261.96
5491,Broken Echo,Documentary,Hindi,2010,6.5,Luis Kumar,139245.39
5492,Wild Garden,Documentary,English,2008,5,Hana Kim,4495694.83
5493,Silent Symphony,Fantasy,Korean,2022,2.9,Priya Iyer,8082163.43
5494,Distant Island,Crime,German,1993,5.1,Anjali Muller,13197343.74
5495,Silent Journey,Drama,Mandarin,2011,7.2,Nina Muller,7957978.68
5496,Broken Kingdom,Action,English,1990,3.6,Yuki Muller,1144141.64
5497,Silent War,Drama,English,1993,4.3,Luis Fernandes,5240682.91
5498,Last Heart,Adventure,Telugu,1995,9.4,David Costa,514936.82
5499,Distant Horizon,Sci-Fi,Hindi,2007,3.5,Sanjay Chen,7344249.82
5500,Crimson River,Action,Tamil,2024,7.8,Nina Costa,6502613.53
5501,Shattered Legacy,Drama,German,2018,6.4,David Kapoor,6223640.26
5502,Last Storm,Action,French,2026,3.5,Sofia Kapoor,19713849.5
5503,Lost Dream,Fantasy,English,2025,3.3,Aiko Garcia,9552408.04
5504,Dark Heart,Fantasy,French,2017,2.9,David Fernandes,1372075.52
5505,Sacred Path,Documentary,Hindi,2015,7.1,Sofia Watanabe,7295853.35
5506,Sacred Kingdom,Documentary,English,2026,6.8,Maria Kapoor,14817531.11
5507,Secret Path,Sci-Fi,Japanese,2022,8.6,James Silva,6371916.47
5508,Distant Echo,Action,Tamil,1998,8.4,Emma Chen,154836387.2
5509,Forgotten Horizon,Horror,English,2021,4.3,Elena Rossi,17934299.21
5510,Silent Truth,Documentary,Italian,2024,7.3,Wei Rossi,165435211.4
5511,Last Path,Documentary,English,1985,4.9,Yuki Iyer,223146.52
5512,Secret Dream,Romance,Spanish,1999,3.3,Priya Garcia,8910486.05
5513,Burning Truth,Animation,English,2002,7,Carlos Muller,86314173.13
5514,Crimson Heart,Drama,English,2000,8.5,Anjali Kim,3627446.94
5515,Sacred Empire,Adventure,English,2014,4.2,Luis Wong,15118939.19
5516,Dark Symphony,Comedy,English,2023,2,Hana Silva,15674564.54
5517,Sacred Symphony,Adventure,Spanish,2006,6.5,Elena Kumar,8356601.19
5518,Eternal Island,Fantasy,English,2014,3,Elena Sharma,15621983.85
5519,Burning Dream,Horror,English,1993,5.3,Sanjay Muller,2863167.21
5520,Endless Storm,Comedy,Korean,2021,8.9,Emma Kapoor,55270015.62
5521,Broken Storm,Drama,Spanish,1989,6.6,Michael Anderson,17662471
5522,Dark Flame,Sci-Fi,English,1983,4.3,Wei Anderson,2229672365
5523,Silent Dream,Drama,Japanese,2026,2.2,Maria Wong,8280300.86
5524,Eternal City,Romance,Spanish,2021,8.7,Aiko Sharma,10494172.49
5525,Frozen Horizon,Sci-Fi,Tamil,2006,6.1,Carlos Silva,14405480.85
5526,Dark Truth,Crime,Mandarin,1981,2.1,James Watanabe,2055635.15
5527,Dark Symphony,Romance,English,2018,2.7,Arjun Muller,4562366.95
5528,Golden Journey,Horror,Telugu,1993,9.1,Chris Rossi,4132196.43
5529,Wild Heart,Documentary,English,1985,9.3,Carlos Rossi,15259353.29
5530,Frozen Dream,Comedy,Korean,2011,2.8,Michael Lee,10608927.76
5531,Last Horizon,Animation,Portuguese,2009,2,Luis Nolan,6978475.44
5532,Broken Kingdom,Adventure,English,1985,6.1,Sanjay Patel,1489750421
5533,Broken Island,Fantasy,English,2022,7.7,David Muller,9820007.31
5534,Crimson Empire,Comedy,Tamil,2010,9.2,Aiko Fernandes,13007817.72
5535,Secret Shadows,Sci-Fi,Telugu,2017,7,Chris Watanabe,12363707.04
5536,Eternal City,Horror,Spanish,1983,3.8,Sanjay Nolan,11238739.33
5537,Shattered Kingdom,Comedy,English,1994,4.9,Hana Anderson,6670778.58
5538,Secret Journey,Action,Korean,1995,2.8,Chris Costa,10245735.8
5539,Dark Kingdom,Animation,English,2017,5.8,Luis Kapoor,17589568.14
5540,Endless Empire,Sci-Fi,Tamil,2018,4.5,Luis Nolan,8504192.61
5541,Distant River,Adventure,English,1985,3.6,David Silva,9767156.95
5542,Sacred Path,Sci-Fi,Japanese,2023,8.2,Emma Chen,172527.28
5543,Secret Empire,Animation,English,2012,7.1,Priya Iyer,10359598.5
5544,Lost Heart,Fantasy,Hindi,2021,3.1,David Muller,6318598.4
5545,Hidden Journey,Action,Japanese,1993,3.8,Maria Nolan,5589908.31
5546,Dark Shadows,Comedy,French,1982,6.4,Chris Anderson,11903333.18
5547,Last River,Documentary,German,2010,8.9,James Garcia,16314393.45
5548,Midnight Flame,Comedy,Telugu,1982,7.1,Michael Rossi,3923682.21
5549,Distant Horizon,Fantasy,Japanese,2017,6,Elena Fernandes,18564466.87
5550,Golden River,Sci-Fi,Hindi,1983,2.6,Yuki Iyer,1370010.82
5551,Crimson Symphony,Comedy,Mandarin,2016,4.8,Anjali Reddy,16906883.5
5552,Golden Path,Documentary,French,1980,8.4,Hana Fernandes,17346304.58
5553,Lost Echo,Action,Japanese,1998,8.1,James Anderson,17610613.83
5554,Lost Legacy,Romance,English,1982,2.2,Maria Lee,10483488.48
5555,Last Dream,Adventure,Japanese,2018,2.3,Emma Rossi,6031261.52
5556,Wild Path,Thriller,Hindi,1999,6.2,Luis Rossi,14858067.48
5557,Frozen Dream,Romance,German,2000,4,David Reddy,5962060.3
5558,Shattered Empire,Horror,English,2025,2,Michael Rossi,446707.48
5559,Distant Path,Horror,Spanish,1992,4,Chris Anderson,5261660.85
5560,Sacred Legacy,Romance,Hindi,2000,7.3,Carlos Kumar,13329754.76
5561,Endless Truth,Crime,Tamil,2021,6.7,Aiko Patel,2784012.59
5562,Silent Empire,Drama,English,2004,7.7,Chris Muller,4694710.97
5563,Midnight Truth,Animation,Japanese,1981,2.7,Elena Chen,18626398.21
5564,Sacred Legacy,Thriller,Hindi,1986,7.4,Sanjay Reddy,2809035.26
5565,Silent Path,Documentary,Italian,2004,4.4,Nina Watanabe,2068211.1
5566,Endless Garden,Action,English,2020,7.7,Wei Fernandes,11564880.61
5567,Rising Island,Thriller,Hindi,1985,9.4,Aiko Smith,2465928592
5568,Frozen Horizon,Sci-Fi,German,2022,5.7,Sofia Fernandes,14836876.34
5569,Dark Island,Documentary,Spanish,2007,3.1,Anjali Smith,13967908.71
5570,Midnight Journey,Fantasy,Japanese,2025,6.7,Nina Kapoor,83937004.92
5571,Last Symphony,Drama,English,1985,6.7,Nina Nolan,8554567.22
5572,Golden War,Action,Hindi,2026,5.7,Anjali Reddy,1980785.18
5573,Forgotten Symphony,Adventure,Mandarin,2000,3.6,Emma Nolan,167419.75
5574,Forgotten Flame,Sci-Fi,Japanese,1991,5.5,Carlos Chen,10109081.66
5575,Silent Dream,Sci-Fi,English,1987,3,Priya Costa,11861736.93
5576,Crimson Legacy,Horror,English,2012,7.1,Wei Patel,18700969.53
5577,Silent Island,Animation,Spanish,1997,9.4,Arjun Muller,19799243.26
5578,Broken Legacy,Drama,Japanese,2016,7.7,Arjun Garcia,60470773.75
5579,Dark Path,Animation,English,2000,2.4,Sanjay Muller,4209504.76
5580,Silent Kingdom,Documentary,English,2015,2.4,Arjun Chen,95635660.07
5581,Hidden Voyage,Animation,English,1985,4.9,Chris Kapoor,12024075.08
5582,Crimson Horizon,Crime,English,1991,5.9,Sofia Fernandes,13746517.51
5583,Crimson Kingdom,Crime,Japanese,2011,6.5,Anjali Iyer,4657205.58
5584,Rising Flame,Horror,French,1990,3.7,Raj Patel,13245887.95
5585,Sacred River,Drama,English,2022,8.2,Wei Garcia,13254195.74
5586,Broken War,Fantasy,Spanish,2008,8,Elena Wong,1537942.92
5587,Lost War,Comedy,German,2025,6.7,Emma Garcia,6163830.73
5588,Sacred Island,Horror,Hindi,1988,2.1,Priya Chen,10611768.15
5589,Frozen Truth,Thriller,Hindi,2010,3.6,Luis Kim,19006095.4
5590,Crimson Kingdom,Fantasy,Korean,2000,7.5,Michael Sharma,18123635.5
5591,Endless Echo,Sci-Fi,Hindi,2002,9.5,Raj Chen,5579238.73
5592,Broken Voyage,Documentary,Hindi,1997,4.6,Maria Anderson,193470558.5
5593,Secret Echo,Thriller,Mandarin,2024,7,Nina Costa,10452290.23
5594,Crimson Symphony,Crime,English,1984,4.8,Arjun Kim,8339613.34
5595,Last War,Drama,Hindi,1997,7,Arjun Kumar,14227171.56
5596,Burning Voyage,Horror,Spanish,2003,6.9,Yuki Watanabe,643157.53
5597,Forgotten Symphony,Fantasy,English,2010,3.4,James Garcia,12219512.4
5598,Silent War,Thriller,English,1998,4.9,Aiko Garcia,15535585.58
5599,Broken Truth,Horror,Spanish,1998,2.3,Carlos Smith,12557034.62
5600,Silent Shadows,Romance,English,2026,9.2,Anjali Costa,17494649.74
5601,Broken Dream,Romance,French,2015,4.3,Aiko Chen,16039311.56
5602,Wild Legacy,Romance,Tamil,1996,2.2,Elena Silva,8662776.33
5603,Crimson Voyage,Fantasy,Hindi,2012,6.5,Priya Patel,10395040.38
5604,Last Voyage,Sci-Fi,Spanish,1999,8.8,Elena Nolan,16510508.84
5605,Broken War,Fantasy,Tamil,1984,4.6,Luis Nolan,15826498
5606,Midnight Symphony,Action,Hindi,1987,4.4,Carlos Iyer,3867507.71
5607,Lost Symphony,Thriller,English,1985,5.6,Hana Muller,3005716.04
5608,Wild Symphony,Fantasy,English,2014,3.3,Wei Muller,18620906.18
5609,Frozen War,Crime,Mandarin,2006,7.5,Maria Silva,1070793952
5610,Rising Truth,Animation,Spanish,2019,5.3,Maria Rossi,15267830.65
5611,Frozen Truth,Romance,English,1983,5.3,Nina Wong,22457089.3
5612,Frozen Journey,Documentary,Portuguese,1988,9.3,Yuki Muller,10611188.63
5613,Midnight Flame,Adventure,English,2022,5.9,Emma Smith,15814862.94
5614,Frozen Truth,Fantasy,Hindi,1987,5.4,Anjali Sharma,6234457.37
5615,Forgotten Dream,Romance,Japanese,2005,3,James Patel,8181528.68
5616,Crimson Legacy,Crime,English,1992,2.9,Anjali Watanabe,22539259.56
5617,Hidden War,Romance,Spanish,1995,4,Carlos Silva,931712386.2
5618,Last Horizon,Drama,Spanish,1981,2.6,Michael Kumar,19643937.79
5619,Broken Shadows,Animation,Hindi,2014,3,Wei Reddy,64383052.2
5620,Distant Horizon,Sci-Fi,Hindi,2004,9.2,Hana Rossi,5694499.34
5621,Silent Legacy,Drama,English,1983,5,Anjali Kapoor,135281313.8
5622,Golden Legacy,Thriller,English,2015,2,Anjali Silva,18138456.12
5623,Dark City,Adventure,French,1988,4,Emma Iyer,16445609.27
5624,Sacred Heart,Horror,Spanish,1980,8.7,Chris Patel,13891895.97
5625,Shattered Island,Sci-Fi,English,1986,8.8,Nina Smith,15485111.99
5626,Broken City,Animation,English,1990,5.8,James Iyer,6484825.63
5627,Endless Flame,Action,Hindi,2009,5.6,Hana Anderson,3174149.73
5628,Endless Horizon,Adventure,Spanish,2015,9.3,Hana Rossi,5665398.68
5629,Dark Dream,Action,English,2000,3.7,Chris Kumar,8570046.55
5630,Crimson Dream,Horror,English,2001,4.7,Sanjay Garcia,264897.5
5631,Dark Journey,Romance,Hindi,2018,9,Nina Lee,1977871.19
5632,Golden Garden,Drama,English,2006,6.7,Hana Garcia,17306141.84
5633,Midnight Path,Crime,Mandarin,2002,5.5,James Reddy,5765037.84
5634,Midnight Shadows,Thriller,Spanish,1984,2.9,Yuki Garcia,17638490.69
5635,Eternal Heart,Documentary,English,2017,3.3,Raj Watanabe,103479110.8
5636,Shattered City,Drama,Hindi,1998,2.2,James Iyer,113944554.9
5637,Crimson City,Animation,Korean,2008,2.5,Priya Wong,7771278.5
5638,Eternal Empire,Thriller,English,1985,7.4,Nina Costa,9099166.58
5639,Rising Symphony,Horror,French,1981,8.5,Emma Watanabe,164522209.8
5640,Silent Journey,Crime,Japanese,2021,6.1,Raj Sharma,13532273.43
5641,Eternal Journey,Drama,Hindi,1980,8.3,Emma Reddy,9691620.1
5642,Last Legacy,Thriller,Japanese,1999,6,Sofia Reddy,10526117.12
5643,Rising Legacy,Drama,English,1986,4.5,Sanjay Garcia,3305797.58
5644,Dark Journey,Crime,Spanish,2015,7.6,Nina Sharma,9470231.46
5645,Lost City,Drama,French,2007,5.7,Maria Anderson,104338352.2
5646,Endless Heart,Sci-Fi,Hindi,2024,2.8,Luis Anderson,2416801.25
5647,Burning War,Sci-Fi,Mandarin,1983,9.1,David Patel,20837107.8
5648,Dark Island,Romance,Hindi,1999,5.9,Sanjay Iyer,17049151.92
5649,Lost Echo,Action,English,1981,5.4,Maria Chen,9991585.07
5650,Shattered Horizon,Documentary,English,2011,3.5,Sofia Kapoor,10595371.2
5651,Dark Legacy,Horror,English,1993,3.7,Carlos Costa,14022174.59
5652,Crimson City,Drama,Telugu,2000,3.4,Hana Smith,10454204.37
5653,Dark Truth,Action,Hindi,1994,5.5,Carlos Costa,400947.04
5654,Midnight Shadows,Fantasy,English,2017,3.1,Chris Garcia,1830164.14
5655,Crimson Path,Documentary,English,2004,3.1,Nina Reddy,1005916.77
5656,Burning Kingdom,Thriller,English,2002,5.2,Emma Reddy,414540622.1
5657,Wild City,Animation,German,1993,5.5,Priya Wong,7120700.85
5658,Broken Path,Comedy,French,2006,9.1,Chris Reddy,6812827.05
5659,Lost Heart,Crime,German,2015,2.7,Raj Silva,11851220.49
5660,Eternal Garden,Documentary,Hindi,2004,3.8,Nina Kapoor,5614370.99
5661,Rising Kingdom,Crime,English,2020,3.3,Sofia Smith,7326436.11
5662,Crimson Empire,Thriller,English,2006,5.8,Emma Kumar,105294275.6
5663,Hidden Kingdom,Comedy,Tamil,1993,8.6,Maria Lee,14097197.68
5664,Broken Voyage,Animation,English,1981,3.1,Chris Garcia,99774273.77
5665,Rising Voyage,Romance,English,1997,3.3,David Reddy,10553534.06
5666,Forgotten Flame,Horror,English,2002,9,Nina Lee,13388102.83
5667,Broken Voyage,Animation,German,2021,7.1,James Iyer,186040480.3
5668,Rising River,Sci-Fi,German,2016,6,Luis Lee,209866319.4
5669,Crimson Path,Animation,Spanish,1998,9.1,Arjun Iyer,118928759.9
5670,Dark Empire,Documentary,Portuguese,2025,4.6,Elena Watanabe,14817571.11
5671,Golden War,Action,French,1997,3.3,Raj Silva,4870907.67
5672,Secret Kingdom,Crime,German,2023,6.7,Michael Reddy,17738021.42
5673,Eternal Echo,Thriller,Hindi,2023,6.7,Carlos Kim,9771509.65
5674,Endless Echo,Adventure,French,1990,4.3,David Patel,121173968
5675,Last Storm,Animation,French,2007,9.3,Chris Lee,8584576.85
5676,Burning Shadows,Crime,Italian,1992,3.8,Priya Silva,92379065.93
5677,Midnight Path,Thriller,English,2004,2.1,Yuki Costa,4640083.23
5678,Burning Path,Action,Japanese,1997,4,Nina Patel,13010210.4
5679,Endless Path,Sci-Fi,Korean,2025,7.1,Luis Rossi,3500901.42
5680,Last Island,Comedy,Tamil,1996,4.6,Michael Smith,12708957.7
5681,Lost Echo,Animation,Japanese,1988,2.3,Arjun Smith,84307798.74
5682,Secret Storm,Documentary,Spanish,1989,6.6,Anjali Kim,7060125.86
5683,Frozen Truth,Thriller,English,2026,2.7,Aiko Kapoor,13205724.17
5684,Wild Horizon,Animation,English,1998,3.3,James Silva,102606702.9
5685,Sacred Empire,Fantasy,Portuguese,2018,2.2,Luis Garcia,96688311
5686,Rising Legacy,Crime,Spanish,1998,7.7,Wei Smith,4720204.06
5687,Last City,Crime,French,1986,7.3,Nina Lee,63928687.8
5688,Silent Empire,Romance,Hindi,2012,4.4,Luis Fernandes,12707310.7
5689,Secret Heart,Action,Tamil,2017,5.6,Carlos Nolan,14956891.59
5690,Endless Shadows,Documentary,English,2016,4.8,Sofia Rossi,9776380.21
5691,Golden Journey,Fantasy,Mandarin,1999,8.4,Nina Watanabe,10429937.13
5692,Shattered Echo,Sci-Fi,Japanese,2026,6.2,Arjun Patel,16027849.26
5693,Broken Path,Animation,English,2015,9.1,Sofia Costa,170307730.5
5694,Shattered Legacy,Crime,English,1990,5.5,Elena Sharma,6211571.64
5695,Midnight War,Comedy,Hindi,1998,7.2,David Costa,14249203.84
5696,Forgotten Voyage,Action,English,2009,2.8,Hana Garcia,17505528.39
5697,Rising City,Horror,English,2001,7.7,Sanjay Sharma,6042110.77
5698,Dark War,Thriller,Japanese,2009,4.6,Sanjay Costa,5259466.47
5699,Frozen Path,Romance,Spanish,2008,3.7,Maria Kapoor,16928390.93
5700,Last City,Horror,English,1981,3.9,Priya Smith,6281087.18
5701,Shattered River,Fantasy,Hindi,1983,8.3,Anjali Fernandes,3611281.24
5702,Wild Flame,Comedy,German,2000,8.5,Luis Chen,17894326.45
5703,Eternal Horizon,Adventure,Hindi,2011,3.3,David Fernandes,3404779.37
5704,Endless Legacy,Comedy,English,2021,2.4,Anjali Sharma,18014191.82
5705,Hidden City,Comedy,English,2024,5.1,Aiko Lee,7037755.95
5706,Frozen Shadows,Comedy,English,2014,3.6,Carlos Muller,6263490.69
5707,Lost Symphony,Sci-Fi,English,2019,2.9,Michael Wong,17811963.74
5708,Shattered River,Comedy,English,1983,8.9,Chris Fernandes,12185147.04
5709,Eternal Storm,Adventure,German,2002,2.6,Anjali Patel,3641144.54
5710,Shattered Garden,Sci-Fi,Hindi,2009,5.5,Hana Sharma,1687737.8
5711,Broken Storm,Comedy,Hindi,2001,6,Priya Reddy,369443328.8
5712,Burning Path,Drama,Mandarin,2011,3.9,Elena Nolan,11513684.49
5713,Sacred City,Horror,Portuguese,2000,8.4,Hana Garcia,82817463.88
5714,Burning Garden,Crime,German,1996,4.8,Chris Wong,174730546.6
5715,Midnight Flame,Romance,English,1980,3.3,Priya Costa,18505662.71
5716,Frozen Journey,Horror,Spanish,1986,6.4,Luis Chen,16429923.26
5717,Sacred Dream,Documentary,Japanese,2000,6.2,Wei Silva,5928191.38
5718,Dark Storm,Action,English,2024,4.4,Chris Anderson,4106891.08
5719,Dark Legacy,Horror,Korean,1984,8.8,Wei Kapoor,16889135.31
5720,Golden Kingdom,Horror,Hindi,1994,2.1,Nina Rossi,13083866.91
5721,Golden War,Animation,Tamil,1994,3,Arjun Kim,8671572.6
5722,Hidden Empire,Sci-Fi,Korean,1982,5.9,Hana Nolan,15044645.83
5723,Broken River,Drama,English,2008,7.8,Wei Reddy,1884935.43
5724,Last City,Horror,Mandarin,2010,9.4,Carlos Fernandes,129497808.3
5725,Silent Shadows,Comedy,English,1988,2.7,Hana Muller,19412663.16
5726,Distant Storm,Adventure,English,1994,9.3,Maria Silva,8873033.58
5727,Frozen Kingdom,Comedy,English,1991,6.9,Luis Wong,11066832.07
5728,Secret Legacy,Thriller,French,1990,5.1,Aiko Garcia,4201566.68
5729,Wild Path,Comedy,German,1988,8.7,Sofia Garcia,13043369.05
5730,Distant Dream,Action,Italian,1980,3.7,David Sharma,12189244.23
5731,Sacred Horizon,Horror,German,2012,3.5,Raj Silva,11699887.72
5732,Silent Garden,Comedy,Tamil,2002,2.5,Raj Chen,19627063.93
5733,Crimson Dream,Romance,French,1983,4.4,Chris Kim,8101353.79
5734,Broken Dream,Sci-Fi,Japanese,2004,4.6,Aiko Rossi,7544664.33
5735,Last Empire,Crime,English,2018,8.2,Michael Garcia,2196853235
5736,Dark Dream,Adventure,English,2020,8.7,Wei Smith,13995567.59
5737,Dark Flame,Drama,French,2021,4.2,Wei Silva,16321786.58
5738,Hidden Echo,Thriller,Japanese,1991,3.8,Raj Iyer,4697614.03
5739,Burning Truth,Crime,English,2013,7.4,Maria Rossi,17271945.34
5740,Crimson River,Sci-Fi,Korean,1986,8.6,Raj Lee,9974958.58
5741,Eternal Flame,Action,English,2019,4,Emma Rossi,4185606.88
5742,Wild Flame,Adventure,English,1986,5.1,Maria Garcia,12473554.28
5743,Wild Empire,Animation,English,2006,8.5,Emma Chen,15924939.88
5744,Burning Dream,Adventure,Italian,2013,4.7,Raj Sharma,114958714.4
5745,Crimson Garden,Comedy,English,2019,8.5,Nina Garcia,1729953664
5746,Shattered Journey,Romance,Hindi,2019,9.3,Sanjay Nolan,13339391.36
5747,Hidden City,Comedy,Telugu,2000,7.3,Yuki Rossi,1737609.56
5748,Last Empire,Drama,Hindi,1983,8.6,Hana Kapoor,7540173.52
5749,Silent City,Comedy,English,1986,9.2,Priya Smith,13639430.91
5750,Secret Legacy,Sci-Fi,French,1996,2.6,Sanjay Patel,8069026.78
5751,Last Legacy,Thriller,Spanish,2009,5,Arjun Costa,6244144.23
5752,Sacred Kingdom,Sci-Fi,English,1982,7,Raj Rossi,8009235.92
5753,Midnight Flame,Horror,Portuguese,2011,6.4,Carlos Garcia,16199760.01
5754,Rising Shadows,Crime,English,2009,5.4,Wei Iyer,180279076.4
5755,Last Kingdom,Romance,German,1982,8.4,Sanjay Kumar,1757340.31
5756,Burning Shadows,Crime,Portuguese,2000,3.7,Aiko Anderson,146922547.9
5757,Dark Flame,Romance,Hindi,2021,4.1,Yuki Muller,19312201.85
5758,Eternal Echo,Comedy,Italian,1998,3.7,Aiko Smith,1064025.59
5759,Secret Symphony,Fantasy,Portuguese,2020,2.3,Chris Sharma,15908158.43
5760,Sacred River,Adventure,Hindi,1986,9,Sanjay Iyer,18309664.34
5761,Wild Legacy,Drama,Tamil,2021,9.4,Priya Garcia,11663290.53
5762,Rising War,Animation,English,1991,5.5,Hana Kapoor,12910947.42
5763,Golden Shadows,Action,Portuguese,1999,9.4,Aiko Kumar,5437224.28
5764,Eternal Voyage,Animation,Korean,2001,6.4,Maria Fernandes,19515986.62
5765,Last War,Fantasy,Portuguese,1999,5.8,James Costa,11654039.47
5766,Burning Journey,Documentary,Spanish,1982,2,Emma Chen,17997784.44
5767,Eternal City,Animation,Hindi,2009,4.4,David Wong,19222113.65
5768,Shattered Kingdom,Documentary,Mandarin,2021,6.6,Elena Muller,4434297.11
5769,Frozen Echo,Crime,English,2003,6.8,Sofia Muller,19869299.82
5770,Lost Kingdom,Action,Telugu,2008,4.8,Sofia Anderson,5523308.92
5771,Eternal Voyage,Action,Spanish,2008,9,Arjun Smith,13481226.97
5772,Rising Island,Comedy,Hindi,1983,4.5,Aiko Kapoor,3330221.25
5773,Midnight Symphony,Horror,Italian,1994,2.8,Priya Kumar,13081739.65
5774,Silent Legacy,Animation,Korean,1984,6.7,Maria Rossi,15292175.61
5775,Silent Heart,Fantasy,German,2001,9.2,Arjun Kim,10809107.03
5776,Endless Garden,Thriller,Telugu,2023,5.4,Anjali Chen,173419942.1
5777,Broken Garden,Sci-Fi,Hindi,2024,6.1,Nina Chen,17273394.66
5778,Wild War,Adventure,Tamil,2021,2.7,Luis Nolan,485030.03
5779,Rising War,Crime,Tamil,2013,9,Arjun Lee,6685907.46
5780,Frozen Dream,Adventure,Italian,1994,7.6,Yuki Fernandes,2086455.53
5781,Secret City,Action,Tamil,1995,5.3,Wei Anderson,2713694.67
5782,Endless Legacy,Sci-Fi,Japanese,2011,8.6,Yuki Reddy,143589037.8
5783,Silent City,Comedy,English,1981,8.2,Sanjay Sharma,16281199.96
5784,Burning Echo,Thriller,Telugu,2006,5.7,Wei Silva,2152936.56
5785,Shattered Garden,Animation,German,1981,9.2,Chris Sharma,8426246.08
5786,Frozen Island,Sci-Fi,Spanish,2015,7.5,Michael Reddy,2957465.94
5787,Eternal Garden,Documentary,English,1984,3.6,Hana Sharma,13230186.4
5788,Broken Heart,Drama,Hindi,2000,4.3,Chris Wong,16861380.75
5789,Midnight Echo,Drama,Hindi,2017,5.2,Luis Watanabe,1807131.3
5790,Lost Kingdom,Animation,English,2012,5,Sanjay Reddy,102528827
5791,Last Empire,Horror,English,1981,7,Arjun Nolan,2200447.53
5792,Last Path,Fantasy,English,1998,6.5,Chris Silva,9877701.44
5793,Eternal Kingdom,Romance,Hindi,2020,8.3,Yuki Chen,1101806.15
5794,Crimson Horizon,Thriller,French,1980,2.8,Emma Muller,2626655.24
5795,Golden River,Comedy,English,2021,6.1,Elena Garcia,9644449.87
5796,Forgotten River,Comedy,Japanese,1984,4.8,Maria Kapoor,6639518.46
5797,Hidden Kingdom,Drama,English,2002,6.2,James Kim,112988031.5
5798,Rising Dream,Drama,Hindi,2019,8,Sanjay Wong,4910732.73
5799,Hidden Shadows,Action,English,1990,7.1,Hana Kumar,432997.82
5800,Secret Voyage,Fantasy,Portuguese,1985,5.8,Sofia Reddy,2182525.56
5801,Forgotten Garden,Sci-Fi,Hindi,1982,8.6,Chris Kumar,102160587.3
5802,Burning Echo,Animation,Hindi,2000,4.5,Raj Smith,155569198.6
5803,Frozen River,Thriller,Telugu,1983,2.7,Luis Patel,10457683.24
5804,Eternal Legacy,Drama,English,2008,7.2,Sofia Kapoor,16561816.89
5805,Last Garden,Romance,German,1987,7.8,Aiko Wong,9720701.22
5806,Broken Horizon,Action,Korean,1985,2,Aiko Costa,15751653.93
5807,Dark Island,Fantasy,English,1999,9,Priya Lee,19522728.32
5808,Rising Garden,Action,French,1982,3.9,Priya Chen,6432487.22
5809,Wild Truth,Adventure,Korean,1999,9,Maria Reddy,2280574.48
5810,Endless Shadows,Thriller,French,2014,6.1,Carlos Watanabe,3405449.79
5811,Secret Legacy,Documentary,Hindi,2013,2.5,Sofia Fernandes,15060443.15
5812,Broken Garden,Documentary,English,2008,7.9,David Fernandes,1523590.49
5813,Hidden Echo,Fantasy,English,2013,5.2,Anjali Kapoor,134760205.9
5814,Sacred Dream,Romance,Italian,2026,4,Yuki Lee,6483153.76
5815,Silent Kingdom,Horror,Mandarin,1987,2.4,Yuki Kumar,5074095.85
5816,Distant Flame,Action,Japanese,1992,4.4,Wei Muller,1352592.36
5817,Dark War,Adventure,Mandarin,2005,3.7,Maria Lee,7875646.03
5818,Broken Echo,Sci-Fi,Japanese,1980,2.2,Arjun Costa,19625805.22
5819,Forgotten Path,Horror,Portuguese,2007,5.2,Raj Nolan,126654542.3
5820,Forgotten Garden,Thriller,English,2005,3.5,Maria Lee,39128547.57
5821,Midnight Path,Adventure,English,2002,3.3,Emma Wong,12151691.43
5822,Frozen Echo,Thriller,English,2024,2.9,Sanjay Muller,19546235.64
5823,Shattered Empire,Thriller,Spanish,1997,3.8,Nina Smith,18635424.22
5824,Dark Truth,Romance,Italian,1996,9.2,Chris Rossi,6496981.19
5825,Secret Journey,Action,Portuguese,1999,3.3,Aiko Nolan,7378511.75
5826,Endless River,Romance,Japanese,1995,9.3,James Fernandes,5369063.46
5827,Endless Journey,Comedy,Portuguese,2012,9.3,Elena Garcia,8773239.39
5828,Sacred Legacy,Documentary,Tamil,2012,3.1,Emma Iyer,18227111.75
5829,Broken Empire,Romance,Spanish,2008,6.2,Sanjay Anderson,15216196.3
5830,Rising Horizon,Thriller,Italian,2025,7,Anjali Fernandes,99308973.06
5831,Distant Flame,Animation,English,1988,8.4,Nina Kim,11837085.12
5832,Golden Storm,Horror,Italian,1995,6.9,Hana Watanabe,13955162.19
5833,Midnight Dream,Drama,French,1994,5.9,Raj Kim,11902411.91
5834,Forgotten Garden,Animation,Japanese,2022,3.2,Nina Reddy,5786721.17
5835,Frozen Dream,Sci-Fi,Korean,1986,4.1,James Rossi,8043254.15
5836,Eternal Horizon,Drama,Hindi,2025,9.4,Nina Fernandes,4068214.95
5837,Secret Shadows,Animation,Korean,2002,5.8,Aiko Fernandes,10254998.66
5838,Wild Island,Action,English,2012,5.6,Nina Garcia,11701762.59
5839,Forgotten Truth,Comedy,Tamil,2004,8.9,Sofia Smith,4991893.58
5840,Burning Island,Animation,Spanish,2022,2.4,Hana Smith,4294703.35
5841,Dark Dream,Thriller,English,2022,8.6,Chris Wong,10399324.21
5842,Shattered Symphony,Documentary,Hindi,2023,5.7,Anjali Muller,10613827.69
5843,Sacred Shadows,Action,German,2019,7.5,Sofia Chen,4515518.04
5844,Secret Kingdom,Documentary,English,2016,7.8,Yuki Patel,1925685878
5845,Wild Path,Fantasy,English,1998,6,Michael Nolan,8323701.44
5846,Last Storm,Crime,English,2016,8.5,Yuki Fernandes,14720558.44
5847,Forgotten Journey,Adventure,Spanish,1985,7.1,Maria Silva,14809823.53
5848,Endless Horizon,Action,Hindi,1981,3,Maria Garcia,2379931977
5849,Forgotten Storm,Action,English,1992,7,Anjali Muller,14469289.28
5850,Midnight Legacy,Romance,English,1990,7,Aiko Silva,13732157.64
5851,Burning Kingdom,Adventure,English,2020,9.4,Priya Patel,7925664.02
5852,Last Garden,Action,English,2012,7.2,Emma Sharma,14244849.06
5853,Forgotten Empire,Comedy,English,1999,4.9,Wei Silva,10637588.59
5854,Wild Heart,Romance,English,1989,8.6,Sofia Iyer,59558897.55
5855,Sacred Island,Action,English,2024,5.9,Arjun Muller,12616135.03
5856,Rising Storm,Horror,Mandarin,2007,7.2,Sofia Chen,3879543.82
5857,Crimson Storm,Crime,English,1993,5.2,Carlos Patel,13656923.16
5858,Frozen Empire,Adventure,English,1993,8.3,Yuki Reddy,11437344.2
5859,Shattered Garden,Fantasy,Hindi,2007,6.3,David Watanabe,10028493.19
5860,Broken Dream,Thriller,English,2026,8.1,Yuki Chen,7331687.33
5861,Frozen Journey,Drama,French,2012,7.7,Nina Costa,19653478.64
5862,Forgotten Legacy,Adventure,English,1983,5.9,Anjali Costa,7628000.74
5863,Crimson War,Documentary,English,2025,8,Maria Smith,18720228
5864,Last City,Action,Mandarin,1985,8.2,James Watanabe,2302014249
5865,Broken Island,Fantasy,English,1994,3.2,Hana Lee,10780871.77
5866,Dark Dream,Sci-Fi,English,1983,5.5,Carlos Iyer,11476403.07
5867,Secret Garden,Action,Italian,2026,2.1,Arjun Costa,12559124.52
5868,Hidden City,Adventure,Japanese,2020,5.2,Chris Nolan,83865.99
5869,Silent Journey,Horror,English,1986,3.8,Carlos Fernandes,3999241.21
5870,Rising Path,Drama,English,2018,2,Maria Muller,6965786.52
5871,Midnight City,Animation,Italian,1992,8.2,Aiko Fernandes,6985063.83
5872,Shattered Shadows,Animation,Hindi,2025,2.6,Emma Wong,14119650.44
5873,Dark Journey,Documentary,English,2021,6.6,Arjun Rossi,18163545.34
5874,Sacred Storm,Horror,Tamil,1983,7.3,David Silva,1673625.19
5875,Frozen Echo,Drama,Japanese,2000,2.4,Anjali Chen,7425794.21
5876,Forgotten War,Sci-Fi,English,1981,5.8,Priya Silva,5552098.54
5877,Midnight War,Comedy,French,1991,3.1,Hana Anderson,6253684.12
5878,Forgotten Flame,Documentary,Mandarin,2016,3.1,Priya Kapoor,5324950.1
5879,Burning Island,Action,English,2001,3.9,James Wong,4991789.2
5880,Eternal Echo,Adventure,English,2019,5.1,Carlos Kim,2477598.28
5881,Shattered River,Action,Japanese,2014,2.9,Elena Costa,2003969507
5882,Rising Shadows,Animation,English,2015,3.6,Luis Muller,1116648007
5883,Wild Path,Drama,English,2010,4.3,Maria Smith,10113951.76
5884,Dark Voyage,Animation,English,1994,9.4,Emma Chen,10236062.56
5885,Golden Garden,Action,English,2024,5,Chris Muller,16051835.91
5886,Rising Heart,Adventure,Hindi,1992,4.5,Aiko Wong,17927421.85
5887,Golden Voyage,Crime,Hindi,1983,9.2,David Rossi,19893808.57
5888,Sacred Heart,Adventure,Spanish,1999,2.9,Chris Anderson,1478166.84
5889,Broken Kingdom,Drama,English,1987,8,Maria Rossi,10553083.42
5890,Last Journey,Sci-Fi,English,2016,8.5,Elena Reddy,2213787.54
5891,Dark Empire,Documentary,English,2019,3.3,Maria Patel,11880065.8
5892,Crimson Kingdom,Horror,Tamil,1990,3.5,Emma Lee,2059343.89
5893,Frozen Garden,Comedy,Telugu,1996,6.2,Sofia Lee,1248686128
5894,Broken Echo,Comedy,French,2002,3.1,Sanjay Muller,184587138.3
5895,Broken River,Sci-Fi,French,2011,9.3,James Smith,11901227.56
5896,Shattered Storm,Drama,English,1991,4.3,Elena Watanabe,13835106.46
5897,Hidden Echo,Comedy,Japanese,2003,8.7,James Smith,17993587.86
5898,Golden Dream,Documentary,Spanish,1989,7.9,Sofia Kumar,1149325.67
5899,Secret City,Horror,English,2025,5,Yuki Costa,13123318.72
5900,Dark Voyage,Sci-Fi,English,2009,8.5,Arjun Reddy,12551395.6
5901,Crimson Garden,Sci-Fi,Portuguese,2014,3.3,Carlos Reddy,9346340.67
5902,Eternal Garden,Sci-Fi,English,2010,7.1,Hana Silva,8575480.55
5903,Dark River,Adventure,Hindi,1994,5.8,Elena Lee,16101290.72
5904,Forgotten Path,Action,German,1996,9.4,Michael Garcia,6986791.82
5905,Sacred Echo,Horror,English,2018,6.3,Sanjay Reddy,9434039.88
5906,Secret Horizon,Sci-Fi,Mandarin,2016,5,Yuki Garcia,3485370.83
5907,Crimson Legacy,Sci-Fi,Tamil,2019,2.6,Michael Lee,157223456.5
5908,Eternal Kingdom,Horror,Mandarin,1998,3.2,Maria Kim,14154148.91
5909,Endless Symphony,Documentary,Hindi,1995,8,Aiko Anderson,6751004.27
5910,Broken Legacy,Adventure,Spanish,1991,4.5,Michael Silva,18954738.58
5911,Rising Truth,Crime,English,2024,5,Priya Lee,85615951.48
5912,Endless Dream,Documentary,Japanese,1997,5.2,Raj Nolan,8296936.43
5913,Sacred Echo,Fantasy,English,1988,4.9,Chris Anderson,193073083.9
5914,Crimson Shadows,Crime,English,2021,6,Hana Kumar,12123224.8
5915,Midnight Storm,Horror,Portuguese,2012,7.2,Emma Lee,12433206.48
5916,Frozen Legacy,Animation,Spanish,1982,8.9,Sofia Rossi,16075834.61
5917,Endless Truth,Comedy,Korean,2000,4.5,Luis Watanabe,11340265.27
5918,Rising Path,Sci-Fi,French,2011,9,Sanjay Kapoor,74062028.84
5919,Hidden Echo,Documentary,German,2012,9.3,Emma Iyer,169844143.1
5920,Frozen Truth,Drama,English,1989,2.6,Maria Costa,9923896.93
5921,Last Storm,Sci-Fi,English,2009,6.6,Elena Anderson,7998009.8
5922,Secret Island,Comedy,English,2023,8.1,Chris Reddy,3509353.73
5923,Hidden River,Action,English,2024,5.9,Michael Kim,768450.47
5924,Sacred Empire,Thriller,Tamil,2004,8.8,Priya Fernandes,5937845.93
5925,Burning Empire,Adventure,Korean,1993,5.2,Anjali Patel,2351625.03
5926,Lost City,Thriller,English,1993,5,Raj Muller,11158446.77
5927,Forgotten Storm,Crime,Tamil,1991,9.1,Arjun Patel,14237649.79
5928,Hidden Voyage,Crime,English,2000,3.3,Wei Garcia,169213100.7
5929,Last City,Documentary,English,1980,7.4,Arjun Patel,16624652.87
5930,Rising Echo,Fantasy,Hindi,2021,7.6,Elena Patel,10199055.38
5931,Endless Dream,Crime,Japanese,1990,3,Emma Lee,1818131.71
5932,Burning Legacy,Animation,Hindi,2009,8.7,Chris Kim,10618389.31
5933,Silent Echo,Comedy,Portuguese,1982,6.4,Luis Nolan,14504747.58
5934,Sacred Empire,Fantasy,English,2010,7.7,Raj Costa,98610142.11
5935,Silent Kingdom,Crime,English,2023,5.3,Chris Nolan,19559590.03
5936,Dark Symphony,Sci-Fi,English,1996,4.9,Yuki Wong,128683724.5
5937,Forgotten Dream,Drama,Hindi,2022,4.3,Wei Muller,19227916.56
5938,Shattered Symphony,Drama,Korean,1997,2.1,Luis Patel,10333516.63
5939,Midnight Dream,Thriller,English,1988,3.1,Raj Wong,13277770.18
5940,Rising Island,Drama,Portuguese,2014,5.1,Sofia Anderson,10831585.67
5941,Midnight Symphony,Horror,Korean,1986,7.1,Chris Reddy,18932210.71
5942,Shattered Dream,Drama,German,1982,9.2,David Nolan,2219825083
5943,Sacred Kingdom,Animation,French,2007,6.2,Arjun Smith,931106574.1
5944,Last Kingdom,Comedy,Hindi,1995,8.2,Maria Fernandes,37076448.5
5945,Frozen Island,Thriller,Japanese,1993,5.4,Hana Garcia,6650681.74
5946,Silent Echo,Thriller,Mandarin,2018,5.7,Sanjay Lee,13574673.66
5947,Wild Island,Animation,Japanese,2008,3.1,Raj Nolan,19339450.14
5948,Crimson Horizon,Action,French,1983,5.1,Michael Anderson,9915341.07
5949,Hidden City,Action,Italian,1996,9,Anjali Watanabe,8094268.48
5950,Broken Path,Horror,Telugu,1985,8.1,Sanjay Nolan,6851684.78
5951,Wild Legacy,Adventure,Portuguese,2018,8.8,Priya Smith,39109151.39
5952,Frozen Island,Crime,Mandarin,2006,4.6,Nina Chen,15373040.69
5953,Forgotten Legacy,Crime,English,1980,5.5,Yuki Patel,17208107.36
5954,Rising Island,Documentary,English,1988,5.7,Luis Anderson,13223257.93
5955,Burning Voyage,Romance,Portuguese,2000,4.9,Maria Sharma,19667996.65
5956,Golden Kingdom,Drama,English,1995,6.6,Wei Costa,3033012.82
5957,Hidden Storm,Adventure,Italian,2006,9.3,Aiko Garcia,16572857.5
5958,Silent Kingdom,Drama,English,2005,4.4,Michael Iyer,10270635.65
5959,Broken Kingdom,Drama,English,2012,2.1,Hana Smith,19766798.9
5960,Dark Legacy,Thriller,Telugu,1986,7.3,Nina Fernandes,11581976.23
5961,Hidden Legacy,Action,English,1988,3.8,Sanjay Kim,5831481.97
5962,Golden Storm,Documentary,English,1989,6.8,Chris Silva,6509263.04
5963,Rising Journey,Drama,Korean,2008,8.8,Hana Kim,16411100.64
5964,Secret Heart,Animation,Korean,2009,3,Emma Kumar,2415492612
5965,Broken Symphony,Horror,Hindi,1991,2.2,Luis Muller,12392317.86
5966,Broken Truth,Crime,English,1981,8.1,Elena Silva,15692432.79
5967,Crimson Storm,Fantasy,English,2013,7.4,Yuki Chen,12789056.1
5968,Shattered Legacy,Sci-Fi,Korean,2022,2.4,Arjun Silva,3666771.29
5969,Eternal Flame,Action,English,2008,7.2,Sanjay Anderson,178842859.1
5970,Shattered Flame,Animation,Hindi,2003,9.2,Wei Anderson,660029022.4
5971,Silent Truth,Fantasy,Japanese,2012,4.4,Carlos Anderson,45769026.87
5972,Rising Horizon,Documentary,Japanese,2016,2.3,Sanjay Chen,786311.85
5973,Rising Island,Sci-Fi,English,2017,4.6,David Sharma,13805245.65
5974,Midnight Journey,Sci-Fi,Hindi,2022,5.9,James Smith,38554263.01
5975,Endless Horizon,Sci-Fi,Hindi,2026,5.1,James Costa,15204776.96
5976,Rising Journey,Thriller,German,1985,2.1,James Kapoor,6339273.58
5977,Midnight Symphony,Drama,English,2019,6.5,Maria Lee,2999635.83
5978,Silent Shadows,Crime,Spanish,1995,2.9,Anjali Iyer,2934505.32
5979,Dark Storm,Romance,German,2025,8.7,Sanjay Watanabe,16618216.84
5980,Endless Journey,Horror,Portuguese,2020,6.1,Yuki Kapoor,49662456.65
5981,Rising Empire,Animation,Italian,2003,7.6,Maria Rossi,4410484.89
5982,Crimson Empire,Crime,Italian,2022,9.2,Luis Wong,193067.44
5983,Broken War,Sci-Fi,English,1991,6.3,Luis Reddy,2942140.86
5984,Distant Legacy,Fantasy,Hindi,2015,7.6,Sanjay Reddy,18654257.02
5985,Burning Kingdom,Sci-Fi,Spanish,1983,2.2,Maria Fernandes,6309824.33
5986,Endless Truth,Crime,German,2022,7,Elena Chen,12819193.84
5987,Eternal Shadows,Documentary,Portuguese,2017,8.9,Aiko Nolan,10399852.08
5988,Wild Island,Romance,Portuguese,1989,6.3,Priya Garcia,4331769.71
5989,Silent City,Comedy,German,1981,2.6,Priya Reddy,8202164.17
5990,Frozen Echo,Animation,Hindi,2006,8.9,Chris Silva,6182603.75
5991,Silent Legacy,Horror,English,2002,2.5,Anjali Anderson,17078364.9
5992,Broken Truth,Horror,Japanese,2023,5.9,Emma Rossi,5774685.57
5993,Burning Empire,Crime,Telugu,1987,6.8,Michael Patel,12145194.42
5994,Rising Garden,Documentary,Spanish,1992,6.6,David Iyer,7461535.38
5995,Burning Garden,Documentary,French,2016,7.5,Carlos Patel,157434830.3
5996,Broken Horizon,Thriller,Hindi,1988,2.4,Luis Sharma,3459840.03
5997,Broken Truth,Adventure,Telugu,2018,3.5,Elena Fernandes,3031625.01
5998,Golden Kingdom,Comedy,Tamil,2024,7.6,Aiko Reddy,11718823.96
5999,Secret River,Drama,Hindi,1981,2.5,Hana Rossi,137180453.1
6000,Distant Kingdom,Action,Hindi,2026,6.3,Wei Costa,3361653.97
6001,Endless Journey,Fantasy,Korean,1996,3.5,Wei Watanabe,12156222.48
6002,Distant City,Drama,English,1990,2.7,Sofia Watanabe,1749083.42
6003,Lost Flame,Horror,Portuguese,2008,2.4,Chris Garcia,913739.8
6004,Last Shadows,Action,English,2004,7.1,James Nolan,10607970.69
6005,Silent Island,Action,Korean,2026,6.6,Carlos Kapoor,3134024.76
6006,Hidden Echo,Adventure,Portuguese,1982,4.3,Carlos Nolan,11041309.87
6007,Secret Dream,Romance,English,2003,4.2,Maria Silva,2292993390
6008,Shattered Path,Romance,English,2021,2.5,Nina Chen,19942329.3
6009,Endless Horizon,Drama,Hindi,2002,9.2,Elena Rossi,11924597.6
6010,Crimson Dream,Thriller,Spanish,1981,6.1,Yuki Anderson,2172640.58
6011,Last Empire,Adventure,Hindi,2000,6.9,Raj Nolan,17863300.87
6012,Broken Legacy,Sci-Fi,Japanese,1994,6.6,David Anderson,16252863.43
6013,Secret Dream,Adventure,French,1995,3,Carlos Silva,6611382.64
6014,Rising Truth,Adventure,Hindi,2002,6,Luis Nolan,57259663.3
6015,Rising Garden,Thriller,Telugu,2010,5.7,Nina Kapoor,13087777.34
6016,Sacred Heart,Crime,Spanish,2006,8.3,Wei Patel,1237526.47
6017,Crimson Path,Thriller,Korean,2015,7.9,Anjali Lee,19492444.12
6018,Sacred Voyage,Romance,German,2013,7.7,Wei Chen,13926753.01
6019,Rising Storm,Comedy,Hindi,2024,3.2,David Costa,2010745.08
6020,Shattered Heart,Thriller,Spanish,1981,5.6,Emma Nolan,14156328.33
6021,Endless Symphony,Action,English,1984,6.8,Anjali Muller,10188948.6
6022,Eternal Journey,Drama,German,2013,6.9,Anjali Patel,6443565.28
6023,Frozen Empire,Crime,Tamil,1985,2.2,Hana Watanabe,147908907.2
6024,Rising Shadows,Adventure,Hindi,1990,7.4,Emma Reddy,11921396.13
6025,Golden Path,Romance,Hindi,2017,2.8,Luis Kumar,74748259.93
6026,Dark Shadows,Adventure,English,1982,3.7,Anjali Garcia,2521596163
6027,Burning Kingdom,Sci-Fi,Mandarin,2020,6,Aiko Garcia,13210323.5
6028,Shattered Storm,Action,English,2024,8.4,Aiko Sharma,17810659.24
6029,Burning Symphony,Adventure,Tamil,1993,3,David Wong,15744338.15
6030,Hidden Voyage,Crime,English,1997,4.3,Anjali Iyer,7203611.86
6031,Lost War,Thriller,English,1987,7.6,Chris Reddy,3715605.69
6032,Broken Shadows,Horror,French,2011,5.5,Luis Kim,1865936.3
6033,Eternal Flame,Thriller,Hindi,2015,4,Chris Reddy,9263143.51
6034,Crimson Path,Thriller,English,2009,8.5,Sofia Iyer,10573934.35
6035,Rising River,Animation,Italian,1994,2.5,James Smith,2776073.77
6036,Frozen Storm,Horror,English,2003,3.5,David Anderson,14515333.67
6037,Dark City,Drama,English,2015,6.4,Anjali Chen,11630110.42
6038,Endless Flame,Drama,English,2008,2.4,Elena Patel,187837974.3
6039,Forgotten Echo,Adventure,Portuguese,1989,6.6,James Costa,16085589.64
6040,Endless Journey,Crime,Japanese,2018,7.8,Michael Kapoor,9739215.03
6041,Rising Island,Horror,Hindi,1998,8.8,Nina Patel,8212471.69
6042,Broken War,Drama,Mandarin,2026,4.6,Arjun Kim,16048565.85
6043,Secret Symphony,Romance,Tamil,2011,8.7,Elena Wong,11600121.07
6044,Forgotten Empire,Thriller,Japanese,1982,9.4,Luis Muller,17210211.83
6045,Midnight City,Sci-Fi,French,1995,3.1,Elena Rossi,6014470.51
6046,Wild Legacy,Animation,Spanish,1998,6,Chris Iyer,10262287.6
6047,Last Symphony,Documentary,Korean,1982,2.5,Raj Iyer,9466865.41
6048,Wild War,Thriller,Hindi,2017,2.6,James Lee,18433794.4
6049,Forgotten Shadows,Adventure,Tamil,1995,5.7,Arjun Muller,14963697.86
6050,Rising Horizon,Fantasy,English,1997,2.4,Raj Watanabe,17924830.77
6051,Forgotten War,Adventure,English,1990,7.9,Chris Nolan,5182143.01
6052,Broken Kingdom,Adventure,French,2014,7.6,Priya Reddy,18879480.93
6053,Lost Echo,Animation,Hindi,1996,6.6,Emma Reddy,17418135.17
6054,Frozen Horizon,Thriller,French,2000,3,Raj Wong,9243511.05
6055,Wild Island,Horror,Spanish,2023,6.5,Maria Anderson,3197446.48
6056,Crimson Island,Crime,English,2023,8.9,Sanjay Silva,12367773.68
6057,Broken Echo,Crime,English,1982,5.6,Michael Reddy,14810004.35
6058,Golden Echo,Adventure,English,1985,6.8,Nina Wong,17684394.75
6059,Midnight Flame,Romance,Hindi,2012,7.1,Aiko Muller,13860143.28
6060,Shattered Legacy,Sci-Fi,Hindi,2024,6.9,Aiko Wong,15962523.98
6061,Midnight Truth,Adventure,Korean,1992,2.2,Nina Kapoor,12816745.5
6062,Eternal Symphony,Adventure,English,2023,5.1,Luis Patel,10050208.88
6063,Midnight Heart,Action,Spanish,1989,4.9,Yuki Garcia,17413260.27
6064,Lost Island,Fantasy,Hindi,1980,3.7,Priya Smith,8962092.7
6065,Secret Symphony,Horror,Portuguese,1988,9.4,Chris Rossi,4787648.78
6066,Sacred Flame,Horror,Portuguese,2009,8.9,Raj Kapoor,11164271.15
6067,Lost Island,Sci-Fi,German,1981,4.3,Arjun Anderson,7521336.65
6068,Sacred Garden,Thriller,Tamil,2013,7,Emma Iyer,7146339.85
6069,Frozen Garden,Sci-Fi,English,2003,2.5,Aiko Garcia,6927475.57
6070,Wild Dream,Fantasy,Spanish,2013,2.7,Hana Wong,7925860.52
6071,Rising Heart,Comedy,Spanish,1997,3.7,Sofia Nolan,66807066.03
6072,Dark Voyage,Crime,Tamil,1989,3.8,Carlos Watanabe,11468440.53
6073,Burning Symphony,Fantasy,English,1995,2.7,Aiko Lee,9481482.66
6074,Dark Path,Sci-Fi,English,1981,2.9,Chris Kapoor,19869279.13
6075,Distant Voyage,Animation,Korean,2014,7.3,Arjun Kumar,3505839.02
6076,Wild Storm,Drama,Spanish,1983,7.1,David Reddy,2508291.78
6077,Eternal Empire,Action,Hindi,2025,6,Nina Sharma,16372784.18
6078,Forgotten Path,Adventure,Korean,2015,8.1,Sofia Kumar,111468.42
6079,Forgotten Storm,Animation,French,1990,9.2,Michael Kapoor,166853969
6080,Eternal Dream,Adventure,English,2012,5.1,Yuki Sharma,11354334.35
6081,Endless Echo,Action,English,1981,5.1,Sanjay Nolan,6341755.97
6082,Shattered Storm,Sci-Fi,Korean,2004,6.5,James Sharma,10990429.03
6083,Frozen Voyage,Romance,English,1984,4,James Chen,9096108.01
6084,Frozen River,Crime,English,1998,6.6,Aiko Muller,41603109.56
6085,Silent Garden,Documentary,English,2011,9.2,Raj Fernandes,3534938.83
6086,Sacred Flame,Horror,Korean,2016,2.2,Elena Smith,2553770.08
6087,Burning Horizon,Romance,English,2012,5.1,Sanjay Rossi,18838898.08
6088,Dark Flame,Drama,Korean,2014,4.8,James Silva,10992242.8
6089,Dark City,Animation,Hindi,2010,4.5,Sofia Kim,12738738.24
6090,Distant City,Drama,English,2026,4.2,Yuki Patel,15389487.71
6091,Burning Empire,Crime,English,1992,8.4,Luis Kapoor,14992711.3
6092,Golden Journey,Thriller,Hindi,1994,2.7,Luis Patel,11078947.03
6093,Crimson Horizon,Crime,English,1985,6.9,Sanjay Fernandes,11230321.21
6094,Sacred Journey,Romance,English,1991,8.4,Michael Garcia,14162039.65
6095,Lost River,Adventure,English,1981,6.7,Luis Iyer,6494854.31
6096,Golden Kingdom,Action,English,1986,5.1,Emma Sharma,17283004.58
6097,Distant Dream,Fantasy,Portuguese,1984,4.4,Emma Reddy,15591974.74
6098,Golden Voyage,Thriller,English,2011,9,Emma Kapoor,6833694.05
6099,Eternal Legacy,Fantasy,Telugu,1996,8.7,Luis Costa,1005944.88
6100,Broken Journey,Thriller,English,2006,6,Maria Garcia,5157607.88
6101,Endless Island,Thriller,English,2019,4.6,David Anderson,4913455.98
6102,Rising Path,Horror,French,1992,3.1,Sofia Kim,17964068.51
6103,Forgotten Voyage,Sci-Fi,English,1997,6.6,Arjun Reddy,8029557.18
6104,Silent City,Adventure,Spanish,2018,7.4,Chris Fernandes,1344306.51
6105,Sacred Horizon,Crime,Hindi,1994,5.7,Nina Chen,175372887.1
6106,Endless War,Animation,Tamil,2023,6.9,Raj Muller,270137.56
6107,Hidden Truth,Drama,Hindi,2020,5,Sanjay Kumar,685869.94
6108,Burning Shadows,Crime,Hindi,1996,6.6,Priya Watanabe,16845709.1
6109,Lost Flame,Crime,Japanese,1995,5,Raj Kapoor,8194395.74
6110,Dark Storm,Documentary,English,2008,8.8,James Nolan,8157028.94
6111,Midnight Island,Documentary,English,1984,2.3,Luis Lee,17301213.86
6112,Eternal River,Adventure,French,2011,5.2,Sofia Reddy,9382252.06
6113,Sacred War,Thriller,Portuguese,2023,6.4,Michael Reddy,5188376.05
6114,Dark Symphony,Fantasy,English,2012,6.6,Aiko Reddy,3423818.31
6115,Rising Storm,Action,English,2008,5.3,Maria Silva,4652226.49
6116,Hidden Island,Animation,English,1998,5.1,Raj Iyer,157278977.5
6117,Silent War,Fantasy,Japanese,1988,2.2,Chris Smith,5471479.66
6118,Secret Dream,Crime,Hindi,1991,6.2,Elena Fernandes,13233763.23
6119,Midnight Empire,Horror,English,1996,4.4,Priya Smith,146941399.6
6120,Midnight Truth,Drama,French,1991,5.7,James Reddy,12402471.75
6121,Forgotten Dream,Action,Tamil,1985,3.2,James Patel,6795891.71
6122,Hidden Heart,Thriller,English,2018,8.7,Arjun Rossi,3342653.17
6123,Secret Dream,Documentary,Spanish,1981,5.6,Elena Kim,6613276.84
6124,Hidden Journey,Fantasy,Spanish,2021,9.1,Yuki Anderson,6463358.44
6125,Broken Flame,Horror,Mandarin,2009,8.5,Elena Fernandes,17017161.05
6126,Rising City,Romance,Hindi,2014,9.1,Nina Kapoor,114833663.3
6127,Midnight Journey,Crime,English,2023,8.7,Raj Wong,108133915.3
6128,Distant Shadows,Drama,English,2019,5.8,Yuki Nolan,7448287.36
6129,Broken Echo,Crime,Hindi,2009,6.4,Arjun Anderson,17395536.81
6130,Midnight Path,Fantasy,English,2012,5.1,Carlos Silva,18493354.53
6131,Broken Voyage,Action,Hindi,2010,5.7,Carlos Kumar,4383609.16
6132,Rising Legacy,Drama,Hindi,2016,8.6,Sofia Sharma,7134956.82
6133,Shattered Voyage,Drama,Italian,1988,2.9,Priya Silva,2485127.24
6134,Midnight War,Documentary,Italian,1999,8.7,Elena Rossi,19967985.31
6135,Dark Storm,Adventure,English,1999,5.9,Luis Kapoor,14744035.64
6136,Endless Symphony,Comedy,Spanish,2018,9.4,Michael Kapoor,4021523.01
6137,Sacred Garden,Crime,English,1998,6.7,Carlos Kapoor,15902851.3
6138,Sacred Dream,Documentary,French,2010,3.9,James Watanabe,11654329.78
6139,Rising Truth,Documentary,English,1998,7,James Rossi,11521524
6140,Frozen Echo,Fantasy,French,2001,2.3,Raj Smith,18098496.04
6141,Wild Echo,Action,German,2026,5.5,James Kumar,1319039043
6142,Rising Echo,Adventure,Hindi,1991,3.3,Elena Nolan,19587119.81
6143,Last Empire,Adventure,English,2007,6.1,Luis Wong,6992736.38
6144,Wild Kingdom,Adventure,English,2021,2.5,Nina Kapoor,6583093.41
6145,Midnight Heart,Comedy,Portuguese,1983,8,Priya Kim,1735348.58
6146,Endless Truth,Animation,Tamil,2003,8.8,Hana Silva,11115458.18
6147,Silent Heart,Documentary,Italian,1990,6.8,Arjun Patel,3239233.76
6148,Secret Horizon,Action,Hindi,1999,4,Anjali Patel,19126751.82
6149,Crimson Shadows,Horror,Spanish,1983,3.5,Elena Lee,6336250.53
6150,Silent Voyage,Horror,Tamil,1985,5.2,Michael Chen,242532
6151,Burning Flame,Sci-Fi,English,1990,8,James Lee,70066903.26
6152,Lost Flame,Horror,Portuguese,1980,8,Luis Kumar,18391393.04
6153,Sacred Flame,Romance,Hindi,1981,6,James Patel,16569118.1
6154,Last Empire,Horror,Tamil,2005,7,Elena Watanabe,4688718.17
6155,Distant War,Documentary,Mandarin,1989,5.4,Maria Smith,1472562.41
6156,Endless Path,Crime,Mandarin,1980,5.9,Anjali Watanabe,6952543.23
6157,Midnight Storm,Horror,English,2026,4.3,Michael Wong,17605004.96
6158,Silent Island,Horror,English,2018,3.9,Carlos Lee,13830935.88
6159,Golden Kingdom,Sci-Fi,German,1998,3.6,Sofia Rossi,185951580
6160,Frozen Path,Sci-Fi,English,2021,9,Sanjay Smith,7489693.97
6161,Wild Journey,Fantasy,Japanese,1997,8.8,Arjun Watanabe,9467807.9
6162,Frozen Journey,Romance,English,2023,4.5,Luis Kumar,2284938.71
6163,Dark Shadows,Fantasy,Telugu,2026,5.5,Anjali Kim,102023342.5
6164,Silent Garden,Fantasy,Tamil,2011,5.7,Emma Kim,127962703.4
6165,Dark Echo,Comedy,English,1998,8.4,Raj Costa,7910946.7
6166,Eternal Island,Adventure,Tamil,1991,6.1,Nina Garcia,216428.42
6167,Secret Voyage,Comedy,French,2006,5.8,Elena Sharma,15473937.03
6168,Rising Flame,Drama,Hindi,1992,3.9,Chris Kumar,5418915.91
6169,Frozen Dream,Drama,Korean,2008,6.9,David Anderson,91871578.67
6170,Midnight Storm,Drama,Korean,2020,3.6,James Wong,12572144.1
6171,Lost Flame,Drama,English,1994,3.3,Sofia Nolan,3195777
6172,Burning Path,Thriller,German,2016,6,Hana Chen,19459727.61
6173,Lost Truth,Animation,English,2004,7.9,Anjali Chen,3101957.28
6174,Dark Storm,Drama,Mandarin,2002,8.9,Raj Kim,1689720528
6175,Endless War,Animation,English,1997,2.6,Arjun Kim,9271480
6176,Eternal Echo,Documentary,Telugu,2019,7.5,Elena Smith,14579860.44
6177,Last Flame,Documentary,English,2002,3.4,Chris Anderson,15931227.5
6178,Lost Voyage,Sci-Fi,English,1981,2.8,Raj Kumar,18570574.23
6179,Hidden Storm,Documentary,Telugu,1992,8.6,Arjun Garcia,7846509.03
6180,Dark Garden,Action,Mandarin,2020,8.3,Elena Costa,3630039.64
6181,Wild War,Action,English,1993,2.1,Wei Kim,12930187.63
6182,Last Shadows,Romance,Hindi,1989,3,Yuki Lee,8300085.23
6183,Lost Legacy,Horror,Hindi,2001,3.7,Aiko Reddy,1187019.47
6184,Endless Kingdom,Documentary,English,2015,4.9,Yuki Watanabe,119998546.7
6185,Broken Truth,Drama,Spanish,2019,7.4,Nina Iyer,14939157.12
6186,Eternal Dream,Animation,English,2000,6.4,Arjun Nolan,142001383.8
6187,Endless River,Action,English,2002,3.8,Sofia Kapoor,3236154.48
6188,Silent Island,Adventure,Japanese,1989,2.3,Yuki Iyer,7470773.37
6189,Endless Dream,Documentary,Portuguese,1989,6.5,Priya Patel,153259791.8
6190,Broken Echo,Sci-Fi,English,2024,6.5,Sofia Silva,188257330.9
6191,Burning Kingdom,Fantasy,Korean,2010,8,Anjali Iyer,3376168.62
6192,Distant Legacy,Adventure,English,1982,8,Aiko Nolan,5164432.72
6193,Sacred Echo,Sci-Fi,Hindi,1990,8.5,Priya Kapoor,12375860.4
6194,Last Journey,Drama,English,2020,7.3,Hana Nolan,4586035.02
6195,Rising Echo,Comedy,Korean,1999,7.3,Raj Kapoor,10250711.08
6196,Endless Island,Adventure,English,1995,4.5,Carlos Kim,672001.73
6197,Forgotten Shadows,Sci-Fi,Korean,2005,8.4,Michael Chen,14939745.09
6198,Shattered Garden,Action,English,1982,6.7,Arjun Kapoor,4955442.32
6199,Crimson Legacy,Romance,Hindi,2001,3.8,Hana Fernandes,19014009.39
6200,Golden Garden,Thriller,English,1998,7.9,Arjun Smith,64436634.6
6201,Last Island,Action,Hindi,1987,8,Emma Kumar,9420400.64
6202,Hidden Symphony,Comedy,English,1998,2.2,Arjun Silva,83455774.55
6203,Frozen Shadows,Sci-Fi,Italian,1992,7.9,Yuki Chen,16189527.87
6204,Dark River,Horror,Hindi,2003,4.8,Chris Rossi,8370263.5
6205,Crimson Journey,Horror,Spanish,2002,6.9,Sofia Silva,12453466.13
6206,Wild Echo,Fantasy,English,2004,3.9,Anjali Kim,17677713.22
6207,Silent Empire,Thriller,Hindi,1995,4.4,Arjun Rossi,1369475426
6208,Crimson War,Sci-Fi,Hindi,2018,9.1,Chris Costa,12960110.59
6209,Silent River,Drama,Tamil,2008,7.6,Maria Costa,6609636.82
6210,Endless River,Drama,Korean,1995,7.9,Yuki Costa,15350870.78
6211,Endless Garden,Drama,Spanish,1987,6.4,Nina Fernandes,8903176.71
6212,Burning War,Animation,German,2015,3,Nina Wong,15878180.58
6213,Lost Garden,Horror,English,2011,7.8,Aiko Sharma,17122772.97
6214,Last Dream,Comedy,Hindi,1999,4.5,Elena Watanabe,19602890.37
6215,Midnight Truth,Documentary,Hindi,2007,2,Elena Patel,1926485.45
6216,Golden Dream,Animation,Hindi,2025,7.6,Hana Sharma,3667886.66
6217,Dark Shadows,Thriller,Hindi,2011,5.7,Anjali Silva,16635675.28
6218,Secret Storm,Romance,English,2004,3.6,James Smith,4124364.3
6219,Secret Journey,Horror,Hindi,1989,5,Priya Kapoor,4413262.11
6220,Endless Flame,Documentary,English,2005,5.2,Wei Silva,14382989.07
6221,Dark Echo,Thriller,Spanish,2017,7.3,Hana Nolan,6727269.74
6222,Lost Dream,Crime,English,2022,3.3,James Chen,18792020.13
6223,Last River,Romance,Telugu,1980,4.4,Chris Patel,13279034.08
6224,Secret Path,Drama,German,1998,5.6,Hana Costa,8553868.03
6225,Forgotten War,Documentary,Telugu,1994,8.1,Hana Patel,5286540.41
6226,Lost Truth,Action,Korean,1994,9.4,Chris Garcia,7481991.7
6227,Dark War,Romance,English,1985,6.9,Sanjay Costa,2656356.72
6228,Wild Echo,Animation,English,1999,7.2,Anjali Costa,1662906.71
6229,Broken Voyage,Action,English,1987,5.3,Yuki Nolan,6828371.22
6230,Broken Legacy,Animation,Hindi,2020,7.7,Sofia Watanabe,6896093.12
6231,Midnight Journey,Crime,Spanish,1986,2.9,Hana Fernandes,15863993.45
6232,Distant Kingdom,Action,Hindi,1990,3.4,Sanjay Patel,149707122.1
6233,Broken Empire,Comedy,German,2005,3.9,Aiko Wong,13842177.64
6234,Secret Island,Action,Telugu,1982,6.3,Sanjay Kumar,5618896.67
6235,Frozen Flame,Documentary,Korean,2016,6.5,Elena Garcia,16865720.79
6236,Hidden Flame,Horror,English,1985,2.8,David Silva,76146591.64
6237,Midnight Journey,Comedy,English,1987,8.4,Nina Smith,5478219.38
6238,Broken River,Documentary,Mandarin,1996,3.5,Arjun Kapoor,8371409.85
6239,Frozen War,Comedy,Korean,1989,2.4,Sanjay Nolan,7890738.46
6240,Dark Garden,Sci-Fi,Spanish,2011,3.2,David Wong,48463223.59
6241,Crimson Kingdom,Comedy,Italian,1986,3.2,Elena Rossi,6580728.11
6242,Crimson Voyage,Thriller,English,2011,3.4,Raj Anderson,13867204.37
6243,Lost Horizon,Drama,German,1990,8.7,Michael Rossi,738175.84
6244,Wild Island,Crime,Hindi,2019,5.6,Raj Chen,3514379.12
6245,Frozen Garden,Crime,Hindi,1998,7.2,Aiko Lee,7216891.6
6246,Last Truth,Thriller,French,1980,9.4,Priya Reddy,11836393.06
6247,Burning Legacy,Animation,English,2015,2.7,Nina Garcia,18772655.94
6248,Wild Island,Animation,English,2015,8.1,Arjun Anderson,64105171.11
6249,Silent Path,Sci-Fi,French,2020,9.4,Yuki Chen,120070192.3
6250,Hidden Echo,Sci-Fi,Mandarin,1983,8.5,Sofia Watanabe,11786319.5
6251,Broken Shadows,Thriller,Hindi,1980,8.8,Elena Reddy,10835322.91
6252,Burning Legacy,Crime,English,1993,4.8,Nina Smith,1489225.25
6253,Eternal Path,Thriller,Tamil,1994,6.4,Sanjay Smith,12088431.63
6254,Forgotten Shadows,Animation,Spanish,1995,9.1,James Silva,16001247.16
6255,Silent Island,Comedy,German,2009,8.3,Luis Kumar,10571298.95
6256,Crimson Empire,Horror,Tamil,2006,2.8,Elena Patel,16825599.55
6257,Dark Flame,Fantasy,Telugu,1984,2.6,Yuki Garcia,6711334.06
6258,Rising Journey,Romance,Telugu,2020,8.9,Nina Watanabe,302230.87
6259,Dark Horizon,Animation,Korean,2018,3.6,Yuki Patel,18779259.42
6260,Burning City,Documentary,Korean,1989,2.1,Emma Patel,852650787.8
6261,Frozen Dream,Animation,Hindi,1993,2.8,Nina Lee,6909978.09
6262,Crimson Garden,Horror,Hindi,1997,4.8,Wei Reddy,5971685.17
6263,Frozen Voyage,Thriller,Spanish,1987,4.4,Aiko Sharma,10222721.82
6264,Secret Flame,Animation,English,2003,6,Carlos Patel,5736435.49
6265,Shattered Truth,Drama,Tamil,2020,2.9,Arjun Sharma,18576786.78
6266,Secret City,Crime,Telugu,1981,2.4,Elena Costa,14401533.95
6267,Eternal Path,Crime,Tamil,2002,5.6,Maria Reddy,49376505
6268,Broken City,Crime,English,2005,3.3,Elena Muller,4204467.48
6269,Crimson River,Animation,English,1984,8,Hana Muller,12812182.42
6270,Silent Path,Sci-Fi,Hindi,2000,8.2,David Watanabe,7949589.94
6271,Midnight Flame,Comedy,English,2009,5.9,James Kumar,58464127.94
6272,Wild River,Horror,French,2016,3,Anjali Lee,7443983.35
6273,Broken Storm,Sci-Fi,Spanish,1981,6.5,Arjun Rossi,7529650.36
6274,Silent Journey,Horror,Hindi,2008,8.9,Aiko Smith,15334242.16
6275,Dark War,Fantasy,Portuguese,2010,4.3,Yuki Rossi,120963717
6276,Secret War,Horror,French,2012,6.8,Raj Kim,1919174.25
6277,Sacred Symphony,Sci-Fi,French,2018,3.8,Wei Watanabe,1704636.24
6278,Endless Echo,Sci-Fi,German,2023,8.7,Michael Reddy,3820303.82
6279,Rising Voyage,Comedy,Telugu,1991,4.5,Luis Silva,4667720.37
6280,Midnight Shadows,Fantasy,Hindi,2013,2.6,Maria Kapoor,19212450.76
6281,Midnight Symphony,Drama,Japanese,1986,5.9,Carlos Lee,111705936
6282,Rising Storm,Comedy,Italian,2017,8.1,Elena Watanabe,8291084.47
6283,Golden Legacy,Action,Hindi,2001,2.3,Sanjay Watanabe,126989234.8
6284,Crimson Shadows,Documentary,Tamil,2000,2.6,Wei Garcia,10981060.55
6285,Shattered Journey,Action,English,2013,6.3,Michael Kumar,9071995.24
6286,Shattered River,Romance,French,1996,3.2,David Patel,4638281.82
6287,Midnight River,Drama,Hindi,1998,6.8,Carlos Anderson,3142925.3
6288,Endless Horizon,Comedy,English,2002,4,Chris Rossi,7725364.2
6289,Eternal Kingdom,Fantasy,English,2004,8.8,Anjali Reddy,10295040.48
6290,Shattered Dream,Crime,English,1986,6,James Silva,16068576.94
6291,Last Flame,Crime,Hindi,2018,6.8,Chris Sharma,13621245.97
6292,Crimson Echo,Horror,Italian,2019,5.1,Anjali Watanabe,19616546.12
6293,Distant Flame,Fantasy,Telugu,1981,8.2,Emma Muller,5836390.71
6294,Shattered City,Thriller,English,1983,3,Chris Patel,9188970.2
6295,Hidden Shadows,Documentary,Hindi,2012,5.6,Arjun Garcia,15214235.08
6296,Endless Heart,Crime,German,2023,7,Arjun Nolan,158678243
6297,Distant Voyage,Adventure,English,2025,4.1,Maria Garcia,11402899.76
6298,Secret Dream,Comedy,Spanish,2015,8.2,Anjali Silva,17957457.46
6299,Sacred Horizon,Animation,English,1988,6.6,Sanjay Silva,16574821.97
6300,Distant Shadows,Thriller,English,1998,3.1,Priya Kumar,16685676.13
6301,Golden Path,Crime,Mandarin,1980,5,Sanjay Fernandes,41541609.27
6302,Silent Journey,Romance,Hindi,2026,2.5,Sofia Silva,4816196.39
6303,Crimson Garden,Crime,Tamil,2000,7.3,Priya Nolan,2456144.64
6304,Lost Empire,Thriller,English,1998,4.7,David Garcia,1066095805
6305,Dark River,Action,English,1982,2.7,James Kumar,11263498.39
6306,Silent Storm,Animation,German,2024,5.4,Hana Wong,10408666.9
6307,Secret River,Thriller,English,2018,3,Aiko Kapoor,12309826.46
6308,Eternal Kingdom,Action,Japanese,1995,5.8,Nina Watanabe,19180655.12
6309,Midnight Kingdom,Crime,Hindi,2007,3.1,Wei Anderson,3234358.18
6310,Dark Echo,Adventure,Spanish,2003,7.1,Wei Costa,6528571.84
6311,Rising Garden,Animation,Korean,2007,4.3,Nina Patel,6324433.16
6312,Eternal Shadows,Drama,English,2018,9,Yuki Patel,414516.42
6313,Endless Symphony,Adventure,Hindi,2003,5.5,Raj Muller,17414559.05
6314,Endless Island,Sci-Fi,Portuguese,2001,7.8,Wei Silva,2882467.9
6315,Wild Echo,Animation,English,1990,2.5,Elena Garcia,14235846.96
6316,Last War,Romance,Telugu,1997,7.2,Wei Lee,149460.09
6317,Silent Journey,Drama,Spanish,1997,3,Chris Iyer,2274761147
6318,Silent Storm,Romance,Spanish,2001,3.4,Anjali Iyer,7899117.35
6319,Midnight Storm,Comedy,English,2004,9.2,Luis Kim,17681172.99
6320,Sacred Shadows,Drama,Korean,2004,7.9,Michael Kim,13485992.47
6321,Sacred Voyage,Romance,Italian,2023,2.9,Arjun Nolan,4916440.33
6322,Silent Horizon,Crime,Telugu,2002,2.6,Yuki Anderson,8172350.38
6323,Endless River,Documentary,English,2009,7.3,Sofia Lee,5141868.84
6324,Lost Journey,Thriller,Korean,2005,8.5,Maria Rossi,17608033.13
6325,Hidden Heart,Sci-Fi,English,2012,7.8,Wei Reddy,12079323.33
6326,Endless Horizon,Crime,Hindi,2000,4.9,Elena Kim,7592677.35
6327,Shattered River,Animation,Hindi,2020,8.2,Sofia Sharma,12798990.18
6328,Burning Storm,Drama,French,2001,4.8,Emma Iyer,5333056.89
6329,Hidden Legacy,Documentary,Telugu,1988,4.5,Priya Reddy,12526952.9
6330,Secret River,Sci-Fi,English,2001,9.1,Sofia Iyer,16850498.36
6331,Shattered Horizon,Thriller,Japanese,2023,8.2,Aiko Rossi,15853685.19
6332,Forgotten Empire,Adventure,Mandarin,2016,8.3,Maria Kim,4076058.98
6333,Sacred City,Crime,Telugu,1984,7.4,Anjali Reddy,13683033.31
6334,Midnight City,Documentary,Italian,1998,5.8,Sanjay Nolan,8890928.34
6335,Last Horizon,Crime,English,1998,8.8,James Reddy,1041470.95
6336,Endless War,Comedy,English,1999,9.2,Luis Nolan,18265400.64
6337,Broken Dream,Thriller,Hindi,2012,5,Emma Reddy,9744829.53
6338,Eternal Horizon,Crime,English,2000,3.3,Sofia Lee,19667180.17
6339,Frozen Kingdom,Animation,Japanese,2013,3.6,Michael Muller,5274077.94
6340,Eternal Path,Documentary,Portuguese,2023,3.9,Wei Patel,189128921.6
6341,Forgotten Legacy,Horror,German,1996,6,Arjun Wong,4724732.37
6342,Dark Garden,Sci-Fi,Korean,2015,8.7,Arjun Fernandes,2441654427
6343,Rising Empire,Sci-Fi,English,2012,7.6,Aiko Kumar,205938.62
6344,Broken Flame,Sci-Fi,Hindi,2004,5.6,Arjun Muller,10400182.35
6345,Lost City,Documentary,English,2021,4.4,Luis Patel,19531656.75
6346,Forgotten Storm,Crime,Korean,2021,6.1,Sofia Costa,19408940.12
6347,Frozen Echo,Horror,Japanese,1986,7.8,Sofia Nolan,13040471.47
6348,Secret Legacy,Fantasy,English,1982,7.4,Anjali Iyer,10412104.7
6349,Forgotten Voyage,Drama,English,1990,2.5,Sanjay Patel,12704324.49
6350,Hidden Heart,Documentary,Korean,1995,9.3,Michael Watanabe,4445970.43
6351,Last Voyage,Animation,Mandarin,1999,3.7,Hana Costa,10956859.62
6352,Midnight Echo,Documentary,Hindi,1994,6,Luis Sharma,4273562.83
6353,Silent Shadows,Documentary,French,1984,6,Arjun Patel,4804748.91
6354,Secret Dream,Horror,English,1999,3.1,Priya Kim,19230586.88
6355,Sacred Garden,Comedy,English,1992,7.2,Sofia Patel,63370413.92
6356,Golden City,Horror,English,2013,5.9,Elena Lee,7937994.01
6357,Burning Voyage,Sci-Fi,German,2021,8.3,James Lee,6173752.52
6358,Silent Truth,Fantasy,English,1997,2.6,Chris Patel,149209341.9
6359,Crimson Horizon,Adventure,English,1990,2.3,Maria Watanabe,10622492.98
6360,Hidden Empire,Comedy,English,1999,3.1,Nina Wong,16409844.94
6361,Rising Horizon,Animation,Tamil,2000,6.8,Elena Kapoor,470805.73
6362,Last City,Horror,Italian,2015,2.3,Luis Kumar,105468545.1
6363,Endless Journey,Adventure,English,2017,2.9,Sanjay Iyer,17326557.09
6364,Rising Path,Comedy,English,1997,7.1,Elena Kim,5303431.35
6365,Lost Truth,Documentary,Tamil,1985,8.6,Arjun Iyer,7093548.4
6366,Sacred Empire,Drama,English,1990,7.9,Priya Muller,1748127385
6367,Last Kingdom,Action,Spanish,1989,6.2,Nina Kim,553129158.9
6368,Forgotten Legacy,Fantasy,Spanish,2004,3.1,Maria Wong,5801262.76
6369,Burning Flame,Horror,Hindi,1986,4.5,Anjali Reddy,8034361.5
6370,Sacred Journey,Horror,Portuguese,2002,8.9,Michael Anderson,1671076.17
6371,Frozen City,Adventure,Spanish,1982,7.8,Emma Muller,12466978.77
6372,Lost Island,Horror,English,2007,3.6,Priya Kumar,4740763.53
6373,Rising Voyage,Thriller,Korean,2009,9.2,Hana Watanabe,171278234.3
6374,Hidden Symphony,Thriller,Japanese,1987,6.8,Maria Smith,1996318
6375,Secret Island,Fantasy,Italian,2006,9.1,Michael Kim,5927465.21
6376,Burning Symphony,Crime,English,1994,5.3,Aiko Watanabe,192812545
6377,Hidden Voyage,Fantasy,English,2012,2.6,Yuki Lee,15726542.24
6378,Secret River,Drama,English,2013,6.2,Sanjay Smith,5015784.48
6379,Shattered Echo,Action,English,2013,6.9,Arjun Smith,19370041.57
6380,Distant Path,Action,Japanese,2013,4.5,Maria Rossi,1134225.05
6381,Burning Island,Documentary,Korean,2001,4.4,Wei Kumar,502182.86
6382,Dark Heart,Thriller,French,2018,4.6,James Kumar,2954216.09
6383,Forgotten Storm,Crime,English,2014,4.9,Sofia Smith,11897850.89
6384,Rising Empire,Fantasy,Japanese,2011,7.9,Arjun Muller,12452909.9
6385,Dark Horizon,Drama,French,2017,6.3,David Wong,19173771.68
6386,Hidden Flame,Action,Italian,1983,8.2,Priya Kapoor,8472456.27
6387,Wild Kingdom,Action,Hindi,2011,7.1,Maria Chen,169617616.8
6388,Shattered Kingdom,Animation,Spanish,2017,2,Aiko Patel,14316333.91
6389,Silent Journey,Comedy,English,2023,9.3,Nina Fernandes,6949167.41
6390,Eternal Dream,Fantasy,Spanish,2013,2.4,Michael Smith,10338782.07
6391,Hidden Empire,Crime,Hindi,2011,4,Wei Smith,13947198.1
6392,Broken Storm,Thriller,English,2009,6.9,Maria Garcia,2080339.88
6393,Eternal Heart,Documentary,Spanish,2022,6.2,Maria Muller,4419867.61
6394,Burning Horizon,Thriller,English,2002,8.1,Michael Nolan,5728072.94
6395,Burning City,Comedy,Spanish,1990,5.9,James Muller,18631006.23
6396,Distant Truth,Action,Japanese,2000,4.7,David Fernandes,10551845.65
6397,Wild Journey,Sci-Fi,Japanese,2008,8.8,Elena Muller,15775834.35
6398,Sacred Heart,Action,Spanish,1988,2.9,Priya Patel,19748319.76
6399,Hidden Legacy,Drama,Italian,1983,7,James Watanabe,17087709.62
6400,Last Voyage,Drama,Mandarin,2016,4.6,Arjun Muller,315673.09
6401,Shattered Heart,Comedy,Italian,2024,4.9,Priya Silva,2070669.24
6402,Crimson Garden,Crime,Korean,1987,9.5,Michael Sharma,9049523.63
6403,Hidden Dream,Thriller,Hindi,2023,2.3,Sofia Silva,35654404.97
6404,Secret Flame,Sci-Fi,Hindi,1994,2.4,Sanjay Muller,92686.45
6405,Forgotten Shadows,Thriller,English,2016,9.3,Elena Fernandes,12736609.27
6406,Sacred Heart,Horror,Japanese,2008,8.3,Priya Watanabe,6476599.89
6407,Last Flame,Thriller,German,2015,2.6,Maria Wong,16853380.07
6408,Dark Truth,Sci-Fi,English,2022,4.5,Maria Garcia,10490016.28
6409,Lost Voyage,Fantasy,French,2009,5.3,Aiko Patel,8385052.63
6410,Wild Dream,Horror,Japanese,2014,8.4,David Lee,1523099.67
6411,Shattered City,Animation,Tamil,2009,6.4,Chris Fernandes,2717757582
6412,Frozen Garden,Thriller,Hindi,2014,9,Elena Costa,3484735.21
6413,Sacred Symphony,Action,Korean,1994,2.1,Raj Kim,13009388.28
6414,Frozen Kingdom,Sci-Fi,English,1987,3.3,Elena Silva,6292614.5
6415,Shattered Empire,Romance,Spanish,2001,5.1,Chris Chen,5295942.03
6416,Endless Garden,Fantasy,Japanese,1983,8.6,Arjun Rossi,54944.54
6417,Shattered River,Thriller,Hindi,2012,5.3,Anjali Garcia,18118100.26
6418,Frozen Flame,Crime,German,2011,3.2,Elena Chen,12024915.15
6419,Midnight Empire,Thriller,English,1997,8.4,Anjali Kumar,9906056.14
6420,Sacred Symphony,Comedy,Hindi,2016,8.3,Yuki Kumar,5747604.63
6421,Wild Horizon,Action,Tamil,2025,6.4,Elena Kumar,17224898.37
6422,Lost Legacy,Fantasy,Italian,2017,5.1,James Patel,121291.27
6423,Secret Path,Sci-Fi,Portuguese,2006,5.1,Anjali Rossi,16474605.97
6424,Forgotten Echo,Documentary,Hindi,2024,6.1,Carlos Kumar,6597591.41
6425,Eternal War,Crime,English,1984,6,Emma Muller,9623847.77
6426,Eternal Journey,Horror,Hindi,1980,5.7,Hana Rossi,4796994.89
6427,Burning Storm,Sci-Fi,Portuguese,2002,7,Wei Muller,19749731.75
6428,Shattered Symphony,Thriller,English,2015,4.8,Luis Muller,7997095.63
6429,Wild Island,Fantasy,Telugu,1997,2.1,Aiko Kim,2518840.75
6430,Secret Island,Sci-Fi,Hindi,1987,8.9,Raj Anderson,126728672.5
6431,Shattered Dream,Drama,English,1981,5.1,Michael Patel,51985.74
6432,Rising Path,Drama,English,2010,3.8,Elena Anderson,9243071.14
6433,Distant Legacy,Crime,Hindi,2009,7.7,Elena Muller,1729715.69
6434,Crimson Voyage,Drama,Mandarin,2026,9,Arjun Muller,4058387.55
6435,Last Storm,Crime,English,1996,5.5,Raj Sharma,11113041.35
6436,Sacred River,Comedy,English,1983,7.5,Chris Kapoor,2528157.92
6437,Rising River,Animation,Spanish,1999,2.2,Michael Kapoor,18732647.23
6438,Hidden Echo,Fantasy,French,1991,6.7,Elena Costa,7677268.37
6439,Golden Dream,Fantasy,English,2013,8.9,Elena Smith,17675612.39
6440,Sacred Dream,Sci-Fi,English,1992,7.9,Priya Reddy,16481580.17
6441,Last Kingdom,Adventure,English,2009,4.8,Sofia Anderson,14414171.86
6442,Dark Legacy,Sci-Fi,Spanish,2015,5.7,Sanjay Kapoor,18211213.18
6443,Wild Legacy,Fantasy,Mandarin,2008,8.2,Wei Watanabe,12230326.29
6444,Wild Journey,Action,Korean,1998,4.2,Sanjay Reddy,14996963.87
6445,Burning Dream,Action,Hindi,2025,8.2,Anjali Watanabe,9415118.04
6446,Frozen Shadows,Animation,Spanish,2014,6.1,Yuki Lee,9312477.43
6447,Shattered Shadows,Horror,Hindi,2025,7.6,Carlos Kim,17959629.27
6448,Eternal Horizon,Comedy,Hindi,2010,5.7,David Patel,10613475.14
6449,Lost Empire,Comedy,Hindi,1998,6.7,Yuki Fernandes,14584761.31
6450,Distant Shadows,Comedy,Spanish,2010,7,Chris Muller,2325561.17
6451,Broken Empire,Fantasy,English,2020,7.5,Sofia Reddy,16390291.69
6452,Last Storm,Thriller,Spanish,1998,7.7,David Watanabe,14899875.32
6453,Last Island,Crime,French,2009,5.7,James Reddy,2341498.14
6454,Hidden City,Thriller,Korean,2022,4.9,Luis Nolan,14598852.84
6455,Silent Echo,Sci-Fi,Spanish,2004,2.6,Anjali Reddy,10514073.53
6456,Sacred Legacy,Sci-Fi,Japanese,1998,5.1,Raj Silva,12025734.95
6457,Endless River,Romance,English,2013,8.2,Sofia Watanabe,3011873.97
6458,Golden City,Drama,Italian,2008,9,Emma Iyer,578653.59
6459,Crimson Dream,Comedy,Hindi,2013,3,Arjun Rossi,9121402.67
6460,Hidden River,Animation,English,2023,6.3,Elena Lee,14489983.27
6461,Silent Island,Romance,English,1996,8.5,Sofia Smith,175406413.1
6462,Lost Journey,Horror,French,1996,6.9,Nina Costa,676539.4
6463,Distant Garden,Animation,English,2001,6.4,Yuki Smith,8456409.91
6464,Crimson Symphony,Adventure,Hindi,1980,8.8,Wei Lee,14299349.02
6465,Silent Island,Thriller,Hindi,2008,8.6,Priya Nolan,120605809.3
6466,Shattered Flame,Horror,Tamil,2007,9.4,James Kim,16214628.25
6467,Golden Journey,Fantasy,English,2005,8.7,Sofia Kumar,18943949.59
6468,Silent Heart,Animation,Hindi,1990,9.3,Yuki Sharma,10070664.02
6469,Frozen Flame,Action,German,1989,6.9,David Patel,7372264.79
6470,Silent Shadows,Fantasy,English,2019,6.7,Maria Smith,11625368.93
6471,Wild Dream,Adventure,Telugu,2025,4.7,Sanjay Muller,5990541.58
6472,Last Kingdom,Romance,Korean,2001,9.4,Yuki Patel,12278391.63
6473,Midnight War,Crime,Hindi,1997,2.6,Sofia Silva,6502249.7
6474,Eternal Voyage,Animation,English,1981,4.1,Maria Garcia,8313095.83
6475,Burning Kingdom,Comedy,English,1993,5.1,Carlos Kumar,107678923.7
6476,Dark Legacy,Drama,Mandarin,1980,9,Maria Wong,1729829.63
6477,Hidden Echo,Drama,English,2012,4.1,Arjun Garcia,43224967.01
6478,Secret Truth,Documentary,Korean,2021,4.5,Sofia Silva,18068649.17
6479,Dark Journey,Horror,English,2011,6.9,Luis Costa,14367473.2
6480,Sacred Flame,Comedy,English,1985,7.7,Nina Iyer,10992119.56
6481,Crimson Journey,Documentary,Portuguese,1990,8.1,Michael Chen,7114569.55
6482,Crimson Path,Crime,English,2017,5.2,Maria Iyer,13198981.98
6483,Forgotten Legacy,Animation,Tamil,2020,2.2,Aiko Nolan,19310902.46
6484,Sacred Empire,Crime,Korean,1997,8.6,Carlos Kapoor,1075777.69
6485,Crimson Heart,Romance,English,2026,8.3,Yuki Reddy,19105788.24
6486,Silent Truth,Sci-Fi,Hindi,2002,7.1,Maria Silva,110108270.9
6487,Forgotten Truth,Documentary,Hindi,1996,2.3,Elena Silva,5840974.97
6488,Shattered Symphony,Romance,Hindi,1997,6.2,David Sharma,11520184.79
6489,Endless Storm,Adventure,Telugu,1981,2.1,Carlos Costa,16456293.47
6490,Wild Horizon,Comedy,Korean,1987,2.2,Emma Costa,4511758.73
6491,Crimson City,Crime,French,1985,2.5,Aiko Smith,13035480.73
6492,Dark Legacy,Documentary,English,2018,4.4,Hana Kapoor,8825680.79
6493,Distant Voyage,Horror,English,2006,8.4,Nina Kim,10911053.78
6494,Broken Shadows,Crime,Japanese,2022,4.7,Sofia Lee,164513280.5
6495,Forgotten Garden,Drama,French,1991,5.9,Yuki Reddy,13146814.77
6496,Shattered Legacy,Sci-Fi,Telugu,2010,2.3,Maria Muller,8121962.44
6497,Last City,Crime,English,1980,8.3,Priya Sharma,18678817.81
6498,Sacred Shadows,Drama,Hindi,2007,3.2,Anjali Patel,19112837.43
6499,Burning War,Crime,Tamil,2005,4.6,Michael Rossi,2661378335
6500,Silent Garden,Thriller,Hindi,1994,3.5,Maria Muller,1547698.65
6501,Lost Kingdom,Thriller,Spanish,2017,6.9,Carlos Rossi,2951720.61
6502,Broken Heart,Horror,Tamil,2005,5.2,Wei Fernandes,19922843
6503,Frozen Heart,Crime,English,1981,5.4,Priya Silva,9493381.21
6504,Midnight Empire,Sci-Fi,Mandarin,2022,8.5,James Kumar,978390.92
6505,Wild Flame,Comedy,German,1997,3.8,James Nolan,4511879.03
6506,Shattered Echo,Drama,English,2003,7.5,Luis Reddy,13841543.58
6507,Burning Kingdom,Thriller,French,2003,4.7,Michael Muller,812883.15
6508,Rising Echo,Thriller,Spanish,2016,4.1,Wei Patel,5487512.65
6509,Endless Journey,Sci-Fi,English,2000,3.7,James Wong,13896644.1
6510,Broken Heart,Sci-Fi,Tamil,1988,5,Wei Anderson,152747930.2
6511,Dark Storm,Documentary,Italian,1983,3.1,Aiko Nolan,11410152.23
6512,Silent Voyage,Adventure,Mandarin,1982,4,Hana Fernandes,14536954.64
6513,Crimson Truth,Romance,Hindi,1996,4.1,Hana Lee,418407.41
6514,Sacred Shadows,Thriller,English,2018,7.6,Nina Lee,7343762.88
6515,Frozen Journey,Sci-Fi,Korean,1988,5,Chris Wong,7691908.03
6516,Lost Garden,Animation,Telugu,2025,8.4,Raj Costa,5592101.86
6517,Burning Echo,Comedy,Hindi,1994,5.4,Carlos Wong,13175799.2
6518,Distant Kingdom,Crime,English,2004,5.6,Elena Fernandes,5441822.13
6519,Sacred City,Comedy,Japanese,2000,6.8,Elena Patel,10988520.95
6520,Midnight Legacy,Thriller,Korean,1992,2.2,Arjun Fernandes,12555857.81
6521,Burning Path,Comedy,Korean,1998,7.2,Chris Anderson,4063499.03
6522,Distant Flame,Thriller,Hindi,1990,6.3,Anjali Costa,932604.4
6523,Silent Legacy,Documentary,English,1996,4.4,Wei Fernandes,12416061.88
6524,Broken Flame,Romance,Japanese,2003,4.9,Sanjay Kapoor,1673625884
6525,Endless Garden,Thriller,Spanish,1990,6.9,Emma Lee,10009554.27
6526,Rising Storm,Sci-Fi,English,2020,6.8,Sofia Costa,19537016.4
6527,Golden Truth,Drama,Spanish,2005,8.2,Michael Iyer,9337345.32
6528,Last Horizon,Crime,Japanese,2024,5.2,Wei Patel,18354531.7
6529,Burning Dream,Animation,English,2000,4.9,Maria Reddy,18918751.68
6530,Last Shadows,Romance,English,1999,2.4,Luis Garcia,10203233.96
6531,Wild Island,Animation,Hindi,2000,8.4,Anjali Muller,15393341.8
6532,Eternal War,Adventure,Telugu,1981,7.5,Arjun Kapoor,169474.92
6533,Eternal Dream,Documentary,Spanish,2005,4.8,Luis Wong,5923703.73
6534,Midnight Journey,Horror,Hindi,2025,3.7,Wei Sharma,157410422.5
6535,Last Kingdom,Sci-Fi,English,1995,4.9,Wei Kim,19542424.61
6536,Midnight Voyage,Sci-Fi,Hindi,2001,5.8,David Muller,4722034.72
6537,Frozen Shadows,Romance,English,1997,2.9,Priya Rossi,19392118.71
6538,Dark City,Documentary,English,2006,2,David Lee,12677328.17
6539,Secret Heart,Documentary,Tamil,1982,8.8,Wei Reddy,9456927.86
6540,Burning Symphony,Romance,English,2023,9.2,Chris Kumar,2534517.08
6541,Crimson Island,Drama,English,2006,8.6,Sanjay Costa,10981095.6
6542,Last Symphony,Fantasy,English,1980,5.8,Sanjay Reddy,2709838.43
6543,Hidden Dream,Documentary,Mandarin,1997,3.6,Emma Muller,6990578.44
6544,Frozen Island,Crime,Hindi,1997,2.2,Michael Smith,7771845.6
6545,Midnight Flame,Sci-Fi,Mandarin,2021,5.9,Elena Silva,10798496.38
6546,Distant War,Documentary,Hindi,2016,4.6,Nina Reddy,2197397.12
6547,Hidden Dream,Animation,Japanese,2001,3.5,Anjali Anderson,1818015.33
6548,Distant Legacy,Drama,English,2008,9,Wei Wong,6719513.9
6549,Secret City,Sci-Fi,Mandarin,2014,7,Carlos Wong,50388936.55
6550,Secret Voyage,Drama,Portuguese,2017,8.5,Sanjay Iyer,19594481.29
6551,Silent Garden,Horror,Portuguese,2000,8.7,Elena Iyer,5504787.49
6552,Eternal Legacy,Fantasy,French,1982,9.1,Nina Nolan,18420344.55
6553,Lost River,Fantasy,Spanish,2018,3.6,Wei Watanabe,13438355.31
6554,Midnight Kingdom,Adventure,Hindi,2010,2.8,Hana Patel,14812216.88
6555,Last Heart,Drama,English,2000,3.6,Michael Kim,13768620.57
6556,Golden Symphony,Thriller,English,2019,6.6,Anjali Patel,7856488.77
6557,Midnight Legacy,Drama,English,2021,9.5,Luis Smith,5263825.08
6558,Silent Flame,Animation,English,2016,7.5,Priya Iyer,5993192.03
6559,Crimson Storm,Romance,Mandarin,2006,2.2,Aiko Fernandes,35457096.76
6560,Endless Symphony,Crime,Portuguese,1995,6.5,Elena Lee,2758686.23
6561,Eternal Garden,Horror,German,2005,2.3,Chris Iyer,4043848.05
6562,Distant Storm,Adventure,Korean,2007,6,Wei Anderson,7382352.87
6563,Sacred River,Comedy,Hindi,1991,3.5,Aiko Reddy,10625572.65
6564,Lost Voyage,Drama,Japanese,2023,3.2,Chris Iyer,7391443.76
6565,Broken Shadows,Sci-Fi,Hindi,2013,3.8,David Iyer,2179613968
6566,Lost Horizon,Crime,Mandarin,1987,5.1,Maria Lee,11793857.31
6567,Sacred Storm,Comedy,English,1985,6.7,Elena Kim,4589669.86
6568,Hidden Journey,Drama,Hindi,1995,2.3,Priya Rossi,16371968.41
6569,Crimson Storm,Crime,German,2026,7.9,Sanjay Patel,19067105.99
6570,Silent Shadows,Fantasy,Spanish,1996,8.3,Maria Patel,19129596.55
6571,Eternal City,Crime,English,2011,8.8,Hana Costa,10583423.37
6572,Last Flame,Animation,English,1984,7.1,Raj Sharma,10383416.72
6573,Burning Truth,Horror,Hindi,2011,2.6,Carlos Watanabe,12692901.04
6574,Sacred Kingdom,Thriller,Tamil,1981,8.2,Elena Rossi,197713442.4
6575,Last War,Sci-Fi,English,1985,2.3,Nina Fernandes,16834610.25
6576,Secret Echo,Action,Spanish,1984,8.9,Emma Patel,18434345.2
6577,Secret Storm,Action,Japanese,1988,7.8,Maria Reddy,673447.41
6578,Last Empire,Thriller,English,1980,9.2,Aiko Patel,15565122.71
6579,Sacred Storm,Horror,Korean,2007,7.4,Nina Lee,11631158.29
6580,Dark Kingdom,Drama,Spanish,2004,3,Emma Chen,10131520.68
6581,Silent Legacy,Fantasy,Spanish,1980,6.8,Anjali Nolan,17779764.79
6582,Lost Journey,Animation,Spanish,1988,3.5,Chris Smith,10453881.36
6583,Endless Legacy,Crime,English,2023,5,Sofia Fernandes,14287850.19
6584,Distant Flame,Adventure,Mandarin,2005,6.4,Nina Kapoor,1608727061
6585,Endless Path,Crime,French,1992,8.6,Carlos Reddy,134391497.5
6586,Wild City,Adventure,English,2016,9.2,Maria Kapoor,207216.41
6587,Sacred Garden,Animation,Korean,1993,9,Wei Rossi,11995905.61
6588,Sacred Symphony,Documentary,English,1993,5.1,Yuki Patel,15423982.68
6589,Shattered War,Animation,Hindi,2011,3.5,Elena Kapoor,1433146.2
6590,Shattered Flame,Horror,Korean,1999,8,James Rossi,9836230.46
6591,Forgotten City,Fantasy,Spanish,2016,3.3,Hana Fernandes,18701185.31
6592,Eternal Echo,Sci-Fi,English,2008,4.2,Anjali Rossi,420300.66
6593,Sacred Echo,Fantasy,Telugu,1986,8.5,Arjun Patel,16969138.34
6594,Golden Garden,Comedy,English,2022,4.2,Chris Reddy,9934406.55
6595,Hidden Voyage,Action,Korean,2010,7.8,Yuki Muller,15789509.56
6596,Hidden Horizon,Fantasy,Spanish,1986,7.3,Raj Wong,16725366.01
6597,Eternal Shadows,Sci-Fi,Hindi,1986,8.5,Emma Muller,13462200.13
6598,Wild Shadows,Documentary,Hindi,2013,7.9,Wei Silva,5491772.3
6599,Burning Symphony,Documentary,Spanish,1992,5.6,Emma Kapoor,15109222.35
6600,Golden Storm,Action,English,1986,5.1,Hana Reddy,16883414.29
6601,Sacred Kingdom,Animation,English,2022,7.2,Elena Sharma,2944781.24
6602,Wild Echo,Crime,Spanish,2002,2.6,Wei Fernandes,10080849.25
6603,Silent War,Documentary,Hindi,2013,2.7,Maria Costa,17987867.53
6604,Shattered Storm,Horror,Italian,2006,2.2,Nina Chen,2726198.71
6605,Frozen Echo,Action,Spanish,2000,5,Chris Chen,5594326.75
6606,Sacred Storm,Fantasy,English,1997,7,James Fernandes,18123742.73
6607,Rising Voyage,Action,English,2025,3.4,Sanjay Garcia,8120010.66
6608,Eternal Shadows,Crime,Telugu,2014,3.8,Anjali Kumar,12512261.93
6609,Rising Heart,Animation,Tamil,1994,7,Arjun Kim,7467684.32
6610,Wild Legacy,Action,Telugu,1996,8.8,Sanjay Wong,5874465.39
6611,Broken War,Documentary,Spanish,2003,4.5,David Iyer,18567017.18
6612,Broken River,Romance,Telugu,2003,6.9,Aiko Iyer,14072133.14
6613,Burning Journey,Thriller,English,2006,5.3,James Kumar,242241.06
6614,Burning River,Action,English,1990,6.2,David Iyer,3119053.55
6615,Lost Flame,Thriller,English,1994,5.9,James Chen,10148921.59
6616,Secret Echo,Crime,English,2016,6.2,Michael Patel,5959555.71
6617,Distant Voyage,Documentary,Korean,2012,2.4,Aiko Nolan,9218143.47
6618,Dark River,Action,English,1997,5.1,Sofia Kim,2132925.96
6619,Frozen Island,Animation,German,1983,4,James Garcia,15653692.56
6620,Secret Flame,Adventure,Spanish,1988,5.1,Luis Sharma,61017884.55
6621,Last Heart,Adventure,English,2017,6.4,Priya Chen,12173200.9
6622,Rising Horizon,Animation,Spanish,1986,5.2,David Silva,11814126.14
6623,Forgotten Shadows,Animation,Hindi,2002,8.7,David Reddy,143871703.2
6624,Wild Horizon,Romance,English,2006,2.7,Wei Silva,1518774633
6625,Forgotten Garden,Adventure,English,1994,2.1,Nina Lee,14388510.45
6626,Frozen City,Thriller,Italian,2011,6,Wei Smith,12818863.84
6627,Frozen Kingdom,Action,Tamil,2018,9.5,Carlos Kim,3949490.94
6628,Sacred Legacy,Adventure,Portuguese,1981,4.4,Wei Patel,14683787.33
6629,Last Shadows,Drama,Hindi,2015,4.7,Carlos Patel,11751995.32
6630,Crimson Empire,Animation,Mandarin,2025,8.9,Michael Costa,4115081.57
6631,Forgotten Horizon,Sci-Fi,Tamil,1995,4.4,Priya Nolan,4416031.83
6632,Forgotten Symphony,Adventure,English,1989,4,David Sharma,14697053.8
6633,Distant Path,Romance,Spanish,2019,7.2,Luis Reddy,4978175.16
6634,Burning Island,Comedy,English,2006,4.5,David Reddy,109725749.6
6635,Endless War,Drama,English,1999,4.8,Luis Chen,176157961.2
6636,Broken Kingdom,Animation,Spanish,2024,7.7,James Wong,18502158.23
6637,Forgotten Shadows,Sci-Fi,Telugu,1980,7.7,Chris Patel,95057395.66
6638,Midnight Symphony,Animation,Spanish,2017,7.6,Luis Muller,73041402.53
6639,Broken Echo,Drama,German,2001,6.4,Arjun Fernandes,58241500.89
6640,Hidden Symphony,Sci-Fi,Spanish,1992,7,Carlos Kumar,3851814.71
6641,Forgotten Echo,Fantasy,English,2004,7.7,Priya Iyer,14404154.08
6642,Broken Island,Comedy,English,1983,8.5,Carlos Rossi,6762750.34
6643,Sacred Heart,Romance,Portuguese,2011,4.2,Yuki Muller,545592.98
6644,Secret Garden,Sci-Fi,English,2026,3.4,Nina Muller,14150900.12
6645,Shattered War,Animation,Telugu,1996,7.1,Nina Wong,13130400.04
6646,Eternal River,Fantasy,Tamil,2002,8.1,Nina Sharma,8804592.01
6647,Sacred War,Comedy,Hindi,1983,4.5,Chris Chen,2313691.27
6648,Frozen Dream,Sci-Fi,Korean,2004,8.1,Raj Kim,12363458.02
6649,Broken Island,Action,Telugu,2020,8.5,Priya Smith,8707084.14
6650,Crimson Voyage,Romance,Hindi,2009,2.1,Aiko Nolan,191805775.9
6651,Dark Heart,Action,English,2020,2.4,James Kim,5754544.16
6652,Shattered Horizon,Drama,Telugu,1995,3.4,Raj Costa,11937463.59
6653,Frozen Storm,Horror,Portuguese,2007,9.1,James Wong,15806894.95
6654,Eternal River,Fantasy,English,2004,6,James Fernandes,186901835.3
6655,Dark Voyage,Drama,Tamil,1981,5.5,Wei Patel,14160368.04
6656,Burning Path,Crime,Hindi,2000,2.5,Elena Lee,2406328.96
6657,Crimson Horizon,Adventure,French,1993,2.1,Elena Fernandes,12304409.84
6658,Burning Garden,Adventure,Spanish,2002,4.2,Sofia Chen,58779096.44
6659,Eternal Voyage,Horror,Italian,2016,6.8,Hana Iyer,2600965.9
6660,Sacred Echo,Action,Spanish,2025,3.6,Anjali Lee,2993475.19
6661,Shattered Garden,Romance,Spanish,1996,6.9,Michael Iyer,12929215.21
6662,Broken Kingdom,Adventure,Hindi,1990,2.4,David Anderson,90953842.02
6663,Frozen Garden,Comedy,English,1987,9,Luis Kapoor,16705829.63
6664,Last Garden,Adventure,Tamil,2003,6,James Watanabe,3243638.45
6665,Lost Flame,Action,Telugu,1986,6.2,Sanjay Watanabe,110755731.5
6666,Hidden Symphony,Romance,English,2003,3.9,Hana Reddy,82314421.65
6667,Secret Kingdom,Animation,English,1995,5.6,Carlos Fernandes,1716806.55
6668,Endless Horizon,Crime,French,1988,5.2,Arjun Kim,7600486.57
6669,Wild Legacy,Drama,English,2001,3.1,Priya Garcia,19154683.36
6670,Broken Path,Drama,Hindi,2006,4.4,Maria Chen,11168735.49
6671,Secret Horizon,Fantasy,Mandarin,1989,4.7,Emma Fernandes,190487992.5
6672,Burning Storm,Animation,Mandarin,1981,4.1,David Nolan,4290462.63
6673,Hidden Path,Sci-Fi,Hindi,1996,3.8,James Lee,8453791.48
6674,Wild Empire,Comedy,Hindi,1982,4.8,David Fernandes,14981736.57
6675,Midnight Shadows,Comedy,English,2017,8.4,Yuki Muller,4376239.31
6676,Midnight Journey,Thriller,Korean,2018,6.1,Anjali Anderson,14522576.04
6677,Hidden Shadows,Thriller,Telugu,1986,3.6,Nina Watanabe,19322415.15
6678,Silent Storm,Comedy,English,1981,9.1,Sofia Silva,10171377.56
6679,Eternal Empire,Comedy,Hindi,2001,3.5,David Kumar,11230517.87
6680,Dark Dream,Romance,Hindi,2013,4.6,Nina Kumar,5428127.38
6681,Golden Flame,Animation,English,1994,6.5,Wei Silva,14672274.18
6682,Last Truth,Animation,Korean,2012,2.6,Yuki Nolan,12206991.06
6683,Rising Path,Horror,Hindi,1994,7.4,Wei Reddy,15411961.12
6684,Secret Journey,Adventure,Telugu,2022,5.6,Elena Chen,8373038.58
6685,Hidden Kingdom,Animation,English,1991,7.4,Yuki Silva,1065910.81
6686,Rising Path,Thriller,German,2005,5.7,Raj Costa,14852260.4
6687,Last Island,Thriller,Spanish,2008,6.7,Nina Lee,4779233.18
6688,Secret Symphony,Horror,Portuguese,1998,5.4,Yuki Costa,13645773.46
6689,Rising Horizon,Drama,Mandarin,1982,8.8,Hana Kim,15276200.77
6690,Dark Empire,Drama,Tamil,2018,3.4,Sanjay Patel,12416282.39
6691,Silent Legacy,Thriller,French,1993,8.9,Maria Anderson,13472977.22
6692,Sacred Empire,Crime,Japanese,2009,5.5,David Nolan,708100.01
6693,Eternal Echo,Sci-Fi,English,2015,3.5,Michael Smith,12912212.11
6694,Lost Truth,Horror,Spanish,1992,9.4,Sanjay Iyer,12931012.77
6695,Eternal Island,Romance,English,2023,6.7,David Garcia,14775062.35
6696,Wild River,Sci-Fi,English,1986,7.9,Priya Kim,7331276.87
6697,Wild Horizon,Comedy,English,1999,7.2,Hana Patel,17972484.53
6698,Broken Voyage,Fantasy,Portuguese,2024,5.7,Anjali Iyer,6366940.8
6699,Hidden Empire,Drama,Spanish,2018,2.2,Sanjay Patel,8271629.21
6700,Frozen Horizon,Comedy,Korean,2004,3.3,Priya Muller,332569.73
6701,Wild Dream,Adventure,French,1982,5,Sanjay Kapoor,29991094.12
6702,Sacred Empire,Horror,Japanese,1988,9.2,Priya Kim,175249302.3
6703,Eternal Heart,Romance,English,2003,6.6,Arjun Kim,9908723.9
6704,Crimson Dream,Drama,English,2015,9.3,James Silva,2686492.08
6705,Silent Symphony,Sci-Fi,Korean,1981,6.2,Aiko Watanabe,12787017.31
6706,Crimson Dream,Comedy,English,1995,8.6,Michael Patel,704711111.5
6707,Midnight River,Documentary,English,1990,7.9,Sanjay Anderson,15732952.24
6708,Last City,Action,English,2008,3.2,Luis Lee,8078813.38
6709,Frozen Truth,Fantasy,English,1999,8.5,Nina Rossi,15109545.37
6710,Hidden Symphony,Drama,Hindi,1999,2.1,Raj Lee,2988525.47
6711,Midnight Dream,Thriller,English,1983,6,Hana Kim,12244670.6
6712,Frozen Empire,Horror,English,2025,2.2,Raj Kumar,2131174.7
6713,Shattered Empire,Adventure,English,2025,2.7,Raj Iyer,4273665.55
6714,Frozen Echo,Action,Spanish,2004,4.6,Sofia Costa,15431050.46
6715,Crimson Voyage,Documentary,English,2002,6.2,Arjun Fernandes,35272427.26
6716,Eternal Voyage,Fantasy,English,1987,4.7,Raj Kumar,16020370.21
6717,Silent Island,Comedy,Japanese,2011,4.2,Hana Rossi,1729256.61
6718,Rising Island,Animation,Tamil,2025,3.2,Yuki Rossi,1186507.01
6719,Rising Flame,Horror,English,1985,3.9,Sanjay Reddy,14484436.28
6720,Forgotten Voyage,Horror,English,1991,7.4,Hana Nolan,10460848.15
6721,Midnight Symphony,Sci-Fi,English,2005,3.2,Yuki Watanabe,156172892.5
6722,Silent Shadows,Adventure,Tamil,2004,6.1,Nina Kapoor,309492.74
6723,Golden Garden,Romance,Portuguese,1992,7.5,Sanjay Smith,11630248.39
6724,Golden Heart,Thriller,English,1992,3,Sofia Costa,108227707.2
6725,Sacred Flame,Comedy,Spanish,2023,9.3,David Kim,14800229.86
6726,Distant Voyage,Thriller,Spanish,1995,2.3,James Anderson,1185694.07
6727,Shattered Echo,Sci-Fi,English,2005,5.9,David Kapoor,15876276.31
6728,Crimson Legacy,Comedy,English,1986,5.2,Sanjay Wong,4834101.07
6729,Eternal Shadows,Romance,Japanese,2008,6.3,Sofia Anderson,19203998.99
6730,Hidden River,Sci-Fi,Hindi,2018,2.5,Sanjay Lee,15127384.13
6731,Hidden Empire,Crime,Portuguese,2014,4.2,Luis Lee,12693496.97
6732,Frozen War,Comedy,English,2007,5.7,David Lee,5019301.93
6733,Burning City,Romance,English,2006,2.5,David Wong,16580697.57
6734,Endless Empire,Fantasy,Hindi,2019,7.6,Aiko Smith,18310399.15
6735,Burning Journey,Thriller,Tamil,2025,6.1,Maria Nolan,1490096.13
6736,Lost Truth,Adventure,Hindi,1999,5,Wei Patel,16015494.05
6737,Dark War,Sci-Fi,English,2017,5.7,James Smith,6479759.66
6738,Sacred Heart,Romance,English,2002,4.3,Luis Silva,12752403.53
6739,Sacred Shadows,Comedy,Hindi,1992,8,Elena Costa,16958056.22
6740,Burning Journey,Adventure,English,2015,4.7,Priya Reddy,80400446.16
6741,Endless Garden,Romance,Spanish,2007,2.3,Michael Silva,5093849.73
6742,Wild Path,Comedy,Spanish,2013,3.8,Michael Anderson,38870051.49
6743,Hidden Heart,Adventure,Hindi,2009,3,David Fernandes,157107477.4
6744,Golden Garden,Adventure,Hindi,1982,7.2,Luis Kapoor,14063279.72
6745,Crimson Truth,Drama,Korean,2004,4.1,Michael Kim,9169304.11
6746,Eternal Path,Crime,Korean,1987,4.4,Emma Watanabe,17736473.91
6747,Midnight War,Horror,Spanish,1992,8.7,Wei Garcia,17361480.99
6748,Dark Garden,Crime,Korean,2012,2.1,Wei Iyer,3487842.67
6749,Frozen Symphony,Comedy,Spanish,1981,5.2,Chris Patel,12008070.97
6750,Frozen Echo,Fantasy,English,2011,9.2,Wei Lee,128516559.2
6751,Dark Garden,Comedy,English,2003,2.3,Anjali Fernandes,8676702.39
6752,Sacred Legacy,Thriller,Japanese,1991,5.5,Michael Nolan,81823244.78
6753,Midnight Horizon,Drama,French,2013,4.3,Sofia Patel,11958541.77
6754,Silent Voyage,Animation,French,2000,5.7,Arjun Nolan,7405643.4
6755,Broken War,Fantasy,English,2011,5.6,Chris Garcia,2756231.26
6756,Broken Kingdom,Action,Japanese,2017,8.7,Chris Iyer,14670380.57
6757,Secret Echo,Romance,Telugu,2024,5.3,Priya Anderson,18731440.2
6758,Hidden Horizon,Horror,Mandarin,2013,4.5,Yuki Muller,1679164.25
6759,Endless Garden,Comedy,English,1986,2.8,Hana Watanabe,4221495.13
6760,Dark Dream,Drama,Japanese,2007,2.9,Wei Smith,16782483.29
6761,Frozen War,Romance,Mandarin,1987,3.3,Sofia Costa,14473774.15
6762,Midnight Journey,Adventure,German,1990,3.2,Priya Muller,4081141.27
6763,Golden Dream,Fantasy,English,2024,8.3,Raj Costa,12954967.73
6764,Wild Storm,Adventure,Korean,1987,5.6,Maria Sharma,15452966.6
6765,Midnight Horizon,Romance,Tamil,1982,9.3,Arjun Anderson,18631783.29
6766,Lost Path,Drama,English,1983,6.5,Sofia Kumar,1049858.05
6767,Hidden Echo,Sci-Fi,English,2003,9,Michael Smith,12719351.02
6768,Burning Garden,Sci-Fi,Portuguese,2007,4.8,Yuki Wong,12339747.02
6769,Rising Island,Animation,English,1989,5.8,Elena Iyer,14120924.31
6770,Broken River,Romance,Hindi,2011,8.5,Nina Anderson,10029933.64
6771,Forgotten Path,Fantasy,Korean,2017,3,Arjun Rossi,34191625.7
6772,Endless Storm,Documentary,Telugu,2023,7.4,Michael Kim,12700093.94
6773,Sacred War,Animation,Korean,2026,9.5,Anjali Muller,167034759
6774,Dark Garden,Fantasy,English,1996,6.8,Raj Chen,8190959.47
6775,Lost Horizon,Crime,English,1985,7.1,James Reddy,2237460.97
6776,Silent River,Horror,Japanese,2018,5.1,Yuki Anderson,6116589.87
6777,Secret Shadows,Adventure,Hindi,1987,3.1,Elena Patel,19006499.03
6778,Rising Heart,Animation,English,1998,7.9,Aiko Reddy,8452927.31
6779,Endless Voyage,Fantasy,French,2025,5.9,Maria Patel,3364816.19
6780,Forgotten Storm,Documentary,Japanese,1987,6.4,Chris Kumar,3919953.87
6781,Last Echo,Sci-Fi,Tamil,1985,3.1,Maria Chen,15863440.45
6782,Sacred Heart,Comedy,Tamil,1980,2.5,Arjun Smith,8777349.13
6783,Silent Journey,Romance,Mandarin,1986,5.1,Priya Smith,12113544.71
6784,Midnight Dream,Fantasy,Hindi,1991,6.9,Emma Fernandes,13213036.69
6785,Broken Empire,Drama,Tamil,1992,4.2,David Reddy,4644689.97
6786,Shattered Shadows,Animation,English,2015,8.2,David Fernandes,1367112.69
6787,Frozen Horizon,Animation,English,2017,2.4,Raj Nolan,11067252.31
6788,Silent Garden,Fantasy,English,2011,7.1,Chris Silva,16915755.37
6789,Rising Path,Animation,French,1986,4,Raj Rossi,12300740.25
6790,Endless Heart,Fantasy,English,2002,9.2,James Sharma,2839758.39
6791,Golden Flame,Romance,English,2005,9.1,Chris Reddy,1092224.68
6792,Eternal Storm,Comedy,English,1984,2.5,Raj Costa,17074951.77
6793,Eternal Heart,Romance,Spanish,1997,3.1,Carlos Kapoor,2423432.07
6794,Golden Legacy,Comedy,English,1987,6,Aiko Garcia,9825789.2
6795,Wild River,Romance,French,2012,5.1,Chris Chen,2444491.18
6796,Midnight Legacy,Sci-Fi,Portuguese,2023,5.9,Chris Chen,18539202.77
6797,Broken Legacy,Thriller,Spanish,1983,6.4,Carlos Watanabe,7921804.87
6798,Crimson Garden,Fantasy,Hindi,2013,3.2,Yuki Chen,2772102.7
6799,Forgotten Symphony,Adventure,German,1995,4.6,Michael Watanabe,9214607.07
6800,Burning Kingdom,Animation,Tamil,1988,6.7,Wei Watanabe,13301998.11
6801,Eternal River,Animation,English,2000,2.4,Yuki Reddy,15554624.58
6802,Broken War,Sci-Fi,Hindi,2004,2.5,Yuki Fernandes,13304893.25
6803,Rising Storm,Documentary,Hindi,1998,5.6,Nina Nolan,14023550.8
6804,Lost Symphony,Fantasy,English,1981,4.6,Yuki Wong,18218099.93
6805,Distant Journey,Fantasy,Hindi,1987,4.8,James Chen,8443268.04
6806,Eternal Shadows,Crime,Telugu,2005,7.5,Sanjay Costa,4012580.53
6807,Dark Horizon,Animation,English,2006,3.9,Maria Smith,2390664.5
6808,Forgotten Shadows,Action,English,2019,4.1,Luis Lee,6977236.21
6809,Forgotten Horizon,Horror,Portuguese,2022,5.4,Anjali Fernandes,107100381
6810,Dark Garden,Fantasy,Spanish,2006,3.9,Emma Smith,19500047.74
6811,Silent Flame,Documentary,Tamil,2011,8.5,Aiko Reddy,97364515.04
6812,Forgotten Voyage,Animation,Hindi,1995,2.5,Yuki Patel,10091023.54
6813,Burning City,Comedy,Japanese,1997,8.8,Raj Costa,615767.91
6814,Wild Island,Adventure,English,1992,5.8,Yuki Fernandes,1171019.53
6815,Burning Storm,Comedy,English,1999,6.5,Elena Iyer,5718786.81
6816,Silent City,Adventure,Tamil,2004,6.7,Arjun Reddy,693173.78
6817,Midnight Legacy,Sci-Fi,Tamil,2003,5.7,Wei Smith,9944656.77
6818,Silent Legacy,Crime,Spanish,1998,4.7,Raj Reddy,12461051.76
6819,Lost Symphony,Drama,Telugu,2024,7.3,Carlos Rossi,1715428.06
6820,Secret Echo,Drama,Spanish,2024,7.6,Nina Watanabe,5796627.94
6821,Shattered Flame,Adventure,Hindi,1993,8.3,Sofia Anderson,799098471.9
6822,Secret Empire,Romance,Tamil,2007,2.6,Priya Rossi,2184426.19
6823,Broken Journey,Documentary,Portuguese,2008,6.2,Nina Kapoor,16236837.93
6824,Eternal Flame,Animation,Hindi,1997,7.5,Luis Watanabe,19735097.29
6825,Broken Journey,Comedy,Tamil,1990,6.5,Yuki Costa,15634656.29
6826,Forgotten Symphony,Drama,English,1993,6.2,Raj Silva,6418678.64
6827,Hidden Shadows,Comedy,Tamil,2018,4.4,Nina Kapoor,11679278.67
6828,Broken Legacy,Fantasy,Hindi,2025,3.6,Luis Watanabe,158736944.5
6829,Broken Truth,Adventure,Telugu,1991,2.3,David Nolan,7517608.69
6830,Wild Heart,Documentary,Italian,2008,2.9,Luis Sharma,12492812.5
6831,Shattered Voyage,Comedy,Japanese,2016,5.2,Chris Fernandes,11326853.75
6832,Eternal Journey,Crime,Hindi,1987,7.7,Yuki Nolan,12420086.22
6833,Secret Dream,Crime,Telugu,2009,3.8,Wei Costa,13209583.14
6834,Rising Shadows,Action,Hindi,1993,7.6,Michael Costa,17430013.49
6835,Forgotten Journey,Adventure,English,1987,9.1,Anjali Anderson,28519278.93
6836,Frozen Heart,Romance,Italian,1996,3.9,Wei Costa,427234.74
6837,Burning Voyage,Horror,Hindi,1999,2.8,James Wong,16159133.49
6838,Silent Journey,Romance,English,2004,8.1,Carlos Rossi,13415760.28
6839,Wild Legacy,Crime,Hindi,1996,3.2,Chris Rossi,1998754314
6840,Secret War,Comedy,English,2007,6.1,Priya Muller,14703993.62
6841,Wild Symphony,Romance,English,1988,4,Sanjay Kumar,9117419.63
6842,Forgotten War,Horror,German,2021,5.7,David Garcia,3682419.54
6843,Frozen River,Horror,Korean,1997,8.6,Anjali Kumar,2013296.58
6844,Lost Journey,Animation,English,2010,7.7,Sanjay Chen,975136487.5
6845,Golden Island,Adventure,Hindi,2023,3.4,Priya Patel,1169214.16
6846,Hidden Truth,Fantasy,German,2014,9,Aiko Reddy,1168754.29
6847,Hidden Legacy,Sci-Fi,Italian,1992,5.6,James Watanabe,3095684.29
6848,Hidden Journey,Horror,Portuguese,2011,8.9,Chris Nolan,6387065.22
6849,Wild War,Animation,Hindi,1994,3.2,Nina Chen,936692.63
6850,Shattered Legacy,Crime,Korean,1986,4.8,Nina Watanabe,14715621.95
6851,Burning Symphony,Action,German,1996,4.5,Maria Garcia,99487238.54
6852,Silent River,Sci-Fi,Japanese,1995,5,Raj Kumar,1553810246
6853,Silent Dream,Horror,Telugu,1986,8.1,Yuki Smith,10818688.39
6854,Dark Garden,Crime,English,1981,9.2,Sofia Chen,15081560.55
6855,Lost Journey,Documentary,Japanese,1990,3.8,Luis Kapoor,4155681.15
6856,Distant Horizon,Animation,English,1990,8.8,Maria Reddy,6036609.69
6857,Dark Symphony,Comedy,Korean,2026,7.5,Luis Watanabe,6581910.53
6858,Distant Empire,Drama,German,1999,2.8,Raj Iyer,2511510148
6859,Distant Legacy,Documentary,French,2016,5.2,Wei Watanabe,1333228.16
6860,Midnight Flame,Thriller,Tamil,1994,8.5,Michael Lee,19219545.21
6861,Wild Shadows,Animation,French,2003,3.7,Nina Iyer,9567967
6862,Distant Truth,Crime,English,2016,3,Elena Silva,19405310.3
6863,Secret Empire,Sci-Fi,French,2026,8.1,David Smith,3616911.53
6864,Forgotten Garden,Crime,English,2002,2.5,Hana Costa,15366528.01
6865,Last Storm,Drama,Korean,1985,8.8,David Fernandes,4580530.28
6866,Sacred Legacy,Documentary,Tamil,1987,5.1,Aiko Kim,13711636.29
6867,Secret Empire,Fantasy,Italian,2023,8.4,James Watanabe,8603623.81
6868,Hidden Dream,Action,French,1990,8.4,Anjali Sharma,12448771.94
6869,Silent Path,Sci-Fi,Portuguese,1989,7.8,David Kapoor,8595546.22
6870,Lost Path,Crime,Italian,2016,8.2,Carlos Patel,186656202.7
6871,Hidden Horizon,Animation,Italian,1994,2.1,Priya Wong,17884995.25
6872,Wild River,Fantasy,English,1987,9.4,Aiko Rossi,824509725.5
6873,Shattered Journey,Sci-Fi,German,1982,3.8,Sofia Silva,18545431.36
6874,Burning Horizon,Adventure,English,2024,7,Michael Reddy,6773462.63
6875,Distant Path,Crime,Mandarin,2003,8.9,Sanjay Garcia,7498733.68
6876,Sacred Legacy,Thriller,English,2007,2.9,Elena Wong,1958836.95
6877,Last Island,Drama,German,1988,5.2,Carlos Kumar,837414.45
6878,Hidden Storm,Horror,Hindi,1987,4.5,Sofia Lee,5032297.76
6879,Last Kingdom,Drama,Hindi,2023,4.9,Michael Silva,2655288.01
6880,Golden Horizon,Animation,Telugu,1989,9.1,Chris Muller,1953739.61
6881,Eternal Shadows,Comedy,German,1988,4.7,Emma Costa,12647450.32
6882,Secret Heart,Crime,English,2015,6,Hana Lee,1721042.54
6883,Dark Empire,Documentary,Portuguese,1980,6.4,Hana Muller,13449032.52
6884,Distant Garden,Documentary,Hindi,2015,7,Sofia Reddy,30432111.28
6885,Shattered Voyage,Documentary,Hindi,2009,4.6,Nina Nolan,16534530.35
6886,Crimson Heart,Sci-Fi,Hindi,2008,2.2,Anjali Costa,16061285.29
6887,Golden Dream,Documentary,French,2016,6,Hana Costa,159441058.5
6888,Dark Shadows,Thriller,English,2024,2.2,Elena Smith,19307945.95
6889,Silent Legacy,Drama,Hindi,1984,8.4,Arjun Kumar,2243409.39
6890,Rising Heart,Documentary,German,2006,7.9,Aiko Iyer,13596228.58
6891,Secret City,Action,Spanish,2001,4.6,Arjun Kim,4853365.96
6892,Frozen Dream,Crime,Telugu,2012,3.9,Maria Lee,13454193.29
6893,Distant Garden,Documentary,Japanese,1989,4.6,Arjun Silva,13602993.44
6894,Lost Journey,Sci-Fi,Tamil,2008,7.1,Sanjay Chen,17079306.69
6895,Broken Kingdom,Fantasy,Korean,2019,6.5,Carlos Sharma,19344274.06
6896,Broken Truth,Fantasy,English,1982,7,Sofia Patel,36342764.74
6897,Burning Path,Sci-Fi,Portuguese,2000,8.2,Arjun Wong,4476341.14
6898,Silent City,Action,English,1994,9.3,Michael Fernandes,17735923.15
6899,Silent Horizon,Comedy,English,2005,5.3,Chris Chen,10215093.76
6900,Distant Echo,Crime,English,2021,4.9,Anjali Costa,8030210.07
6901,Lost Path,Thriller,Hindi,2003,4.3,Anjali Fernandes,17396653.04
6902,Eternal Island,Sci-Fi,French,1998,9.1,Chris Nolan,14509775.25
6903,Endless Horizon,Thriller,English,2010,5.8,Luis Anderson,19579425.87
6904,Dark Heart,Fantasy,Hindi,1991,8.5,Elena Wong,4205360.16
6905,Midnight Legacy,Romance,Japanese,2019,4.5,Arjun Nolan,5102502.1
6906,Burning Empire,Action,Hindi,1996,6.9,Sanjay Sharma,11250466.61
6907,Sacred Heart,Thriller,English,1982,2.4,Yuki Patel,11361495.04
6908,Sacred Echo,Sci-Fi,Hindi,1995,7.3,Arjun Rossi,51999864.76
6909,Shattered City,Horror,German,1983,7.7,Luis Lee,19067019.26
6910,Endless River,Sci-Fi,Telugu,2026,6.5,Sofia Smith,16993775.94
6911,Burning Horizon,Sci-Fi,English,2014,2.2,Emma Sharma,13142574.85
6912,Distant Kingdom,Animation,French,2021,5.6,Anjali Kapoor,1622393.59
6913,Wild Heart,Fantasy,Hindi,2012,5.1,Raj Anderson,5142043.3
6914,Midnight Storm,Drama,Korean,1991,8.7,Anjali Iyer,1043083959
6915,Broken Journey,Romance,English,2023,2,Yuki Sharma,3733631.25
6916,Endless Storm,Thriller,Hindi,2015,8.1,Priya Smith,8665412.32
6917,Forgotten Empire,Action,Tamil,1987,3.1,Raj Nolan,4201382.16
6918,Burning Kingdom,Horror,English,2015,3.2,Chris Reddy,169154785.8
6919,Hidden Shadows,Documentary,Telugu,2023,9.2,Sanjay Watanabe,19857630.06
6920,Hidden Kingdom,Comedy,Japanese,2008,7.9,Chris Kumar,166881602
6921,Burning Path,Sci-Fi,English,2018,5.8,Chris Watanabe,24996773.12
6922,Wild River,Fantasy,Spanish,1986,3,Nina Silva,12480899.86
6923,Last Island,Horror,Korean,1999,4.1,Elena Silva,17271547.68
6924,Rising Garden,Documentary,Hindi,1994,7.9,Sanjay Anderson,5332458.17
6925,Rising Journey,Animation,Portuguese,2001,2.3,Arjun Patel,1314144192
6926,Distant Path,Documentary,Korean,1993,9.1,David Silva,14853511.37
6927,Golden Shadows,Sci-Fi,Spanish,2021,7.3,David Fernandes,10366440.18
6928,Rising War,Fantasy,English,2012,8.8,Aiko Garcia,7044800.95
6929,Dark Storm,Animation,Spanish,2003,5,Raj Silva,16584816.75
6930,Hidden Kingdom,Animation,Portuguese,1993,5.8,Raj Patel,2052252487
6931,Forgotten City,Action,Hindi,2001,2.2,David Rossi,4504004.94
6932,Last Symphony,Comedy,English,1998,5.5,Wei Anderson,19243516.36
6933,Last Heart,Romance,Hindi,2001,5.4,Raj Anderson,17889437.43
6934,Silent Island,Romance,Korean,2025,3.5,Sanjay Fernandes,13486630.78
6935,Rising Symphony,Crime,English,1989,2.3,Sanjay Silva,13314327.09
6936,Silent Shadows,Thriller,Hindi,1999,6.6,Elena Chen,13139005.47
6937,Sacred Garden,Crime,Spanish,2019,8.5,Anjali Kim,1522811.64
6938,Forgotten Symphony,Crime,Italian,1986,6,Michael Wong,6852256.43
6939,Forgotten River,Romance,Japanese,1985,4.4,David Kumar,8193527.82
6940,Wild Legacy,Crime,Spanish,1993,4.2,Arjun Wong,54623517.07
6941,Wild War,Drama,English,1994,8.7,Carlos Patel,1938776.45
6942,Lost Empire,Horror,English,1984,7.9,Hana Costa,2783673.34
6943,Golden Garden,Crime,Korean,2013,4.3,Anjali Reddy,58279708.32
6944,Dark War,Action,Korean,1982,3.3,Wei Kapoor,19277481.26
6945,Eternal River,Documentary,Mandarin,1989,9,Aiko Smith,16615716.38
6946,Sacred Empire,Comedy,Hindi,1990,8.6,Aiko Wong,12619627.38
6947,Secret Journey,Sci-Fi,English,1992,2.6,Michael Garcia,21426962.12
6948,Eternal City,Drama,German,2014,3.5,Sofia Smith,185281486.3
6949,Golden City,Adventure,Hindi,1981,7,Carlos Kim,14449145.99
6950,Shattered City,Horror,Hindi,2013,8.7,Michael Kim,7815529.83
6951,Midnight River,Thriller,Mandarin,1995,4.7,Arjun Kumar,17832219.13
6952,Secret Heart,Crime,French,1982,6.1,Carlos Anderson,3987419.4
6953,Crimson Legacy,Sci-Fi,English,2013,7.8,Elena Garcia,16843131.23
6954,Hidden Flame,Drama,Tamil,1994,8.3,Luis Kim,5407164.39
6955,Golden Storm,Adventure,German,2018,3.2,Raj Fernandes,15631579.16
6956,Eternal Garden,Romance,English,2023,7.3,Emma Kapoor,2670387594
6957,Lost Symphony,Adventure,Japanese,1998,6.3,Emma Muller,1372161.78
6958,Endless Empire,Horror,English,1999,4.7,Sanjay Kim,5305185.85
6959,Silent Empire,Thriller,Japanese,1998,5.1,Anjali Fernandes,2065870.45
6960,Frozen Garden,Adventure,Hindi,1998,5.2,Priya Kapoor,15942816.48
6961,Distant Empire,Animation,Portuguese,2017,3.5,Raj Garcia,11428792.56
6962,Eternal Garden,Fantasy,Telugu,1988,7.2,Sanjay Kumar,18347606.43
6963,Shattered Flame,Documentary,Hindi,2009,7.3,Anjali Rossi,12727107.24
6964,Sacred Horizon,Adventure,Hindi,2008,3.3,Arjun Wong,33517108.2
6965,Hidden Kingdom,Fantasy,Korean,1996,8.5,Aiko Fernandes,16615921.18
6966,Distant Empire,Documentary,French,2022,5.7,David Garcia,18155016.56
6967,Shattered Symphony,Sci-Fi,Japanese,1997,3.4,Emma Nolan,8475737.27
6968,Burning Symphony,Crime,Telugu,2025,4.5,Sofia Anderson,19308365.19
6969,Midnight Voyage,Documentary,German,2000,2.8,Sofia Kim,125508033.7
6970,Forgotten Horizon,Drama,Hindi,1993,5.5,Carlos Kapoor,6680161.18
6971,Last Kingdom,Drama,German,1991,8.9,Carlos Smith,12212125.29
6972,Burning Shadows,Romance,Hindi,2002,8.3,Sanjay Lee,9698583.85
6973,Distant Legacy,Action,Hindi,1986,3.7,Emma Garcia,2034012.3
6974,Last Path,Crime,Korean,2025,6.7,Sofia Kim,9099181.05
6975,Shattered War,Crime,French,2017,3.2,Chris Muller,127155958.5
6976,Shattered River,Thriller,English,1997,3.9,Emma Rossi,19767885.9
6977,Wild Truth,Fantasy,Spanish,2000,5.4,Raj Wong,192482996.4
6978,Frozen Truth,Drama,English,2008,8.3,Michael Patel,10542342.64
6979,Forgotten City,Crime,French,2022,2.6,Luis Garcia,19303637.18
6980,Golden Voyage,Adventure,English,2016,6,Elena Garcia,18155130.54
6981,Burning Echo,Comedy,Japanese,1995,2.3,Nina Patel,49588869.76
6982,Rising Heart,Thriller,English,1987,3.1,Carlos Kapoor,5883867.36
6983,Eternal Symphony,Comedy,Mandarin,2021,4.1,Michael Silva,9612166.21
6984,Hidden Truth,Romance,Portuguese,2010,5.3,Wei Patel,6781232.26
6985,Eternal Flame,Fantasy,Hindi,2010,8.2,Sanjay Lee,13727538.81
6986,Hidden Shadows,Romance,Korean,1984,5,Elena Patel,5435795.15
6987,Burning Legacy,Crime,French,1985,8.2,Hana Rossi,10418636.94
6988,Forgotten Island,Drama,Spanish,1981,2.7,Sanjay Sharma,2798468.58
6989,Golden Horizon,Action,Spanish,2004,4.7,Elena Rossi,54839201.21
6990,Sacred Legacy,Animation,Japanese,2002,4.8,Raj Chen,94966739.69
6991,Rising Heart,Crime,Japanese,1988,5.8,Priya Kumar,16122196.49
6992,Broken Journey,Romance,Mandarin,2026,2.9,Luis Fernandes,2736187.36
6993,Burning Kingdom,Crime,Spanish,2026,4.9,Wei Muller,19945004.57
6994,Eternal City,Thriller,English,2025,3.3,Michael Nolan,15089425.06
6995,Wild Garden,Documentary,English,2008,2.4,Yuki Fernandes,13048327.57
6996,Secret Echo,Animation,English,2018,3.5,Sofia Nolan,102149300.6
6997,Last River,Thriller,English,1980,8,Arjun Patel,12210104.46
6998,Burning Flame,Fantasy,Portuguese,1986,3.3,Sanjay Nolan,3902135.74
6999,Silent Journey,Horror,English,1990,8.4,Carlos Chen,75612309.45
7000,Broken Kingdom,Crime,Korean,2024,6.6,Raj Wong,663194376.3
7001,Golden Legacy,Documentary,Hindi,2010,2.5,Elena Iyer,7611748.17
7002,Silent City,Thriller,Korean,1988,3.5,Emma Muller,5341727.58
7003,Golden Journey,Romance,Spanish,2000,4.6,Priya Nolan,5063566.7
7004,Golden Journey,Adventure,Spanish,2003,4.1,Wei Rossi,10279479.37
7005,Secret Echo,Sci-Fi,Hindi,2024,8.6,Nina Garcia,9013983.71
7006,Dark Legacy,Drama,Hindi,1984,8.5,Sofia Lee,3451625.65
7007,Frozen Storm,Romance,Portuguese,2019,7.7,Hana Costa,370206.17
7008,Hidden City,Animation,Japanese,2001,5.9,Anjali Lee,2195110.59
7009,Midnight Path,Adventure,Portuguese,1993,2.5,Raj Nolan,10454694.89
7010,Frozen Shadows,Thriller,English,1984,2.6,Priya Costa,16569722.5
7011,Crimson Path,Drama,English,1993,9.1,Chris Kim,4942799.46
7012,Wild Dream,Romance,Hindi,1996,8.2,Arjun Kim,7537627.73
7013,Crimson City,Thriller,German,2003,6.2,Sanjay Anderson,9513938.15
7014,Endless Legacy,Adventure,Mandarin,2005,8.1,Anjali Rossi,42046785.65
7015,Golden Path,Adventure,Hindi,2026,5.3,Hana Costa,1652096.75
7016,Silent Truth,Animation,English,2011,8,Wei Kumar,11844755.84
7017,Last Truth,Sci-Fi,Hindi,1988,5.9,Arjun Kapoor,5288733.49
7018,Rising Legacy,Action,German,1996,8.9,Raj Rossi,18272921.75
7019,Hidden Empire,Action,English,1980,9.2,Wei Smith,4785400.71
7020,Midnight Kingdom,Adventure,English,2005,5.4,Michael Costa,15222925.18
7021,Midnight Symphony,Action,English,2013,5.9,Elena Patel,9192905.56
7022,Hidden Kingdom,Sci-Fi,Japanese,1994,7.5,Anjali Kapoor,8394624.53
7023,Last Dream,Adventure,English,2008,6.7,Sanjay Sharma,17792555.9
7024,Eternal Island,Sci-Fi,English,2002,8,Anjali Garcia,15687165.24
7025,Secret Shadows,Thriller,Telugu,1981,4.8,Carlos Kapoor,19318292.93
7026,Secret River,Animation,Spanish,1993,2.4,Aiko Silva,12678735.02
7027,Distant Path,Drama,Hindi,1998,4.1,Anjali Smith,19332843.93
7028,Secret Flame,Romance,French,1981,8.6,David Fernandes,99874361.9
7029,Dark Garden,Documentary,Mandarin,2018,9.1,James Silva,17398976.93
7030,Last Island,Adventure,Spanish,1997,4.7,Raj Nolan,10339888.89
7031,Crimson Island,Adventure,Telugu,1991,7,Aiko Watanabe,6465104.08
7032,Lost Truth,Horror,Tamil,2010,2.9,Arjun Lee,7628901.91
7033,Broken Empire,Fantasy,Hindi,1993,5.7,Anjali Fernandes,7447830.63
7034,Broken Heart,Adventure,Tamil,2008,3,Anjali Chen,18244207.91
7035,Secret Storm,Romance,Portuguese,1984,7.6,David Iyer,4605119.68
7036,Rising Symphony,Action,English,1991,6.3,Nina Lee,12180233.24
7037,Rising Garden,Drama,Korean,1991,3.1,James Sharma,9437801.94
7038,Broken Shadows,Horror,French,2025,4.1,Carlos Nolan,16309545.94
7039,Rising Echo,Fantasy,French,1989,7.2,Carlos Muller,14482080.81
7040,Wild Truth,Adventure,Italian,2006,7.4,Sanjay Kapoor,5942168.34
7041,Sacred Voyage,Comedy,Japanese,1981,6.8,Arjun Kapoor,9155172.5
7042,Endless War,Comedy,English,1984,7.4,Yuki Sharma,17359117.33
7043,Endless Dream,Action,Tamil,2016,5.4,Hana Wong,1242043.78
7044,Distant Dream,Romance,Spanish,1988,7.2,Anjali Muller,3572093.3
7045,Eternal Shadows,Documentary,Hindi,2009,4.1,Emma Lee,12069097.84
7046,Last Island,Fantasy,Mandarin,1982,3.4,Maria Anderson,16736095.6
7047,Sacred Echo,Documentary,German,1985,2.6,Maria Rossi,10485328.8
7048,Broken Dream,Thriller,German,1989,9.1,Elena Patel,5333290.87
7049,Distant Horizon,Crime,Mandarin,2006,6.7,Carlos Lee,5244894.47
7050,Distant City,Adventure,English,1995,9.2,Carlos Iyer,2108208.37
7051,Midnight Symphony,Documentary,English,2019,9.3,Raj Nolan,7095207.84
7052,Shattered Island,Sci-Fi,Hindi,2006,5,Priya Costa,76924160.69
7053,Eternal Legacy,Romance,Mandarin,2014,6.6,David Fernandes,2381650.89
7054,Endless Shadows,Fantasy,Portuguese,1996,3.8,Michael Smith,12885871.83
7055,Wild Truth,Fantasy,English,1994,5.9,Luis Nolan,159556072.2
7056,Crimson Flame,Adventure,Spanish,2020,6.5,Elena Chen,10795992.62
7057,Secret Kingdom,Drama,English,1997,8.1,Sofia Reddy,16825494.71
7058,Wild Symphony,Documentary,Spanish,2011,7.1,Carlos Wong,10337350.44
7059,Forgotten Shadows,Drama,Hindi,1995,9.4,David Nolan,17464662.72
7060,Lost Echo,Action,Hindi,2002,2.7,Priya Silva,4931416.65
7061,Shattered Storm,Drama,Telugu,2011,6.6,Emma Anderson,8697567.04
7062,Midnight Echo,Comedy,Spanish,1986,4.1,Michael Fernandes,17447988.13
7063,Midnight Storm,Horror,French,2007,2.8,Sofia Fernandes,120704269.5
7064,Endless Echo,Adventure,English,2012,8.5,Sanjay Reddy,11754515.51
7065,Midnight Storm,Fantasy,Korean,1997,3.9,Michael Muller,17836492.17
7066,Crimson Kingdom,Horror,Tamil,2026,7.3,Maria Smith,3199812.92
7067,Last Heart,Fantasy,German,2020,6.2,Yuki Wong,515005.47
7068,Wild Island,Romance,Japanese,1981,9.5,Priya Rossi,18120502.74
7069,Hidden War,Action,Telugu,2008,4.1,Priya Fernandes,5205336.88
7070,Last Horizon,Crime,English,1988,6.8,Arjun Fernandes,2928684.95
7071,Forgotten Island,Comedy,English,1995,5.4,Michael Watanabe,11011284.62
7072,Midnight Flame,Documentary,English,1998,8.7,David Sharma,127935686.9
7073,Endless Flame,Action,English,1985,8.5,Emma Lee,161212807.3
7074,Last River,Horror,English,2007,3.1,Yuki Fernandes,5222730.09
7075,Crimson Heart,Horror,Mandarin,1995,6,Sofia Lee,142925602.8
7076,Wild Dream,Adventure,English,1997,8.2,Carlos Watanabe,4341966.12
7077,Shattered Truth,Action,Hindi,1982,7.7,Chris Rossi,11068294.14
7078,Crimson Path,Comedy,Italian,2014,2.1,Yuki Anderson,10956432.32
7079,Lost Path,Thriller,Hindi,1991,7.3,Wei Muller,13368160.59
7080,Hidden Shadows,Horror,Spanish,1980,2.5,Michael Patel,107754584.9
7081,Last Kingdom,Horror,Hindi,2022,7.8,Luis Anderson,17632241.2
7082,Hidden Island,Sci-Fi,Japanese,2016,9.3,Nina Lee,13619841.84
7083,Dark Heart,Adventure,English,2020,8.7,Raj Patel,575346.11
7084,Wild Empire,Adventure,Japanese,2013,8.6,Sofia Kapoor,7322733.9
7085,Last War,Comedy,Korean,2010,6.4,Hana Nolan,19412871.9
7086,Secret Heart,Documentary,Korean,2003,2.8,Raj Lee,1582859.49
7087,Hidden Path,Action,Tamil,1991,7.5,Maria Sharma,13386026.38
7088,Lost Flame,Fantasy,Portuguese,2026,3.1,Emma Wong,11710622.78
7089,Midnight Storm,Fantasy,English,2004,5.6,Sofia Chen,15372213.26
7090,Shattered Voyage,Crime,Hindi,1991,9.4,Arjun Watanabe,12886059.38
7091,Dark River,Drama,French,1982,8.5,Aiko Rossi,3692622.58
7092,Shattered Journey,Documentary,German,1984,8.2,David Kapoor,1606109.18
7093,Silent Journey,Thriller,Korean,1983,6.3,Carlos Watanabe,11293837.35
7094,Secret Shadows,Documentary,English,2021,3.2,Arjun Lee,16045986.69
7095,Last Heart,Animation,Japanese,2021,4,Hana Chen,17659965.34
7096,Broken Voyage,Comedy,Korean,2015,3.1,Yuki Rossi,927216.83
7097,Frozen Truth,Sci-Fi,Hindi,1997,6.1,Arjun Wong,19249997.22
7098,Silent Horizon,Drama,Hindi,2004,5.1,Nina Smith,17258155.56
7099,Broken Echo,Comedy,English,1986,3.4,Aiko Watanabe,3000022.81
7100,Rising Horizon,Horror,Korean,2000,3.9,Arjun Reddy,17193810.14
7101,Forgotten Island,Comedy,Spanish,1989,8.9,Raj Iyer,156342172.3
7102,Crimson City,Documentary,English,2008,4.6,Maria Iyer,2468803.51
7103,Secret Path,Thriller,Hindi,1990,7.9,Sofia Reddy,9454424.39
7104,Secret Flame,Documentary,Spanish,1992,6.7,Chris Iyer,99326285.28
7105,Burning Flame,Thriller,German,2018,8,Emma Reddy,17679210.01
7106,Sacred Garden,Romance,English,1999,8.5,Sanjay Kapoor,4602926.84
7107,Midnight War,Horror,English,2025,6.3,Emma Watanabe,9998711.61
7108,Sacred Island,Adventure,Spanish,1985,6.2,Nina Kumar,167099491.3
7109,Wild Horizon,Romance,English,1991,2.1,Priya Kumar,8869420.09
7110,Last Path,Sci-Fi,Spanish,2024,2.6,Anjali Anderson,11780502.19
7111,Midnight War,Drama,Hindi,1994,4.8,Michael Muller,8891274.77
7112,Crimson Garden,Sci-Fi,Tamil,1982,2.8,James Reddy,5436159.66
7113,Forgotten Voyage,Action,English,2018,6.9,Yuki Patel,6864131.27
7114,Last Garden,Comedy,Portuguese,2026,2.1,Priya Iyer,5472203.4
7115,Dark Horizon,Fantasy,Telugu,1995,7.7,Nina Kumar,3550800.19
7116,Last River,Documentary,Hindi,2012,9.2,Sofia Rossi,33757500.13
7117,Sacred Empire,Comedy,French,2013,4.9,Carlos Reddy,2260904.18
7118,Secret Kingdom,Documentary,Japanese,2025,9.1,Carlos Iyer,17402655.61
7119,Eternal Garden,Crime,Tamil,2003,3.4,Priya Kapoor,8383209.47
7120,Distant Island,Comedy,Mandarin,2024,5.2,Nina Anderson,13358366.71
7121,Frozen Voyage,Documentary,Spanish,2014,8,Aiko Patel,1192459.81
7122,Shattered Storm,Horror,English,2023,3,Chris Garcia,70985502.77
7123,Forgotten City,Adventure,English,2000,3.1,Aiko Kumar,75852643.7
7124,Endless Echo,Thriller,Korean,2013,6,Emma Rossi,5647053.46
7125,Burning Truth,Sci-Fi,Hindi,1981,8.9,Chris Kumar,3835559.98
7126,Silent Voyage,Romance,French,1980,2.3,Yuki Nolan,14619256.57
7127,Golden Island,Fantasy,English,1994,6.3,Maria Rossi,13275343.41
7128,Last Flame,Romance,Korean,1982,7.1,Michael Kim,4741769.44
7129,Golden Empire,Adventure,Mandarin,1988,2.6,Sofia Kapoor,2308725.82
7130,Wild Heart,Sci-Fi,English,2011,5.3,Elena Kim,9978332
7131,Midnight Kingdom,Drama,Hindi,2011,4.6,Hana Watanabe,14577076.86
7132,Crimson River,Crime,Hindi,1995,4.7,Sofia Rossi,18061426.45
7133,Hidden Empire,Comedy,Japanese,2023,3,James Silva,518705393.3
7134,Frozen City,Adventure,English,1997,3.1,Michael Nolan,19095527.02
7135,Dark Truth,Crime,Tamil,2005,3,Elena Patel,12551945.23
7136,Lost Symphony,Animation,Telugu,1986,5.8,Sofia Iyer,99141623.1
7137,Frozen Horizon,Crime,Tamil,1991,7.1,Sofia Muller,7518270.57
7138,Secret Storm,Crime,Telugu,2019,7.3,Arjun Kim,16840706.18
7139,Forgotten War,Action,Japanese,2009,4.1,Arjun Watanabe,7975851.16
7140,Last Path,Adventure,English,1994,2.1,Anjali Chen,10749326.14
7141,Distant Horizon,Adventure,German,1991,2.6,Arjun Nolan,154073722
7142,Sacred Journey,Drama,French,1996,5.6,Michael Patel,8658537.34
7143,Eternal Heart,Horror,English,2018,6.8,Chris Reddy,10878285.17
7144,Lost Voyage,Romance,Spanish,1997,7.8,Emma Reddy,5678816.4
7145,Crimson Voyage,Fantasy,English,2015,5,Luis Garcia,8050953.33
7146,Midnight River,Comedy,English,2004,6,James Kim,14597855.55
7147,Burning City,Drama,English,2012,8.9,Michael Smith,16650351.6
7148,Sacred War,Thriller,English,1990,5.8,Anjali Fernandes,9499864.53
7149,Wild Journey,Animation,French,2021,7.7,Sofia Patel,1928701.85
7150,Crimson Truth,Comedy,Hindi,2004,4.8,David Lee,141486331.5
7151,Endless Journey,Thriller,English,1990,2,Elena Watanabe,10781025.91
7152,Lost Echo,Adventure,Japanese,2014,3,Chris Nolan,127264495.3
7153,Forgotten Voyage,Drama,Tamil,2003,7.6,Emma Reddy,10241970.07
7154,Eternal Garden,Crime,German,2020,8.3,James Chen,122286.15
7155,Broken Shadows,Action,English,1993,4.7,Sofia Sharma,9140684.46
7156,Frozen River,Sci-Fi,Spanish,1994,9.1,Emma Kim,19024173.83
7157,Midnight Path,Thriller,Hindi,2012,5.1,Luis Silva,199055223.6
7158,Secret Flame,Adventure,English,2016,6.1,Emma Iyer,5349502.47
7159,Hidden Garden,Documentary,Spanish,2007,6.2,Priya Lee,9695465.36
7160,Silent Dream,Animation,Telugu,2019,8.1,Aiko Rossi,14651912.34
7161,Frozen Flame,Fantasy,English,1993,2.8,Aiko Kapoor,19873500.88
7162,Forgotten War,Romance,Korean,2021,2.8,Emma Iyer,12556111.66
7163,Midnight City,Adventure,German,1998,6.5,Sofia Muller,18221283.32
7164,Broken Dream,Documentary,Spanish,2019,3.8,Michael Watanabe,14705956.45
7165,Golden Empire,Animation,Telugu,1983,9.1,Raj Watanabe,93923686.83
7166,Eternal Heart,Action,English,1982,7.7,Michael Silva,11896053.7
7167,Broken Heart,Animation,Tamil,2021,3.9,Michael Sharma,5344682.48
7168,Forgotten Shadows,Comedy,Hindi,2020,3.7,James Chen,12318667.93
7169,Midnight Voyage,Drama,Hindi,2015,4.1,Luis Kapoor,2766964.38
7170,Lost River,Animation,Japanese,2001,5,Maria Lee,279084.45
7171,Hidden Journey,Drama,English,2008,5.4,David Wong,7458360.2
7172,Sacred River,Animation,English,1996,6.9,Luis Watanabe,3364468.22
7173,Endless Island,Sci-Fi,English,1986,7.8,Raj Chen,6985823.53
7174,Forgotten Truth,Action,English,1984,8.8,Sanjay Muller,5889086.67
7175,Sacred Kingdom,Animation,Tamil,2020,4.1,Emma Muller,705957342.2
7176,Distant City,Thriller,Hindi,1994,2.9,Aiko Chen,13343481.33
7177,Shattered Voyage,Animation,Spanish,1980,5.6,Luis Muller,18764584.05
7178,Midnight Journey,Comedy,Japanese,1999,7.2,Aiko Kumar,14342103.31
7179,Forgotten Dream,Horror,Portuguese,2009,3.5,Wei Silva,10927786.2
7180,Golden Symphony,Adventure,Korean,1984,8.2,Sanjay Patel,12891416.03
7181,Last Horizon,Sci-Fi,English,1999,7.2,Raj Silva,5109526.83
7182,Dark Journey,Thriller,Spanish,2000,4.3,Priya Iyer,2499784.41
7183,Eternal Flame,Horror,Japanese,1991,8.4,Elena Kim,1503332.82
7184,Rising Empire,Documentary,Tamil,2010,8.3,Sanjay Lee,6866449.25
7185,Lost Island,Sci-Fi,English,1986,4.5,Sofia Chen,19199977.17
7186,Golden Heart,Animation,Spanish,2020,2.6,Aiko Watanabe,10338822.33
7187,Distant Island,Action,Hindi,2015,7,Chris Garcia,7574292.94
7188,Hidden Legacy,Drama,Portuguese,2005,2.3,Raj Reddy,124892628.9
7189,Burning War,Drama,Japanese,2014,5.9,Chris Rossi,505744828.9
7190,Crimson Legacy,Drama,Telugu,1994,8.7,Sanjay Wong,9648151.44
7191,Silent Island,Crime,Japanese,2024,4.9,Arjun Wong,14328453.14
7192,Dark Kingdom,Sci-Fi,Hindi,2022,7.9,Hana Kumar,5785820.82
7193,Midnight River,Sci-Fi,English,2013,6.9,Anjali Lee,161833.58
7194,Dark City,Action,Hindi,1985,8.7,Aiko Anderson,1087114.48
7195,Wild Flame,Romance,English,1992,3.8,Hana Garcia,14334410.09
7196,Silent Symphony,Action,English,2022,4.4,Anjali Costa,14678824.97
7197,Burning Journey,Romance,Tamil,2020,4.3,Arjun Kim,17533848.28
7198,Dark Empire,Romance,Telugu,2026,8.8,Sanjay Wong,3228772.17
7199,Lost Heart,Comedy,English,2025,7.8,Elena Fernandes,4590130.12
7200,Broken Voyage,Thriller,English,1991,5.7,Michael Costa,10091904.82
7201,Dark War,Drama,Telugu,1996,9.1,Michael Anderson,10991123
7202,Frozen Echo,Documentary,Hindi,2026,3.2,Wei Costa,12901270.22
7203,Burning Legacy,Sci-Fi,French,2018,2.4,Luis Garcia,9234759.51
7204,Crimson Island,Documentary,Japanese,2025,5.2,David Fernandes,7212228.86
7205,Broken Heart,Thriller,Portuguese,1999,6.8,Nina Patel,14753605.94
7206,Last Legacy,Documentary,Tamil,1991,5,Wei Watanabe,11383386
7207,Sacred Shadows,Documentary,English,2010,8.1,Yuki Anderson,17703237.05
7208,Golden City,Action,Spanish,2000,8.6,Nina Garcia,6623926.24
7209,Shattered Garden,Romance,Spanish,1993,3.4,Aiko Garcia,6455248.22
7210,Last Flame,Sci-Fi,Tamil,2015,4.2,Yuki Kapoor,13001188.17
7211,Sacred City,Crime,Spanish,2004,9,Emma Patel,5484799.58
7212,Shattered War,Documentary,French,2018,6.5,Elena Kim,11393815.07
7213,Sacred Dream,Action,English,2023,3.4,Luis Watanabe,17249634.17
7214,Crimson City,Horror,Italian,2017,2.9,Emma Muller,142783098.9
7215,Lost River,Animation,Hindi,2008,6.4,Hana Fernandes,17900277.58
7216,Silent Truth,Romance,Portuguese,1994,8.4,James Anderson,19489332.43
7217,Distant Flame,Animation,English,1994,7,Nina Kapoor,6842049.74
7218,Midnight City,Horror,Italian,1989,8.2,Aiko Patel,1544280251
7219,Endless Journey,Romance,Tamil,2007,4.6,Yuki Lee,10162630.18
7220,Frozen Horizon,Animation,Italian,1994,4.4,Elena Sharma,2442889.31
7221,Broken River,Horror,English,1985,8.2,Carlos Fernandes,10395688.08
7222,Hidden River,Documentary,Telugu,1985,7,Emma Nolan,7397073.52
7223,Eternal River,Horror,English,2023,9.1,Arjun Sharma,7158224.73
7224,Lost Empire,Sci-Fi,Hindi,1982,7.2,Raj Iyer,4663559.36
7225,Dark Horizon,Sci-Fi,French,2019,2.2,Elena Rossi,90419.21
7226,Sacred Legacy,Romance,Portuguese,2013,5.7,David Smith,8435321.23
7227,Lost Truth,Sci-Fi,English,2026,3.5,Priya Lee,13611631.11
7228,Hidden Island,Fantasy,Hindi,1982,4.9,Anjali Garcia,18632279.38
7229,Burning Path,Animation,Hindi,1991,6.5,Nina Anderson,14372195.96
7230,Forgotten Garden,Documentary,Spanish,2010,6.4,Yuki Costa,3441607.26
7231,Wild Voyage,Animation,Spanish,2012,2.4,Wei Muller,9639865.88
7232,Last War,Fantasy,Mandarin,2019,7.9,James Silva,13277531.54
7233,Forgotten Voyage,Adventure,Spanish,1999,2.7,Chris Kumar,180009408.8
7234,Secret City,Crime,Korean,2009,3.8,Aiko Iyer,1345230.43
7235,Hidden City,Thriller,Hindi,1992,9.1,Michael Patel,19078367.85
7236,Golden Empire,Horror,Korean,2020,4.5,Michael Iyer,14818520.02
7237,Dark Legacy,Horror,English,2000,3.6,Yuki Reddy,9118032.69
7238,Sacred River,Sci-Fi,Mandarin,2025,8,Chris Watanabe,3048640.27
7239,Last Dream,Documentary,Spanish,2008,6.2,Anjali Sharma,7760703.49
7240,Shattered Storm,Adventure,English,2009,9.1,Michael Silva,117657202.3
7241,Crimson Kingdom,Animation,Italian,2013,7.4,Chris Iyer,10051727.01
7242,Endless Legacy,Thriller,Portuguese,2020,4.5,Sanjay Rossi,8415527.01
7243,Midnight Island,Adventure,English,2023,4.6,Priya Rossi,3789683.28
7244,Forgotten Flame,Animation,Italian,1993,9.2,Emma Rossi,14439435.97
7245,Broken Shadows,Thriller,English,1993,8,Elena Watanabe,16371837
7246,Silent Legacy,Animation,Mandarin,2010,5.1,Elena Patel,7270645.76
7247,Forgotten Voyage,Crime,Hindi,2022,3.2,Arjun Iyer,8337765.85
7248,Wild River,Animation,Tamil,1988,8,Sofia Silva,1653993663
7249,Last Journey,Adventure,Japanese,1987,7.4,Priya Garcia,109524379.9
7250,Hidden Kingdom,Animation,English,2010,7.9,Yuki Lee,17714739.99
7251,Hidden Echo,Comedy,English,2009,5.6,Priya Kumar,7195756.97
7252,Sacred Dream,Action,English,2024,2.7,Emma Silva,14001423.62
7253,Wild Truth,Horror,Hindi,1999,8.7,Aiko Costa,13822176.92
7254,Eternal Path,Fantasy,Japanese,2024,3.4,Chris Wong,4179094.88
7255,Midnight Garden,Crime,Hindi,1992,3.6,Sanjay Reddy,3359318.96
7256,Secret City,Animation,Telugu,2001,9.4,James Kapoor,16666926.95
7257,Secret Kingdom,Fantasy,Telugu,2020,5.1,Yuki Nolan,649526.87
7258,Broken City,Animation,Spanish,1990,6.2,James Sharma,6595445.53
7259,Golden Horizon,Adventure,Spanish,1997,8.4,James Costa,1751104924
7260,Crimson Empire,Documentary,Japanese,2011,5,Priya Watanabe,7152979.4
7261,Wild Voyage,Romance,English,2009,7.4,Anjali Lee,14822145.19
7262,Lost Truth,Animation,Hindi,1986,5.3,Sofia Fernandes,18070604.12
7263,Sacred Horizon,Adventure,French,2001,6.9,Priya Nolan,26555161.72
7264,Secret Path,Action,Tamil,2020,3.9,Carlos Kumar,2390889.02
7265,Shattered River,Animation,English,1981,3.8,David Patel,170531.14
7266,Wild Journey,Romance,English,2015,3.6,Elena Wong,19550005.38
7267,Distant Symphony,Action,English,2016,9,Wei Fernandes,3346258.48
7268,Dark Storm,Fantasy,Hindi,2013,3.4,David Fernandes,11694480.21
7269,Dark River,Crime,Hindi,2007,8.2,Carlos Anderson,483241.58
7270,Dark City,Adventure,Korean,1998,9.1,Aiko Sharma,7793634.52
7271,Lost Voyage,Romance,English,2008,6,Emma Anderson,12971549.59
7272,Forgotten Symphony,Adventure,English,2009,3.6,Aiko Nolan,10724476.61
7273,Dark Heart,Fantasy,Hindi,2023,4.2,Hana Silva,12005668.97
7274,Secret City,Documentary,Telugu,2011,7.4,Nina Costa,14219202.58
7275,Silent Storm,Animation,Japanese,1991,3.7,Aiko Silva,3734807.55
7276,Wild Empire,Drama,Hindi,1994,2.2,Elena Reddy,17572247.45
7277,Secret War,Romance,Spanish,2022,8,Raj Iyer,12330439.57
7278,Rising Shadows,Thriller,Hindi,2026,2.5,Maria Lee,3021598.47
7279,Dark Dream,Thriller,French,2024,5.8,Priya Wong,17022855.72
7280,Midnight Garden,Animation,Spanish,2008,6.4,Raj Kumar,12885756.68
7281,Dark Storm,Crime,English,1987,4.5,Arjun Patel,158322898.3
7282,Eternal Flame,Sci-Fi,Hindi,1993,7.4,Arjun Muller,110682326.6
7283,Dark Voyage,Comedy,English,2007,9,Nina Lee,167211068.6
7284,Eternal War,Adventure,Telugu,2018,8.3,Wei Chen,14580193.03
7285,Dark Garden,Action,Hindi,2019,5.5,Arjun Garcia,16543133.04
7286,Frozen Flame,Thriller,French,1996,9.2,Wei Patel,8380324.79
7287,Eternal Journey,Comedy,Hindi,1996,2.3,Luis Patel,9797790.39
7288,Forgotten Legacy,Documentary,Hindi,2006,5,James Fernandes,9050158.86
7289,Endless Horizon,Thriller,Japanese,2023,7.7,Anjali Sharma,6008117.89
7290,Endless Truth,Thriller,German,2008,4.2,Hana Reddy,12237160.33
7291,Distant Heart,Documentary,English,1981,3.2,Elena Nolan,1794051.67
7292,Lost River,Comedy,English,2001,5.1,Priya Kim,4696796.45
7293,Broken Heart,Animation,English,1989,2.8,Raj Kumar,5793271.91
7294,Last Legacy,Drama,Tamil,2021,3.1,Michael Costa,84071753.67
7295,Shattered Garden,Thriller,English,2004,4.3,Aiko Garcia,12000866.39
7296,Golden Heart,Action,English,1997,9.2,Raj Patel,15300285.73
7297,Last Flame,Thriller,English,2024,5,Michael Anderson,7986736.96
7298,Last Flame,Drama,English,2011,3,Sofia Kumar,13224269.09
7299,Eternal Empire,Thriller,English,1998,7.4,James Sharma,16645982.69
7300,Secret Echo,Thriller,Telugu,2023,2.7,Carlos Muller,3268314.29
7301,Sacred Storm,Horror,English,1994,7,Sanjay Kumar,12674534.89
7302,Broken Voyage,Comedy,Hindi,1989,6.9,Sofia Chen,16355471.51
7303,Dark Truth,Comedy,Portuguese,2008,8.5,Elena Chen,11393591.49
7304,Burning Storm,Animation,Hindi,2018,7,Sofia Kim,99749.23
7305,Crimson Island,Action,Hindi,2014,2.3,Carlos Fernandes,2139752.92
7306,Lost Dream,Crime,Korean,1999,3.7,David Kumar,18687472.83
7307,Crimson Island,Animation,Korean,1981,7.5,Elena Kapoor,15995426.37
7308,Silent Journey,Comedy,German,2015,7.9,Nina Silva,4067773.78
7309,Lost Symphony,Adventure,English,1980,3.3,Carlos Kumar,16509712.62
7310,Frozen Flame,Adventure,Mandarin,1999,5.8,Priya Kim,5320422.58
7311,Silent Dream,Documentary,English,2001,8.3,Michael Fernandes,14522344.91
7312,Distant Dream,Comedy,French,2008,7.8,James Smith,65848473.84
7313,Burning Empire,Horror,English,2023,8.9,Luis Kumar,2460654849
7314,Broken Symphony,Sci-Fi,Korean,1990,4.5,Hana Garcia,1987048.13
7315,Frozen Horizon,Fantasy,English,2009,6.1,Nina Chen,8366442.98
7316,Silent Symphony,Adventure,English,2003,5.4,Aiko Sharma,19588291.3
7317,Broken Path,Horror,English,2001,5.4,Emma Lee,4848910.01
7318,Burning Legacy,Fantasy,English,2024,2.8,Emma Kapoor,17525311.76
7319,Rising Empire,Comedy,English,2014,7.7,Emma Watanabe,16391890.07
7320,Dark City,Crime,Spanish,2023,2.5,Michael Patel,15460410.46
7321,Hidden Dream,Fantasy,Hindi,2005,5.1,Aiko Kim,8593101.9
7322,Eternal Empire,Sci-Fi,Hindi,2016,4.5,Chris Reddy,883042.64
7323,Shattered Empire,Action,Spanish,2024,4.4,Sanjay Wong,12796913.53
7324,Rising Journey,Romance,English,1998,8.3,David Iyer,18900504.37
7325,Silent Heart,Adventure,Portuguese,1980,2.7,Arjun Anderson,11630576.83
7326,Burning City,Romance,Hindi,2019,4.5,Anjali Anderson,14150614.98
7327,Midnight Storm,Comedy,Tamil,1992,6.3,Nina Smith,12781613.66
7328,Golden Storm,Crime,English,2011,8.6,Aiko Anderson,7639714.28
7329,Frozen War,Horror,Italian,1992,4.4,Nina Costa,18225337.33
7330,Sacred Heart,Crime,English,1996,5.9,Michael Sharma,149660048
7331,Broken Symphony,Comedy,Spanish,2021,3,Anjali Kapoor,387062421.8
7332,Endless Legacy,Horror,Hindi,1994,2.6,Wei Reddy,11334797.98
7333,Wild Voyage,Romance,English,2022,2.6,Elena Silva,9969217.23
7334,Secret Legacy,Action,English,2024,5.1,Nina Patel,10876694.06
7335,Midnight Garden,Action,Hindi,1999,5.6,James Fernandes,13988508.08
7336,Secret Voyage,Crime,Hindi,2017,6,Aiko Anderson,198993437.2
7337,Hidden Kingdom,Horror,English,2013,8.3,Hana Sharma,5737715.97
7338,Shattered Truth,Documentary,French,2009,2.5,Aiko Muller,11325911.58
7339,Wild Flame,Adventure,Italian,2013,2.5,James Nolan,121983629.5
7340,Secret River,Crime,Hindi,2010,4.7,Sofia Silva,10402024.71
7341,Crimson Storm,Fantasy,English,2010,6.2,Chris Patel,3123419.22
7342,Burning River,Crime,Hindi,1994,4.8,David Iyer,11058651.15
7343,Wild Symphony,Sci-Fi,Italian,1989,7.1,Nina Reddy,128931245
7344,Dark Heart,Action,Korean,2025,5.3,James Nolan,14087108.73
7345,Endless Symphony,Thriller,English,2021,9.4,Yuki Wong,13668412.5
7346,Sacred Flame,Animation,Hindi,2004,5.9,Elena Garcia,6268477.06
7347,Midnight Path,Drama,Korean,1997,8,Priya Kapoor,9763392.6
7348,Forgotten Storm,Adventure,English,1984,8.6,Nina Costa,16606618.88
7349,Broken Kingdom,Romance,Japanese,2009,6.3,David Smith,5435095.65
7350,Hidden Path,Drama,Hindi,2020,4.8,Wei Nolan,17192743.6
7351,Crimson Symphony,Romance,English,1982,3.7,Aiko Anderson,14370394.59
7352,Crimson Truth,Animation,Hindi,2021,8.1,Sofia Silva,2452175.36
7353,Forgotten Flame,Drama,Hindi,2005,6.6,Maria Smith,16543854.99
7354,Burning Dream,Comedy,Hindi,1990,3.2,Maria Lee,2125792.44
7355,Shattered Echo,Sci-Fi,Japanese,1982,9.4,Sofia Fernandes,19368414.09
7356,Endless War,Horror,English,2017,3.4,Arjun Kapoor,12469158.67
7357,Forgotten Island,Thriller,French,2002,8.9,Yuki Kim,8771255.9
7358,Rising War,Sci-Fi,English,2023,3.1,Priya Anderson,186734709.4
7359,Shattered Kingdom,Thriller,French,2025,7.8,Elena Muller,119679249
7360,Rising Empire,Horror,Portuguese,2015,5.2,Sofia Smith,690074.21
7361,Golden Symphony,Thriller,English,2018,7.2,Sanjay Costa,19114998.11
7362,Eternal War,Thriller,English,1983,9.2,James Rossi,3659042.56
7363,Lost Shadows,Comedy,Telugu,2005,8.5,Michael Rossi,14805281.35
7364,Midnight Legacy,Drama,French,2007,9.3,Hana Watanabe,9276166.2
7365,Sacred War,Sci-Fi,Korean,2021,7.1,Chris Kim,11254572.31
7366,Broken Dream,Drama,English,1987,2.9,Sofia Watanabe,7981803.7
7367,Hidden Shadows,Sci-Fi,English,1998,3.9,Yuki Smith,11211047.69
7368,Dark Dream,Drama,French,2008,4,David Reddy,14750674.68
7369,Lost Kingdom,Crime,English,2022,7.2,Nina Smith,12502007.74
7370,Lost Heart,Documentary,Tamil,1994,3.6,Michael Garcia,19042971.25
7371,Crimson Voyage,Crime,English,2004,8.4,Anjali Silva,17416931.75
7372,Eternal Empire,Documentary,English,1986,7.5,Sofia Smith,6139034.25
7373,Forgotten Symphony,Adventure,Italian,2007,3.1,Arjun Patel,2257129.9
7374,Secret Truth,Comedy,English,2008,3.6,James Patel,11932670.12
7375,Burning Island,Animation,Hindi,1987,4.1,Chris Silva,3553684.37
7376,Rising Island,Horror,English,2000,8.5,Luis Kapoor,10962654.58
7377,Lost City,Animation,Spanish,2014,2.5,Chris Lee,19581532.85
7378,Dark Legacy,Romance,Italian,2022,5.9,Priya Sharma,3738954.51
7379,Crimson Journey,Romance,German,1984,8.3,Sanjay Iyer,13717864.77
7380,Frozen Kingdom,Horror,Italian,2012,5.8,Luis Smith,2007877.02
7381,Distant River,Comedy,Hindi,2008,5.3,Elena Watanabe,11781422.98
7382,Broken Legacy,Drama,English,2003,3.7,Maria Watanabe,17797680.08
7383,Hidden Legacy,Adventure,Hindi,2016,5.3,Elena Reddy,18543405.83
7384,Last Storm,Fantasy,English,2002,5.2,Aiko Nolan,7694998.44
7385,Wild Shadows,Comedy,Telugu,1994,9.2,James Iyer,102947022.3
7386,Wild Garden,Fantasy,Hindi,2007,4.8,Aiko Silva,15953750.73
7387,Eternal Horizon,Action,English,1980,2.8,Raj Nolan,5773545.27
7388,Dark Kingdom,Fantasy,English,1980,9.4,Arjun Costa,15469725.58
7389,Last Flame,Thriller,Hindi,2009,2.6,Luis Rossi,19663638.08
7390,Crimson Heart,Fantasy,Tamil,1982,2.1,Elena Sharma,12068883.67
7391,Sacred River,Thriller,Italian,1990,4.5,Hana Reddy,117455712.7
7392,Golden Shadows,Horror,Portuguese,1992,9.4,Aiko Patel,3065739.47
7393,Midnight Symphony,Crime,English,1987,4.7,James Silva,7670210.96
7394,Broken Empire,Thriller,English,1994,8,Arjun Fernandes,7283924.45
7395,Hidden War,Horror,Spanish,2003,4.3,Michael Costa,11221344.53
7396,Golden Flame,Documentary,French,2001,3.5,Yuki Kumar,4810962.02
7397,Shattered Island,Fantasy,English,2010,6.7,Emma Reddy,3248284.14
7398,Lost Echo,Horror,English,1983,2.4,Hana Wong,7647783.26
7399,Eternal Kingdom,Action,Hindi,1980,2.2,David Nolan,287700.63
7400,Secret Empire,Thriller,Hindi,1980,8,Nina Kumar,17560158.01
7401,Burning Dream,Crime,English,2000,4.3,Emma Patel,18549411.49
7402,Broken War,Adventure,German,1998,7.7,Emma Kapoor,1241338.7
7403,Eternal Echo,Horror,English,2001,9.3,Wei Smith,7228819.23
7404,Eternal City,Horror,English,2000,3.3,Luis Chen,14183269.5
7405,Sacred Legacy,Horror,English,2005,8.1,Sanjay Rossi,555622589.4
7406,Midnight River,Action,French,1980,8.9,Raj Kumar,6286111.25
7407,Golden Journey,Sci-Fi,English,1981,6.4,Emma Anderson,14190163.38
7408,Lost Flame,Drama,Hindi,1983,8,Priya Anderson,12961283.55
7409,Frozen Island,Fantasy,Japanese,2016,3,Sanjay Fernandes,11936797.56
7410,Burning Horizon,Animation,English,2015,5.7,Carlos Costa,6672348.65
7411,Lost Journey,Fantasy,English,2016,2.8,Chris Iyer,7932137.06
7412,Dark City,Crime,Spanish,2026,5.6,Chris Costa,19133470.53
7413,Hidden Horizon,Crime,Portuguese,1980,7.4,Chris Lee,8085917.47
7414,Shattered River,Sci-Fi,Spanish,2000,2.7,David Kim,93834.45
7415,Rising War,Romance,Hindi,1997,3,Anjali Watanabe,18647346.3
7416,Shattered Flame,Comedy,Hindi,1983,3.5,Luis Rossi,1399580666
7417,Broken Path,Comedy,Korean,2000,2.2,Priya Wong,16618046.67
7418,Wild Legacy,Horror,Telugu,2010,5.6,Yuki Kapoor,6753650.99
7419,Burning War,Documentary,Spanish,2007,8.9,Sanjay Patel,182207627.9
7420,Lost Storm,Crime,English,1988,3.4,Yuki Wong,6961901.96
7421,Golden Storm,Adventure,French,2011,4.2,Priya Fernandes,667766.68
7422,Frozen Flame,Drama,Hindi,2019,6.8,Priya Muller,80002203.47
7423,Sacred Shadows,Thriller,Italian,2015,6.1,Nina Smith,16938948.84
7424,Frozen Journey,Animation,French,1998,4.3,Hana Reddy,3648254.9
7425,Endless River,Sci-Fi,French,1998,8,Luis Garcia,7218197.61
7426,Crimson Dream,Romance,Tamil,2012,4.6,Priya Lee,17898949.38
7427,Broken City,Documentary,English,2026,7.9,Elena Anderson,14761350.75
7428,Secret Island,Crime,Italian,1998,3.6,Priya Nolan,12257999.31
7429,Burning Flame,Documentary,Hindi,1983,6.1,James Garcia,6618745.31
7430,Shattered Horizon,Adventure,English,2002,3.8,Nina Chen,9715585.23
7431,Frozen Legacy,Adventure,Tamil,1997,8.3,Luis Wong,57659151.05
7432,Last Symphony,Animation,Spanish,2023,8,Arjun Watanabe,647477.65
7433,Shattered Journey,Thriller,Spanish,2019,7.2,Anjali Sharma,73724083.61
7434,Broken Echo,Sci-Fi,Korean,2012,4.2,Nina Fernandes,6113574.35
7435,Sacred Path,Crime,English,1980,7.6,Michael Kim,12086545.19
7436,Last Dream,Action,Telugu,1981,7.9,Carlos Chen,17837426.23
7437,Forgotten Symphony,Thriller,English,2008,8,Arjun Sharma,325619.95
7438,Forgotten Shadows,Drama,German,1988,8.2,Elena Rossi,14078291.55
7439,Rising Legacy,Horror,Hindi,1987,7.7,Sanjay Kapoor,2218291.94
7440,Crimson Symphony,Sci-Fi,Japanese,1986,7.1,Raj Reddy,18449429.61
7441,Dark Legacy,Drama,English,2018,9.4,Luis Garcia,17868114.56
7442,Forgotten Flame,Drama,English,1996,8.6,Yuki Lee,9983957.58
7443,Broken Empire,Sci-Fi,English,2019,2.8,Arjun Rossi,1462105.25
7444,Silent Path,Drama,Spanish,2013,8.5,Sanjay Costa,6510832.55
7445,Hidden Voyage,Animation,Telugu,2021,6,Emma Wong,2997175.57
7446,Silent Shadows,Thriller,Hindi,2021,6.3,Maria Fernandes,8273155.14
7447,Distant Voyage,Sci-Fi,Hindi,2000,7.7,Raj Chen,18665415.57
7448,Rising Island,Comedy,Spanish,1983,8.7,Priya Patel,188785410.5
7449,Endless Storm,Action,English,2022,7.1,Chris Iyer,4883459.54
7450,Eternal Empire,Romance,English,2000,9,David Costa,964999.35
7451,Sacred River,Sci-Fi,Mandarin,2001,8.3,Hana Costa,4971850.08
7452,Forgotten Heart,Comedy,English,2026,9.3,Sofia Reddy,18297415.13
7453,Wild War,Adventure,Spanish,1995,2.4,Nina Costa,10321662.32
7454,Crimson Storm,Crime,Hindi,1986,3.9,David Lee,18339565.42
7455,Hidden Journey,Documentary,English,2005,6.2,Arjun Nolan,7535662.73
7456,Hidden Dream,Crime,Tamil,2022,7.8,David Iyer,4764547.25
7457,Eternal War,Documentary,Hindi,2020,8.3,Sanjay Patel,114201911.6
7458,Crimson Flame,Adventure,Mandarin,2021,3,Anjali Kumar,15537337.13
7459,Rising Storm,Documentary,English,1981,4.8,Michael Anderson,169788478.9
7460,Hidden Flame,Comedy,German,1998,3,Maria Sharma,3085718.76
7461,Frozen War,Drama,Tamil,1980,6.3,Yuki Watanabe,11029507.58
7462,Midnight Path,Documentary,Japanese,1998,6.1,Priya Kim,18513285.94
7463,Frozen Kingdom,Adventure,Mandarin,2025,3.5,Yuki Nolan,160110068.8
7464,Broken Echo,Crime,Portuguese,2014,5.7,Emma Kapoor,11648690.07
7465,Distant Voyage,Animation,English,1987,6.4,Hana Costa,5825215.18
7466,Distant Flame,Documentary,English,1988,7.5,Priya Anderson,1844346.59
7467,Eternal Island,Documentary,Hindi,2018,6.9,Elena Sharma,18234615.11
7468,Endless Island,Documentary,Spanish,1999,9,David Iyer,15833125.09
7469,Secret Truth,Crime,Hindi,2011,3.7,Nina Rossi,122761544.8
7470,Last Empire,Adventure,English,2025,6.2,Carlos Iyer,9664758.58
7471,Broken Horizon,Drama,Tamil,1982,8.9,Maria Patel,19089488.93
7472,Broken War,Thriller,Tamil,1982,4.4,Yuki Kumar,4757029.5
7473,Forgotten City,Romance,German,1984,4.8,Hana Kapoor,10916178.96
7474,Dark Dream,Romance,Spanish,1998,7.3,Maria Chen,13936879.89
7475,Rising Path,Comedy,English,2017,6.2,Wei Lee,17346013.7
7476,Frozen Empire,Sci-Fi,English,2010,2.7,Arjun Iyer,10742958.09
7477,Frozen Flame,Action,Mandarin,2026,4.5,Aiko Rossi,6219526.76
7478,Secret Legacy,Animation,Hindi,1980,7.5,James Kapoor,3656688.86
7479,Hidden Horizon,Action,English,1987,3.4,James Lee,1118387.39
7480,Distant Garden,Thriller,Spanish,1987,7.1,Emma Kapoor,7109236.08
7481,Crimson Kingdom,Fantasy,Spanish,2013,5.9,Aiko Reddy,9819246.25
7482,Silent Dream,Documentary,Spanish,1995,5.1,Maria Iyer,14176066.17
7483,Rising City,Animation,English,2013,8.3,Luis Fernandes,10846594.97
7484,Secret Storm,Sci-Fi,Mandarin,2015,9.4,Carlos Kumar,17187527.16
7485,Midnight River,Thriller,Mandarin,2012,7.6,Nina Garcia,8047868.87
7486,Broken Symphony,Comedy,Japanese,1985,8.8,James Silva,437331.24
7487,Silent City,Romance,Hindi,1984,8.1,David Rossi,6515466.28
7488,Frozen Legacy,Thriller,Korean,2001,7,Carlos Iyer,12749022.95
7489,Secret Echo,Drama,Korean,2021,5.6,Yuki Wong,5211390.15
7490,Forgotten Dream,Drama,Spanish,1991,3.2,Arjun Smith,17259826.48
7491,Frozen Voyage,Adventure,German,2005,6.8,Hana Sharma,15619037.7
7492,Distant Symphony,Thriller,German,1998,7.3,Hana Kim,18623632.97
7493,Eternal Island,Romance,English,2001,8.6,Hana Patel,119745866.5
7494,Last Legacy,Crime,Japanese,1986,4.1,David Kim,4793731.69
7495,Eternal Echo,Comedy,Hindi,1991,8.8,Sofia Costa,1550297.26
7496,Dark Empire,Drama,Japanese,2009,6,Arjun Reddy,16814379.98
7497,Endless Horizon,Romance,English,2024,6.9,Emma Lee,135595933.8
7498,Endless Island,Drama,Spanish,2012,4.6,Raj Wong,14339997.48
7499,Golden Journey,Action,Tamil,2004,4.1,Emma Smith,12595701.24
7500,Secret Truth,Fantasy,Spanish,2004,6.9,Sanjay Watanabe,16926654.73
7501,Wild Empire,Horror,Korean,2002,4.7,Carlos Fernandes,16021761.47
7502,Eternal Truth,Animation,Spanish,1990,5.1,James Costa,11549474.4
7503,Endless Empire,Sci-Fi,Spanish,2024,5.6,Aiko Chen,10834018.45
7504,Forgotten Empire,Crime,English,2006,3.1,Sanjay Anderson,7361270.24
7505,Frozen Dream,Drama,Spanish,2018,3.5,Raj Lee,13631389.54
7506,Eternal Horizon,Crime,French,2003,6.2,Hana Kim,17142721.03
7507,Secret River,Drama,English,1991,9.4,Wei Fernandes,1320725721
7508,Rising River,Crime,English,1994,6,Arjun Chen,3196211.67
7509,Midnight Voyage,Comedy,Hindi,1988,7.6,Raj Muller,5606577.25
7510,Rising Garden,Crime,Hindi,2005,3.5,Michael Wong,12801944.5
7511,Distant Legacy,Action,Telugu,2009,3.3,James Smith,6989106.13
7512,Midnight Horizon,Crime,German,2018,3.1,James Garcia,13997046.94
7513,Rising Island,Action,Spanish,2012,5.1,Aiko Fernandes,17544987.33
7514,Shattered Kingdom,Action,English,2008,8.2,David Kim,8589702.93
7515,Midnight Echo,Documentary,French,1980,4.4,Sanjay Sharma,8180950.58
7516,Lost Kingdom,Animation,Hindi,2024,3.2,Nina Nolan,3631346.94
7517,Silent Path,Action,Mandarin,1981,7.7,Michael Smith,5160829.61
7518,Rising Kingdom,Fantasy,English,1980,4.9,Emma Patel,6217275.33
7519,Midnight Path,Action,Spanish,1990,6.8,Maria Fernandes,13133778.38
7520,Hidden Heart,Comedy,Telugu,2008,4.7,Anjali Nolan,12747906.47
7521,Eternal War,Horror,Korean,2008,6.5,Chris Anderson,3974693.2
7522,Eternal Dream,Animation,English,1982,5.6,Priya Rossi,13725493.32
7523,Golden Garden,Romance,Hindi,1990,6.7,Nina Rossi,9786595.09
7524,Dark Flame,Comedy,Korean,2024,8.9,Chris Nolan,26422738.56
7525,Distant Storm,Comedy,English,1981,7.8,Nina Fernandes,1566528.69
7526,Hidden Garden,Drama,Japanese,2012,5.6,Yuki Silva,14039932.06
7527,Eternal Flame,Fantasy,English,1996,4.6,Elena Kumar,4441271.03
7528,Frozen Echo,Fantasy,Spanish,2011,6.7,Priya Anderson,5143591.91
7529,Secret Legacy,Animation,Korean,2026,4.4,Nina Watanabe,9371380.59
7530,Golden War,Adventure,English,2008,4,Carlos Nolan,3816025.69
7531,Crimson River,Action,Hindi,1987,8.2,Emma Iyer,307160.84
7532,Midnight River,Adventure,Hindi,1996,4.6,Yuki Silva,9465427.91
7533,Silent Island,Horror,Hindi,1983,8.8,Nina Sharma,6299209.42
7534,Silent Horizon,Action,French,2019,5,Michael Nolan,9376264.76
7535,Frozen Symphony,Action,French,2025,4.6,Sofia Chen,11943007.87
7536,Forgotten Storm,Drama,Mandarin,1989,9,Yuki Smith,13961455.26
7537,Sacred Dream,Thriller,Hindi,2024,8.8,Elena Anderson,12810217.13
7538,Crimson Truth,Horror,English,2007,9,Elena Nolan,1762947.86
7539,Endless Dream,Comedy,Spanish,1984,7.9,Emma Lee,6549923.93
7540,Burning City,Crime,Korean,2026,8.7,Arjun Smith,5104875.87
7541,Crimson Truth,Fantasy,English,1993,7.7,Nina Kim,10397596.06
7542,Distant Kingdom,Romance,Hindi,2026,5.4,Aiko Kumar,129003424.1
7543,Endless Shadows,Comedy,Korean,2009,3,Emma Chen,865264.75
7544,Wild Kingdom,Action,Portuguese,2018,4.5,Wei Sharma,3481854.52
7545,Distant City,Romance,English,2012,2.3,Sanjay Wong,4202297.04
7546,Frozen Island,Romance,English,2012,6.6,James Kapoor,262702.33
7547,Crimson Island,Horror,English,2010,5.1,Nina Silva,6957242.64
7548,Secret City,Drama,Mandarin,1983,8.9,Arjun Watanabe,4091580.96
7549,Lost Legacy,Fantasy,Korean,2003,6.2,Wei Muller,76142957.76
7550,Midnight Truth,Adventure,Tamil,1994,8,Yuki Anderson,4977220.46
7551,Hidden Path,Sci-Fi,Hindi,1996,7.9,Michael Chen,13239002.35
7552,Midnight Path,Animation,English,2022,9.2,Sanjay Watanabe,17311447.76
7553,Eternal Symphony,Crime,Korean,1990,4.6,Luis Smith,135122854.3
7554,Endless Dream,Adventure,Korean,2003,4.6,Priya Kapoor,14091832.87
7555,Burning Echo,Romance,English,2006,4.1,Carlos Patel,35673919.48
7556,Last Dream,Romance,Portuguese,2003,6.8,Yuki Costa,9569800.05
7557,Crimson Horizon,Comedy,Tamil,1991,9.4,Sanjay Sharma,18800820.57
7558,Distant Flame,Thriller,Japanese,2007,9.1,Luis Muller,146971047.3
7559,Golden Journey,Romance,Italian,1989,7.1,Chris Smith,36889479.82
7560,Sacred Island,Romance,Telugu,1985,6,Michael Garcia,8586699.81
7561,Lost Legacy,Adventure,Hindi,2021,6.7,Maria Costa,18209594.86
7562,Midnight Path,Horror,English,2011,4.5,Aiko Kumar,8940343.06
7563,Last Empire,Horror,Hindi,2006,5.6,Yuki Garcia,13481729.28
7564,Broken Shadows,Thriller,Mandarin,1983,9.5,Sanjay Fernandes,9800760.64
7565,Frozen Horizon,Comedy,Tamil,1997,8,Arjun Chen,4351959.92
7566,Midnight Garden,Crime,English,1980,4.2,Chris Reddy,5267875.69
7567,Forgotten Kingdom,Fantasy,Spanish,1991,5.8,Michael Garcia,4945125.99
7568,Sacred Truth,Fantasy,Tamil,1980,7.1,Arjun Chen,9911589.89
7569,Shattered Island,Sci-Fi,Telugu,1986,5.5,Maria Sharma,10043313.82
7570,Hidden Garden,Romance,Hindi,2000,8.6,Sanjay Kapoor,1911418.01
7571,Forgotten Legacy,Thriller,Hindi,1995,5.7,Maria Reddy,470193.9
7572,Wild War,Romance,English,2017,6.5,Chris Patel,15225487.19
7573,Shattered Empire,Fantasy,French,1992,8.4,Carlos Chen,104423015.1
7574,Hidden Garden,Adventure,Mandarin,1998,8,Sanjay Silva,6548453.48
7575,Midnight Empire,Adventure,German,2018,4.7,Nina Reddy,2448731564
7576,Hidden Symphony,Crime,Telugu,1999,6,Chris Sharma,4017475.31
7577,Midnight Symphony,Comedy,Korean,2011,3.6,Nina Smith,494660.1
7578,Rising Garden,Action,Hindi,2008,4.3,Priya Patel,441626.71
7579,Rising River,Romance,English,1986,5.5,Aiko Lee,185096074.7
7580,Shattered Legacy,Comedy,Japanese,1987,2.4,Wei Chen,13562325.13
7581,Rising Truth,Comedy,English,2003,9,Chris Watanabe,4580716.71
7582,Rising Horizon,Horror,English,2025,5.7,Yuki Kapoor,5621685.71
7583,Shattered Legacy,Sci-Fi,English,2019,3.9,Nina Wong,18860888.52
7584,Shattered Voyage,Drama,German,1985,4,Emma Lee,7567376.8
7585,Golden Island,Animation,Japanese,2002,5.5,Aiko Patel,4767471.04
7586,Golden Dream,Sci-Fi,Korean,2002,9.3,Priya Kumar,18131560
7587,Shattered River,Sci-Fi,English,2022,3.3,Hana Rossi,7245691.16
7588,Rising Flame,Sci-Fi,English,2014,2.8,Wei Kapoor,17475937.59
7589,Distant Horizon,Action,Tamil,2005,8.3,Yuki Wong,2432277.37
7590,Dark Echo,Comedy,English,2014,6,Wei Lee,14762145.71
7591,Burning River,Action,Japanese,2003,4.8,Michael Kumar,116206703.3
7592,Secret Garden,Animation,Hindi,2012,4.2,Emma Patel,17785020.64
7593,Midnight Kingdom,Comedy,Hindi,1984,2.6,Michael Patel,4774411.68
7594,Broken Empire,Romance,English,2011,5.2,Arjun Fernandes,18876813.15
7595,Sacred Legacy,Comedy,English,2015,3.9,Nina Anderson,10417275.85
7596,Burning Dream,Action,Hindi,1985,7.5,Nina Iyer,15969603.36
7597,Endless Truth,Drama,French,2022,4.1,Nina Kapoor,54477445.16
7598,Secret Journey,Adventure,English,1980,4.4,Hana Kim,6765222.96
7599,Shattered Symphony,Comedy,Hindi,2004,3.3,Elena Nolan,12260053.57
7600,Rising Symphony,Documentary,Tamil,2024,4.2,Arjun Wong,22639552.83
7601,Sacred Echo,Drama,Hindi,1995,7.8,Emma Fernandes,2398007.77
7602,Midnight Truth,Adventure,Hindi,1995,4.1,Raj Chen,8502818.69
7603,Wild Dream,Documentary,Hindi,2015,5.8,David Iyer,18120984.54
7604,Burning City,Animation,German,1984,4.4,Sanjay Lee,176875502.8
7605,Secret Voyage,Horror,English,2007,3.5,James Smith,16574601.34
7606,Golden Horizon,Sci-Fi,Japanese,2009,6.6,Maria Fernandes,15654180.58
7607,Crimson Shadows,Drama,Japanese,2009,6.1,David Fernandes,18708460.12
7608,Dark War,Documentary,Spanish,1980,9.1,Anjali Wong,13308771.31
7609,Silent Heart,Adventure,Mandarin,1989,4.7,Anjali Kumar,73313570.14
7610,Secret Symphony,Sci-Fi,English,2001,4.3,James Smith,3542678.45
7611,Secret Horizon,Animation,English,2023,4.2,Carlos Chen,17723444.34
7612,Dark River,Thriller,Hindi,2000,9.3,Luis Smith,115971078.5
7613,Forgotten Heart,Sci-Fi,Telugu,1983,2.6,David Sharma,12705457.91
7614,Silent City,Documentary,Spanish,1995,2.8,Michael Silva,2554128.8
7615,Forgotten Echo,Romance,Korean,1991,4.5,Sanjay Patel,3115701.04
7616,Burning Island,Adventure,Hindi,1999,8.1,Michael Iyer,5068797
7617,Secret Dream,Action,Hindi,1994,7.6,Yuki Muller,7920833.87
7618,Broken Voyage,Thriller,English,1983,4.8,Sofia Chen,14572743.1
7619,Hidden Path,Crime,Spanish,2014,2,David Patel,9395351.85
7620,Silent River,Adventure,Korean,2004,7.9,Raj Fernandes,9944437.87
7621,Rising Voyage,Crime,Hindi,1999,2.7,Anjali Sharma,13195027.49
7622,Wild City,Sci-Fi,English,2001,6.2,Michael Reddy,1078631.03
7623,Hidden Heart,Animation,Italian,2003,6.3,James Kapoor,10528845.98
7624,Eternal Storm,Drama,English,1985,9.1,Priya Kim,3541239.83
7625,Frozen Kingdom,Documentary,Spanish,2013,2.2,Aiko Iyer,16713778.09
7626,Wild Horizon,Documentary,French,1995,8.6,Michael Costa,19095853.91
7627,Eternal Island,Sci-Fi,Korean,1987,9.2,Wei Rossi,92736846.88
7628,Rising Legacy,Drama,Japanese,2012,8.5,David Iyer,378992.25
7629,Burning Flame,Comedy,English,2019,3.4,Aiko Chen,258862.87
7630,Hidden Horizon,Drama,English,2012,8.7,Yuki Smith,11503940.37
7631,Last Dream,Animation,Japanese,1996,8,Anjali Sharma,199968899
7632,Distant Horizon,Animation,Tamil,2025,5.9,Maria Patel,13656467.97
7633,Distant Heart,Comedy,English,2007,9,Hana Kim,11841486.96
7634,Hidden Symphony,Animation,English,1981,8.9,Emma Kim,4088657.9
7635,Silent Truth,Comedy,English,2013,8.7,Priya Fernandes,1621862052
7636,Hidden Kingdom,Sci-Fi,English,2004,7.2,Anjali Garcia,16029647.04
7637,Distant Echo,Fantasy,English,2008,4.2,Priya Iyer,625650533.9
7638,Sacred Kingdom,Romance,English,1983,4.4,Wei Garcia,3547255.09
7639,Secret Path,Thriller,English,2001,4.9,Aiko Kapoor,146154734.2
7640,Dark Voyage,Romance,Mandarin,2003,7.1,Aiko Muller,1358988976
7641,Golden Shadows,Documentary,English,2008,3.1,Raj Muller,18764140.23
7642,Sacred Horizon,Horror,English,1987,3.6,Sanjay Lee,61780421.9
7643,Dark War,Documentary,English,1994,8.7,David Costa,16175424.92
7644,Golden War,Comedy,Portuguese,2008,7,Hana Fernandes,63297147.28
7645,Distant War,Adventure,German,2014,9.2,Elena Watanabe,3309340.23
7646,Forgotten City,Drama,Portuguese,1992,7.3,Aiko Sharma,1645468.06
7647,Forgotten Shadows,Adventure,Korean,2014,2.6,Priya Nolan,3260890.04
7648,Midnight Legacy,Action,Mandarin,2019,2.6,David Fernandes,143143152.6
7649,Endless Truth,Sci-Fi,German,2001,7.9,Nina Fernandes,10291994.44
7650,Silent Echo,Animation,Tamil,2024,2.5,Elena Watanabe,9015488.26
7651,Wild Island,Action,English,2007,7.3,Hana Muller,14173330.17
7652,Endless Truth,Documentary,Italian,2006,2.7,David Sharma,170512723.7
7653,Dark Storm,Documentary,Hindi,1983,5.8,Aiko Reddy,3160388.49
7654,Burning Dream,Drama,Telugu,2025,3.1,Wei Rossi,9597308.56
7655,Shattered Garden,Horror,English,2019,4.2,Luis Rossi,13166841.75
7656,Frozen Heart,Horror,German,2012,7.8,Anjali Chen,1345659301
7657,Golden War,Comedy,English,1982,3.7,Carlos Reddy,8850407.64
7658,Frozen Voyage,Sci-Fi,Korean,2019,6.7,Wei Costa,3817054.3
7659,Midnight City,Animation,English,1996,7.2,Elena Kim,8531727.29
7660,Lost City,Comedy,Hindi,2012,8.5,Aiko Fernandes,14966642.5
7661,Shattered Echo,Horror,Spanish,1998,4,Chris Sharma,9196102.07
7662,Secret Flame,Comedy,Hindi,2002,4.6,Luis Patel,19111619.11
7663,Endless Legacy,Documentary,Spanish,2004,4,Anjali Silva,12821036.86
7664,Secret War,Documentary,Hindi,2023,2.7,Anjali Iyer,17477624.51
7665,Endless Truth,Romance,Hindi,1983,3.7,David Kim,8101988.65
7666,Broken Storm,Drama,Telugu,2026,5.2,Elena Rossi,160399998.9
7667,Dark Legacy,Thriller,Telugu,2021,2.8,Aiko Costa,4717825.28
7668,Hidden Shadows,Documentary,Telugu,1992,7.8,Chris Garcia,14078321.91
7669,Rising Shadows,Sci-Fi,English,1993,3.8,Emma Rossi,13307157.04
7670,Forgotten City,Comedy,English,2012,8.1,Wei Silva,7345456.26
7671,Silent Island,Drama,English,1987,5.9,Luis Fernandes,19560356.42
7672,Sacred City,Comedy,Mandarin,2006,6,Carlos Reddy,9626388.78
7673,Hidden Island,Adventure,Spanish,1997,5.8,Carlos Iyer,1360788.66
7674,Frozen Journey,Comedy,German,1991,2.1,Yuki Chen,5141833.75
7675,Golden Shadows,Fantasy,English,2020,7.5,Emma Rossi,16542432.88
7676,Lost Path,Crime,Spanish,2016,4.7,Raj Iyer,189778.93
7677,Last Dream,Documentary,German,1996,8,Raj Chen,3768126.52
7678,Sacred Journey,Horror,French,2020,8.3,Yuki Kapoor,11365151.69
7679,Dark Empire,Crime,Spanish,1980,4.5,Michael Sharma,14371284.9
7680,Golden War,Adventure,Telugu,1988,7.5,James Patel,8444278.07
7681,Secret Journey,Animation,Telugu,1994,3.8,Yuki Kumar,12366766.01
7682,Secret Empire,Romance,Hindi,1983,3.6,Nina Muller,5189126.2
7683,Dark Garden,Horror,Hindi,2016,3.4,Carlos Silva,15002271.34
7684,Distant Island,Drama,English,1981,2.7,Emma Nolan,19111840.25
7685,Silent Symphony,Thriller,Hindi,2012,3.8,Carlos Costa,16397873.71
7686,Eternal Symphony,Horror,French,1988,8.4,Elena Costa,380634.31
7687,Distant Symphony,Fantasy,English,2019,3.4,Sofia Reddy,59959701.31
7688,Burning Island,Thriller,Spanish,2005,4.1,Maria Sharma,17302332.7
7689,Hidden Voyage,Sci-Fi,English,1980,9.5,David Sharma,111822662.3
7690,Sacred Dream,Adventure,Hindi,1991,3.2,Anjali Kim,3170338.96
7691,Shattered Journey,Fantasy,English,1993,6.1,Wei Muller,16516512.77
7692,Golden Heart,Thriller,Mandarin,1997,7.8,Carlos Kumar,1164236242
7693,Burning Journey,Crime,Tamil,2021,5.4,James Muller,5212515.39
7694,Dark Voyage,Sci-Fi,German,1983,2.1,David Kumar,15499494.62
7695,Lost Dream,Drama,Hindi,1985,7.8,Emma Muller,12669636.32
7696,Dark Shadows,Action,Hindi,1981,4.9,Priya Chen,2993440.09
7697,Burning Storm,Horror,Tamil,2014,6.7,Maria Patel,14369714.12
7698,Crimson Dream,Sci-Fi,English,2021,4.9,Chris Rossi,1177773.49
7699,Silent Flame,Documentary,Hindi,2021,8.2,Wei Iyer,36157669.65
7700,Secret City,Thriller,English,2002,9.2,Nina Reddy,9000975.99
7701,Secret Flame,Horror,English,2012,2.1,Priya Chen,1225326.92
7702,Rising Voyage,Horror,Mandarin,1987,3.1,Michael Kim,1927765.99
7703,Crimson Voyage,Romance,English,1999,7.7,Carlos Costa,4908563.68
7704,Frozen Island,Comedy,English,2019,6,James Muller,47492245.97
7705,Midnight Kingdom,Fantasy,English,2003,7.6,Maria Sharma,7406002.3
7706,Burning City,Documentary,English,1999,5.6,Wei Kapoor,9514679.99
7707,Endless Garden,Crime,Portuguese,1994,6.1,Raj Costa,4996255.11
7708,Burning Heart,Fantasy,Tamil,2006,4.2,Raj Kapoor,15275115.8
7709,Dark Legacy,Comedy,Hindi,2014,7.3,Michael Kim,6775911.84
7710,Endless City,Thriller,Korean,1991,8.5,Sofia Patel,11725658.74
7711,Shattered Storm,Adventure,Hindi,1987,8,Michael Iyer,16652302.87
7712,Secret Garden,Comedy,Italian,1990,4.6,Carlos Nolan,11321752.33
7713,Crimson Heart,Romance,English,1992,9.2,Maria Patel,19046597.9
7714,Forgotten Flame,Comedy,English,2016,4.8,Wei Costa,8837608.15
7715,Dark Heart,Comedy,Korean,2016,7.7,Anjali Wong,7024652.2
7716,Golden Legacy,Thriller,Hindi,2002,6.2,David Patel,4725933.49
7717,Crimson River,Drama,Hindi,1984,6.1,Sanjay Chen,76038809.65
7718,Broken Voyage,Crime,English,1989,8.8,Hana Silva,8611674.7
7719,Broken City,Crime,English,2006,5.7,Sanjay Kim,12369388.67
7720,Secret Symphony,Fantasy,Telugu,2022,6.8,Hana Kapoor,5028743.5
7721,Golden Legacy,Adventure,Tamil,2001,9.2,Sanjay Costa,19823254.78
7722,Shattered Storm,Horror,Hindi,1985,4.6,Hana Watanabe,255050.23
7723,Shattered War,Sci-Fi,English,2020,4.7,Chris Muller,15486035.15
7724,Rising Legacy,Documentary,Hindi,1993,3.8,Emma Muller,11781710.76
7725,Forgotten Horizon,Drama,Spanish,1987,2.1,Sanjay Chen,393830.73
7726,Last Island,Documentary,English,2002,3,Elena Watanabe,19459604.7
7727,Endless Path,Fantasy,Hindi,1993,7.2,David Smith,2768453.26
7728,Sacred Kingdom,Sci-Fi,Korean,2008,5.1,Anjali Patel,12923883.18
7729,Burning Garden,Horror,English,1981,4.6,Aiko Lee,10715753.67
7730,Shattered Kingdom,Horror,Hindi,1996,9.1,Aiko Wong,180375283.1
7731,Rising Echo,Adventure,German,2017,4.5,Priya Smith,11094040.78
7732,Shattered Storm,Horror,English,1987,7.8,Maria Kapoor,1279279.76
7733,Broken Echo,Fantasy,Hindi,2008,8.2,Chris Garcia,8027289.25
7734,Dark Echo,Thriller,English,2016,8.3,Sanjay Watanabe,140422526.3
7735,Wild Horizon,Thriller,Hindi,1982,2.6,Carlos Fernandes,3058448.32
7736,Frozen Voyage,Comedy,Portuguese,1988,3.1,James Kapoor,5673172.43
7737,Silent River,Crime,French,2011,2.4,Priya Watanabe,2409356.77
7738,Crimson Path,Crime,German,2000,3,Carlos Garcia,15147989.69
7739,Hidden Dream,Animation,English,2008,8.2,Chris Muller,6642723.06
7740,Golden Storm,Horror,Italian,2003,2.2,Chris Reddy,132415297
7741,Golden Legacy,Animation,Hindi,1998,7.3,Yuki Silva,7925455.56
7742,Lost Heart,Romance,Japanese,1983,4.8,Sanjay Kim,11040501.07
7743,Hidden Journey,Thriller,German,1981,8.4,Elena Nolan,140121034.6
7744,Wild Journey,Fantasy,Portuguese,1984,3.1,Hana Iyer,72741675.48
7745,Eternal Path,Adventure,Hindi,2015,2.3,Priya Fernandes,11503172.57
7746,Broken Heart,Romance,Korean,2026,2.6,Carlos Sharma,15540341.79
7747,Last Voyage,Crime,Japanese,2008,6.4,Aiko Fernandes,11558829.81
7748,Wild Heart,Thriller,Japanese,2016,7.5,Sofia Nolan,11474871.75
7749,Midnight Flame,Romance,English,1997,3.7,Sanjay Smith,394824.57
7750,Midnight Storm,Drama,English,1991,3,Anjali Patel,14337203.25
7751,Last Truth,Romance,French,1997,4.1,Chris Fernandes,16046854.28
7752,Broken Symphony,Documentary,Tamil,1991,3.1,Elena Lee,14330327.66
7753,Endless War,Thriller,English,1994,8.8,Nina Kim,97919754.66
7754,Dark Path,Adventure,Spanish,2017,6.8,Chris Silva,6008557.3
7755,Burning Journey,Horror,English,2021,6.9,Anjali Rossi,15792577.43
7756,Distant Path,Adventure,Spanish,1987,9.1,Michael Nolan,16845283.76
7757,Hidden Kingdom,Sci-Fi,English,1998,8.2,Maria Iyer,19592005.25
7758,Dark Path,Horror,Japanese,2009,2.8,Arjun Reddy,16220759.29
7759,Crimson Echo,Crime,Spanish,2001,4.9,David Fernandes,4126691.24
7760,Lost Island,Fantasy,Korean,2016,7.6,Maria Costa,3133358.96
7761,Last Path,Romance,English,2000,2,Sanjay Anderson,19924036.54
7762,Silent City,Thriller,German,1990,4.8,Chris Chen,7328989.9
7763,Distant Shadows,Sci-Fi,Hindi,1988,7.6,Michael Sharma,9180288.06
7764,Dark Flame,Documentary,English,1993,8.7,Sanjay Watanabe,159637888.7
7765,Crimson Storm,Action,Portuguese,1988,7.8,Maria Smith,1867338.21
7766,Wild Storm,Horror,Hindi,1999,7.9,James Kim,3385453.05
7767,Last War,Romance,Korean,2014,8.4,Emma Nolan,5660100.79
7768,Eternal Storm,Drama,French,2000,4.2,Emma Garcia,7206743.43
7769,Burning Flame,Adventure,English,2003,8,Arjun Kumar,2696649.87
7770,Lost Echo,Sci-Fi,English,1987,5.5,David Smith,189101860.8
7771,Eternal Shadows,Drama,English,1987,4.7,Arjun Wong,12143191.01
7772,Distant Shadows,Documentary,Italian,2020,4.3,Aiko Chen,6880629.49
7773,Secret Journey,Fantasy,Mandarin,2012,9,Maria Reddy,2217484.8
7774,Crimson Heart,Horror,German,1989,2.7,Priya Wong,18014766.94
7775,Lost Legacy,Crime,English,2020,5.1,James Fernandes,5552862.46
7776,Wild City,Sci-Fi,English,2000,7.4,Aiko Reddy,27923134.81
7777,Frozen River,Action,Tamil,2021,6,Emma Fernandes,8990447.28
7778,Golden Journey,Drama,Korean,1988,3.6,Wei Rossi,12080646.38
7779,Sacred Shadows,Crime,Portuguese,1983,3.4,Emma Costa,18833392.69
7780,Shattered Heart,Comedy,English,2025,2.1,Carlos Chen,14782299.1
7781,Midnight Kingdom,Thriller,Hindi,1999,5.1,Aiko Wong,838676.61
7782,Crimson Island,Comedy,English,1998,5.5,Emma Kapoor,9564051.94
7783,Wild Shadows,Adventure,Portuguese,1982,8.1,Wei Nolan,2228211.31
7784,Secret Island,Romance,French,2002,7.4,Maria Chen,9820711.7
7785,Crimson Kingdom,Horror,Japanese,1998,8.4,Arjun Iyer,7811749.1
7786,Last Heart,Adventure,English,1990,4,James Reddy,3224492.66
7787,Lost Symphony,Documentary,Mandarin,1996,3.9,Luis Muller,1825701.9
7788,Eternal Voyage,Fantasy,English,2005,4,James Chen,16173205.51
7789,Endless Shadows,Crime,Tamil,2012,4.9,Sofia Silva,84840472.72
7790,Sacred River,Fantasy,Tamil,2017,8.5,Priya Chen,11303364.58
7791,Frozen Voyage,Romance,French,1996,7.5,Michael Garcia,118892027.4
7792,Dark Legacy,Romance,Korean,1997,4,David Kumar,116970715
7793,Broken Shadows,Drama,Mandarin,1988,6.6,Michael Silva,18302298.01
7794,Midnight Shadows,Sci-Fi,English,2016,9,Sofia Iyer,1770931.6
7795,Silent Storm,Sci-Fi,Korean,1986,4.8,Sofia Reddy,11473113.67
7796,Dark Dream,Drama,French,2015,6.4,Emma Kapoor,6808392.37
7797,Distant War,Thriller,English,2015,9.3,Elena Reddy,10621501.58
7798,Silent Dream,Romance,French,2024,4.8,Anjali Nolan,8583987.19
7799,Midnight River,Action,English,1984,2.8,Michael Smith,2015018.37
7800,Golden Empire,Sci-Fi,Tamil,2014,8.8,Sofia Sharma,2495221.25
7801,Broken Horizon,Crime,Mandarin,2018,7.7,Sanjay Smith,11672957.5
7802,Wild Dream,Adventure,Hindi,1999,6.2,Luis Fernandes,363938.2
7803,Hidden Dream,Fantasy,Telugu,1994,3.4,David Fernandes,10613022.08
7804,Wild Echo,Thriller,Hindi,1982,2.7,Elena Wong,3540175.27
7805,Broken Kingdom,Animation,Japanese,2023,8.2,David Kumar,14429419.08
7806,Crimson Empire,Action,Korean,1984,5.3,Aiko Nolan,11849672.84
7807,Last Symphony,Thriller,Tamil,2016,9.2,Carlos Rossi,8695688.56
7808,Golden Garden,Action,English,1981,8.6,Hana Reddy,7579642.75
7809,Burning Garden,Crime,Spanish,1987,2.6,Emma Kumar,8028555.1
7810,Forgotten Path,Thriller,Hindi,2004,3.6,Sofia Reddy,6145028.32
7811,Lost Dream,Adventure,Hindi,2024,7.6,Chris Costa,12021506.12
7812,Endless Island,Romance,English,1984,9.2,Chris Watanabe,13501951.95
7813,Broken City,Sci-Fi,French,2009,6,Carlos Wong,6155719.01
7814,Endless City,Comedy,English,2010,8.6,Carlos Muller,12452766.67
7815,Midnight Flame,Fantasy,Hindi,2020,2.8,David Smith,16381941.03
7816,Distant War,Fantasy,Mandarin,1990,2.4,Yuki Fernandes,16980121.58
7817,Lost Echo,Crime,German,2003,3.4,Nina Kim,1743830811
7818,Sacred War,Crime,Hindi,2016,5.7,Nina Patel,864570.87
7819,Golden Horizon,Crime,Korean,1995,5.7,Hana Iyer,12387926.94
7820,Sacred Flame,Adventure,English,1997,7.5,Hana Iyer,17096967.52
7821,Shattered Heart,Fantasy,Portuguese,2003,5.4,Yuki Kapoor,13812245.12
7822,Silent Storm,Romance,Hindi,2016,6.6,Emma Kumar,132198082.8
7823,Shattered Island,Romance,Spanish,1988,7.9,Yuki Silva,10927060.79
7824,Midnight Truth,Crime,Spanish,2017,8.1,Yuki Sharma,92674319.08
7825,Eternal Storm,Drama,Tamil,2003,9.2,Michael Anderson,10511828.92
7826,Last Symphony,Horror,Spanish,1996,8.5,Raj Nolan,12656469.11
7827,Crimson Storm,Horror,English,2020,5.5,Wei Smith,13412958.86
7828,Crimson River,Thriller,English,2023,2.5,Wei Fernandes,13328845.74
7829,Rising Path,Sci-Fi,Korean,2001,3.2,Aiko Nolan,14738108.12
7830,Distant Storm,Horror,Hindi,1997,7.1,Aiko Silva,968514022.4
7831,Shattered Truth,Drama,Italian,1995,4.6,Nina Nolan,12852861.2
7832,Midnight War,Documentary,Tamil,2017,8.4,Michael Watanabe,13867444.97
7833,Sacred Storm,Documentary,Portuguese,2012,3.2,Anjali Kumar,11250987.97
7834,Sacred Flame,Drama,French,2023,3.5,Raj Lee,40461476.88
7835,Shattered Garden,Thriller,French,2006,4.6,Priya Kapoor,175607170.5
7836,Burning Symphony,Crime,Portuguese,1986,5.3,Wei Iyer,15090822.01
7837,Broken Journey,Horror,Japanese,1998,8.5,Sofia Rossi,2500380.26
7838,Golden Horizon,Adventure,English,2003,3.3,Raj Smith,7726122.36
7839,Lost Flame,Horror,Italian,2007,2.3,Luis Reddy,11442628.14
7840,Distant Shadows,Drama,English,1998,6.4,Yuki Fernandes,12689841.37
7841,Dark Storm,Adventure,Spanish,2014,3.3,Priya Smith,6341928.9
7842,Silent Shadows,Adventure,English,1985,3.6,David Wong,12453371.77
7843,Eternal Garden,Fantasy,Portuguese,2012,6,Wei Nolan,34082929.12
7844,Silent River,Sci-Fi,English,1986,7.2,Wei Kapoor,6576882.86
7845,Silent Dream,Documentary,French,2004,3.5,Maria Kim,1418488.05
7846,Hidden Journey,Drama,Hindi,2011,7.6,Maria Garcia,15578353.34
7847,Lost Storm,Comedy,Korean,1992,6.5,Emma Nolan,1103890.15
7848,Midnight Island,Documentary,Korean,1982,6.8,Elena Reddy,16631906.8
7849,Sacred Voyage,Drama,English,1992,6.2,Elena Kim,722076.26
7850,Shattered Flame,Thriller,French,1984,6.1,Sanjay Smith,3053381.32
7851,Sacred Dream,Crime,Korean,2006,5.8,Michael Costa,1284078
7852,Sacred Storm,Romance,Hindi,2012,8.6,David Fernandes,10635357.77
7853,Wild River,Documentary,Spanish,1981,9.4,Nina Smith,10643284.73
7854,Eternal City,Documentary,Italian,1995,5.7,Luis Anderson,1488153048
7855,Crimson Dream,Sci-Fi,Hindi,1998,6.2,Nina Smith,2136184.84
7856,Lost Echo,Crime,English,1983,8.8,Sanjay Silva,3413494.38
7857,Rising Legacy,Thriller,Korean,1980,6.2,Carlos Kapoor,15276301.81
7858,Wild Voyage,Comedy,English,1996,5.2,Sanjay Wong,9850768.63
7859,Sacred Echo,Thriller,Mandarin,1987,2.5,Luis Chen,4998349.02
7860,Forgotten Echo,Drama,English,1987,5.8,Luis Wong,1283199.86
7861,Endless Garden,Crime,English,2006,7.2,Carlos Smith,9843628.04
7862,Silent War,Sci-Fi,Hindi,2007,8.6,Wei Wong,51076485.23
7863,Broken Garden,Action,English,2019,5.1,Hana Kapoor,16170723.07
7864,Golden Truth,Drama,French,1982,4,Michael Kumar,2154611457
7865,Frozen River,Fantasy,Japanese,2019,4.4,Michael Smith,4598535.56
7866,Rising Truth,Comedy,Hindi,2012,4.9,James Smith,10821866.29
7867,Silent River,Fantasy,Telugu,1989,8.4,Anjali Kapoor,17160921.95
7868,Burning Horizon,Comedy,Telugu,2026,3.7,Sofia Kumar,7659431.42
7869,Silent Garden,Horror,Tamil,2016,2.9,Anjali Smith,16803886.59
7870,Eternal Dream,Crime,Mandarin,2018,9.4,Sanjay Muller,12396953.33
7871,Lost City,Sci-Fi,English,2007,7.8,Nina Garcia,2913827.97
7872,Midnight Horizon,Fantasy,Spanish,1981,4.9,Sanjay Smith,776675.5
7873,Eternal Dream,Horror,English,2019,7.9,Emma Kim,95088538.12
7874,Midnight Shadows,Action,Portuguese,1982,8,James Kumar,12445461.78
7875,Dark Legacy,Comedy,German,2021,5.6,Wei Silva,2653296.99
7876,Last Path,Action,English,2015,8.2,Elena Wong,1798191.75
7877,Hidden Island,Thriller,English,2004,5,Maria Watanabe,148030689.3
7878,Rising Horizon,Sci-Fi,Japanese,2025,3.3,Luis Chen,3473465.22
7879,Burning Legacy,Fantasy,Telugu,2002,8.4,Aiko Chen,15256927.5
7880,Dark War,Animation,English,2002,7.3,Emma Garcia,78967830.28
7881,Broken Legacy,Sci-Fi,Spanish,1987,7.3,Nina Silva,8423040.66
7882,Silent Garden,Comedy,Hindi,2006,4.9,Luis Sharma,10572892.22
7883,Broken Path,Drama,Hindi,2000,5.1,Sanjay Rossi,12355660.82
7884,Hidden Garden,Action,Korean,2007,6.4,David Kapoor,10742284.4
7885,Secret Truth,Romance,Japanese,1998,8.7,Michael Wong,16485864.95
7886,Burning City,Thriller,Telugu,1996,9.1,Carlos Rossi,199200845.7
7887,Wild City,Sci-Fi,Hindi,1982,7.9,Sanjay Reddy,7304200.11
7888,Frozen Dream,Romance,German,1995,6.2,Chris Sharma,8383558.82
7889,Midnight Journey,Comedy,Hindi,1992,7.3,Yuki Anderson,10070297.76
7890,Forgotten Empire,Animation,English,2024,3.1,Maria Watanabe,19473851.42
7891,Midnight Voyage,Drama,English,2009,6.1,Priya Fernandes,1177603.55
7892,Sacred Voyage,Adventure,English,2006,4.3,Luis Costa,83166817.61
7893,Endless Dream,Fantasy,French,1994,3.4,James Rossi,4465707.29
7894,Rising Journey,Crime,Japanese,2014,8.5,Aiko Garcia,10338726.17
7895,Midnight Dream,Comedy,English,1989,7.4,James Garcia,8564737.44
7896,Silent Truth,Horror,Tamil,1998,7.8,Hana Chen,6944780.06
7897,Wild Path,Adventure,Hindi,2000,5.3,Michael Smith,7934462.35
7898,Secret Symphony,Fantasy,Tamil,2008,5.4,Wei Nolan,2802729.49
7899,Golden Kingdom,Comedy,Portuguese,2009,4.1,Yuki Patel,16219733.06
7900,Endless Shadows,Romance,French,1992,5,David Fernandes,18884542.97
7901,Rising Journey,Fantasy,English,2024,8.3,Hana Patel,8513389.56
7902,Secret Horizon,Thriller,Tamil,2019,6.8,Wei Kapoor,17296189.77
7903,Secret Garden,Action,Spanish,1983,3.4,Maria Kim,1657832.36
7904,Sacred Symphony,Crime,Korean,1980,4.6,Carlos Kumar,150337370.3
7905,Lost Symphony,Documentary,Hindi,1998,9.4,Michael Watanabe,9450857.83
7906,Rising Journey,Thriller,English,2018,5.8,David Iyer,13546602.11
7907,Silent Flame,Crime,English,1992,4.7,Hana Patel,9196473.73
7908,Dark Truth,Fantasy,Telugu,2018,8.1,Nina Chen,3420861.63
7909,Distant River,Thriller,English,1983,3.7,Carlos Lee,11868187.76
7910,Broken Truth,Adventure,Hindi,1994,3.8,Sanjay Muller,5760718.53
7911,Frozen River,Action,Mandarin,2016,2,Raj Lee,86255313.11
7912,Eternal Path,Animation,English,1986,8.3,Yuki Rossi,11216873.76
7913,Midnight Kingdom,Comedy,English,1982,8.4,Carlos Iyer,9579306.02
7914,Crimson Garden,Action,English,2006,6.6,Nina Rossi,10235935.21
7915,Shattered Shadows,Sci-Fi,English,2010,6.4,David Wong,8873987.3
7916,Sacred Symphony,Drama,Italian,2026,2.3,Arjun Reddy,174021486.8
7917,Last Storm,Comedy,Mandarin,1980,3,Chris Nolan,4991119.28
7918,Silent Flame,Sci-Fi,Hindi,1999,6.9,Priya Kumar,901541.4
7919,Shattered City,Adventure,Hindi,1999,3.4,Chris Iyer,3261234.98
7920,Rising Journey,Fantasy,Hindi,2004,7.2,Elena Nolan,11422327.09
7921,Silent Storm,Horror,Tamil,2024,7.1,Raj Watanabe,13529468.26
7922,Sacred Heart,Romance,Korean,2018,3.2,Maria Muller,17019393.23
7923,Burning Horizon,Fantasy,Japanese,2019,9.1,Wei Kapoor,19874488.19
7924,Endless Storm,Action,English,2006,4.2,Carlos Kim,5072046.95
7925,Forgotten Horizon,Sci-Fi,Hindi,1993,7,James Wong,153592740.1
7926,Burning War,Sci-Fi,English,2013,8.8,Hana Watanabe,19886375.28
7927,Burning Island,Thriller,English,2001,4.6,Emma Kapoor,136994536.8
7928,Rising River,Drama,Italian,1994,4.6,Priya Kumar,92284344.51
7929,Lost Heart,Drama,English,1985,5,Priya Nolan,140917847.4
7930,Lost Empire,Fantasy,Korean,1997,8.2,Emma Sharma,86144726.52
7931,Distant Kingdom,Thriller,Hindi,2009,2.4,Anjali Muller,14429769.49
7932,Burning Voyage,Fantasy,Hindi,1995,6,Yuki Smith,6219253.27
7933,Wild Storm,Sci-Fi,Hindi,2011,8.5,Sofia Patel,6682431.88
7934,Silent Kingdom,Animation,Tamil,1997,8.3,James Watanabe,9391358.24
7935,Wild Dream,Action,Hindi,2013,2.6,Arjun Kim,14290002.92
7936,Forgotten Storm,Horror,English,1981,2.4,Maria Lee,2879352.13
7937,Rising Storm,Fantasy,French,1988,4.5,Hana Garcia,1783685.36
7938,Frozen Truth,Comedy,Mandarin,1989,3.5,Michael Rossi,14931740.8
7939,Golden Voyage,Action,English,1999,3,Michael Smith,12426163.89
7940,Burning Shadows,Animation,English,1989,4.7,Nina Anderson,15285675.81
7941,Secret Flame,Animation,Hindi,2002,7.5,David Anderson,4903802.53
7942,Forgotten War,Comedy,German,1994,4.6,James Wong,56094132.36
7943,Crimson River,Comedy,English,2023,5.4,Wei Muller,1604269.66
7944,Wild Flame,Fantasy,English,2003,3.9,Nina Rossi,16462231.21
7945,Frozen Path,Action,Portuguese,1987,4.6,Elena Iyer,17427167.56
7946,Distant Storm,Adventure,Telugu,2007,9.3,Carlos Fernandes,1618429.01
7947,Rising Truth,Action,Italian,1999,6,Arjun Sharma,8820737.76
7948,Hidden Path,Thriller,Hindi,2025,2.7,Aiko Reddy,48765105.1
7949,Sacred Truth,Action,Spanish,1991,5.7,Chris Nolan,13133624.13
7950,Eternal Path,Thriller,Japanese,2014,3.1,Luis Chen,8082484.7
7951,Silent Horizon,Action,English,2005,8.7,James Anderson,4661973.9
7952,Hidden Garden,Adventure,English,2006,6.5,Priya Chen,8533677.8
7953,Frozen Horizon,Documentary,German,1999,8.1,Maria Kumar,18556201.31
7954,Hidden Journey,Thriller,English,1991,5,David Smith,14860123.89
7955,Burning Dream,Drama,Tamil,1981,6.1,Priya Kim,4186542.37
7956,Eternal Kingdom,Fantasy,English,2018,9.1,James Kumar,225688.77
7957,Eternal Truth,Thriller,Spanish,2009,3.2,Priya Reddy,14039029.8
7958,Last Symphony,Animation,English,2011,5.1,Wei Silva,4208536.73
7959,Eternal Shadows,Sci-Fi,German,1987,4.6,Arjun Costa,98119372.98
7960,Forgotten Path,Romance,Telugu,1993,8.2,Aiko Watanabe,5381822.56
7961,Hidden Island,Comedy,Spanish,1991,7.3,Nina Sharma,4400288.44
7962,Forgotten Dream,Fantasy,Tamil,2010,6.5,Aiko Iyer,18932644.88
7963,Last Voyage,Drama,English,2025,4.6,Aiko Wong,3168353.75
7964,Hidden Storm,Documentary,Korean,2023,4.3,Michael Smith,8806231.66
7965,Wild Garden,Thriller,Spanish,1989,8.4,Yuki Sharma,5014090.26
7966,Endless Voyage,Fantasy,Hindi,1990,9,Luis Iyer,7192627.8
7967,Golden Heart,Adventure,Hindi,2015,3.1,Carlos Patel,2370618.33
7968,Rising Voyage,Adventure,English,2013,2.6,Anjali Watanabe,3636936.43
7969,Rising Heart,Comedy,Spanish,2001,5.4,Sanjay Patel,10878997.19
7970,Distant Heart,Adventure,Tamil,1988,3.3,Nina Patel,11254540.37
7971,Midnight City,Drama,English,2008,3.1,Elena Garcia,2248832.37
7972,Golden Kingdom,Fantasy,Spanish,1985,4.3,James Rossi,1457001.46
7973,Shattered City,Comedy,French,1987,2.2,Emma Anderson,15356476.65
7974,Burning Storm,Romance,Spanish,2024,7.6,Wei Garcia,1143195.62
7975,Last City,Horror,Hindi,2020,8.1,James Kim,7432493.12
7976,Eternal Empire,Animation,English,2011,6.7,Wei Rossi,10373946.99
7977,Rising Storm,Sci-Fi,Japanese,1982,2.4,Emma Nolan,715328.04
7978,Golden Island,Drama,Italian,1993,5,Aiko Kim,4030163.79
7979,Eternal Legacy,Animation,Spanish,1993,6.3,Raj Muller,7056855.74
7980,Shattered Empire,Horror,Portuguese,1999,2.5,Anjali Iyer,9471713.97
7981,Sacred Flame,Thriller,Portuguese,2021,8.1,Aiko Kumar,77283959.18
7982,Forgotten Island,Fantasy,Hindi,1993,2.5,Priya Kumar,1935718.78
7983,Frozen Horizon,Thriller,Hindi,2017,2.8,Carlos Silva,18273760.83
7984,Endless Island,Romance,Tamil,1995,8.2,Sofia Kapoor,16625981.63
7985,Rising River,Fantasy,Hindi,1986,2.5,Luis Garcia,2470807.49
7986,Crimson Heart,Comedy,Hindi,1997,3.2,Aiko Nolan,6059399.12
7987,Distant Symphony,Drama,English,2017,5.7,Maria Chen,13964543.01
7988,Lost Truth,Fantasy,Mandarin,2008,5.5,Michael Rossi,17885216.63
7989,Hidden Symphony,Drama,English,1983,9.3,David Patel,10978776.82
7990,Endless Journey,Adventure,Korean,2006,7.1,Sanjay Smith,2590648.41
7991,Broken Empire,Adventure,Spanish,1985,7.3,Michael Silva,8671308.5
7992,Silent Garden,Comedy,Telugu,2000,7.6,Luis Fernandes,10169677.84
7993,Distant Echo,Comedy,Japanese,1998,5.8,Nina Smith,13145212
7994,Sacred Path,Drama,Tamil,2018,3.9,Arjun Lee,16302815.26
7995,Wild Shadows,Adventure,Hindi,1987,3.6,Emma Kim,14452046.38
7996,Lost City,Sci-Fi,English,2019,7,James Reddy,6063608.81
7997,Dark Voyage,Romance,Tamil,2026,8.7,Luis Anderson,105531154.7
7998,Hidden Island,Crime,Japanese,2004,4.5,Emma Anderson,17451829.86
7999,Silent City,Thriller,English,2026,8.3,Yuki Iyer,6585574.16
8000,Crimson Island,Sci-Fi,Tamil,1982,4.6,Priya Kapoor,1301996.87
8001,Midnight War,Comedy,Hindi,2006,3.9,Carlos Chen,13712626.79
8002,Lost River,Drama,Hindi,2001,7.3,Nina Muller,12312112.67
8003,Crimson Storm,Adventure,Korean,2021,2.9,James Nolan,12541904.39
8004,Dark Symphony,Animation,English,2004,8.2,Sanjay Chen,16110689.69
8005,Rising Heart,Romance,English,2007,8.7,Emma Smith,19299572.29
8006,Last Path,Drama,English,2003,9.5,Arjun Costa,7278380.1
8007,Frozen Journey,Drama,Korean,2017,2.4,Yuki Muller,15572532.15
8008,Silent Journey,Sci-Fi,Hindi,1981,8.3,Elena Nolan,6928555.27
8009,Hidden Dream,Horror,Japanese,1996,3.5,Anjali Kumar,9944766.58
8010,Last Island,Fantasy,Italian,1985,7.6,David Nolan,12026151.61
8011,Distant Voyage,Drama,Spanish,2019,8.2,Luis Garcia,52387933.92
8012,Burning War,Thriller,Spanish,2020,5.7,Maria Garcia,95819682.7
8013,Lost Dream,Thriller,Hindi,1984,5.5,Emma Chen,15563121.89
8014,Eternal Island,Romance,English,1993,7.1,Maria Iyer,132799019.3
8015,Frozen Dream,Adventure,Telugu,2016,5.1,Luis Silva,7739025.04
8016,Endless City,Action,English,1998,4.6,Chris Muller,4400023.28
8017,Endless Symphony,Crime,Mandarin,1998,3.2,Chris Wong,15500308.24
8018,Golden Empire,Action,Tamil,2004,6.3,Maria Patel,125758218.8
8019,Forgotten Shadows,Fantasy,Mandarin,2024,6.2,Michael Smith,18473780.63
8020,Lost Symphony,Romance,Telugu,2006,9.4,Sanjay Fernandes,9255329.79
8021,Burning River,Action,English,1988,2.8,Hana Reddy,6922863.05
8022,Crimson Voyage,Drama,Telugu,2010,4.1,Nina Nolan,1960782.98
8023,Forgotten Flame,Romance,English,1990,9.1,Maria Sharma,1958006.18
8024,Broken Symphony,Thriller,Spanish,2013,8.6,Nina Nolan,1283256605
8025,Frozen Shadows,Documentary,English,2026,9.1,Yuki Iyer,14048295.73
8026,Sacred Truth,Thriller,Telugu,2022,6.9,Sanjay Muller,17376849.93
8027,Burning Journey,Documentary,English,1983,7.1,Elena Iyer,1850936.24
8028,Golden Dream,Animation,Korean,1991,3.7,Elena Costa,19769777.47
8029,Crimson River,Animation,Hindi,1986,6.6,Yuki Costa,5775894.63
8030,Frozen War,Romance,Telugu,2026,6.8,Sofia Kapoor,712559.95
8031,Sacred Island,Adventure,English,1996,7.1,Wei Costa,4153185.08
8032,Lost Voyage,Animation,English,2016,5.1,Raj Anderson,18639838.77
8033,Distant War,Romance,Telugu,2021,3.9,Arjun Costa,3450892.82
8034,Crimson Symphony,Fantasy,English,2020,6.2,Raj Costa,87944985.16
8035,Distant Shadows,Comedy,Spanish,2006,2.2,Emma Muller,1276645.61
8036,Frozen Storm,Horror,Portuguese,2008,9.4,Wei Reddy,5454538.84
8037,Sacred Flame,Sci-Fi,Portuguese,2012,3.7,Raj Costa,13796672.5
8038,Shattered Echo,Romance,Japanese,2015,7.2,Maria Patel,13224127.08
8039,Lost Legacy,Thriller,Telugu,2017,5.7,Maria Sharma,19003971.52
8040,Shattered Symphony,Fantasy,Japanese,2011,4.3,James Chen,14102753.29
8041,Wild Echo,Adventure,Portuguese,1981,2.4,David Fernandes,14729939.84
8042,Eternal Path,Crime,Korean,2007,3.8,Emma Muller,11772905.76
8043,Endless Path,Crime,German,1982,3.1,Emma Iyer,11656664.85
8044,Wild Heart,Documentary,Hindi,2014,4.5,Luis Watanabe,9416876.07
8045,Lost Empire,Horror,Hindi,2025,8.4,Luis Patel,4468776.08
8046,Burning Symphony,Action,Korean,1998,8.7,Sanjay Costa,3329927.86
8047,Wild Flame,Crime,Hindi,1980,6.7,Maria Patel,5825580.29
8048,Shattered Dream,Animation,Telugu,2000,6,Priya Rossi,67808701.66
8049,Endless City,Thriller,English,2024,4.4,James Muller,4607866.03
8050,Hidden River,Documentary,Spanish,2001,4.1,Aiko Rossi,12190989.5
8051,Wild Empire,Animation,Japanese,1986,3.1,Wei Lee,17041835.11
8052,Crimson Voyage,Animation,Hindi,2003,9.1,Maria Kim,12452600.92
8053,Distant Garden,Animation,German,2001,8.9,Priya Silva,191186357.4
8054,Endless Path,Animation,Hindi,2016,6.4,Hana Garcia,17288896.86
8055,Forgotten Storm,Animation,English,1993,6.8,Aiko Chen,8403775.26
8056,Burning Shadows,Action,Hindi,2024,8.8,James Wong,193754580.4
8057,Crimson Journey,Fantasy,French,1988,6.5,Michael Fernandes,2323462236
8058,Midnight Truth,Crime,Telugu,1989,6.6,Luis Anderson,5456723.97
8059,Burning Voyage,Sci-Fi,Hindi,1997,3.5,Emma Silva,16159784.78
8060,Crimson Echo,Comedy,English,2025,5,Nina Wong,11282972.83
8061,Endless River,Romance,French,1984,6.8,Chris Nolan,1876739.88
8062,Forgotten Flame,Documentary,Hindi,1987,3.6,Luis Fernandes,16389529.72
8063,Lost Horizon,Action,Hindi,1988,9.3,Luis Wong,95123657.42
8064,Burning War,Fantasy,Italian,2024,2.3,Anjali Kapoor,9902136.54
8065,Silent City,Animation,English,1983,2.5,Yuki Kim,3323843.7
8066,Golden Flame,Fantasy,English,1997,4.8,Maria Kumar,14297114.51
8067,Secret Echo,Animation,German,1984,4.9,David Nolan,13440147.73
8068,Sacred Voyage,Thriller,Japanese,2021,6,Hana Kim,129444419.7
8069,Broken River,Animation,English,2018,2.9,Maria Kumar,4823068.79
8070,Crimson Voyage,Romance,French,2004,6,David Kapoor,127643133.4
8071,Eternal Dream,Thriller,French,2025,6.1,Hana Muller,19970534.8
8072,Crimson War,Crime,Mandarin,1988,7.4,Chris Patel,4137989.17
8073,Last Flame,Sci-Fi,English,2003,5,Raj Kim,9582387.6
8074,Wild River,Crime,Spanish,2023,8.7,Yuki Kim,13808559.65
8075,Shattered Horizon,Romance,Hindi,2014,8.3,Priya Iyer,2476363.2
8076,Dark Legacy,Action,English,2004,4.2,Hana Fernandes,18778869.35
8077,Broken Horizon,Sci-Fi,Spanish,1993,8.7,Wei Patel,178172512.8
8078,Broken Symphony,Adventure,Hindi,2005,5.5,Wei Fernandes,7817900.31
8079,Crimson Truth,Documentary,Tamil,1999,4.9,Elena Iyer,7064005.03
8080,Endless Voyage,Thriller,English,1987,5.4,Aiko Fernandes,5525927.21
8081,Rising Storm,Thriller,Japanese,2018,6.4,Luis Watanabe,2796295.1
8082,Shattered Empire,Comedy,Telugu,1981,6.2,Arjun Kapoor,4125935.98
8083,Shattered City,Sci-Fi,English,2026,8.3,Sofia Patel,1324255.41
8084,Last War,Animation,German,2011,6.8,Maria Lee,91447038.16
8085,Wild Journey,Horror,English,2018,4.4,Carlos Anderson,13495571.82
8086,Burning Storm,Adventure,Spanish,1993,7.9,Hana Lee,11498883.54
8087,Shattered Echo,Crime,Hindi,2026,9.1,Maria Muller,8894389.74
8088,Dark Legacy,Thriller,English,2015,4.1,Anjali Sharma,8915365.05
8089,Hidden War,Adventure,Hindi,2005,6.5,Yuki Wong,15836627.88
8090,Silent Garden,Action,English,1993,7.2,Yuki Chen,2016889.65
8091,Shattered Voyage,Horror,Korean,1980,2.1,Luis Costa,453621.76
8092,Frozen Echo,Animation,Hindi,2019,6.1,Yuki Kapoor,179462391.2
8093,Rising Flame,Drama,Korean,1995,9.3,Anjali Reddy,9368041.67
8094,Silent Horizon,Animation,Italian,2015,3.3,Luis Sharma,15902396.54
8095,Distant Echo,Thriller,Hindi,2004,5.8,Hana Lee,3525505.34
8096,Sacred Heart,Horror,English,2017,2.3,Wei Rossi,16152396.61
8097,Eternal Path,Documentary,German,2018,8.8,Nina Kumar,4405201.6
8098,Broken Empire,Horror,English,1984,2.9,Wei Kapoor,128155416.1
8099,Hidden Horizon,Fantasy,Spanish,2024,6.1,Maria Garcia,2773627.42
8100,Endless Garden,Crime,Spanish,2002,6.2,Luis Silva,17398237.86
8101,Hidden Empire,Adventure,Japanese,2003,6.2,Luis Kumar,6208201.75
8102,Secret Path,Fantasy,German,2014,6.2,Luis Iyer,13858554.59
8103,Distant Echo,Thriller,English,2009,3.5,Anjali Kapoor,2670657.03
8104,Hidden Empire,Thriller,Korean,1982,3.2,Maria Kim,5156145.14
8105,Secret Journey,Horror,Italian,2004,3.7,Raj Kapoor,192890572.9
8106,Frozen Heart,Comedy,Portuguese,2016,2.8,Chris Iyer,4559803.79
8107,Lost Dream,Action,Portuguese,2002,4.5,Yuki Garcia,19890848.41
8108,Crimson Dream,Sci-Fi,English,2002,2.8,Michael Smith,6382026.93
8109,Endless War,Horror,Spanish,1981,4.4,Priya Chen,1314121.62
8110,Sacred Truth,Fantasy,English,2005,7,Sofia Sharma,29689137.24
8111,Golden Legacy,Action,Italian,2023,5.1,Aiko Smith,13708762.31
8112,Forgotten Legacy,Thriller,Spanish,1985,3.4,Carlos Watanabe,13006401.98
8113,Burning Storm,Adventure,Hindi,2009,8,Nina Wong,3686997.76
8114,Hidden Garden,Fantasy,English,2013,4.3,Emma Watanabe,3480249.27
8115,Last Kingdom,Drama,Japanese,2008,8.9,Chris Silva,45103428.71
8116,Hidden Journey,Animation,Mandarin,1991,9.3,David Nolan,17018958.53
8117,Distant Symphony,Adventure,English,2015,8.5,Chris Anderson,18187138.9
8118,Endless Island,Sci-Fi,English,2014,6.9,Hana Kim,5190847.12
8119,Shattered Heart,Fantasy,Spanish,2013,4.2,James Chen,57248612.11
8120,Lost Garden,Romance,Korean,2014,6.5,Yuki Rossi,31965437.41
8121,Burning Journey,Adventure,English,2023,2.9,Nina Kim,71945639.9
8122,Broken City,Thriller,English,1992,6.8,Priya Garcia,8963038.34
8123,Forgotten Flame,Action,Korean,2021,3.4,James Rossi,17568225.59
8124,Last Legacy,Horror,Spanish,2010,8,Emma Garcia,15900420.04
8125,Hidden War,Horror,French,1981,2.2,Raj Nolan,14641820.48
8126,Broken War,Comedy,Portuguese,2001,7.1,Yuki Fernandes,9459007.11
8127,Midnight Kingdom,Action,German,2025,6.4,Yuki Watanabe,17738267
8128,Lost Shadows,Action,Portuguese,1998,6.9,Raj Muller,1123201.16
8129,Silent Empire,Adventure,Tamil,1981,4.4,Priya Costa,383017.51
8130,Wild Echo,Adventure,Spanish,1985,9.4,Aiko Fernandes,836036.41
8131,Burning Truth,Fantasy,German,2009,3.5,Arjun Sharma,14670914.68
8132,Burning Garden,Thriller,English,2003,8.3,Carlos Watanabe,16028757.86
8133,Golden Island,Adventure,English,1981,6.1,Chris Wong,13915770.46
8134,Wild Kingdom,Fantasy,Hindi,1983,4.4,Wei Fernandes,9453188.39
8135,Golden City,Comedy,Hindi,1980,7.1,Arjun Chen,4382191.76
8136,Golden Echo,Documentary,Korean,2001,2.4,Nina Patel,3480488.54
8137,Endless Island,Sci-Fi,Hindi,2001,8.2,Priya Wong,8544268.64
8138,Shattered Kingdom,Horror,Hindi,1984,2.9,Emma Anderson,5752594.46
8139,Eternal Heart,Fantasy,Japanese,1988,6.6,James Muller,106345249.3
8140,Endless Storm,Crime,English,2025,4.6,Sofia Smith,15383488.94
8141,Lost River,Drama,Mandarin,2005,4.4,Anjali Smith,14855046.23
8142,Lost Storm,Documentary,Telugu,2020,3.2,Aiko Nolan,10782871.45
8143,Endless River,Adventure,Hindi,2009,6.8,Priya Costa,10337403.66
8144,Dark Kingdom,Sci-Fi,Korean,2000,7.3,Aiko Kim,9936168.21
8145,Sacred Shadows,Adventure,Mandarin,2008,2.2,Arjun Watanabe,10632296.87
8146,Endless Legacy,Animation,Japanese,1995,4.1,Hana Wong,1197598.79
8147,Hidden Storm,Romance,English,2012,7.7,Raj Sharma,3579244.47
8148,Eternal Shadows,Action,English,1984,6.5,Maria Rossi,9153823.82
8149,Lost Island,Adventure,Telugu,2014,4.3,Maria Chen,181097240.8
8150,Frozen Horizon,Action,Japanese,2013,2.3,Elena Reddy,84174917.32
8151,Dark Path,Animation,Korean,2008,4.1,Hana Silva,19284586.99
8152,Lost Path,Sci-Fi,German,1984,5.3,Priya Garcia,10363656.41
8153,Endless Island,Action,English,1984,4.4,James Muller,7782606.31
8154,Broken City,Drama,Korean,1991,8.9,Anjali Silva,2629071.81
8155,Last Storm,Sci-Fi,Italian,1990,2.6,Arjun Garcia,10829122.41
8156,Hidden Storm,Documentary,Spanish,1992,4,Sanjay Kim,1353763.68
8157,Broken Kingdom,Fantasy,Japanese,2026,8.2,Chris Patel,8724586.93
8158,Midnight River,Romance,Hindi,1993,6.1,Yuki Smith,10917031.71
8159,Shattered Truth,Animation,Hindi,2008,8.7,Maria Smith,14738184.38
8160,Rising War,Sci-Fi,Hindi,2010,5.1,Anjali Patel,12022480.9
8161,Last City,Crime,Mandarin,1986,4.6,Anjali Kim,5850489.88
8162,Crimson Dream,Adventure,Hindi,1999,7,Nina Silva,17466576.77
8163,Hidden Heart,Adventure,Hindi,2003,6.6,Luis Wong,14926701.56
8164,Midnight War,Adventure,German,1984,8.7,Luis Sharma,17509413.47
8165,Sacred Kingdom,Drama,Japanese,2020,7.1,James Chen,15898660.7
8166,Distant Empire,Action,English,1989,6.6,Wei Kumar,15995945.49
8167,Wild Truth,Drama,English,2021,6.2,Yuki Smith,19062805.33
8168,Shattered Echo,Horror,Hindi,2013,5.6,Michael Chen,14218191.6
8169,Midnight War,Crime,English,1980,4.7,Emma Rossi,15716730.35
8170,Hidden Garden,Sci-Fi,English,2020,8.4,Wei Sharma,18736033.24
8171,Last Echo,Thriller,English,2010,6.7,Wei Garcia,13644415.67
8172,Shattered Symphony,Action,English,2012,5.6,Arjun Lee,1357107081
8173,Distant Island,Fantasy,Hindi,2005,9.4,Luis Garcia,4663260.79
8174,Wild Echo,Fantasy,Spanish,2013,6.2,Maria Kapoor,4073207.63
8175,Secret Horizon,Action,English,1999,3,Emma Kim,6772504.74
8176,Midnight River,Action,Korean,1983,8,Elena Muller,637044354.9
8177,Silent Echo,Drama,Telugu,2025,7.5,Chris Reddy,3128503.02
8178,Sacred Echo,Documentary,Spanish,2014,7.4,Yuki Muller,3055485.17
8179,Eternal Flame,Drama,English,2021,4.5,Luis Sharma,2831050.79
8180,Forgotten Garden,Sci-Fi,English,1987,7,Yuki Kapoor,237996472.6
8181,Rising Empire,Thriller,Spanish,1995,8.2,Michael Patel,2035356742
8182,Wild Shadows,Horror,Hindi,2024,2.6,Hana Iyer,12058684.3
8183,Broken Island,Crime,Portuguese,2011,4.3,Wei Reddy,19470205.34
8184,Distant Flame,Thriller,English,2022,9.3,Priya Chen,9237109.3
8185,Silent Journey,Horror,English,2011,6.2,Anjali Kapoor,11697781.7
8186,Burning Heart,Fantasy,Japanese,1986,5.1,Chris Sharma,12217782.18
8187,Midnight Journey,Horror,English,2003,5.5,Maria Kapoor,7971939.66
8188,Sacred Garden,Thriller,Hindi,1993,2.8,David Sharma,12331106.29
8189,Secret War,Fantasy,Spanish,2015,6,Anjali Muller,8493773.93
8190,Eternal Voyage,Action,Korean,2019,3.7,Luis Smith,11908203.39
8191,Shattered Storm,Romance,Mandarin,2026,5.8,Anjali Garcia,17714133.19
8192,Rising Garden,Action,German,1984,4.8,Arjun Fernandes,40995558.12
8193,Distant Legacy,Animation,English,2014,4,Sofia Nolan,17786362.91
8194,Shattered Symphony,Drama,English,1998,2.2,Maria Rossi,3960070.26
8195,Hidden Symphony,Comedy,Hindi,2006,8.2,Arjun Kim,6094881.23
8196,Burning Horizon,Adventure,Mandarin,2006,9.1,Wei Kumar,17155972.92
8197,Wild Garden,Thriller,Spanish,2010,4.5,Wei Garcia,2444999.28
8198,Distant Echo,Horror,Telugu,2002,8.8,Elena Silva,9808479.53
8199,Dark City,Drama,Spanish,2013,7,Sofia Kapoor,3537858.67
8200,Wild Dream,Sci-Fi,German,1999,8.7,Emma Muller,13955724.09
8201,Broken Garden,Horror,Hindi,2026,2.7,Emma Rossi,18861835.12
8202,Crimson Garden,Crime,English,2003,9,Raj Kapoor,66056.19
8203,Burning Flame,Romance,English,2021,8.5,Sanjay Smith,1725515.3
8204,Wild Island,Romance,Korean,2018,3.3,Michael Fernandes,11581049.94
8205,Golden Storm,Romance,English,1997,4.7,Priya Costa,18089953.36
8206,Dark Garden,Action,Hindi,2018,5.5,Priya Lee,16069522.69
8207,Midnight Symphony,Adventure,German,2019,7.3,James Smith,17116827.47
8208,Broken Island,Thriller,Hindi,1980,2.6,Arjun Kim,350437.04
8209,Distant Heart,Horror,English,1999,2.4,Yuki Silva,16036610.28
8210,Secret Storm,Thriller,Hindi,2026,6,Luis Lee,14903000.35
8211,Rising Dream,Fantasy,Spanish,2015,8.1,Carlos Watanabe,16041967.87
8212,Dark Empire,Comedy,English,1984,7.5,Emma Nolan,12200619.11
8213,Sacred Voyage,Crime,Korean,2024,7.6,Aiko Kapoor,11527809.77
8214,Last Kingdom,Horror,English,2005,6.9,Nina Garcia,61529767.1
8215,Hidden Voyage,Sci-Fi,Japanese,2018,8.8,Emma Sharma,3551312.73
8216,Burning River,Thriller,Tamil,2021,3.2,Arjun Smith,12774539.58
8217,Forgotten Empire,Action,Hindi,2012,8.8,Arjun Rossi,7932649.77
8218,Silent Storm,Adventure,Korean,2017,4.2,Michael Silva,6566736.73
8219,Distant Island,Drama,English,1990,7.3,Arjun Nolan,11814742.97
8220,Last Island,Horror,English,1997,8.4,Hana Lee,2724049.54
8221,Rising Shadows,Animation,Korean,1992,8.9,Sofia Nolan,4788354.99
8222,Eternal Heart,Romance,English,2001,6.2,Nina Kim,3518392.09
8223,Rising Garden,Action,Portuguese,1981,4,Carlos Smith,156357048
8224,Forgotten Shadows,Thriller,French,1985,4.6,Wei Sharma,3651623.06
8225,Sacred Dream,Fantasy,Hindi,1990,6.6,Raj Garcia,18860266.03
8226,Midnight River,Horror,Korean,1990,3.8,Arjun Reddy,2122922.77
8227,Frozen Horizon,Documentary,English,1986,6.2,Raj Smith,32033732.94
8228,Dark Horizon,Romance,English,1996,4.9,Priya Wong,12848987.52
8229,Frozen Journey,Crime,Hindi,2008,9.3,Yuki Iyer,4213221.32
8230,Golden Garden,Crime,German,1991,7.7,Hana Kapoor,18972316.86
8231,Endless Symphony,Sci-Fi,Hindi,2009,6.3,Nina Smith,169790725
8232,Rising River,Animation,Portuguese,2001,7.3,Arjun Wong,2493355518
8233,Frozen Voyage,Documentary,French,2015,8.9,Sanjay Nolan,14180094.51
8234,Distant Path,Documentary,French,1985,4.4,Carlos Garcia,199011775
8235,Eternal City,Animation,Hindi,1982,8.6,David Kim,5001810.58
8236,Forgotten Heart,Sci-Fi,Italian,2000,2.9,Arjun Iyer,19757733.23
8237,Hidden Heart,Horror,Portuguese,2022,4.8,Carlos Kim,1249572.03
8238,Crimson Island,Thriller,English,1983,3.5,Michael Wong,7438260.46
8239,Silent Empire,Crime,French,2021,3.3,Yuki Kim,10584185.95
8240,Distant Truth,Animation,Spanish,2017,8.7,Aiko Reddy,19758706.01
8241,Broken River,Fantasy,French,1993,4.1,Nina Smith,6962104.99
8242,Frozen Flame,Documentary,Japanese,2025,5.4,Michael Kumar,2954345.8
8243,Frozen Heart,Documentary,German,1998,6.4,Arjun Sharma,8014068.22
8244,Wild Path,Romance,Telugu,1984,3.8,Priya Watanabe,13513654.49
8245,Endless War,Drama,English,2020,4.9,Luis Iyer,14895621.04
8246,Rising Legacy,Fantasy,Tamil,1992,4,Carlos Garcia,11486553.49
8247,Distant Storm,Fantasy,English,2024,4.2,Sofia Sharma,7338518.59
8248,Eternal Path,Crime,Spanish,1980,4.3,Carlos Chen,945101.71
8249,Hidden Garden,Action,English,1994,6.7,Anjali Chen,3945963.16
8250,Burning Shadows,Adventure,Korean,2023,6.9,Priya Sharma,133064.02
8251,Lost Legacy,Fantasy,Hindi,2023,4.9,Hana Sharma,6416329.21
8252,Broken Empire,Action,Telugu,2020,5.4,Elena Wong,7921391.15
8253,Silent Truth,Romance,English,2024,6.6,Chris Kapoor,9476221.99
8254,Crimson Voyage,Horror,English,2009,5.9,Yuki Watanabe,11755698.79
8255,Dark Voyage,Adventure,Tamil,1999,7.2,Arjun Fernandes,17911185.41
8256,Sacred River,Sci-Fi,English,1986,4.8,Chris Smith,24755437.15
8257,Distant Island,Adventure,Mandarin,1999,5.2,Emma Rossi,15758901.47
8258,Endless Journey,Comedy,Hindi,1986,5,Wei Nolan,4071815.45
8259,Sacred Shadows,Crime,English,2010,4.1,Wei Costa,19353720.75
8260,Distant Dream,Fantasy,Spanish,1989,6,Aiko Anderson,18837706.95
8261,Frozen Storm,Horror,Telugu,1999,3.3,Hana Muller,129308524.1
8262,Hidden Truth,Comedy,Portuguese,2020,8.8,Michael Silva,15282991.14
8263,Eternal Path,Drama,Telugu,2012,8.9,Elena Kumar,4179340.91
8264,Burning Truth,Sci-Fi,English,1980,8.9,Raj Kumar,10244317.36
8265,Golden Voyage,Documentary,English,1986,4.6,Carlos Kumar,8053723.13
8266,Crimson Voyage,Drama,Hindi,1989,8.2,Luis Watanabe,146106751.9
8267,Midnight Heart,Comedy,Korean,1993,9.1,Anjali Garcia,12857119.02
8268,Wild Empire,Horror,English,2013,4.1,Yuki Sharma,29436680.19
8269,Last Symphony,Documentary,German,2023,4.3,Maria Sharma,1309403.62
8270,Midnight River,Sci-Fi,English,2005,8.8,Raj Smith,7552505.55
8271,Sacred Storm,Horror,Korean,1980,6.4,Sofia Chen,15351074.01
8272,Shattered Garden,Horror,Portuguese,2017,4.8,Chris Watanabe,5400591.16
8273,Endless Horizon,Animation,Tamil,2016,5.1,Anjali Kim,12721588.17
8274,Eternal Legacy,Sci-Fi,Mandarin,1981,4.7,Chris Anderson,4230368.37
8275,Eternal Garden,Fantasy,French,2019,7.6,David Rossi,13619623.57
8276,Golden Flame,Horror,English,1987,4.4,Emma Rossi,15254710.38
8277,Wild Garden,Sci-Fi,Hindi,2016,6.1,Emma Lee,13248854.6
8278,Sacred Heart,Fantasy,Tamil,1999,6.7,Chris Fernandes,16898890.11
8279,Last Voyage,Drama,Spanish,1991,5.1,Yuki Garcia,117689154.7
8280,Sacred Island,Horror,English,2014,8.9,Raj Iyer,6722571.5
8281,Sacred Garden,Adventure,Hindi,1993,6.9,Elena Sharma,106885927.2
8282,Wild Storm,Crime,English,1982,7.5,Wei Chen,9440388.79
8283,Hidden River,Thriller,Hindi,2012,5.3,Luis Kapoor,16744745.2
8284,Endless River,Drama,Telugu,1987,2.9,Chris Fernandes,90951727.26
8285,Hidden Voyage,Action,Hindi,1982,3.7,Luis Garcia,8262327.27
8286,Last River,Thriller,Japanese,1995,5.3,Raj Silva,19214641.02
8287,Distant Island,Fantasy,Italian,2024,3.6,Emma Silva,3864441.75
8288,Hidden River,Fantasy,English,1981,8.7,Arjun Muller,15433585.58
8289,Lost Voyage,Adventure,Tamil,2019,9,James Nolan,116292224.7
8290,Wild Journey,Documentary,Portuguese,1984,7.4,Luis Lee,4275341.1
8291,Secret City,Adventure,English,1986,3.6,Carlos Kim,691712.04
8292,Sacred Symphony,Adventure,Hindi,2017,4.4,Carlos Smith,139511.43
8293,Crimson Flame,Drama,English,2018,7.9,Anjali Rossi,10357379.66
8294,Shattered Legacy,Romance,English,2002,6.5,Hana Lee,9869932.59
8295,Broken Legacy,Horror,French,1990,3.4,Chris Wong,10557512.92
8296,Last Echo,Thriller,Japanese,1983,7.3,Chris Muller,7562936.71
8297,Burning Shadows,Romance,Spanish,2023,4.2,Carlos Watanabe,8873903.1
8298,Rising Path,Crime,Japanese,1982,2.6,Sofia Lee,9710319.54
8299,Midnight Heart,Fantasy,Italian,2001,7.2,Arjun Patel,59018367.82
8300,Dark Symphony,Action,Hindi,2015,2.7,Raj Silva,17590441.42
8301,Burning Legacy,Adventure,French,1995,7.8,Michael Patel,161848652.6
8302,Midnight Horizon,Thriller,Hindi,2004,5.1,James Lee,1735329.09
8303,Distant Journey,Sci-Fi,English,1998,4,Luis Kumar,9274112.09
8304,Midnight Voyage,Drama,Tamil,1990,6.7,Sanjay Patel,160321167.4
8305,Hidden Dream,Thriller,French,1983,5.1,Aiko Reddy,2535659.3
8306,Secret Flame,Drama,Hindi,1993,7.3,Emma Kapoor,165519802
8307,Secret Kingdom,Animation,Mandarin,2025,4.8,Luis Wong,19774156.61
8308,Distant Flame,Documentary,English,2024,8.2,Yuki Muller,11281121.82
8309,Eternal Island,Drama,Mandarin,1999,2.6,Michael Nolan,11030566.78
8310,Wild Path,Horror,English,2011,8.3,Michael Kumar,5605534.74
8311,Hidden Symphony,Action,Hindi,2001,3.7,Emma Costa,17964181.02
8312,Secret City,Sci-Fi,Hindi,1982,3.5,Maria Rossi,135816257.1
8313,Shattered Horizon,Crime,Hindi,1996,9.3,Aiko Lee,6200097.19
8314,Midnight City,Action,Hindi,2025,4.1,Raj Rossi,5577506.29
8315,Eternal Truth,Comedy,French,2009,9,Sanjay Fernandes,8792459.77
8316,Dark Flame,Fantasy,English,2000,8.6,Luis Lee,13718829.31
8317,Frozen Storm,Fantasy,Hindi,2010,3.9,James Sharma,9002489.79
8318,Dark Symphony,Sci-Fi,Mandarin,2010,6.5,David Kim,17742026.03
8319,Frozen Shadows,Crime,Hindi,1992,6.9,Yuki Rossi,2076727.36
8320,Sacred Garden,Adventure,Italian,1985,5.8,Luis Iyer,6917757.74
8321,Eternal River,Horror,English,1982,9.2,Yuki Fernandes,3851595.2
8322,Forgotten Shadows,Horror,Mandarin,1997,4.9,Sofia Rossi,4464181.61
8323,Shattered Echo,Thriller,English,2011,5.6,Anjali Sharma,9155683.89
8324,Silent Journey,Action,Mandarin,1984,6.6,Yuki Lee,13293994.54
8325,Frozen Heart,Crime,English,1990,9.1,Aiko Anderson,1160477.7
8326,Crimson Island,Thriller,Portuguese,1982,4.8,Maria Patel,19298485.5
8327,Silent Island,Drama,English,1990,9.1,Arjun Sharma,16068659.26
8328,Lost War,Documentary,English,1992,8.6,Yuki Watanabe,19207995.61
8329,Golden Echo,Crime,Tamil,1982,8,Emma Kumar,6943118.99
8330,Last Island,Sci-Fi,Japanese,1997,3.5,Carlos Muller,19144337.78
8331,Broken Shadows,Comedy,English,1986,6.9,Priya Silva,32353730.16
8332,Hidden Dream,Sci-Fi,Spanish,1991,6.4,Raj Wong,863779.94
8333,Eternal Island,Adventure,English,2020,5.8,Maria Kapoor,19309214.54
8334,Endless Flame,Adventure,English,1980,7.9,Sanjay Kim,15656802.56
8335,Crimson Truth,Horror,Tamil,1984,3,Hana Nolan,19545233.93
8336,Hidden River,Comedy,Telugu,2010,7.3,James Chen,14651280.31
8337,Last Path,Drama,German,2025,2.2,Sofia Sharma,9577782.71
8338,Distant Symphony,Comedy,German,2020,3.4,James Rossi,1348949.66
8339,Last Echo,Romance,Spanish,2016,9.2,Yuki Anderson,18319694.78
8340,Frozen Legacy,Documentary,English,2024,2.8,Hana Lee,1598648404
8341,Secret Kingdom,Drama,English,1997,4.2,Wei Iyer,13443074.01
8342,Broken Kingdom,Animation,Spanish,2013,2.4,Michael Kim,16462439.09
8343,Hidden Garden,Fantasy,Mandarin,1991,8,Nina Anderson,16108484.94
8344,Golden Garden,Comedy,French,2004,3.9,Nina Kapoor,96035535.43
8345,Endless Path,Fantasy,Japanese,2015,4.7,Raj Reddy,5391395.83
8346,Burning Island,Comedy,Spanish,1997,8,Chris Iyer,13097943.12
8347,Golden Voyage,Thriller,English,2007,9.3,Sanjay Kumar,13129558.12
8348,Midnight Legacy,Documentary,English,1987,2.2,Sanjay Watanabe,2514097615
8349,Hidden Heart,Animation,Mandarin,2023,3.1,Emma Patel,180940.08
8350,Forgotten Truth,Animation,Tamil,1999,6.8,Hana Muller,7928556.99
8351,Frozen City,Action,English,1988,2.5,Emma Smith,8840328.02
8352,Frozen Flame,Fantasy,Telugu,1986,5.8,Carlos Nolan,10598459.34
8353,Distant River,Crime,Hindi,2013,2.8,Elena Reddy,12322121.4
8354,Golden Path,Sci-Fi,English,1998,3.4,Carlos Kapoor,4640259.8
8355,Eternal Journey,Fantasy,Tamil,2004,6.3,David Chen,9870373.49
8356,Hidden War,Drama,English,2016,5.6,Aiko Anderson,6331574.41
8357,Midnight Journey,Adventure,Portuguese,2025,3.5,Michael Lee,19121795.6
8358,Rising River,Documentary,Spanish,2003,7,David Kumar,8856598.07
8359,Eternal Empire,Crime,Korean,2004,2.5,Carlos Costa,11991620.13
8360,Endless Dream,Animation,Hindi,1982,8.6,Aiko Chen,17903906.55
8361,Endless Storm,Sci-Fi,Korean,1988,4,James Chen,3799382.36
8362,Sacred Shadows,Horror,Mandarin,2024,2.4,Nina Rossi,1270831.2
8363,Endless Heart,Animation,Hindi,2014,4.2,Priya Garcia,14052084.95
8364,Endless Path,Action,German,2008,5.1,Elena Patel,11212906.79
8365,Burning Storm,Action,Spanish,2000,4.5,Carlos Iyer,18290374.87
8366,Last Truth,Sci-Fi,Spanish,2009,7.6,Aiko Nolan,8431782.6
8367,Midnight Echo,Comedy,Tamil,2002,5.9,Arjun Kim,1831531111
8368,Wild Flame,Drama,Korean,2018,2.1,Emma Muller,8476750.56
8369,Last Empire,Romance,Japanese,2008,6.5,James Wong,8150984.54
8370,Hidden Legacy,Romance,English,2023,8.1,Chris Nolan,18570596.57
8371,Golden Flame,Animation,English,2020,9.4,Aiko Wong,9907773.27
8372,Eternal Shadows,Sci-Fi,Mandarin,2024,6.8,James Watanabe,13494465.13
8373,Crimson Legacy,Crime,English,2024,8.2,Michael Anderson,9358204
8374,Silent Garden,Crime,English,1983,7.7,David Costa,9139802.57
8375,Dark War,Thriller,English,2015,5,Sofia Reddy,106722536.3
8376,Endless Legacy,Crime,Spanish,1997,2.6,Yuki Lee,1032806.76
8377,Shattered Echo,Animation,Hindi,1980,5.7,Anjali Kumar,11513968.23
8378,Frozen Garden,Action,French,1980,6.7,Carlos Lee,15853279.64
8379,Wild Kingdom,Crime,French,2015,6.3,Hana Reddy,13575664.99
8380,Crimson Heart,Thriller,Telugu,1983,7.9,Nina Kumar,12781578.87
8381,Crimson Voyage,Drama,Korean,1997,5.6,Raj Smith,12946612.04
8382,Eternal Horizon,Thriller,Hindi,2012,5.3,Sofia Wong,12414887.44
8383,Rising Kingdom,Sci-Fi,Telugu,2023,2.1,Carlos Rossi,111653296.6
8384,Rising Path,Crime,Telugu,1987,5.5,Yuki Costa,11336418.49
8385,Golden War,Fantasy,Hindi,2017,4.3,Carlos Nolan,153006908.6
8386,Last Kingdom,Drama,Portuguese,2004,5.5,Nina Patel,15105172.85
8387,Sacred City,Drama,English,2011,5.4,Sofia Reddy,16490448.34
8388,Golden Garden,Fantasy,Hindi,2019,3.8,Nina Anderson,14740633.95
8389,Burning Dream,Romance,English,2018,2.5,Maria Nolan,18302350.36
8390,Dark Legacy,Horror,French,1995,4.9,Sanjay Reddy,155240969.6
8391,Forgotten Empire,Horror,Tamil,2014,4.1,Aiko Chen,13014395.83
8392,Eternal Storm,Crime,English,2003,8.1,Elena Reddy,2591253.66
8393,Broken Dream,Documentary,German,2003,7,Chris Garcia,13543948.68
8394,Last Garden,Animation,Spanish,2016,3.8,Priya Reddy,19075310.62
8395,Midnight War,Horror,Tamil,2004,7.7,Elena Patel,116485.87
8396,Broken Island,Thriller,English,2006,4.8,Yuki Chen,6896781.25
8397,Frozen City,Sci-Fi,Spanish,1992,5.7,Priya Iyer,2728779.39
8398,Crimson Island,Horror,Hindi,2016,3.8,Nina Lee,1633550.44
8399,Last Horizon,Action,Spanish,2010,2.2,Wei Garcia,2066638.37
8400,Wild Legacy,Action,Japanese,2013,8.5,Wei Kim,252855.37
8401,Rising City,Fantasy,Telugu,2004,8.8,David Iyer,2689886604
8402,Sacred Horizon,Action,Portuguese,1999,7.8,Carlos Silva,19611064.14
8403,Eternal Symphony,Horror,English,2007,9,Michael Fernandes,16083189.62
8404,Forgotten Horizon,Comedy,Hindi,2004,3.6,Raj Kapoor,692749.95
8405,Crimson Empire,Fantasy,Portuguese,2019,7.5,Hana Kapoor,17696214.53
8406,Crimson Flame,Adventure,English,2026,8.7,Sanjay Sharma,17602827.23
8407,Dark Empire,Adventure,English,2017,7.7,David Costa,998728.99
8408,Distant Journey,Romance,Italian,2025,2.9,James Silva,10359546.95
8409,Wild Kingdom,Sci-Fi,English,1994,8.7,Hana Kumar,6662825.25
8410,Last Shadows,Adventure,Italian,1986,9.5,Emma Watanabe,15371346.97
8411,Shattered Path,Comedy,Hindi,2001,6.7,Hana Garcia,4830877.54
8412,Sacred Journey,Adventure,English,2011,8.2,Chris Kim,7300698.88
8413,Distant Echo,Horror,English,2011,6.3,Chris Fernandes,9001766.37
8414,Wild City,Romance,English,1981,7.4,Priya Kumar,5622171.49
8415,Frozen Horizon,Adventure,English,1986,5.1,Nina Chen,96274347.19
8416,Silent Shadows,Drama,English,1983,8.3,Sanjay Iyer,7441630.55
8417,Golden Dream,Sci-Fi,Japanese,1985,8.7,Chris Chen,31711258.27
8418,Rising Kingdom,Thriller,Mandarin,1997,2.4,Aiko Smith,13189018.99
8419,Sacred Empire,Action,Mandarin,2024,2.1,Elena Fernandes,127067522.1
8420,Hidden Horizon,Drama,English,1981,4.9,Emma Patel,10231545.83
8421,Forgotten Legacy,Horror,Hindi,2014,7.9,Sanjay Patel,13444858.92
8422,Wild Storm,Comedy,Spanish,2021,3,Luis Garcia,19008335.82
8423,Golden Path,Action,Tamil,2006,3.4,Priya Patel,1717811.85
8424,Forgotten Legacy,Romance,Hindi,1993,8.2,Maria Watanabe,661565547.6
8425,Wild Journey,Adventure,Tamil,2011,8.5,Sofia Chen,19345950.41
8426,Hidden Voyage,Thriller,Tamil,2016,8.6,Carlos Kim,6448803.46
8427,Hidden Truth,Thriller,Hindi,2002,6.9,Raj Rossi,14583640.95
8428,Golden Truth,Thriller,French,2016,4.3,James Patel,87385120.05
8429,Hidden War,Adventure,Spanish,2021,3.8,Wei Kumar,172272763.6
8430,Crimson Voyage,Crime,German,2005,2.1,James Kapoor,9563766.62
8431,Eternal Echo,Romance,English,2019,4.5,Michael Fernandes,8576948.39
8432,Shattered Flame,Romance,English,1997,4.4,Carlos Nolan,10042563.26
8433,Burning Echo,Fantasy,Korean,1987,3.1,David Kim,3868800.51
8434,Hidden Garden,Adventure,Japanese,1982,3.2,Michael Patel,11780579.53
8435,Secret Truth,Horror,French,2006,7.2,Priya Chen,18417108.81
8436,Forgotten Kingdom,Horror,Hindi,2004,4.3,Anjali Reddy,3865812.45
8437,Distant Shadows,Drama,Hindi,2001,7.2,Chris Costa,19470403.27
8438,Frozen Storm,Adventure,Tamil,2008,7,Sanjay Nolan,9392598.78
8439,Wild Horizon,Romance,Spanish,2011,9.4,Priya Reddy,11527512.86
8440,Broken Empire,Adventure,English,2011,5.1,Luis Kumar,10511904.04
8441,Shattered Voyage,Adventure,English,2017,7.9,Nina Smith,112598192.6
8442,Lost Symphony,Animation,Spanish,2005,5.8,Maria Watanabe,2343877.57
8443,Secret Island,Sci-Fi,English,1989,2.5,Sanjay Nolan,14599822.56
8444,Frozen Symphony,Animation,Hindi,1986,7.7,Chris Rossi,6215985.94
8445,Last Empire,Comedy,Tamil,1998,5.5,Aiko Rossi,16969324.75
8446,Golden Dream,Animation,Spanish,1988,5.4,Carlos Nolan,19642052.43
8447,Eternal City,Romance,Spanish,2004,6.4,Michael Chen,14507921.3
8448,Rising Dream,Action,English,2006,5.2,Carlos Chen,14173335.76
8449,Shattered Legacy,Sci-Fi,Spanish,2016,2.8,Priya Garcia,17883375.54
8450,Dark Echo,Fantasy,Hindi,1983,4.4,Carlos Costa,8308804.78
8451,Wild War,Romance,Korean,2024,7.9,Nina Kumar,7758171.56
8452,Dark Island,Crime,French,1980,4.8,Maria Patel,16179926.32
8453,Dark Path,Romance,English,2002,8.5,Raj Costa,19804812.1
8454,Forgotten Flame,Crime,Portuguese,2007,5,Chris Kumar,6570929.14
8455,Crimson Journey,Documentary,English,2018,8.5,Wei Sharma,14792785.58
8456,Frozen Island,Animation,Hindi,1988,3.2,Luis Costa,700887018.1
8457,Lost Flame,Romance,English,2022,9.4,Arjun Patel,6458137.18
8458,Shattered Storm,Action,French,2010,6.8,James Fernandes,1558756.4
8459,Silent Island,Sci-Fi,English,1983,9.5,Carlos Anderson,5920703.03
8460,Silent Journey,Horror,Hindi,2002,9.2,James Iyer,4804410.74
8461,Hidden Storm,Documentary,Korean,2021,5.3,Sanjay Reddy,13377839.36
8462,Sacred Path,Sci-Fi,Korean,2026,8.5,Hana Kumar,11052228.72
8463,Eternal Legacy,Horror,English,2023,9.4,Carlos Chen,5760716.9
8464,Dark Journey,Romance,English,2023,5.6,Carlos Chen,5623030.3
8465,Crimson Heart,Thriller,Hindi,2024,6.8,Raj Costa,6598596.09
8466,Distant Symphony,Crime,Spanish,1999,2.6,David Garcia,8276397.51
8467,Broken City,Drama,English,1986,5.4,Sofia Patel,799506126.5
8468,Hidden Dream,Crime,Mandarin,1984,8.5,Luis Nolan,12642337.85
8469,Burning Shadows,Action,Korean,2008,8.5,Priya Silva,10527602.88
8470,Silent Journey,Adventure,Japanese,2014,9.4,Maria Costa,29504639.02
8471,Sacred War,Animation,English,2007,8,Maria Lee,10741658.53
8472,Shattered Journey,Action,English,1998,3.5,David Patel,1560101.25
8473,Distant Truth,Fantasy,Spanish,2009,5.3,David Garcia,7582776.23
8474,Shattered River,Animation,Hindi,2024,6.9,James Wong,17611095.22
8475,Frozen Legacy,Thriller,French,1981,7.4,Nina Patel,2477336.33
8476,Rising Truth,Adventure,English,1995,2.4,Raj Kapoor,9052203.68
8477,Distant Kingdom,Drama,German,2008,5,Nina Nolan,14335950.2
8478,Broken Horizon,Animation,Mandarin,2013,8.3,Chris Watanabe,2685301.32
8479,Shattered Island,Romance,English,2021,6.6,Nina Kumar,571993.08
8480,Endless City,Crime,Hindi,2015,2.9,Aiko Fernandes,2079628.55
8481,Golden Kingdom,Drama,English,2018,5,Sofia Watanabe,7146470.67
8482,Crimson Path,Comedy,Spanish,1998,6.1,Priya Sharma,2273555996
8483,Frozen Heart,Fantasy,Korean,2000,3.3,Michael Fernandes,19621788.39
8484,Golden Island,Romance,Hindi,1982,2.3,Nina Smith,197851760
8485,Forgotten Island,Comedy,English,1995,9.3,Anjali Iyer,169304956.5
8486,Frozen Empire,Fantasy,Mandarin,2013,5.4,Sanjay Smith,6444210.71
8487,Forgotten Island,Drama,Japanese,2020,5.4,Wei Iyer,12590932.34
8488,Hidden War,Thriller,Hindi,1999,6.6,Luis Fernandes,4598709.27
8489,Endless Echo,Animation,Hindi,2021,3,Hana Reddy,15373750.14
8490,Lost Shadows,Sci-Fi,Hindi,1996,7.8,James Chen,16633310.8
8491,Dark Kingdom,Fantasy,English,2006,5.8,Wei Kim,9576108.7
8492,Rising River,Thriller,Hindi,1983,4.6,Sanjay Kumar,1538971.47
8493,Forgotten Truth,Action,German,2008,2.4,James Rossi,13843325.13
8494,Wild Kingdom,Animation,Hindi,1995,5.1,James Sharma,19809019.84
8495,Broken Journey,Crime,English,1999,5.9,Yuki Kapoor,1779102531
8496,Shattered Dream,Drama,Telugu,2001,6.2,Sofia Muller,14741494.9
8497,Rising River,Sci-Fi,German,1985,2.6,Raj Kapoor,5778187.19
8498,Forgotten Journey,Comedy,Japanese,2006,4.2,Nina Kim,2046556638
8499,Midnight Path,Fantasy,English,2015,2.7,Arjun Patel,3525891.18
8500,Distant Symphony,Crime,German,1998,6,Sanjay Reddy,121428161.8
8501,Silent Truth,Sci-Fi,Korean,2024,2.9,Wei Garcia,14098770.17
8502,Frozen Storm,Thriller,French,1983,4.8,Michael Fernandes,9716780.84
8503,Forgotten Island,Horror,English,1995,4.7,David Fernandes,85074997.09
8504,Crimson Empire,Fantasy,Spanish,1997,3.3,Hana Reddy,19806695.41
8505,Crimson Storm,Action,English,2018,7.2,Hana Nolan,13912294.35
8506,Forgotten Shadows,Fantasy,Portuguese,2024,6.1,Yuki Lee,12577856.27
8507,Golden Echo,Animation,Spanish,2009,2.6,Maria Kumar,8599991.34
8508,Burning War,Fantasy,Portuguese,1991,3.6,Emma Costa,7857973.41
8509,Rising Echo,Comedy,Japanese,2003,4.5,Sanjay Costa,15730897.26
8510,Distant Kingdom,Drama,English,1993,9.1,Sanjay Garcia,14314512.43
8511,Rising Storm,Action,Italian,2026,8.2,Sofia Wong,7797225.55
8512,Distant City,Adventure,Portuguese,1980,2,Michael Kapoor,14711260.65
8513,Golden Truth,Horror,Spanish,2020,3.7,Luis Lee,2654033.05
8514,Secret Legacy,Sci-Fi,Spanish,2022,8,Arjun Patel,19241914.9
8515,Rising River,Comedy,Tamil,2015,7.2,Luis Nolan,14037198.49
8516,Broken Storm,Thriller,Hindi,2014,2.9,Carlos Patel,124723737.2
8517,Lost Island,Documentary,Korean,2006,6.7,Hana Kumar,13724003.98
8518,Golden Storm,Drama,English,2005,8,Anjali Nolan,7625066.95
8519,Endless Island,Fantasy,Tamil,1999,3.7,Sofia Smith,2731595.27
8520,Golden Symphony,Thriller,Hindi,1986,6.6,James Nolan,8512185.83
8521,Hidden Island,Adventure,German,1988,2.7,Yuki Silva,4642703.35
8522,Hidden Dream,Comedy,English,2005,7.4,Luis Kumar,19242494
8523,Frozen Path,Comedy,Telugu,1994,7.4,Luis Watanabe,19429091.42
8524,Crimson Storm,Action,Hindi,1992,5.3,Raj Chen,184649.14
8525,Golden Voyage,Comedy,Hindi,1991,3.8,Wei Chen,16502910.87
8526,Frozen City,Sci-Fi,Spanish,2020,8.9,Raj Anderson,399120
8527,Rising Voyage,Horror,English,1982,6.2,Priya Reddy,128997814
8528,Lost Echo,Sci-Fi,Hindi,1983,7,Arjun Iyer,16504798.65
8529,Shattered Path,Comedy,English,1981,3,Carlos Kapoor,15302297.83
8530,Wild Kingdom,Adventure,Portuguese,1991,2.2,Raj Rossi,12700859.57
8531,Sacred Storm,Drama,Hindi,1986,2.9,Arjun Kim,5232157.67
8532,Midnight Truth,Animation,Spanish,2021,8.3,Priya Rossi,12429627.29
8533,Last Horizon,Crime,Spanish,2025,6,Priya Nolan,11577539.45
8534,Golden Journey,Thriller,Mandarin,2001,4.9,Carlos Costa,19240602.04
8535,Endless Truth,Documentary,English,1980,2.8,Maria Patel,245742.25
8536,Sacred Truth,Horror,Italian,2014,2.8,Emma Rossi,17410028.47
8537,Midnight Path,Thriller,French,1985,2.3,Luis Kapoor,1074475.12
8538,Sacred Dream,Thriller,Spanish,1990,2.9,Luis Kumar,10940842.94
8539,Last Storm,Animation,Portuguese,2005,7.8,Arjun Garcia,4550718.81
8540,Hidden Flame,Fantasy,Japanese,2018,4.4,Chris Patel,170946749.6
8541,Eternal Path,Documentary,Hindi,2003,9.3,Michael Kim,19610836.43
8542,Hidden City,Adventure,English,2013,7.9,Wei Lee,9038838.15
8543,Golden War,Drama,English,2026,6.7,David Garcia,14300003.79
8544,Frozen Dream,Thriller,Japanese,2012,8.8,Raj Wong,98055939.08
8545,Sacred Legacy,Romance,English,2005,3.3,Carlos Costa,18075818.88
8546,Frozen Empire,Sci-Fi,Hindi,2010,6.6,Raj Chen,3822076.56
8547,Endless Empire,Action,Mandarin,2005,7,Chris Kim,14835143.89
8548,Eternal Kingdom,Documentary,Hindi,2015,2.5,Yuki Silva,9227944.4
8549,Forgotten Voyage,Animation,Hindi,2000,2.6,Emma Smith,2806102.09
8550,Secret Truth,Action,Spanish,2023,7.5,James Garcia,64770373.58
8551,Burning Voyage,Crime,English,2012,3.8,James Reddy,18451032.05
8552,Frozen Voyage,Documentary,Italian,2008,8.4,Sofia Patel,6608775.6
8553,Burning Dream,Romance,Mandarin,2003,6.8,Maria Kumar,17746518.97
8554,Midnight Legacy,Sci-Fi,English,1994,9.2,Elena Silva,13756752.01
8555,Hidden City,Fantasy,Mandarin,1992,2.2,Yuki Wong,3965380.03
8556,Endless Voyage,Documentary,French,2012,4.6,Maria Iyer,6570966.76
8557,Silent Horizon,Romance,Hindi,2023,8.2,Elena Garcia,13717082.81
8558,Forgotten Legacy,Horror,Hindi,2001,7.2,Michael Patel,10309867.98
8559,Hidden Storm,Fantasy,Tamil,2003,5.6,Wei Watanabe,14068246.8
8560,Broken Voyage,Drama,English,2022,4.1,Anjali Costa,6128671.58
8561,Silent City,Thriller,Mandarin,1983,5.3,Elena Rossi,14683191.02
8562,Distant City,Crime,Italian,2006,6.7,Nina Garcia,16027014.32
8563,Sacred Symphony,Crime,Telugu,1980,9,Emma Wong,507529.58
8564,Frozen Flame,Romance,Mandarin,2013,3.7,Chris Rossi,6702447.19
8565,Distant River,Action,Spanish,2024,6.8,Wei Smith,30396790.21
8566,Dark Echo,Drama,English,2026,7.5,Elena Wong,9266486.3
8567,Last Garden,Animation,Hindi,1996,3,Maria Lee,9686433.97
8568,Sacred City,Fantasy,English,1995,4.1,Chris Smith,68251224.97
8569,Hidden Island,Horror,English,1987,2.6,Raj Kim,17667485.22
8570,Distant Horizon,Horror,Hindi,2026,4.5,Chris Sharma,6036361.07
8571,Eternal Garden,Action,English,1988,5.1,Raj Fernandes,19583118.49
8572,Endless Dream,Fantasy,Hindi,1983,8.3,Anjali Kim,18194455.32
8573,Lost War,Action,Italian,1983,6.9,David Garcia,8397888.75
8574,Forgotten Horizon,Sci-Fi,Mandarin,1992,6.8,Emma Kim,11726459.18
8575,Dark War,Action,Mandarin,1992,7.4,Luis Nolan,2281977.03
8576,Hidden City,Horror,Telugu,1983,3.4,Sofia Kumar,18853444.09
8577,Silent Voyage,Animation,Hindi,2026,4.2,Emma Wong,6022726.79
8578,Distant Horizon,Drama,Japanese,1998,4.8,Anjali Patel,18742144.56
8579,Distant War,Sci-Fi,English,1998,8.6,Chris Kim,9918625.16
8580,Endless Echo,Animation,Hindi,2025,3.3,Arjun Rossi,11706618.03
8581,Burning Voyage,Action,Portuguese,2004,7.7,Luis Rossi,18849123.84
8582,Rising Journey,Action,Mandarin,1987,5.9,Hana Lee,19172344.93
8583,Burning Storm,Romance,English,2004,2,Elena Sharma,8840450.17
8584,Golden Horizon,Horror,English,1985,4.8,Elena Patel,16713132.94
8585,Shattered Path,Comedy,English,1988,5.3,Hana Kumar,19608696.58
8586,Secret Symphony,Drama,Hindi,1991,9.2,James Wong,4055351.9
8587,Broken Storm,Documentary,Portuguese,1980,5.3,Emma Rossi,9698582.57
8588,Dark Echo,Horror,English,2001,7.2,David Silva,7706989.28
8589,Lost Empire,Thriller,English,1980,7.4,Maria Garcia,7626746.66
8590,Frozen Flame,Thriller,English,2013,2.4,Luis Kapoor,11742375.8
8591,Crimson Dream,Adventure,Hindi,2001,4.9,Priya Rossi,6574764.97
8592,Last Horizon,Fantasy,English,2020,8,Emma Wong,5999245.4
8593,Endless Truth,Adventure,English,2007,8.6,Elena Lee,18327252.41
8594,Distant Truth,Thriller,Mandarin,1983,6,James Sharma,3698473.13
8595,Rising Storm,Thriller,English,1999,4.7,James Reddy,16090654.32
8596,Last Kingdom,Animation,Tamil,2018,3.8,Arjun Wong,537981.14
8597,Last Heart,Documentary,English,1998,2.5,Chris Smith,185455204.5
8598,Rising Dream,Thriller,Tamil,2010,7.1,Hana Wong,5177965.78
8599,Distant Journey,Thriller,Telugu,1992,6.7,Anjali Watanabe,11778001.84
8600,Hidden Voyage,Documentary,Telugu,1993,7.8,Arjun Nolan,124227394.5
8601,Sacred Echo,Horror,Spanish,2004,7.8,Anjali Kapoor,8969673.31
8602,Dark Dream,Horror,Korean,2025,4.3,Aiko Muller,8070804.91
8603,Rising Garden,Action,Hindi,2001,2.4,Sofia Rossi,4944484.15
8604,Hidden Horizon,Horror,Mandarin,2009,7,Emma Sharma,2066280.55
8605,Last Voyage,Fantasy,German,1986,6.4,Wei Costa,176814873.8
8606,Wild Kingdom,Sci-Fi,Mandarin,2009,5.3,Wei Chen,19341138.43
8607,Lost Symphony,Drama,Hindi,2011,4.8,Anjali Nolan,17537520.89
8608,Shattered Kingdom,Documentary,German,2023,5.1,Wei Reddy,3737684.35
8609,Secret Heart,Horror,English,1984,6.7,Aiko Rossi,9682863.63
8610,Shattered Heart,Crime,French,2004,2.6,Luis Smith,1171388776
8611,Crimson Journey,Documentary,English,2008,5.2,Yuki Kim,114926257
8612,Burning Legacy,Romance,Portuguese,2020,3.7,James Patel,12126059.96
8613,Midnight Horizon,Comedy,Italian,2005,4.1,Arjun Costa,5801606.22
8614,Hidden Kingdom,Crime,English,2022,4.9,Chris Reddy,23526714.26
8615,Last Flame,Thriller,Hindi,1985,5.3,Sofia Reddy,19106987.79
8616,Last Horizon,Fantasy,Mandarin,1991,2.2,Elena Silva,14078101.73
8617,Hidden Echo,Sci-Fi,English,2022,4.1,Wei Kumar,17624891.82
8618,Sacred War,Documentary,Japanese,2006,7.9,Wei Kim,15571883.3
8619,Eternal War,Fantasy,Mandarin,2005,4.7,Raj Chen,18425871.39
8620,Distant City,Animation,English,2007,6.5,James Garcia,17064553.39
8621,Last Truth,Comedy,English,1994,8.3,Luis Reddy,195830274.4
8622,Shattered Garden,Comedy,English,1995,8,Hana Fernandes,5650932.69
8623,Frozen Echo,Sci-Fi,Telugu,2021,5.2,Anjali Wong,5301962.17
8624,Distant Empire,Fantasy,Korean,2000,6.5,Emma Patel,19486928.78
8625,Rising Journey,Animation,Hindi,2025,5.2,Elena Garcia,2774671.72
8626,Lost River,Crime,Italian,2013,5,Carlos Nolan,149359042.4
8627,Broken Path,Comedy,English,2013,3.7,Carlos Garcia,7851363.43
8628,Sacred Heart,Drama,English,2014,6.2,Michael Kumar,8248170.27
8629,Forgotten Legacy,Action,Japanese,2006,6.9,Luis Smith,3084972.21
8630,Wild Echo,Comedy,Portuguese,2010,5.5,Emma Reddy,14240094.21
8631,Hidden War,Thriller,Telugu,1989,2.7,Elena Kim,4977857.8
8632,Secret Voyage,Documentary,Tamil,2013,2.8,David Rossi,7003579.95
8633,Secret Symphony,Crime,Hindi,1983,4.5,Chris Wong,11473570.16
8634,Sacred Symphony,Documentary,Tamil,2019,5.7,Sofia Patel,13588682.08
8635,Burning Truth,Adventure,Hindi,2000,4.3,David Garcia,5258532.25
8636,Broken Path,Horror,English,2022,7.6,Sanjay Nolan,10660029.25
8637,Rising Horizon,Sci-Fi,Hindi,1992,9.4,Wei Watanabe,3270725.62
8638,Hidden War,Comedy,English,1989,5.1,Elena Costa,40346434.97
8639,Shattered Echo,Thriller,English,1988,6,Carlos Reddy,11790709.15
8640,Lost Path,Adventure,Hindi,2020,8.7,Carlos Silva,151383341.4
8641,Lost Heart,Horror,French,1995,5.1,Hana Silva,13388717.18
8642,Wild Empire,Horror,Japanese,1991,3,Hana Kumar,8886588.2
8643,Broken River,Animation,English,2009,7.9,Elena Wong,2473390.17
8644,Golden Horizon,Drama,German,2016,4.2,Carlos Lee,15855514.97
8645,Distant Island,Crime,Tamil,1981,4.8,David Sharma,14370553.25
8646,Silent Storm,Documentary,Spanish,1998,8,Anjali Smith,13889503.16
8647,Golden Island,Horror,Mandarin,2008,7.9,Wei Smith,169316273.5
8648,Burning Path,Sci-Fi,Hindi,2006,5.9,Sofia Wong,9455449.58
8649,Dark Empire,Comedy,French,1984,2,David Lee,3896491.27
8650,Wild War,Horror,Portuguese,1986,5.6,David Silva,3036305.52
8651,Sacred Shadows,Adventure,English,2007,7,David Fernandes,452685.25
8652,Frozen Journey,Fantasy,Mandarin,1994,3.8,Yuki Reddy,15601821.04
8653,Midnight Shadows,Action,German,1984,2.9,David Smith,3646360.68
8654,Secret City,Drama,English,2012,7.6,Wei Patel,14267906.01
8655,Forgotten Garden,Romance,English,1993,3.2,Raj Anderson,8720015.77
8656,Frozen Echo,Crime,Hindi,2005,3.7,Wei Patel,13346102.6
8657,Forgotten Island,Thriller,Spanish,1981,4.9,Nina Wong,2117396.64
8658,Wild Truth,Fantasy,English,2009,6.4,Sofia Costa,10280810.56
8659,Hidden Empire,Thriller,English,2023,5.5,Carlos Sharma,12930514.72
8660,Midnight War,Adventure,Tamil,2006,9.1,Emma Reddy,15736814.86
8661,Hidden Dream,Crime,Hindi,1990,4.7,David Nolan,5782222.72
8662,Frozen Empire,Comedy,French,1988,7,Raj Smith,15122417.38
8663,Golden Legacy,Documentary,Mandarin,1987,3.9,Anjali Garcia,7087803.31
8664,Rising Heart,Thriller,Hindi,1992,5.1,Priya Smith,8332515.04
8665,Crimson River,Documentary,Japanese,2003,4.3,Luis Watanabe,6783252.79
8666,Silent Horizon,Fantasy,Hindi,1998,3.1,Chris Wong,16408430.05
8667,Rising Journey,Horror,Spanish,1980,3.5,Elena Costa,13670874.4
8668,Lost Truth,Thriller,Hindi,2014,8.3,Chris Iyer,10760992.93
8669,Rising City,Animation,Mandarin,1992,3.3,Hana Anderson,2365502.66
8670,Broken War,Drama,English,2025,5.5,James Sharma,134846245.2
8671,Golden Journey,Documentary,Hindi,2000,3.3,Maria Smith,5642276.31
8672,Midnight Garden,Sci-Fi,French,2000,6.1,Aiko Iyer,10367091.95
8673,Sacred Heart,Horror,Hindi,1992,3.5,Sofia Kapoor,10936399.82
8674,Wild Path,Crime,Spanish,1999,3.7,David Kim,2032447.67
8675,Wild Heart,Documentary,Japanese,2010,2.2,Arjun Wong,90600223.8
8676,Frozen Dream,Crime,Japanese,1994,6.9,Hana Lee,13548060.67
8677,Shattered Island,Documentary,Spanish,1998,2.8,Yuki Lee,3219465.04
8678,Silent Shadows,Romance,English,2023,7.4,Wei Iyer,560976200.4
8679,Wild Flame,Sci-Fi,Spanish,2019,5.9,Maria Watanabe,515853.81
8680,Wild Voyage,Documentary,Hindi,2020,7.3,Maria Lee,168942432.9
8681,Forgotten Garden,Action,English,2002,7.1,Sofia Wong,827882.02
8682,Midnight Journey,Romance,Telugu,2020,3.4,Arjun Chen,163539239.3
8683,Lost Kingdom,Adventure,Hindi,2000,3.9,Michael Kapoor,10646527.17
8684,Crimson Shadows,Sci-Fi,French,2006,2.4,Chris Garcia,4102636.34
8685,Endless Garden,Action,English,2006,3.8,David Reddy,4829321.14
8686,Burning Legacy,Crime,Tamil,2024,3.6,James Smith,8078345.69
8687,Frozen Voyage,Fantasy,German,1998,4.3,Priya Costa,5692293.77
8688,Crimson Island,Sci-Fi,English,2026,9.5,Sanjay Lee,187424712.4
8689,Silent Kingdom,Documentary,Korean,2026,9.5,Priya Garcia,16931948.52
8690,Rising Flame,Animation,English,1983,3.4,Luis Watanabe,19233147.26
8691,Broken Horizon,Comedy,English,1994,3,Elena Chen,7222788.2
8692,Crimson Legacy,Sci-Fi,German,2015,9.1,Anjali Smith,1462520.69
8693,Burning Truth,Drama,Hindi,2011,8.3,Emma Muller,33318113.05
8694,Last Truth,Crime,Japanese,2020,7.1,Priya Smith,14610778.99
8695,Midnight Legacy,Sci-Fi,Mandarin,2010,7,Elena Sharma,7006443.39
8696,Forgotten Storm,Adventure,Mandarin,2018,6.4,Anjali Patel,13842029.07
8697,Lost Voyage,Fantasy,Hindi,1983,3.3,Sanjay Kapoor,114275223.6
8698,Frozen Echo,Sci-Fi,Korean,2026,8,Arjun Patel,9393432.22
8699,Endless Echo,Sci-Fi,Portuguese,2017,5.6,Emma Wong,17070094.98
8700,Midnight City,Documentary,Spanish,2025,2.4,James Anderson,5094447.18
8701,Crimson Shadows,Crime,English,2007,9.3,Raj Muller,14753311.35
8702,Shattered Horizon,Comedy,Portuguese,1988,7.6,Maria Kumar,16494609.98
8703,Lost Island,Crime,Mandarin,2006,3.6,Carlos Kim,38405769.01
8704,Eternal Journey,Crime,Japanese,1988,7.8,Michael Chen,12965211.94
8705,Rising City,Horror,Japanese,2008,8.1,David Chen,1159359.51
8706,Wild Voyage,Thriller,English,2026,9.5,Emma Kapoor,18699880.89
8707,Secret Heart,Sci-Fi,Telugu,2026,2.5,Nina Muller,2905887.39
8708,Shattered Heart,Comedy,English,2018,3.8,David Iyer,11311150.93
8709,Distant Path,Action,Spanish,2001,5.9,Sofia Sharma,127904593.8
8710,Hidden Voyage,Adventure,Spanish,2018,4.7,Sofia Fernandes,8109801.4
8711,Golden Symphony,Fantasy,English,1989,2.5,David Iyer,1974087.05
8712,Hidden Garden,Animation,Tamil,2020,5.5,Raj Costa,6023500.73
8713,Distant Empire,Horror,Portuguese,1985,2.7,Chris Lee,14536028.86
8714,Silent Flame,Comedy,Tamil,1999,5.8,Arjun Costa,10337657.34
8715,Dark War,Comedy,Hindi,1994,7.9,Luis Smith,4120826.21
8716,Secret Symphony,Sci-Fi,French,2021,8,Sofia Kapoor,69587559.32
8717,Wild Dream,Action,French,1993,5.7,Hana Chen,159467.07
8718,Hidden River,Comedy,Spanish,2004,6.9,Arjun Garcia,12480279.66
8719,Wild War,Thriller,English,1991,4.8,Aiko Silva,3572386.75
8720,Eternal Heart,Thriller,Hindi,1996,7.2,Michael Wong,4838853.37
8721,Wild Kingdom,Action,Mandarin,2024,6,Raj Patel,7980766.1
8722,Midnight Heart,Action,Korean,1989,9.2,Aiko Costa,462382.92
8723,Lost Legacy,Comedy,Spanish,1989,8.5,David Rossi,1982005.89
8724,Secret Journey,Crime,Hindi,1993,4.1,Sofia Lee,1426075.9
8725,Secret Voyage,Adventure,English,1981,7.9,Michael Chen,12333034.95
8726,Dark River,Adventure,Mandarin,2013,3.4,Hana Lee,349295999.6
8727,Forgotten Echo,Animation,Italian,1984,4.1,Carlos Garcia,16686178.89
8728,Wild Horizon,Thriller,Tamil,1983,9.4,Anjali Kapoor,18695875.35
8729,Sacred Island,Action,Hindi,2009,8.4,Anjali Patel,13483648.93
8730,Shattered Garden,Drama,English,1992,6.3,Sofia Wong,3464353.29
8731,Sacred Path,Romance,English,2004,6.6,Elena Smith,1541886.06
8732,Distant Garden,Comedy,Tamil,2011,3.9,Chris Kim,13112023.54
8733,Sacred Legacy,Documentary,Japanese,1982,8.6,Raj Muller,6511750.76
8734,Endless Garden,Horror,Tamil,1981,3.7,Carlos Kapoor,16901282.57
8735,Secret War,Animation,Mandarin,1986,7.3,Maria Patel,10079355.71
8736,Distant Heart,Drama,Italian,2020,8.9,Hana Wong,4475294.12
8737,Midnight Kingdom,Action,English,1990,7.2,Hana Fernandes,5316811.57
8738,Broken Island,Drama,Japanese,1989,9,Anjali Nolan,649298.1
8739,Midnight Legacy,Action,English,1992,3.2,Arjun Wong,5980343.85
8740,Golden Horizon,Romance,German,2026,6.3,Chris Reddy,12443469.75
8741,Silent Voyage,Animation,English,1984,3.6,Sanjay Muller,15829403.4
8742,Secret River,Thriller,Hindi,2008,9.2,Chris Garcia,41584751.09
8743,Silent Horizon,Adventure,Spanish,2024,3.3,Yuki Fernandes,4398244.41
8744,Endless Garden,Horror,Portuguese,1981,8.7,Emma Fernandes,9991119.48
8745,Burning Island,Action,English,1984,7.3,Maria Garcia,3429250.78
8746,Eternal Symphony,Documentary,English,2007,6.1,Aiko Smith,333786.77
8747,Sacred Path,Comedy,French,1985,5.7,Emma Nolan,19103441.41
8748,Dark Empire,Sci-Fi,Hindi,1999,8,Wei Nolan,5580082.39
8749,Lost Path,Thriller,Hindi,1992,2.9,Michael Costa,16321304.2
8750,Endless War,Action,Hindi,2007,6.1,Priya Patel,2034883.65
8751,Secret Storm,Romance,English,2014,6.3,James Kim,11797789.74
8752,Broken Horizon,Adventure,Mandarin,1986,4.4,Luis Sharma,12438574.26
8753,Sacred Dream,Drama,English,2006,7.6,Luis Anderson,116803847.4
8754,Hidden Garden,Thriller,English,2019,6.9,Priya Rossi,7279339.75
8755,Last Symphony,Fantasy,Portuguese,2025,9.3,Aiko Costa,16205005.67
8756,Secret Garden,Sci-Fi,Portuguese,1998,2.9,Nina Nolan,998062.71
8757,Secret City,Comedy,Spanish,2021,2.7,Elena Watanabe,19953687.3
8758,Golden Echo,Documentary,Italian,2004,3.3,Sofia Rossi,94264314.43
8759,Wild Horizon,Fantasy,English,1993,6.4,David Nolan,2583116888
8760,Secret Truth,Romance,English,2013,4.5,Luis Kumar,15291095.99
8761,Forgotten Flame,Sci-Fi,Portuguese,1985,5.6,Yuki Kapoor,7019366.68
8762,Wild Voyage,Drama,French,1990,2.9,Sofia Silva,5376695.04
8763,Forgotten Truth,Fantasy,Spanish,2025,8.4,Nina Chen,19003885.73
8764,Crimson Dream,Horror,Korean,2019,8.1,Luis Costa,426983.58
8765,Broken Path,Action,Japanese,2017,4.3,Hana Garcia,8641645.98
8766,Silent Legacy,Drama,German,2018,8,Elena Garcia,774197.52
8767,Frozen Empire,Sci-Fi,English,2003,8.5,Hana Fernandes,12645558.42
8768,Burning Horizon,Documentary,Japanese,1985,5,Carlos Sharma,573861.18
8769,Sacred Storm,Fantasy,Italian,1980,2.1,Wei Watanabe,6162336.77
8770,Endless Garden,Romance,English,1994,5.7,Arjun Fernandes,99344504.49
8771,Rising Journey,Animation,Hindi,2014,4.1,Sanjay Kumar,89894913.5
8772,Last Horizon,Crime,French,2016,2.2,Sofia Nolan,15484351.23
8773,Eternal Empire,Drama,Hindi,2003,4.5,Anjali Rossi,4456029.23
8774,Secret Empire,Horror,Telugu,2013,3.6,Raj Silva,11043176.08
8775,Midnight Dream,Romance,Mandarin,1996,4.9,Arjun Chen,969525.59
8776,Rising Journey,Romance,Japanese,2019,3,Michael Smith,7493355.29
8777,Forgotten Dream,Thriller,Hindi,2005,5.1,Emma Silva,13928180.04
8778,Distant Voyage,Action,English,2007,8.8,Michael Kapoor,13445749.76
8779,Midnight Dream,Crime,English,1990,4.2,Sofia Garcia,3712538.53
8780,Frozen War,Animation,English,2023,6.9,Emma Chen,8818184.59
8781,Burning Legacy,Romance,Italian,1995,2.5,Sanjay Wong,960744.06
8782,Crimson Echo,Romance,Spanish,1992,6.2,Elena Reddy,19693960.56
8783,Secret Dream,Action,English,1986,8,Wei Watanabe,7786581.04
8784,Secret Legacy,Sci-Fi,Tamil,2002,5.5,Yuki Nolan,12628534.79
8785,Last Empire,Sci-Fi,English,2022,9.3,Chris Chen,797089.65
8786,Endless Horizon,Thriller,Japanese,2004,3,Wei Sharma,197377982.8
8787,Last Echo,Fantasy,Hindi,2018,7.5,Maria Sharma,8972234.96
8788,Wild War,Horror,Telugu,2002,2,Anjali Rossi,10946392.59
8789,Last Horizon,Fantasy,Hindi,2008,6.5,James Fernandes,7949462.54
8790,Burning Echo,Horror,Korean,1987,6.2,Anjali Fernandes,1571639.95
8791,Burning Shadows,Thriller,Hindi,2024,4.3,Luis Lee,17470512.29
8792,Dark Garden,Action,Spanish,2019,6.8,Chris Kumar,11724650
8793,Burning War,Documentary,English,2001,7.6,Luis Anderson,14444035.04
8794,Hidden Garden,Sci-Fi,Hindi,2001,5,Aiko Iyer,18966014.13
8795,Lost Symphony,Adventure,Mandarin,1983,6.8,Chris Kumar,1137048.18
8796,Silent Flame,Drama,English,2023,6,Arjun Sharma,10112525.17
8797,Frozen Journey,Fantasy,Japanese,1995,7.6,Wei Patel,18908275.92
8798,Silent Storm,Romance,English,2024,8.8,James Lee,2854205.51
8799,Hidden Heart,Drama,French,2016,6.5,Anjali Rossi,11080521.6
8800,Silent Symphony,Crime,Japanese,1994,2.7,Hana Silva,14423031.94
8801,Endless War,Drama,Spanish,2006,2.9,Anjali Iyer,148016024
8802,Broken Horizon,Thriller,Mandarin,2008,3.4,Aiko Chen,11259211.17
8803,Hidden Symphony,Fantasy,Hindi,2001,7,Maria Reddy,13291379.26
8804,Last Heart,Crime,Tamil,1987,2.8,Maria Kim,9790237.99
8805,Lost City,Comedy,Mandarin,1984,5.3,Yuki Muller,13459988.57
8806,Crimson Dream,Comedy,English,2007,6.5,Luis Watanabe,9823199.53
8807,Frozen Voyage,Drama,English,2019,5.6,Chris Kumar,60711558.06
8808,Golden Heart,Comedy,Mandarin,2013,4.7,James Watanabe,10010601.89
8809,Broken Voyage,Crime,Hindi,1997,7.7,Michael Patel,4331223.36
8810,Crimson Path,Drama,Hindi,1982,2.7,Elena Chen,6937390.08
8811,Rising Journey,Horror,Hindi,2008,8.1,Sanjay Chen,19219150.5
8812,Crimson Heart,Comedy,English,2002,5.8,Sanjay Chen,11688096.7
8813,Midnight City,Action,Mandarin,1990,6.4,Emma Sharma,11945493.85
8814,Silent Legacy,Fantasy,English,1983,5.9,Luis Wong,6753745.58
8815,Crimson Journey,Crime,Spanish,1980,2.4,Arjun Wong,17821982.87
8816,Distant Journey,Thriller,English,2001,7.5,David Reddy,152729315.2
8817,Wild City,Animation,Portuguese,2026,5.8,Wei Reddy,11755133.92
8818,Frozen Flame,Sci-Fi,Hindi,1992,7.1,Hana Kapoor,8739051.31
8819,Burning Legacy,Horror,Mandarin,2001,5.3,Anjali Smith,39009217.12
8820,Wild Empire,Fantasy,Hindi,2016,4.7,David Smith,10861678.02
8821,Midnight Flame,Thriller,Spanish,2023,5.2,Michael Silva,1314289.05
8822,Last Empire,Drama,Hindi,2026,5.2,Arjun Anderson,4396964.85
8823,Midnight Dream,Documentary,English,1984,6.9,James Smith,11622369.5
8824,Frozen Heart,Documentary,Spanish,2001,3.2,Maria Rossi,17903160.19
8825,Golden Storm,Comedy,Hindi,1996,4.3,Priya Silva,19334708.96
8826,Frozen Shadows,Romance,English,2014,6.3,Elena Iyer,13018984.49
8827,Golden Legacy,Horror,English,2011,9.3,Aiko Smith,11972973.91
8828,Distant City,Documentary,English,2026,5,Sofia Nolan,67058471.73
8829,Hidden Path,Thriller,Tamil,2014,6.8,Maria Watanabe,6678457.56
8830,Rising City,Animation,Mandarin,2001,2.7,Aiko Reddy,3710267.62
8831,Hidden Voyage,Horror,Korean,1996,8.3,Wei Lee,1696484.51
8832,Wild Horizon,Animation,English,1993,4.6,Aiko Smith,169594146.5
8833,Broken Journey,Adventure,Hindi,2001,2.3,Nina Kumar,16968741.64
8834,Golden Voyage,Romance,Telugu,2008,3.9,Maria Lee,148418261.9
8835,Lost Heart,Fantasy,English,2019,7,Hana Fernandes,16536947.19
8836,Last Flame,Action,English,2006,6.4,James Smith,1886510.67
8837,Burning Empire,Romance,Portuguese,2012,7.6,Priya Fernandes,8644443.51
8838,Lost Symphony,Crime,Japanese,1995,5.5,Arjun Kim,18586663.92
8839,Endless War,Adventure,Hindi,1989,2.1,Luis Kumar,6390197.37
8840,Last River,Comedy,Hindi,1991,5.4,Anjali Rossi,19620326.9
8841,Rising Island,Animation,Hindi,2001,8.2,Yuki Iyer,5568825.77
8842,Shattered Garden,Fantasy,Spanish,2015,4.7,Emma Kim,12933293.02
8843,Burning River,Adventure,English,2013,7.6,Nina Sharma,16701452.69
8844,Shattered Kingdom,Comedy,Korean,1989,5.1,Maria Smith,18808794.82
8845,Silent Kingdom,Animation,Spanish,2024,5,David Muller,4116043.88
8846,Rising Shadows,Animation,Telugu,1986,8.6,Luis Reddy,199549228.2
8847,Sacred Echo,Sci-Fi,German,2003,7.7,Hana Sharma,19420093.49
8848,Last Storm,Fantasy,English,2020,3.3,Raj Kapoor,1490766
8849,Rising Empire,Documentary,German,1991,2.8,Nina Smith,6111747.84
8850,Midnight Journey,Thriller,English,2015,6,James Kim,93082000.32
8851,Shattered Symphony,Animation,Mandarin,1999,5.1,Michael Sharma,18425449.81
8852,Sacred Storm,Romance,French,2006,2.3,Priya Smith,2730743.87
8853,Shattered Echo,Adventure,Japanese,2018,5.1,Maria Wong,8010624.4
8854,Rising Garden,Horror,English,2023,2,Hana Rossi,5127738.87
8855,Burning Dream,Crime,Hindi,1991,4.1,Wei Fernandes,137146891.9
8856,Crimson Kingdom,Thriller,Hindi,2013,9,Carlos Iyer,9730497.37
8857,Dark Path,Documentary,Hindi,1981,8,Elena Anderson,684758.48
8858,Burning Legacy,Adventure,Korean,1995,9.2,Arjun Silva,15105423.87
8859,Silent Kingdom,Horror,Spanish,2026,2.8,Nina Smith,18709812.8
8860,Crimson War,Action,English,2009,9.5,Maria Lee,60568644.17
8861,Forgotten Empire,Animation,Hindi,1991,5.7,Carlos Garcia,14545980.95
8862,Rising Heart,Crime,French,1986,2.2,Wei Silva,11989470.75
8863,Shattered Echo,Drama,Italian,2016,2.1,Priya Iyer,13656173.53
8864,Crimson Dream,Crime,Mandarin,1984,2.8,Anjali Nolan,10772018.83
8865,Golden Empire,Documentary,Mandarin,2013,7.4,Raj Fernandes,6931328.48
8866,Burning Echo,Comedy,Spanish,2010,7.7,Arjun Kim,2935614.46
8867,Wild Shadows,Adventure,Japanese,1999,6.6,Chris Nolan,13788639.37
8868,Endless Empire,Drama,French,1985,2.4,Michael Silva,1706449.09
8869,Broken War,Horror,English,1988,2.4,Arjun Sharma,2571365.13
8870,Lost City,Crime,Hindi,2015,3.7,Raj Kumar,15344014.54
8871,Midnight Truth,Drama,French,2010,6.8,Carlos Sharma,9344143.15
8872,Eternal Shadows,Drama,Japanese,2024,5.7,Luis Chen,16396470.1
8873,Eternal Legacy,Drama,English,2022,6.7,James Nolan,5575423.79
8874,Broken Island,Drama,Mandarin,1996,8.5,Aiko Kumar,17600007.44
8875,Forgotten Legacy,Adventure,Hindi,2016,6.1,Hana Kapoor,122276422.6
8876,Forgotten Shadows,Comedy,Telugu,2007,2.9,Maria Anderson,17917131.68
8877,Silent Kingdom,Drama,Spanish,1995,2.7,James Kapoor,11616104.31
8878,Endless Flame,Romance,Spanish,1998,6.1,Michael Sharma,10725910.42
8879,Dark Heart,Sci-Fi,English,1986,7.6,Priya Watanabe,15939596.64
8880,Last Shadows,Romance,French,1988,6.4,Wei Kumar,4055740.43
8881,Last War,Animation,Japanese,1999,7.4,Anjali Kumar,10948813.04
8882,Sacred Legacy,Fantasy,English,2002,4.9,Arjun Kumar,18423592.31
8883,Midnight Horizon,Adventure,Hindi,1982,2.2,Elena Muller,2190655486
8884,Distant Voyage,Comedy,Mandarin,1997,8.3,Anjali Iyer,13165786.26
8885,Secret Shadows,Drama,English,1982,6.3,Carlos Lee,121324020.1
8886,Golden Legacy,Crime,English,1992,6,Aiko Nolan,19007038.27
8887,Burning Kingdom,Fantasy,German,2012,5.7,Emma Smith,731513.17
8888,Sacred Island,Animation,English,2026,6.8,Anjali Smith,6958333.71
8889,Dark Horizon,Thriller,Japanese,2019,8,Priya Fernandes,8110153.08
8890,Wild Island,Horror,Portuguese,2018,6.6,Carlos Smith,4513708.83
8891,Wild Dream,Action,German,2009,8.2,James Kumar,3507820.69
8892,Last Garden,Fantasy,English,2006,3.1,Raj Wong,19730023.69
8893,Midnight Path,Thriller,English,1999,8.1,Luis Patel,11384285.46
8894,Last Path,Animation,English,1988,4.5,Aiko Sharma,13090631.33
8895,Last Horizon,Thriller,Italian,2021,3.2,Sofia Muller,12156037.03
8896,Silent River,Documentary,English,2004,2.7,Luis Kim,2084882.63
8897,Distant Garden,Drama,Spanish,2004,9.3,Elena Kumar,6433229.16
8898,Golden Shadows,Sci-Fi,English,2016,3,Anjali Garcia,973587.27
8899,Wild Echo,Drama,Hindi,1996,4.3,Raj Kapoor,3136077.34
8900,Frozen Symphony,Documentary,French,1995,8,Yuki Chen,4346822.4
8901,Hidden Truth,Drama,Portuguese,2002,5.9,Luis Nolan,19371849.67
8902,Broken Truth,Comedy,Hindi,2002,7.5,Chris Watanabe,2811436.46
8903,Hidden Flame,Animation,Italian,2010,6.8,David Watanabe,1915096541
8904,Endless Storm,Crime,English,2006,5.5,David Silva,9772121.12
8905,Broken Horizon,Thriller,English,2018,3,Anjali Nolan,10158828.78
8906,Rising Flame,Sci-Fi,English,2013,8.8,Priya Kumar,727161608.6
8907,Eternal Kingdom,Horror,Hindi,2016,7.7,Arjun Wong,13350246.93
8908,Endless City,Documentary,Spanish,1995,5,Raj Kapoor,3525979.94
8909,Distant River,Horror,Hindi,2018,4.1,Nina Sharma,17463729.13
8910,Rising Kingdom,Crime,Spanish,2009,3.7,Wei Sharma,8410022.31
8911,Wild Storm,Documentary,English,1991,7.9,Priya Reddy,14854383.49
8912,Silent Island,Comedy,English,2024,2.3,David Chen,9230369.23
8913,Eternal River,Fantasy,Mandarin,1988,6.5,Elena Costa,16804505.99
8914,Crimson Dream,Thriller,Tamil,2007,6.9,Yuki Fernandes,3245273.4
8915,Burning Island,Animation,Italian,2023,4.6,Emma Chen,11869344.64
8916,Burning Flame,Animation,Korean,1988,2.2,Sanjay Nolan,6399642.25
8917,Sacred Garden,Fantasy,French,2012,3.7,Luis Patel,47848981.18
8918,Dark Storm,Comedy,Korean,1997,8.5,Hana Sharma,7057014.69
8919,Forgotten River,Action,English,1993,4.9,Carlos Lee,17820719.93
8920,Endless Voyage,Animation,English,2009,5.1,Emma Iyer,6343000.46
8921,Crimson War,Comedy,English,2023,3.1,Carlos Smith,9251773.37
8922,Secret Shadows,Horror,Korean,2018,3.2,Elena Reddy,2688691.53
8923,Broken Horizon,Horror,Spanish,2013,6.5,Arjun Kumar,7421076.99
8924,Last River,Documentary,French,2013,6.1,James Reddy,17536674.81
8925,Sacred Flame,Animation,English,1981,5.2,Maria Anderson,7949019.81
8926,Broken Shadows,Documentary,Japanese,2021,5.4,Wei Kumar,18109005.47
8927,Frozen Truth,Animation,Portuguese,2023,6,Luis Patel,5437973.85
8928,Wild Path,Romance,English,1996,4.9,Luis Rossi,19231990.92
8929,Dark Island,Adventure,English,2023,3.8,Wei Garcia,13772857.79
8930,Distant River,Comedy,Portuguese,1987,2.6,Raj Chen,19857224.45
8931,Lost Truth,Documentary,English,1992,4.1,James Costa,5118790.61
8932,Eternal Truth,Drama,Italian,1998,7.5,Aiko Smith,16200761.98
8933,Rising Symphony,Crime,Telugu,2026,5.5,Arjun Costa,10098769.05
8934,Wild Dream,Horror,Japanese,2007,2.1,Chris Watanabe,6589577.06
8935,Secret Legacy,Thriller,Hindi,2009,4.4,Arjun Anderson,13737726.94
8936,Dark Garden,Thriller,Japanese,2018,5,Luis Garcia,2952686.06
8937,Frozen Path,Crime,Mandarin,2026,4.7,James Sharma,18699651.11
8938,Broken Kingdom,Fantasy,German,2008,6.5,Chris Lee,4627624.36
8939,Midnight Truth,Adventure,Spanish,1993,4.5,Carlos Smith,741679.63
8940,Dark Heart,Thriller,Hindi,2014,2.5,Michael Anderson,10540881.77
8941,Sacred Journey,Animation,Hindi,2024,5.9,Michael Lee,19718134.42
8942,Lost Truth,Crime,Tamil,2006,2.9,Aiko Fernandes,10090419.84
8943,Frozen Heart,Action,Italian,1987,7.3,Priya Lee,17128749.44
8944,Dark Dream,Thriller,Hindi,1994,5.8,Aiko Kim,15072213.45
8945,Lost River,Crime,Telugu,2018,7.8,Sanjay Nolan,16146541.64
8946,Silent City,Documentary,Italian,2017,6.4,Michael Rossi,11465058.08
8947,Broken Journey,Horror,English,2017,2.9,Elena Iyer,165562410.5
8948,Dark Heart,Horror,Italian,1980,5.2,Wei Sharma,3850946.85
8949,Eternal Kingdom,Thriller,Hindi,1989,3.7,James Iyer,3719601.44
8950,Secret Journey,Sci-Fi,Japanese,1996,5.9,Emma Fernandes,52982441.44
8951,Broken Symphony,Fantasy,Hindi,1995,4.3,Anjali Anderson,947736.19
8952,Rising Journey,Crime,Portuguese,2001,8.3,Priya Anderson,9627795.09
8953,Silent City,Crime,English,2018,8.3,Chris Patel,1489950.62
8954,Golden War,Romance,Japanese,1986,7.9,Wei Rossi,19710801.94
8955,Lost Journey,Crime,French,1984,7.1,Carlos Costa,7279627.61
8956,Eternal Flame,Comedy,Telugu,1998,7.6,Wei Wong,25603505.97
8957,Forgotten Journey,Comedy,Hindi,1982,6.5,David Wong,6852052.16
8958,Dark Dream,Adventure,Tamil,1997,4.6,Aiko Patel,6905745.08
8959,Silent Legacy,Comedy,English,1999,7.5,Aiko Muller,16193355.39
8960,Frozen Flame,Fantasy,Hindi,1991,9.2,Sofia Iyer,3763677.85
8961,Dark Shadows,Adventure,Hindi,2012,8.5,Sofia Lee,166402246.1
8962,Sacred Flame,Adventure,French,1984,8.9,Luis Smith,925323.04
8963,Midnight Echo,Animation,Italian,2022,6.9,Aiko Patel,12011529.81
8964,Wild Garden,Crime,Hindi,1994,3.4,James Wong,19377726.62
8965,Forgotten River,Sci-Fi,Hindi,1982,6.7,Priya Smith,18782532.1
8966,Distant Horizon,Fantasy,French,1997,6.6,David Patel,18853809.78
8967,Crimson Path,Fantasy,Hindi,1995,3,Aiko Watanabe,15697964.95
8968,Endless War,Horror,Mandarin,2005,4.6,Carlos Reddy,8320464.34
8969,Shattered Voyage,Animation,Portuguese,1983,4.1,Arjun Patel,9239042.82
8970,Dark City,Drama,Hindi,2026,4.6,Arjun Costa,16901354.6
8971,Golden Symphony,Thriller,German,2006,6.5,Maria Garcia,6273458.11
8972,Golden Storm,Crime,Hindi,1985,3.7,Raj Wong,1715156.42
8973,Forgotten Flame,Adventure,Italian,2002,3,Raj Lee,61564745.49
8974,Lost River,Animation,Korean,2000,2.6,Carlos Kumar,11116275.44
8975,Eternal Heart,Sci-Fi,Tamil,1987,3.5,David Fernandes,10525375.59
8976,Endless War,Comedy,Spanish,2018,9,Yuki Patel,12074460.07
8977,Midnight Shadows,Fantasy,Tamil,2023,5.5,Nina Kim,2050508.04
8978,Burning Flame,Action,Telugu,2010,7.7,Emma Costa,3791755.41
8979,Eternal Legacy,Fantasy,Spanish,2007,5.8,Priya Chen,11935919.56
8980,Eternal Garden,Adventure,Korean,1998,5.4,Sanjay Muller,83900449.52
8981,Distant Shadows,Crime,English,1992,7.8,Priya Wong,63263557
8982,Sacred River,Documentary,Telugu,2021,7.4,Aiko Garcia,1132990.34
8983,Dark Echo,Romance,German,2009,8.8,Arjun Silva,15372042.48
8984,Distant Garden,Sci-Fi,English,2007,3.9,Elena Fernandes,2660308953
8985,Wild Voyage,Sci-Fi,Japanese,2018,4.9,James Nolan,489879.94
8986,Forgotten War,Animation,Japanese,2024,8.9,Sofia Sharma,6706723.8
8987,Sacred Empire,Sci-Fi,English,1981,3,Nina Garcia,5755677.61
8988,Eternal War,Sci-Fi,Hindi,2009,7.1,Hana Kumar,16494382.58
8989,Endless Kingdom,Thriller,English,1990,3,Aiko Anderson,3409527.72
8990,Endless Horizon,Romance,Portuguese,2001,4.6,Nina Reddy,12120867.44
8991,Golden War,Romance,Tamil,1998,6.6,Sanjay Smith,12713622.41
8992,Shattered Flame,Fantasy,English,1997,4.8,Anjali Reddy,14545584.42
8993,Midnight Echo,Adventure,Korean,1980,4.4,Wei Patel,6495011.23
8994,Crimson Flame,Comedy,English,1997,5.9,Carlos Silva,1902471.01
8995,Silent City,Fantasy,English,2008,3.8,Maria Kumar,13802599.13
8996,Forgotten City,Drama,Hindi,1986,4.3,Arjun Costa,14653281.97
8997,Secret Dream,Romance,English,1985,2.4,Elena Kumar,2102922940
8998,Hidden Island,Drama,Hindi,2022,4.3,Yuki Smith,16885786.18
8999,Golden Legacy,Crime,English,1987,3.7,Priya Garcia,4816477.56
9000,Midnight Flame,Comedy,Mandarin,2015,6,Emma Smith,2957891.46
9001,Dark Shadows,Action,Korean,2010,6.5,Nina Reddy,11296778.02
9002,Golden Heart,Animation,Italian,2019,5.7,Chris Lee,124601318
9003,Wild Echo,Crime,Hindi,2001,2.2,James Kumar,7977231.64
9004,Burning Horizon,Fantasy,English,2026,8.4,David Nolan,10610146.86
9005,Secret Voyage,Sci-Fi,Hindi,1986,2.7,Hana Lee,6864523.27
9006,Burning Garden,Animation,Korean,2006,6.1,Priya Reddy,4410813.03
9007,Burning Journey,Drama,English,1994,7.8,Hana Wong,19300770.73
9008,Silent City,Sci-Fi,Tamil,2015,5.9,Luis Silva,13409919.48
9009,Distant Journey,Action,French,1981,7.5,Sofia Sharma,142833331
9010,Rising War,Romance,Portuguese,1997,6.1,Wei Reddy,9976304.54
9011,Forgotten Echo,Romance,English,2008,3.9,Aiko Lee,125966550.5
9012,Frozen Empire,Crime,Portuguese,2024,3,Yuki Muller,19340038.69
9013,Golden War,Horror,Hindi,1980,3.4,Emma Patel,19556346.38
9014,Hidden Path,Animation,English,1980,7.9,Priya Lee,12172253.64
9015,Endless Echo,Documentary,English,2021,7.3,Nina Anderson,16077957.32
9016,Last Symphony,Sci-Fi,English,2026,2.6,Yuki Nolan,4512308.52
9017,Silent City,Documentary,Hindi,2019,9.4,Raj Fernandes,19268943.88
9018,Distant Dream,Animation,Hindi,1994,8.6,Luis Chen,7956518.82
9019,Silent City,Drama,Hindi,2011,6,Michael Watanabe,18415357.91
9020,Sacred Storm,Drama,Italian,1996,4.4,Elena Kumar,8853521.75
9021,Crimson Shadows,Animation,English,2003,3.7,David Muller,17510031.36
9022,Shattered Journey,Adventure,German,2018,5.9,Elena Iyer,2268083.97
9023,Sacred Symphony,Crime,Hindi,1995,3.6,Arjun Kim,13238678.61
9024,Crimson Journey,Horror,Hindi,2018,9.2,Arjun Costa,100154081.2
9025,Frozen Empire,Action,Hindi,2009,3.4,David Costa,18094836.74
9026,Last Heart,Horror,English,2025,3.7,Michael Kumar,9152416.77
9027,Last Symphony,Drama,English,2021,8.5,Luis Chen,15747451.99
9028,Sacred Flame,Romance,Tamil,2006,8.9,David Kapoor,12131755.31
9029,Burning Horizon,Drama,English,1991,8.3,Hana Sharma,10143355.96
9030,Silent City,Animation,Italian,1993,8.1,Yuki Nolan,19876216.62
9031,Shattered Island,Adventure,Mandarin,1982,4.6,Yuki Wong,10935688.62
9032,Sacred Echo,Adventure,Italian,1987,7.1,Anjali Wong,2025323.76
9033,Hidden Symphony,Horror,English,1995,8.7,Carlos Patel,5208463.58
9034,Hidden City,Drama,German,2021,7.9,Maria Reddy,54079097.62
9035,Rising Voyage,Crime,Telugu,2013,3.9,Nina Costa,3387388.29
9036,Golden Horizon,Sci-Fi,Portuguese,2026,4.1,Chris Lee,1326064.63
9037,Eternal Heart,Fantasy,Portuguese,2026,3,Sofia Iyer,11800941.52
9038,Secret War,Thriller,Hindi,1988,9,Maria Silva,9931737.95
9039,Crimson Garden,Horror,English,2002,7.8,Sanjay Muller,3877165.55
9040,Dark Storm,Adventure,Hindi,1986,9.2,Maria Watanabe,4444649.78
9041,Dark Horizon,Thriller,English,1981,9.5,Emma Kapoor,1415112.39
9042,Frozen War,Adventure,English,2013,3,Arjun Rossi,10252026.78
9043,Broken Voyage,Crime,Hindi,1992,3.4,Carlos Costa,2669723.98
9044,Frozen Symphony,Fantasy,Spanish,1995,5.4,Emma Fernandes,12148205.46
9045,Lost Flame,Fantasy,Mandarin,1994,8,Luis Garcia,189549365.1
9046,Endless Truth,Horror,Hindi,1991,3.8,James Chen,328609.97
9047,Golden City,Adventure,Hindi,2010,3.7,Emma Rossi,9430767.36
9048,Frozen Symphony,Documentary,Spanish,2006,7,Luis Costa,128385506.7
9049,Last Kingdom,Action,Mandarin,2021,3.2,Sofia Lee,9930707.31
9050,Wild Horizon,Horror,Portuguese,1994,8.3,Luis Sharma,8369559.71
9051,Golden Kingdom,Fantasy,English,2015,4.3,Anjali Wong,12802605.35
9052,Last Shadows,Adventure,English,2025,4.1,Maria Wong,16215964.85
9053,Hidden Truth,Romance,Mandarin,2020,7.9,Anjali Anderson,18281200.27
9054,Crimson Storm,Sci-Fi,Hindi,1992,3,David Kim,5273394.38
9055,Last Heart,Romance,Tamil,1997,4.2,Elena Silva,18380627.41
9056,Midnight Truth,Documentary,Hindi,2019,6.6,Emma Nolan,15718025.48
9057,Dark Horizon,Crime,Japanese,1981,8.5,Luis Kapoor,847357.72
9058,Last Heart,Animation,Spanish,1990,8.8,Priya Rossi,4068236.69
9059,Last Truth,Crime,English,1989,9.3,Raj Kim,17326499.48
9060,Shattered City,Action,Portuguese,1994,3.1,Chris Chen,14211249.39
9061,Distant Garden,Drama,Hindi,2021,8.3,Arjun Kumar,4084815.45
9062,Hidden Storm,Fantasy,German,2005,4.6,Sofia Kapoor,8829506.3
9063,Wild Echo,Drama,Telugu,1982,5.9,Yuki Nolan,16782455.74
9064,Endless Flame,Romance,Hindi,1994,2.9,Priya Kim,12283771.99
9065,Distant City,Sci-Fi,Korean,1990,9,Sofia Kapoor,7485968.35
9066,Wild Echo,Adventure,Hindi,1991,9.5,Hana Patel,11238954.96
9067,Wild Garden,Animation,Portuguese,1987,5.4,Sanjay Kumar,6837742.5
9068,Midnight Legacy,Comedy,Spanish,1997,5.3,Carlos Sharma,11924031.13
9069,Silent Kingdom,Romance,Portuguese,1982,9.1,Priya Rossi,16666127.11
9070,Distant Journey,Adventure,Portuguese,1995,4.3,Chris Sharma,16203850.78
9071,Rising Legacy,Crime,Korean,2026,8,Elena Fernandes,126567900.3
9072,Golden Dream,Thriller,English,1997,6.6,Sanjay Kapoor,14731896.23
9073,Endless Horizon,Comedy,Hindi,2002,3.8,Yuki Garcia,13545020.57
9074,Hidden Echo,Animation,Hindi,1980,3.4,Raj Costa,2256743.9
9075,Wild Heart,Sci-Fi,Portuguese,1985,8.3,Sofia Costa,19746283.88
9076,Sacred Empire,Fantasy,English,2014,3.9,Sanjay Garcia,19389055.02
9077,Hidden Voyage,Action,English,2010,8.7,Emma Iyer,3021391.37
9078,Rising Empire,Horror,Hindi,2003,6,Sanjay Anderson,4668940.54
9079,Dark Dream,Fantasy,Tamil,2017,3.5,Sofia Anderson,17217867.08
9080,Forgotten Truth,Fantasy,English,1990,4.4,Luis Wong,12622235.56
9081,Rising Shadows,Action,English,2021,7.4,Sanjay Lee,535354.3
9082,Lost Dream,Thriller,Portuguese,2006,6.6,Aiko Anderson,18333086.86
9083,Rising Island,Adventure,Spanish,2016,9.2,Wei Kim,5903563.45
9084,Golden Legacy,Documentary,Tamil,1993,4.6,Anjali Patel,184947464.8
9085,Lost Journey,Animation,Japanese,1990,5.8,Yuki Iyer,6378346.59
9086,Last Flame,Thriller,German,2021,6.9,Arjun Rossi,9263630.59
9087,Secret Truth,Action,Spanish,2008,7.3,Luis Wong,1570295.35
9088,Secret Truth,Crime,Hindi,2017,8.5,Anjali Muller,15228804.01
9089,Hidden River,Thriller,Hindi,2011,6.9,Priya Costa,8299863.65
9090,Burning River,Thriller,Korean,2000,2.8,Michael Rossi,7304366.6
9091,Broken River,Sci-Fi,Japanese,2024,3.4,Nina Watanabe,18109688.74
9092,Broken Shadows,Thriller,French,1982,6.5,Maria Kumar,11582082.87
9093,Lost Path,Adventure,Spanish,1988,9.1,Hana Iyer,187585294.2
9094,Endless Flame,Crime,Telugu,1990,8.3,Emma Chen,33068114.21
9095,Crimson Empire,Crime,German,2003,2.5,James Nolan,19591584.76
9096,Hidden Truth,Romance,Spanish,2013,7.7,Chris Patel,1955478.04
9097,Wild Heart,Thriller,Hindi,2025,2.3,Luis Smith,7999841.37
9098,Rising Horizon,Drama,English,1989,6.7,James Smith,8031542.43
9099,Broken Truth,Action,Hindi,2012,5.2,David Nolan,14934846.66
9100,Endless Horizon,Action,Telugu,1995,2.2,Michael Rossi,1992959.28
9101,Forgotten Journey,Action,Korean,2023,9.4,Nina Nolan,113890324
9102,Eternal Garden,Action,Japanese,1994,9.1,Emma Watanabe,1533257722
9103,Silent Legacy,Comedy,Korean,1986,3.9,Aiko Kapoor,1473145.61
9104,Forgotten Island,Drama,Korean,1980,8.9,Raj Silva,1543624.94
9105,Hidden Island,Adventure,Italian,2009,9.1,Wei Sharma,694721.1
9106,Frozen Empire,Crime,English,2013,3.6,James Patel,1729330.22
9107,Midnight Truth,Adventure,Spanish,2018,2.4,Yuki Muller,13246765.05
9108,Shattered Echo,Documentary,English,2009,2.7,Priya Garcia,147570955.9
9109,Lost Kingdom,Sci-Fi,Mandarin,1988,3.5,Sanjay Rossi,18079030.15
9110,Secret River,Drama,Telugu,2006,2.6,Nina Patel,6205435.99
9111,Forgotten Symphony,Action,Hindi,1988,7.5,Priya Wong,16166380.96
9112,Shattered Island,Comedy,Spanish,2014,5,Yuki Sharma,130839591.2
9113,Last Garden,Comedy,Hindi,2015,7.2,Maria Sharma,10830197.93
9114,Silent Path,Comedy,English,2013,2.8,Aiko Lee,19759532.31
9115,Distant Journey,Comedy,Spanish,1996,8.7,Wei Watanabe,14905491.47
9116,Midnight Journey,Fantasy,Portuguese,2009,3.3,Arjun Wong,10655051.21
9117,Wild Heart,Crime,Telugu,1990,8,Maria Reddy,17664574.36
9118,Frozen Path,Romance,English,1986,9.3,Emma Iyer,5871699.92
9119,Midnight Path,Thriller,Spanish,2013,8.9,Carlos Garcia,7370366.07
9120,Distant Empire,Horror,English,1996,6.8,Anjali Lee,9711263.12
9121,Forgotten Path,Documentary,Japanese,1998,6.7,Yuki Fernandes,18331592.31
9122,Forgotten Echo,Adventure,Japanese,1983,7.4,Anjali Iyer,5886365.98
9123,Wild Dream,Fantasy,German,2002,2.3,Chris Kapoor,57642501.2
9124,Wild Garden,Fantasy,Korean,2000,8.2,Emma Garcia,13836909.04
9125,Lost War,Fantasy,English,1996,8,Emma Rossi,10233124.32
9126,Crimson Symphony,Thriller,Telugu,2016,4.2,David Chen,11425290.28
9127,Wild Truth,Action,Tamil,2018,8,Luis Chen,190716091
9128,Secret Kingdom,Thriller,Hindi,2008,4.8,Emma Sharma,5223562.13
9129,Eternal Journey,Horror,Spanish,2021,2.4,Aiko Lee,7185069.26
9130,Frozen Flame,Thriller,English,2004,9.5,Yuki Kim,18646426.65
9131,Broken Kingdom,Comedy,Hindi,1994,6.6,Luis Wong,16559304.06
9132,Endless Dream,Romance,English,1998,2.5,Arjun Reddy,3591736.54
9133,Crimson Kingdom,Adventure,French,2019,4,Elena Kumar,16322772.38
9134,Dark Voyage,Fantasy,Korean,1987,9.2,Raj Garcia,15969617.05
9135,Forgotten Legacy,Action,English,1994,7,Emma Iyer,5703817.89
9136,Wild Storm,Crime,English,2022,8.7,Nina Garcia,7771471.96
9137,Eternal Kingdom,Romance,French,1986,9.2,Chris Patel,134775104.9
9138,Secret Flame,Drama,Japanese,1994,7.8,Hana Silva,100959.55
9139,Secret Heart,Fantasy,Hindi,1980,4.8,Aiko Chen,6132942.05
9140,Dark Storm,Action,Mandarin,2009,7,Michael Lee,638841.67
9141,Dark Truth,Thriller,English,1988,4.2,Nina Kumar,13686732.6
9142,Hidden Empire,Action,English,2017,6.1,Anjali Kim,17727161.51
9143,Wild Horizon,Documentary,English,2026,4.4,Yuki Fernandes,17449151.82
9144,Hidden Empire,Animation,Spanish,2025,6.2,Yuki Smith,18688543.74
9145,Forgotten Storm,Comedy,Mandarin,1989,6.9,Emma Sharma,12151109.05
9146,Secret Dream,Animation,Spanish,2023,4.8,David Kapoor,7317698.01
9147,Secret War,Documentary,Hindi,1987,6.3,Wei Muller,11800001.15
9148,Rising Journey,Romance,Hindi,2018,4.2,Arjun Patel,165185254.4
9149,Secret Kingdom,Horror,Spanish,1999,5.5,Sanjay Costa,121060431.8
9150,Silent Flame,Thriller,English,2004,8.8,David Muller,93125635.45
9151,Broken Echo,Adventure,German,1998,5.9,Anjali Fernandes,16203083.09
9152,Broken Dream,Animation,Hindi,2010,7.4,Chris Chen,364752.3
9153,Hidden Heart,Fantasy,Telugu,1989,7.8,Luis Iyer,371021.04
9154,Rising Flame,Crime,Mandarin,2026,2.9,Hana Anderson,103804059.4
9155,Secret Storm,Drama,English,2014,7,Nina Smith,16497470.98
9156,Rising City,Romance,English,2025,2.1,James Wong,563293632.2
9157,Endless War,Horror,Telugu,1997,8.1,Emma Wong,1476465.04
9158,Wild Empire,Horror,English,2005,7,Elena Sharma,6082191.71
9159,Sacred Truth,Horror,English,1983,8,Anjali Garcia,149356902.5
9160,Distant Kingdom,Documentary,French,1992,7.1,Maria Reddy,2375711.48
9161,Wild Garden,Fantasy,English,2000,6.9,Carlos Rossi,5794086.78
9162,Forgotten Horizon,Action,Hindi,2019,8.6,Priya Muller,5096583.76
9163,Frozen Island,Crime,Spanish,2010,3.2,Nina Rossi,1512933.86
9164,Golden River,Horror,Hindi,2006,7.5,Sofia Wong,7521674.64
9165,Forgotten Journey,Fantasy,English,2000,8.3,James Chen,8596358.5
9166,Crimson Symphony,Romance,English,1991,7.7,Sofia Smith,16448085.3
9167,Frozen Island,Adventure,Mandarin,2026,3.2,Maria Garcia,11453808.08
9168,Frozen Heart,Romance,Hindi,1983,9,Maria Muller,5561903.68
9169,Hidden Island,Adventure,French,2012,9.1,Carlos Reddy,512911.34
9170,Golden Dream,Drama,English,2006,3.3,Chris Rossi,18664980.41
9171,Last Truth,Sci-Fi,Tamil,2011,2.7,Michael Silva,13841797.77
9172,Wild Horizon,Fantasy,English,1990,4.1,Emma Nolan,16531804.03
9173,Rising Kingdom,Comedy,Hindi,2021,5.1,Michael Watanabe,2767954.73
9174,Wild Island,Crime,Italian,1984,7.7,Sofia Watanabe,10102647.62
9175,Forgotten Journey,Adventure,English,1986,3.9,Priya Silva,156613827.6
9176,Eternal Horizon,Romance,English,2005,8,Luis Muller,8526068.29
9177,Endless Garden,Adventure,English,2021,8.6,Chris Garcia,18673609.07
9178,Golden Symphony,Thriller,English,2007,6.7,Emma Anderson,3972052.22
9179,Lost Horizon,Fantasy,Telugu,2013,5.8,Hana Nolan,11578968.9
9180,Crimson Island,Action,French,1980,2.4,Wei Garcia,9726764.62
9181,Dark Symphony,Fantasy,English,2026,9.3,Chris Sharma,7443395.14
9182,Silent Flame,Documentary,Tamil,2020,8.1,Arjun Muller,251017405.9
9183,Frozen Island,Documentary,Japanese,2023,7.4,Sofia Watanabe,3172796.4
9184,Golden Echo,Drama,English,1991,6.3,James Silva,6726824.18
9185,Distant Voyage,Comedy,English,1999,4.8,Priya Wong,2453143.49
9186,Distant Garden,Documentary,English,1982,4.5,Wei Smith,16222625.91
9187,Crimson Shadows,Romance,Telugu,2024,4.3,Chris Rossi,14959287.58
9188,Secret Kingdom,Drama,Hindi,2018,2.1,Aiko Chen,19327572.81
9189,Midnight Empire,Romance,Hindi,2004,2.4,Emma Costa,10606507.57
9190,Frozen Dream,Drama,Hindi,1984,3.6,Luis Patel,3340954.33
9191,Burning Heart,Documentary,English,2005,2.2,Wei Chen,5975880.92
9192,Forgotten Voyage,Sci-Fi,Japanese,1999,4.7,Carlos Wong,7489072.1
9193,Wild Dream,Fantasy,English,1986,4,Arjun Sharma,17674226.4
9194,Dark Flame,Fantasy,English,2000,5.8,Arjun Sharma,12897379.77
9195,Endless Path,Documentary,Spanish,1997,6.3,Elena Chen,10645536.17
9196,Shattered Empire,Crime,Hindi,2019,5.8,Michael Wong,18383395.43
9197,Broken Voyage,Adventure,Spanish,2008,7.4,Emma Kim,9551481.7
9198,Crimson Horizon,Fantasy,Tamil,2013,2.3,Priya Silva,5511588.43
9199,Burning Truth,Adventure,Japanese,2000,5.3,Sofia Iyer,1816593.34
9200,Endless Legacy,Documentary,French,2012,8,Michael Patel,19711919.59
9201,Broken Garden,Drama,Italian,2016,7.8,Elena Chen,17257502.73
9202,Dark Truth,Adventure,Hindi,1981,5.7,Luis Costa,13818193.62
9203,Wild Truth,Comedy,Japanese,1989,6.6,Nina Watanabe,5453022.55
9204,Dark Path,Thriller,Korean,1990,3.7,Nina Kim,9440068.99
9205,Shattered War,Horror,English,2016,6.4,Raj Anderson,7285480.66
9206,Eternal Truth,Adventure,Tamil,2024,9,Sanjay Iyer,15690560.68
9207,Wild Shadows,Adventure,Tamil,1995,4.8,David Kapoor,17340421.51
9208,Burning Path,Documentary,Mandarin,2000,7.6,James Sharma,5180499.01
9209,Midnight Island,Action,English,2023,5.1,Chris Fernandes,16657151.28
9210,Secret Journey,Documentary,Hindi,1980,2.4,Arjun Garcia,19208466.06
9211,Rising Heart,Documentary,Hindi,1985,5.9,Carlos Lee,18679923.01
9212,Golden Symphony,Crime,German,2024,4.7,Michael Kim,13895704.63
9213,Crimson Shadows,Crime,Spanish,1996,8.7,Luis Nolan,189720838.7
9214,Broken Legacy,Fantasy,English,1987,5.4,Michael Kim,9213103.69
9215,Secret Shadows,Action,Tamil,1993,2.3,Sofia Reddy,6232639.31
9216,Rising Storm,Action,Hindi,1982,4.6,Nina Muller,15568411.52
9217,Rising Shadows,Sci-Fi,English,1989,4.4,Wei Costa,5559344.35
9218,Silent Island,Sci-Fi,Japanese,2021,6.2,David Smith,18624349.4
9219,Sacred City,Action,Spanish,2012,3,Arjun Garcia,5155795.61
9220,Burning Kingdom,Fantasy,Korean,2014,7.7,Maria Anderson,10238522.17
9221,Dark Heart,Thriller,Korean,1985,9.2,Michael Watanabe,2329580783
9222,Broken Horizon,Romance,Spanish,2010,2.5,Sofia Wong,6177140.04
9223,Wild Flame,Comedy,Japanese,2024,7.9,Wei Rossi,16225163.92
9224,Crimson Empire,Action,Hindi,2009,9.5,Hana Rossi,8264739.21
9225,Broken Truth,Comedy,English,2014,8.7,Sanjay Kim,5403264.73
9226,Eternal Horizon,Adventure,English,2020,2,Aiko Sharma,118562000.3
9227,Hidden Island,Romance,Hindi,1981,4.1,Maria Wong,18890731.75
9228,Lost Symphony,Horror,Hindi,1992,9.2,James Kumar,6689749.75
9229,Eternal Empire,Drama,Telugu,2009,2.8,Chris Anderson,11784933.35
9230,Lost Shadows,Drama,English,2015,7.3,Elena Fernandes,14783398.86
9231,Last War,Fantasy,Hindi,2019,5,Chris Garcia,15695339.34
9232,Rising Truth,Horror,English,1989,5.5,Chris Rossi,12194699.91
9233,Sacred Garden,Adventure,Hindi,1990,6.4,Nina Kapoor,6697763.93
9234,Rising Legacy,Horror,Italian,1998,2.1,Raj Reddy,15513573.7
9235,Last City,Sci-Fi,English,1981,4.6,Carlos Kim,18356880.27
9236,Hidden Garden,Crime,English,1993,2.3,Aiko Iyer,11792900.99
9237,Distant Path,Horror,English,1993,7.5,Hana Silva,1456271.05
9238,Forgotten Horizon,Adventure,Hindi,2003,2.1,Sanjay Costa,12378971.86
9239,Broken Symphony,Fantasy,Korean,2019,8.4,Sofia Silva,787936.6
9240,Forgotten Symphony,Horror,Mandarin,1987,4.4,Emma Smith,624232.82
9241,Midnight Heart,Comedy,Japanese,1989,2.5,Sanjay Garcia,162850442.2
9242,Last Flame,Drama,English,2004,3.4,Sanjay Silva,3310645.39
9243,Midnight Heart,Comedy,Korean,2000,6.5,Maria Iyer,3576166.47
9244,Silent Storm,Thriller,Korean,2010,4.6,Sanjay Garcia,17864864.35
9245,Silent Journey,Comedy,German,2020,5.2,Aiko Chen,9678655.35
9246,Distant Kingdom,Fantasy,English,2000,5.3,Aiko Nolan,3793062.86
9247,Midnight Legacy,Comedy,English,2010,7,Emma Lee,376958.64
9248,Frozen Journey,Adventure,English,2018,6.5,David Kim,14505549.71
9249,Lost Truth,Drama,Japanese,2012,8.3,James Muller,6342175.69
9250,Rising Path,Adventure,Hindi,2008,7,Yuki Nolan,7567175.24
9251,Midnight Legacy,Animation,Italian,1994,2.1,Arjun Watanabe,13520804.03
9252,Burning River,Sci-Fi,Spanish,2007,5.7,Arjun Reddy,12599777.19
9253,Distant Truth,Sci-Fi,Korean,2012,7.2,Anjali Fernandes,9055303.66
9254,Endless Empire,Sci-Fi,Japanese,2010,4.3,Sanjay Patel,16984483
9255,Lost Symphony,Adventure,French,2018,6.3,Elena Kumar,13890892.8
9256,Burning Dream,Documentary,English,1995,2.9,Emma Smith,1398280.91
9257,Sacred Truth,Sci-Fi,German,2018,4.6,Emma Silva,9307341.1
9258,Forgotten Storm,Thriller,English,1992,7.8,Arjun Costa,16383934.01
9259,Midnight Symphony,Animation,English,2013,6.4,Carlos Reddy,19153191.86
9260,Silent Dream,Action,Korean,2009,4.7,Sofia Kumar,14536983.2
9261,Distant Voyage,Documentary,French,2019,6.1,Anjali Patel,8588679.21
9262,Dark Flame,Crime,English,1994,3.5,Wei Kapoor,15906277.67
9263,Midnight Heart,Thriller,Portuguese,2020,3.9,Elena Lee,8822639.47
9264,Golden Legacy,Sci-Fi,Spanish,1980,2.2,Aiko Muller,196791345.8
9265,Shattered Shadows,Action,English,2017,3.6,Sofia Costa,10237021.85
9266,Silent Island,Fantasy,English,1996,3.8,Priya Patel,14884253.21
9267,Distant Journey,Romance,Korean,1995,7,Sanjay Patel,6439830.44
9268,Frozen Island,Horror,English,2014,6.7,Luis Muller,182753547.7
9269,Sacred Kingdom,Drama,English,2012,2.6,Elena Reddy,19757097.38
9270,Burning Empire,Animation,Hindi,2007,5,Emma Kim,2553565.56
9271,Silent Dream,Action,Japanese,1991,3,Priya Smith,15147222.76
9272,Lost Dream,Adventure,Korean,1981,4.4,Nina Smith,2657369.17
9273,Forgotten Storm,Thriller,Hindi,2004,3.3,Wei Fernandes,19984596.84
9274,Broken Journey,Romance,Telugu,1982,5,Michael Wong,13861327.41
9275,Frozen Storm,Action,English,1983,7.2,Raj Iyer,12658938.7
9276,Distant Garden,Fantasy,English,2010,2.6,Yuki Muller,15983942.93
9277,Burning Empire,Thriller,Tamil,1989,3.7,James Fernandes,160280196.7
9278,Hidden Garden,Thriller,Tamil,2024,7.5,Maria Silva,5660571.74
9279,Sacred Journey,Romance,Mandarin,1988,2.6,Wei Garcia,10423939.55
9280,Hidden River,Sci-Fi,English,2009,9.3,James Sharma,78219460.26
9281,Crimson Horizon,Drama,Mandarin,2010,8.1,Arjun Rossi,5426788.23
9282,Forgotten Legacy,Animation,English,2026,6.6,Aiko Patel,160268348
9283,Shattered Flame,Action,Italian,2001,6.8,Nina Kapoor,18856454.51
9284,Hidden Island,Adventure,Italian,2020,4.3,Nina Rossi,14912981.69
9285,Hidden Symphony,Fantasy,Spanish,1994,4.9,Carlos Sharma,6017662.93
9286,Forgotten Empire,Sci-Fi,Japanese,2013,2.5,Sanjay Rossi,5446157.95
9287,Frozen Horizon,Comedy,English,2012,3.5,Elena Chen,16195874.71
9288,Sacred Echo,Horror,French,2007,3.6,Aiko Reddy,12789842.63
9289,Last Voyage,Adventure,Hindi,2020,8.8,Hana Wong,19687954.02
9290,Golden Journey,Adventure,Hindi,1986,5.3,Hana Rossi,10462636.68
9291,Wild River,Thriller,German,2010,6.8,Yuki Reddy,18125948.39
9292,Last Truth,Drama,English,2000,7.7,Wei Anderson,12189045.37
9293,Crimson Echo,Comedy,German,2018,5,Nina Kumar,11205137.26
9294,Broken War,Crime,Hindi,1992,3.2,Sanjay Sharma,15928286.72
9295,Burning Dream,Drama,Telugu,1997,5.2,Anjali Iyer,3804350.09
9296,Midnight Symphony,Crime,Japanese,1988,3.3,Nina Wong,19072951.19
9297,Silent Truth,Documentary,English,1994,3.6,Yuki Lee,9540747.31
9298,Silent Dream,Drama,English,2002,6.5,Nina Nolan,841515.55
9299,Eternal Dream,Fantasy,Korean,1987,9,Elena Patel,18577734.06
9300,Crimson Echo,Crime,Italian,2009,4.5,Elena Wong,19463736.95
9301,Forgotten Horizon,Action,English,1994,3.9,Nina Watanabe,1117104.91
9302,Silent Island,Animation,Korean,2021,7,Elena Smith,3497036.64
9303,Sacred Empire,Animation,English,2000,7.3,Chris Fernandes,914639.26
9304,Silent Storm,Action,Hindi,1991,8.6,Aiko Fernandes,2335810.53
9305,Wild Empire,Horror,German,1984,3.3,Luis Fernandes,1204119.69
9306,Dark War,Horror,English,1980,7.7,James Reddy,6855159.4
9307,Silent Truth,Romance,Italian,2012,6,Yuki Reddy,1410609.94
9308,Eternal City,Comedy,Korean,1991,8.7,James Chen,16202703.77
9309,Broken River,Thriller,French,1981,3.6,Wei Reddy,8647234.75
9310,Sacred Flame,Thriller,Hindi,2012,2.2,Wei Muller,13957172.62
9311,Broken Legacy,Romance,English,2002,2.3,Maria Wong,14815917.64
9312,Eternal Truth,Action,English,2011,8.8,David Muller,99657975.97
9313,Distant Horizon,Fantasy,English,2012,5.7,Hana Smith,19006412.89
9314,Golden Garden,Fantasy,English,2022,8.6,Hana Chen,4674779.06
9315,Endless Kingdom,Action,Hindi,1988,8.2,Arjun Garcia,461126.18
9316,Golden Journey,Romance,French,2010,4,Aiko Muller,14894406.84
9317,Last Empire,Thriller,Korean,2016,6.4,Anjali Anderson,258639479.6
9318,Burning Island,Drama,German,1988,6.9,Aiko Nolan,2773391.85
9319,Lost Journey,Documentary,English,2024,5.1,Hana Kapoor,196926491.1
9320,Endless War,Thriller,English,1984,8.5,Priya Iyer,4045399.14
9321,Hidden Path,Comedy,Tamil,2023,2.2,Wei Watanabe,17731519.45
9322,Silent Island,Drama,Portuguese,2004,3.8,Luis Anderson,19543217.76
9323,Crimson Journey,Sci-Fi,Spanish,2003,4.2,Aiko Chen,17910259.86
9324,Wild War,Comedy,Hindi,2004,8.1,Wei Smith,11191852.28
9325,Sacred Storm,Sci-Fi,English,1996,6.5,James Watanabe,17869809.52
9326,Sacred River,Horror,Italian,2004,6.9,Hana Fernandes,19089119.85
9327,Secret Journey,Romance,Japanese,1983,2.5,Hana Kapoor,12553443.04
9328,Endless Empire,Horror,Portuguese,2017,6.9,Chris Kumar,7641112.11
9329,Shattered Empire,Action,Hindi,1980,9.3,Wei Iyer,8988166.2
9330,Forgotten Truth,Action,French,2011,6.8,Chris Garcia,5919228.45
9331,Endless Symphony,Drama,Italian,1983,3.2,Arjun Muller,1427141.03
9332,Distant Journey,Adventure,Hindi,2014,6.4,Emma Wong,200869361.4
9333,Distant Echo,Comedy,French,2017,4.2,James Costa,675525.15
9334,Forgotten Horizon,Thriller,French,2003,2.7,Hana Kapoor,10878495.86
9335,Wild Empire,Animation,Korean,1995,8.5,Michael Sharma,16309632.79
9336,Dark Heart,Action,Japanese,1991,6.2,Carlos Reddy,2680420.15
9337,Secret Empire,Sci-Fi,Hindi,1999,5.2,Sanjay Anderson,126014229.9
9338,Lost Kingdom,Documentary,Hindi,1993,2.1,Sofia Fernandes,1058061.38
9339,Dark Heart,Documentary,Tamil,1994,4.4,Luis Watanabe,51195090.55
9340,Endless Horizon,Crime,English,2001,4,Priya Reddy,7100113.31
9341,Burning Shadows,Horror,Korean,1997,8.2,Anjali Silva,10587968.39
9342,Hidden Legacy,Horror,German,1987,3.5,David Silva,5093776.08
9343,Crimson Heart,Thriller,English,2024,5.6,Emma Fernandes,2457470.03
9344,Shattered Empire,Crime,English,2017,3.9,Hana Kapoor,2052492.32
9345,Frozen Horizon,Action,Japanese,1985,6.6,Arjun Fernandes,8897715.57
9346,Wild City,Action,Hindi,2006,3.9,Maria Rossi,178498060.6
9347,Wild Shadows,Action,Japanese,2004,3.3,Maria Garcia,8567948.45
9348,Endless Kingdom,Animation,Telugu,1999,4.6,Arjun Anderson,13257572.23
9349,Rising Echo,Comedy,Spanish,2016,5.3,Carlos Costa,2706785628
9350,Hidden Symphony,Horror,Hindi,2008,7.4,James Garcia,18341495.37
9351,Burning War,Animation,English,2003,5,Hana Kumar,18376465.72
9352,Hidden Truth,Crime,German,2014,8.3,Raj Iyer,18953851.01
9353,Dark Echo,Drama,Portuguese,2004,6.9,Emma Nolan,507610.58
9354,Endless Truth,Romance,Tamil,2010,5.6,Luis Costa,10502742.15
9355,Secret Kingdom,Horror,English,1980,7.9,Arjun Silva,3752316.48
9356,Last Journey,Sci-Fi,Spanish,2012,2.7,Elena Garcia,12507715.59
9357,Wild War,Horror,Portuguese,2008,6.8,Yuki Rossi,86729728.19
9358,Frozen Truth,Adventure,Tamil,1985,3.8,Emma Smith,52324280.56
9359,Eternal Shadows,Adventure,Portuguese,1995,8,Chris Costa,51669388.92
9360,Rising Path,Documentary,Hindi,1988,7.4,Aiko Muller,10631573.26
9361,Wild Kingdom,Comedy,Spanish,1982,7.7,Anjali Anderson,2333938.33
9362,Secret Legacy,Fantasy,Japanese,1989,2.9,Nina Fernandes,10683878.11
9363,Midnight Island,Documentary,Hindi,1986,3.7,Michael Fernandes,17447510.96
9364,Midnight Legacy,Horror,Mandarin,1980,3.5,Raj Sharma,125615660.8
9365,Wild Island,Crime,Spanish,2019,5.8,Luis Costa,27391211.21
9366,Broken Journey,Action,Portuguese,1992,5.5,Nina Nolan,8306533.94
9367,Frozen Voyage,Fantasy,Hindi,1988,4.7,Arjun Kapoor,12885016.45
9368,Lost Truth,Romance,Mandarin,2016,5.5,Priya Anderson,1261333.53
9369,Silent Empire,Adventure,Telugu,2011,2.9,Raj Fernandes,19220882.74
9370,Dark Path,Action,Spanish,2021,3.5,Yuki Reddy,10441737.6
9371,Burning Heart,Comedy,English,2001,7.1,Arjun Kim,5065002.33
9372,Lost Dream,Thriller,English,2009,5.4,Michael Kapoor,14414269.16
9373,Wild Echo,Documentary,Hindi,2017,7.2,Emma Muller,2888432.3
9374,Hidden Island,Documentary,Hindi,2008,6.7,Chris Kapoor,2083660651
9375,Silent Path,Animation,English,2017,9,Sanjay Wong,17204215.23
9376,Secret River,Action,English,1981,3,Sofia Kapoor,19092279.2
9377,Burning Flame,Drama,French,2011,6.3,Yuki Wong,13321296.01
9378,Forgotten Shadows,Comedy,English,2021,4.4,Aiko Kim,6824379.38
9379,Silent Echo,Thriller,Portuguese,1995,8,Wei Kumar,6369572.8
9380,Broken Empire,Drama,Telugu,2008,2.8,Arjun Kumar,16157926.15
9381,Crimson War,Crime,French,1991,8.8,Wei Kumar,16640877.96
9382,Dark Truth,Animation,English,2021,8.4,Priya Nolan,16094760.83
9383,Shattered Shadows,Sci-Fi,Hindi,2003,8.4,Chris Iyer,12403904.18
9384,Crimson Dream,Adventure,Japanese,1994,6.3,Maria Smith,10175390.93
9385,Crimson River,Fantasy,Japanese,2008,7.4,Michael Garcia,17303607.16
9386,Silent Legacy,Documentary,Hindi,2018,8.7,Arjun Reddy,8649299.1
9387,Shattered Legacy,Action,Mandarin,1997,8.4,Elena Reddy,4544764.2
9388,Golden Journey,Action,Italian,2008,5,Sanjay Reddy,807517.97
9389,Eternal Garden,Crime,Hindi,1997,5.5,Nina Fernandes,9260969.38
9390,Eternal Storm,Animation,Spanish,1989,5,Carlos Anderson,18862124.73
9391,Silent River,Sci-Fi,Hindi,2001,6.2,Priya Smith,827797581.7
9392,Sacred Shadows,Adventure,Hindi,2025,6.2,David Lee,1752020.78
9393,Midnight City,Comedy,English,2016,4.9,Luis Wong,7743495.76
9394,Distant Legacy,Sci-Fi,Spanish,2023,6.6,Sofia Costa,5767734.41
9395,Forgotten Kingdom,Horror,French,1983,3.1,Elena Iyer,16406531.38
9396,Wild Dream,Thriller,English,1994,7.7,Wei Silva,5245015.95
9397,Secret Shadows,Drama,Hindi,1988,5.3,Hana Lee,8457981.35
9398,Frozen Heart,Drama,Hindi,1980,8.3,Carlos Kapoor,17395176.06
9399,Endless Symphony,Animation,English,1987,7.5,Michael Rossi,5566915.06
9400,Hidden Voyage,Drama,English,1987,8.1,Raj Garcia,14348833.39
9401,Silent Shadows,Thriller,English,1999,6,Wei Garcia,5878614.74
9402,Sacred Path,Horror,Hindi,2004,7.6,Chris Patel,10395583.3
9403,Silent Symphony,Documentary,Mandarin,2026,2.8,Hana Fernandes,10301884.18
9404,Silent Symphony,Romance,Japanese,2010,5.5,Sanjay Silva,1906724.69
9405,Last Garden,Adventure,Italian,2007,6.6,Hana Smith,16014696.23
9406,Eternal Journey,Drama,English,1999,8.8,James Costa,4932595.95
9407,Secret Path,Animation,English,1986,8,Luis Garcia,18101137.36
9408,Lost Path,Documentary,Italian,1986,4.7,Maria Sharma,15018599.34
9409,Dark Island,Romance,Spanish,2009,4.9,Maria Kim,16583526.35
9410,Forgotten Garden,Romance,Portuguese,1996,2,Chris Anderson,2428097168
9411,Midnight Voyage,Drama,Hindi,2003,3.8,Sofia Watanabe,6352712.28
9412,Crimson Truth,Documentary,English,2020,7.8,Emma Sharma,5519799.36
9413,Eternal Echo,Drama,English,2007,7.5,Emma Kim,6985333.81
9414,Shattered Journey,Fantasy,Hindi,1994,2.7,Elena Costa,11863799.47
9415,Crimson Voyage,Horror,English,1983,8.8,Elena Sharma,13740158.2
9416,Wild Shadows,Horror,English,1990,7.7,Hana Garcia,11402147.27
9417,Hidden Garden,Drama,Hindi,1986,7.3,Hana Chen,11438523.67
9418,Last Kingdom,Drama,Tamil,2018,2.3,Chris Chen,3126923.03
9419,Broken Storm,Fantasy,English,2014,2.4,James Garcia,175707557.7
9420,Burning River,Drama,Italian,2008,8.6,David Kapoor,16693840.82
9421,Silent Garden,Animation,English,2006,2.2,Chris Rossi,10776823.15
9422,Silent River,Fantasy,Spanish,2015,3.2,Luis Kumar,9594371.32
9423,Crimson Symphony,Sci-Fi,English,1992,3.4,Yuki Costa,32928152.47
9424,Forgotten Legacy,Drama,German,1998,2.1,Nina Iyer,192957749.7
9425,Hidden Heart,Animation,English,2026,5.9,Michael Garcia,3293826.93
9426,Crimson Journey,Fantasy,English,2014,8,Arjun Chen,17915208.35
9427,Distant Empire,Crime,Spanish,1996,2.3,Priya Costa,12944916.68
9428,Shattered Legacy,Fantasy,English,1999,5.6,Elena Iyer,16845631.05
9429,Sacred Flame,Drama,German,1999,3.1,Emma Kim,9495219.17
9430,Burning War,Sci-Fi,English,2003,2.5,David Muller,3038588.86
9431,Sacred Journey,Thriller,Spanish,2010,5.5,Anjali Watanabe,1526994.77
9432,Distant War,Adventure,English,1984,4.2,Anjali Watanabe,13428973.76
9433,Rising Island,Adventure,German,1997,5.4,Chris Fernandes,17032187.39
9434,Endless Shadows,Action,Hindi,1980,6.7,Michael Watanabe,9902107.88
9435,Endless Voyage,Animation,German,2023,3.5,Anjali Patel,2464213.23
9436,Last Path,Horror,Hindi,1984,6.8,Priya Kumar,2841555.95
9437,Midnight Storm,Action,Japanese,2011,3.5,Emma Sharma,15499571.91
9438,Hidden Symphony,Fantasy,English,1992,7.5,David Nolan,15012609.52
9439,Midnight Kingdom,Fantasy,Hindi,2008,4.8,Sanjay Smith,101398173.4
9440,Lost Voyage,Romance,English,1981,4.2,Anjali Costa,15336916.78
9441,Golden Flame,Crime,Italian,1986,6.1,Michael Kim,618417.75
9442,Endless Truth,Sci-Fi,Italian,1990,4.4,Nina Lee,13155447.73
9443,Broken Garden,Comedy,Portuguese,1984,2.8,Sanjay Muller,139066055.8
9444,Eternal Dream,Action,Tamil,2006,6.8,Aiko Fernandes,3487388.49
9445,Dark Voyage,Fantasy,Portuguese,1992,3.1,Carlos Iyer,11037533.18
9446,Burning Island,Action,English,2024,6.1,Anjali Watanabe,9282456.39
9447,Shattered Truth,Horror,Portuguese,2009,9.2,Arjun Nolan,16189799.45
9448,Distant Heart,Horror,Hindi,2014,3.9,Anjali Patel,4024530.59
9449,Sacred Echo,Horror,French,2006,4.6,Wei Iyer,11866695.7
9450,Endless Dream,Sci-Fi,French,1984,9,Chris Patel,4827859.64
9451,Forgotten Storm,Romance,English,1983,3.9,Hana Smith,14868722.5
9452,Broken Voyage,Animation,Telugu,2014,8.1,Chris Sharma,12234639.14
9453,Midnight Kingdom,Adventure,English,2005,3.6,Emma Fernandes,14338199.29
9454,Secret Path,Romance,Japanese,1997,3.4,David Kim,4137380.32
9455,Midnight Flame,Fantasy,Telugu,2010,5.4,Sofia Sharma,284937.99
9456,Secret Kingdom,Action,Hindi,2022,7.7,Aiko Smith,3941688.65
9457,Distant City,Drama,Tamil,2006,7.6,Anjali Smith,19435901.86
9458,Midnight War,Romance,Spanish,1992,4.9,Elena Silva,7191965.79
9459,Last Dream,Drama,English,2015,8.5,Raj Garcia,8536428.58
9460,Secret Horizon,Drama,Spanish,1982,8.9,Sofia Anderson,14293784.16
9461,Hidden Symphony,Crime,English,2008,7.3,Anjali Kim,5365461.62
9462,Golden River,Sci-Fi,Hindi,1986,6.6,Luis Patel,2023832.56
9463,Rising Echo,Comedy,English,1986,5.3,Carlos Kapoor,9235047.78
9464,Golden Island,Horror,German,2019,3.1,Michael Nolan,11192825.62
9465,Midnight Journey,Action,Hindi,2001,5.8,Michael Muller,4816982.01
9466,Endless Echo,Romance,Hindi,2024,3.8,Michael Wong,3332060.28
9467,Frozen Kingdom,Comedy,French,1993,2.1,Anjali Kumar,7506134.43
9468,Golden Truth,Romance,Spanish,2014,7.3,Anjali Chen,14662428.65
9469,Crimson Garden,Sci-Fi,English,1999,8.2,Sanjay Anderson,19662258.97
9470,Golden Shadows,Crime,English,2008,8.8,David Chen,13423817.62
9471,Lost Legacy,Comedy,Hindi,2026,7.6,Carlos Kim,15246417.24
9472,Wild River,Drama,English,1999,6.6,Yuki Reddy,22938162.12
9473,Secret Legacy,Drama,Korean,1982,3.3,Arjun Muller,12702352.97
9474,Golden Horizon,Romance,Italian,2000,3,Emma Costa,14809011.92
9475,Dark City,Action,Korean,2014,3.3,Maria Muller,428232.46
9476,Broken Symphony,Crime,English,2019,8.6,Chris Anderson,17624618.43
9477,Sacred River,Comedy,Mandarin,1984,9.3,Nina Kapoor,7908807.04
9478,Secret Storm,Thriller,English,1997,8,Sanjay Muller,13760098.36
9479,Sacred War,Documentary,Hindi,2026,9.2,Nina Costa,12311169.41
9480,Shattered Garden,Sci-Fi,Mandarin,1998,5.7,Hana Chen,6963196.45
9481,Last Horizon,Crime,Portuguese,2016,2.4,Carlos Fernandes,119349108.1
9482,Secret River,Sci-Fi,Japanese,2005,6.8,Elena Muller,14619466.48
9483,Crimson Echo,Crime,Tamil,2012,3.8,Raj Costa,11103301.83
9484,Endless War,Horror,English,1980,7.2,Aiko Lee,4311846.39
9485,Hidden Shadows,Action,English,2000,5,Chris Iyer,1731036.22
9486,Secret Kingdom,Thriller,Japanese,2004,4.5,Wei Watanabe,2976294.11
9487,Last Path,Adventure,English,1986,2.7,Arjun Patel,1209916.19
9488,Lost City,Sci-Fi,Hindi,2018,3.3,Hana Iyer,9624396.62
9489,Dark River,Drama,English,2021,7.1,Maria Patel,47114209.21
9490,Midnight River,Comedy,Telugu,2021,5.1,Maria Costa,4467214.68
9491,Midnight Kingdom,Animation,Hindi,2007,6.9,Sanjay Anderson,13384761.36
9492,Eternal Symphony,Thriller,English,2015,9.1,Michael Chen,17448765.61
9493,Distant Empire,Adventure,Mandarin,2018,2.7,Wei Sharma,168666.48
9494,Crimson Flame,Romance,English,2013,4.7,Michael Silva,8626146.76
9495,Wild Flame,Adventure,French,2006,5.2,Carlos Watanabe,28692701.39
9496,Silent Path,Horror,Portuguese,2018,6.7,Priya Patel,2047758643
9497,Last Symphony,Romance,Spanish,1996,6.4,James Nolan,5679524.28
9498,Crimson Flame,Adventure,Hindi,2012,6.1,Arjun Iyer,1198220.43
9499,Frozen Empire,Action,English,2012,4,Sanjay Nolan,15666644.75
9500,Hidden Journey,Horror,Hindi,1981,2.6,Hana Silva,1505509530
9501,Broken Legacy,Comedy,Korean,1986,8.3,Maria Chen,4437236.83
9502,Hidden Journey,Thriller,Spanish,1994,8.1,Hana Nolan,60092847.33
9503,Endless City,Sci-Fi,English,2008,6.7,Luis Muller,18564006.5
9504,Rising River,Horror,Korean,1980,5.7,James Anderson,7214450.32
9505,Dark Island,Fantasy,Tamil,2015,7.8,Sanjay Fernandes,2987668.53
9506,Endless Empire,Documentary,Korean,2018,8.2,Chris Wong,13048964.57
9507,Forgotten Island,Drama,English,1991,6.4,Anjali Silva,13957652.67
9508,Dark Shadows,Documentary,Japanese,2018,9.1,Wei Iyer,9195900.07
9509,Lost Dream,Adventure,English,1995,2.1,James Watanabe,15186694.47
9510,Frozen Journey,Action,Tamil,1991,5.9,Yuki Lee,7294805.93
9511,Broken Legacy,Thriller,Tamil,2014,6,Sofia Garcia,11659640.37
9512,Dark Horizon,Comedy,Portuguese,2016,6.8,Arjun Muller,8967921.61
9513,Burning Horizon,Horror,French,2005,9.2,Sofia Smith,5605392.59
9514,Forgotten Symphony,Sci-Fi,Mandarin,1988,3.3,Wei Kumar,16425518.72
9515,Midnight Dream,Fantasy,English,2010,2.1,Wei Costa,183960409.8
9516,Burning Garden,Crime,Hindi,1985,4.4,Sanjay Sharma,2182027.38
9517,Endless Garden,Documentary,Mandarin,2018,7.1,Sofia Kim,16378146.6
9518,Shattered War,Action,German,1982,2.6,Aiko Rossi,1260039309
9519,Golden Heart,Animation,Hindi,2000,4.8,Priya Chen,5875483.28
9520,Silent Shadows,Crime,German,1987,3.5,Sofia Chen,19062439.44
9521,Endless Empire,Romance,Hindi,2009,7.9,Emma Anderson,1644631.59
9522,Forgotten Symphony,Comedy,Italian,1985,4.6,Maria Iyer,9418469.53
9523,Golden Island,Horror,Tamil,2011,7.3,Carlos Reddy,11597044.08
9524,Endless Symphony,Documentary,Spanish,1988,4.8,Michael Costa,11601640.08
9525,Burning Flame,Romance,Tamil,2012,8.5,Arjun Watanabe,12975512.25
9526,Endless Path,Adventure,Hindi,2016,7.5,Hana Patel,17536273.47
9527,Endless Horizon,Documentary,English,2007,6.8,James Kumar,10558738.37
9528,Golden Empire,Drama,Portuguese,2002,8,Yuki Kapoor,18705702.16
9529,Shattered River,Fantasy,Tamil,2005,8.8,Sofia Kumar,32672990.32
9530,Burning Storm,Action,Tamil,1988,7.1,Nina Lee,12597109.83
9531,Endless City,Drama,English,1992,4,Aiko Costa,16764242.79
9532,Midnight Symphony,Horror,Korean,1993,5.7,Sanjay Kim,1335804.68
9533,Hidden Kingdom,Animation,Hindi,2018,6.5,Luis Muller,18367342.41
9534,Silent Echo,Comedy,Italian,1992,8.3,Yuki Sharma,115868678.3
9535,Dark Echo,Comedy,English,1982,7,Raj Smith,6878424.47
9536,Burning Island,Thriller,Hindi,2012,6,Priya Fernandes,189569686.9
9537,Hidden Shadows,Thriller,Italian,1981,4.1,David Kapoor,13669726.29
9538,Burning Island,Horror,Portuguese,2004,2.9,Emma Lee,15064982.83
9539,Dark Storm,Drama,Mandarin,1998,7.3,Hana Reddy,133915238.9
9540,Rising Shadows,Horror,Telugu,1998,5.4,Emma Costa,5090121.67
9541,Sacred Garden,Drama,Japanese,2005,8.8,Hana Kumar,19200066.65
9542,Last Empire,Romance,Hindi,2004,4.5,Emma Anderson,16536886.97
9543,Broken Storm,Romance,English,2017,4.9,James Iyer,8099340.28
9544,Secret Dream,Adventure,Telugu,2003,8.2,Sanjay Iyer,7381273.8
9545,Silent Heart,Animation,Tamil,2011,4.9,Aiko Lee,19987032.56
9546,Endless Heart,Drama,Italian,1987,2.1,Wei Wong,10921242.77
9547,Dark Shadows,Crime,Mandarin,1997,7.3,Maria Fernandes,8533337.34
9548,Frozen Heart,Drama,Portuguese,2007,6.6,Carlos Rossi,13219814.61
9549,Eternal Voyage,Action,German,2019,8.7,Sofia Kapoor,8390962.99
9550,Midnight Legacy,Adventure,English,1989,2.8,Chris Kim,17977546.42
9551,Silent Flame,Thriller,Telugu,1998,6.1,Emma Kim,1769616.67
9552,Crimson Flame,Romance,Mandarin,1985,4.4,Priya Garcia,12862631.21
9553,Golden Garden,Drama,Tamil,1987,7.6,Sofia Sharma,15901574.35
9554,Distant Echo,Adventure,Mandarin,1989,8.3,Raj Sharma,17565689.61
9555,Frozen Journey,Crime,Portuguese,1997,6.2,Yuki Kim,4267487.61
9556,Frozen Legacy,Comedy,English,2000,8.3,Emma Kim,8978937.86
9557,Eternal City,Comedy,Hindi,2009,8.2,Wei Patel,16331504.13
9558,Secret Path,Crime,English,2007,2.4,Michael Anderson,8178795.92
9559,Crimson Echo,Animation,Tamil,2004,5.4,David Rossi,2177828.1
9560,Frozen Flame,Adventure,Telugu,1991,4.7,Nina Anderson,125293086.1
9561,Wild War,Animation,French,1993,2.7,Hana Kapoor,11692166.22
9562,Last Flame,Animation,Spanish,2019,6.3,Emma Costa,2353197567
9563,Burning City,Adventure,Italian,2020,6.4,Yuki Silva,2651503.04
9564,Forgotten Flame,Sci-Fi,Hindi,1995,3.1,Aiko Rossi,14243724.6
9565,Burning Shadows,Romance,German,2014,2.4,Michael Kim,10823511.2
9566,Burning River,Thriller,Italian,1987,4.7,David Kapoor,8374647.61
9567,Hidden Voyage,Adventure,Spanish,2017,9.4,Anjali Garcia,173531059.7
9568,Distant Shadows,Animation,English,1981,8.2,Chris Lee,2887966.73
9569,Lost Horizon,Romance,English,1982,4,Anjali Kapoor,946091.36
9570,Midnight City,Crime,English,1980,4.4,Yuki Silva,17321142.94
9571,Silent Empire,Adventure,English,1985,6.5,Carlos Nolan,5936446.97
9572,Golden River,Sci-Fi,Tamil,2010,7.3,Luis Sharma,3015345.84
9573,Midnight Journey,Action,Spanish,1995,9.4,James Silva,7131128.18
9574,Shattered Shadows,Thriller,English,2017,5.3,Luis Silva,163550622.6
9575,Frozen Legacy,Documentary,English,1992,3.9,David Reddy,5204820.54
9576,Shattered Journey,Drama,French,1987,4.8,Arjun Lee,824122.08
9577,Silent Dream,Action,English,1986,4.3,Priya Smith,2312931.59
9578,Silent Truth,Crime,English,1983,2.2,Sanjay Kapoor,4340989.1
9579,Lost Empire,Romance,Hindi,1985,5.8,James Nolan,176344903.1
9580,Rising Storm,Adventure,Tamil,1981,7.8,James Kapoor,3579391.55
9581,Frozen Storm,Horror,English,2019,2.8,Carlos Kumar,3180161.11
9582,Midnight Voyage,Drama,English,2004,5.9,Michael Kumar,12454635.6
9583,Forgotten Flame,Comedy,Tamil,2026,2.4,Michael Smith,11513009.78
9584,Rising Dream,Horror,Tamil,1998,5,Maria Sharma,10071816.13
9585,Midnight Empire,Horror,English,1984,9.4,James Kumar,18554922.61
9586,Shattered Garden,Crime,Spanish,2003,2.6,Wei Chen,12582263.35
9587,Shattered Path,Romance,Spanish,2012,8.1,James Fernandes,2058188.46
9588,Midnight Symphony,Romance,Tamil,2025,7.1,David Rossi,2799540.23
9589,Secret Dream,Sci-Fi,Japanese,2006,7.8,Elena Wong,11155245.87
9590,Broken Dream,Fantasy,Spanish,2004,6,Raj Iyer,13038438.48
9591,Broken Heart,Horror,English,1998,2.3,Raj Sharma,16573006.29
9592,Crimson City,Documentary,English,2021,4.3,Aiko Kim,18467787.63
9593,Forgotten Island,Horror,Italian,2019,7.3,Aiko Kumar,4649972.69
9594,Crimson Legacy,Fantasy,Japanese,2024,4.6,Sofia Lee,17830904.44
9595,Golden Path,Thriller,French,1990,3.7,Anjali Costa,424693.21
9596,Last Echo,Sci-Fi,Hindi,1984,7.5,Yuki Iyer,4874986.57
9597,Wild Island,Documentary,English,2009,8.3,Raj Anderson,6672138.06
9598,Sacred Voyage,Romance,French,2003,7.2,Arjun Anderson,165068.35
9599,Rising Legacy,Adventure,English,2015,7.8,Emma Sharma,7574902.83
9600,Sacred Legacy,Action,Telugu,2019,6.1,Elena Kumar,13112308.41
9601,Sacred City,Documentary,Japanese,1998,8.4,Priya Fernandes,37123833.63
9602,Wild Heart,Adventure,Hindi,2014,8.8,Michael Smith,3982021.85
9603,Wild Kingdom,Action,Tamil,1980,4.3,Chris Anderson,1915776.85
9604,Midnight Garden,Comedy,Japanese,2008,5.5,Wei Lee,7682980.24
9605,Crimson Horizon,Documentary,Hindi,2020,7,Emma Fernandes,1412465.56
9606,Forgotten Path,Animation,Italian,1982,3.4,Wei Kumar,2498221.95
9607,Lost Kingdom,Romance,Portuguese,2010,5.1,James Kim,1480128077
9608,Endless Journey,Thriller,English,2009,5,Sofia Garcia,14368986.46
9609,Last War,Romance,English,1999,7.9,Emma Wong,19390318.43
9610,Midnight Storm,Romance,Hindi,2017,5.5,Maria Iyer,2633316.36
9611,Shattered Storm,Action,Japanese,1993,5.1,Carlos Muller,12681822.69
9612,Forgotten River,Drama,Hindi,2023,8.4,Aiko Kumar,13919670.85
9613,Lost Horizon,Thriller,Telugu,2000,7.1,Raj Kumar,15924125.39
9614,Secret Empire,Documentary,English,2020,8,Arjun Sharma,4768624.83
9615,Dark Path,Sci-Fi,Japanese,2000,8.5,Sofia Anderson,8200180.67
9616,Dark Garden,Horror,Korean,2001,5.1,Maria Reddy,9738645.85
9617,Shattered Heart,Documentary,Japanese,2010,2.5,Priya Wong,2985995.76
9618,Forgotten City,Romance,Japanese,1987,6.5,Hana Nolan,13305942.47
9619,Midnight Echo,Romance,Hindi,2022,3.5,Nina Muller,10990421.86
9620,Rising Garden,Thriller,English,1982,2.6,Sanjay Watanabe,8582764.53
9621,Last Flame,Fantasy,Portuguese,2025,3.8,Aiko Fernandes,10560499.27
9622,Silent Echo,Sci-Fi,French,1998,2.4,Elena Kapoor,2960949.63
9623,Frozen Journey,Thriller,English,2014,6.5,Sofia Silva,16186116.46
9624,Golden Flame,Comedy,Korean,1991,7.2,Elena Silva,45356648.37
9625,Distant Path,Action,Hindi,2012,6.4,Wei Anderson,5750421.04
9626,Endless Dream,Animation,English,1984,5.1,Hana Patel,8291477.18
9627,Silent City,Sci-Fi,English,1983,5.5,Emma Silva,14781624.4
9628,Dark Symphony,Sci-Fi,Japanese,1985,6.7,Michael Silva,10896468.07
9629,Last Storm,Documentary,Korean,2007,3.3,Sofia Rossi,17658282.24
9630,Eternal Horizon,Animation,Telugu,1980,3,Nina Fernandes,12597834.75
9631,Forgotten Storm,Crime,English,1994,8.4,Hana Reddy,3031549.29
9632,Burning Journey,Documentary,Hindi,1990,2,Maria Watanabe,3832742.45
9633,Lost Garden,Drama,Spanish,1980,2.5,Hana Fernandes,18741046.91
9634,Lost War,Thriller,Hindi,1985,6.6,Maria Chen,6449408.92
9635,Midnight Truth,Horror,Japanese,1985,5.4,Aiko Rossi,14426954.49
9636,Hidden Echo,Adventure,Korean,2001,4.1,Luis Kapoor,19473764.38
9637,Lost Horizon,Crime,Japanese,2005,5.3,Sofia Nolan,4078536.32
9638,Silent City,Romance,German,1985,6.9,Aiko Rossi,327719.1
9639,Shattered Legacy,Romance,English,2001,7.7,Hana Sharma,8596855.99
9640,Rising Truth,Documentary,English,2001,7,Raj Kim,33804954.2
9641,Wild Symphony,Drama,English,2013,5.3,Nina Rossi,10790345.79
9642,Wild River,Documentary,Spanish,2023,7.8,Aiko Wong,689411599.9
9643,Hidden Storm,Romance,English,1989,7.5,Carlos Smith,2735946.87
9644,Golden Storm,Fantasy,English,2020,3.6,Michael Garcia,18355844.88
9645,Silent Journey,Drama,English,2001,3.6,Michael Kim,11640026.82
9646,Hidden Kingdom,Thriller,Hindi,1992,4.4,Sofia Garcia,6657609.98
9647,Endless Shadows,Action,English,1986,3.8,Priya Rossi,14236759.91
9648,Endless River,Animation,Portuguese,2016,6.9,Sanjay Garcia,115333674.9
9649,Rising Heart,Thriller,English,2015,3.2,Arjun Kumar,16772874.18
9650,Broken Symphony,Adventure,Portuguese,2003,6.5,Chris Reddy,10705807.16
9651,Endless Heart,Sci-Fi,English,1999,7.4,Priya Kumar,1662952.08
9652,Secret Journey,Adventure,Portuguese,1984,2.1,Priya Costa,12426805.96
9653,Hidden Dream,Crime,English,2007,2.3,Nina Sharma,18979438.73
9654,Frozen River,Thriller,Hindi,1984,2.9,Sofia Costa,7824975.12
9655,Broken Legacy,Action,Mandarin,2003,5.2,Nina Nolan,14070990.38
9656,Sacred Shadows,Romance,Hindi,1988,4.6,Anjali Smith,115819235.5
9657,Hidden Legacy,Thriller,Spanish,2005,4.4,Anjali Rossi,46539816.72
9658,Sacred Storm,Documentary,Hindi,1995,9.4,Sanjay Iyer,152758285.6
9659,Sacred Flame,Crime,Spanish,2012,8.7,Maria Costa,8942797.94
9660,Rising Voyage,Sci-Fi,Italian,1988,8.6,David Rossi,97569757.75
9661,Endless Journey,Thriller,English,2025,2.4,David Kumar,5818691.58
9662,Hidden Empire,Crime,Telugu,1998,5.5,Chris Patel,3766178.7
9663,Endless Path,Horror,Tamil,2024,2.9,Maria Wong,16576885.06
9664,Golden Echo,Sci-Fi,Tamil,1987,3.1,Elena Nolan,13945092.4
9665,Shattered Dream,Thriller,English,2021,5.3,Carlos Fernandes,96399692.9
9666,Burning City,Horror,Telugu,1981,6.6,Sofia Patel,18355473.02
9667,Shattered Kingdom,Romance,Mandarin,1996,7.1,Arjun Rossi,157587762
9668,Rising Island,Action,Telugu,2019,4.7,Nina Iyer,4971944.93
9669,Lost Path,Documentary,Spanish,2022,2.1,Chris Kapoor,15816386.76
9670,Burning Symphony,Drama,French,1998,4.3,Maria Kim,5996755.44
9671,Burning Garden,Crime,Hindi,1994,8.9,Raj Watanabe,19784716.78
9672,Distant Horizon,Romance,Hindi,2016,4.7,Aiko Kapoor,16737313.5
9673,Sacred City,Comedy,Hindi,1993,9.4,Yuki Anderson,1262278.42
9674,Broken Voyage,Crime,Mandarin,2019,5.7,Luis Kumar,3850573.61
9675,Eternal Island,Drama,English,1994,5.7,Anjali Muller,3196216.46
9676,Wild Dream,Animation,Spanish,2024,2.1,Emma Nolan,87796935.54
9677,Sacred Symphony,Thriller,Spanish,2020,5.7,Michael Lee,14082870.44
9678,Wild Flame,Horror,English,1984,6.5,Nina Kapoor,18473080.38
9679,Broken Kingdom,Comedy,Telugu,2007,9.2,Sofia Anderson,19091317.37
9680,Crimson City,Animation,Tamil,1995,9.3,Luis Kumar,47177574.19
9681,Golden Dream,Animation,Japanese,2008,4.8,James Chen,10599111.72
9682,Rising Kingdom,Fantasy,Tamil,1996,7.7,Anjali Wong,10783315.19
9683,Last Garden,Documentary,Telugu,2022,3.9,Michael Anderson,9920489.54
9684,Lost Flame,Comedy,Mandarin,1999,4.7,Sofia Patel,13136840.98
9685,Frozen Shadows,Adventure,French,2016,8,Priya Smith,2098919.41
9686,Midnight Shadows,Comedy,Portuguese,2003,4.6,Priya Kapoor,328407755.2
9687,Wild Horizon,Crime,Mandarin,2013,3.9,Carlos Patel,15345696.43
9688,Wild Island,Drama,English,2007,6.8,Yuki Smith,10080432.49
9689,Frozen Dream,Adventure,Korean,2009,3.1,Wei Chen,16735899.85
9690,Forgotten River,Animation,Telugu,1992,2,Anjali Chen,742055.17
9691,Golden Legacy,Romance,Mandarin,1990,5.4,Luis Chen,13746848.56
9692,Crimson Dream,Comedy,Spanish,2000,5,James Kapoor,3495097.92
9693,Crimson Garden,Thriller,English,2010,4.6,Aiko Wong,1103365.54
9694,Distant Horizon,Romance,Hindi,2011,8.3,Wei Sharma,5750682.59
9695,Endless Symphony,Documentary,Hindi,2026,9.3,Maria Kim,15611535.04
9696,Secret Storm,Adventure,Spanish,2010,5,Anjali Chen,155255803.6
9697,Crimson Path,Drama,German,2001,4.5,Sofia Reddy,8528191.39
9698,Wild Heart,Fantasy,Spanish,1985,3.4,Luis Patel,11116492.48
9699,Frozen Echo,Thriller,Spanish,2021,3.5,Elena Smith,160340946.8
9700,Midnight City,Romance,Korean,2000,2.2,Elena Reddy,12907009.9
9701,Rising War,Romance,Hindi,2020,4.4,Wei Garcia,12317168.74
9702,Forgotten Echo,Sci-Fi,Spanish,1989,6.7,Sanjay Lee,14002579.06
9703,Silent Storm,Action,Japanese,1986,4.5,Chris Fernandes,70910794.61
9704,Shattered Dream,Crime,English,1985,6.2,Carlos Anderson,83787934.16
9705,Shattered Island,Horror,French,2016,8.9,Arjun Patel,18035350.27
9706,Broken Storm,Sci-Fi,French,1999,5.5,Hana Garcia,171194617.1
9707,Wild Echo,Adventure,Portuguese,2003,2.7,Chris Kapoor,9147353.1
9708,Lost Storm,Romance,English,2012,6.5,Arjun Iyer,10640860.79
9709,Midnight Path,Sci-Fi,Tamil,2018,8,Aiko Chen,9156755.72
9710,Lost Garden,Documentary,English,1986,4.1,Sofia Patel,15064697.5
9711,Last Truth,Fantasy,Korean,1992,4.3,Aiko Chen,4494626.96
9712,Forgotten Empire,Adventure,Hindi,1983,8.6,Luis Anderson,7882256.29
9713,Midnight Heart,Romance,Spanish,2009,7.2,Nina Sharma,4651073.97
9714,Eternal Symphony,Documentary,Mandarin,2012,6,David Rossi,13714988.26
9715,Rising Island,Adventure,Portuguese,2018,7,Anjali Kim,4420637.45
9716,Hidden Storm,Documentary,Korean,1997,6.7,Elena Muller,149082727.5
9717,Eternal City,Romance,Japanese,2020,5.9,David Silva,18763840.05
9718,Endless Path,Adventure,Hindi,1995,3.7,Emma Garcia,15136510.41
9719,Distant Shadows,Romance,Mandarin,2010,7.6,Anjali Rossi,2127183.32
9720,Rising Dream,Romance,Hindi,1983,6.9,Maria Silva,42605898.09
9721,Frozen Legacy,Thriller,Japanese,2005,7.4,Sofia Kumar,3130543.76
9722,Lost Island,Thriller,English,2022,5,Wei Lee,2803592.59
9723,Eternal Legacy,Comedy,Hindi,2021,4.5,Elena Kapoor,5203220.53
9724,Hidden River,Adventure,Portuguese,2018,3.2,Carlos Sharma,124728171.7
9725,Burning Garden,Sci-Fi,French,2024,9.3,Priya Iyer,16235445.41
9726,Hidden Truth,Horror,Hindi,1996,3.2,Luis Watanabe,183074941.6
9727,Distant Voyage,Crime,Mandarin,2014,5.8,Carlos Muller,6735268.16
9728,Broken River,Romance,French,1993,7.7,Carlos Watanabe,8122198.34
9729,Wild Shadows,Adventure,Hindi,2022,2.4,Anjali Reddy,2108251.66
9730,Dark Empire,Documentary,English,1997,3.3,James Kim,13713818.54
9731,Distant Empire,Drama,Hindi,2004,8.4,Anjali Nolan,69418305.24
9732,Rising Flame,Crime,German,2003,2.9,Priya Sharma,14206018.63
9733,Golden Symphony,Thriller,English,2021,9.1,Yuki Nolan,12186628.28
9734,Lost Path,Romance,Italian,1994,7.5,Sanjay Fernandes,15691432.02
9735,Eternal Storm,Documentary,Mandarin,2021,6.2,Carlos Fernandes,2704479.93
9736,Burning Truth,Drama,Japanese,1991,4.2,Emma Silva,19318702.02
9737,Dark Journey,Crime,Portuguese,1998,8.1,Priya Silva,9784545.85
9738,Eternal Kingdom,Documentary,English,2025,2.2,Anjali Sharma,8406091.3
9739,Midnight Dream,Drama,Spanish,2001,4,Arjun Patel,13840842.68
9740,Golden Truth,Fantasy,English,2020,8.9,Luis Kumar,108074856.1
9741,Lost Echo,Comedy,English,2023,4.3,Raj Sharma,6135452.02
9742,Eternal Journey,Action,English,1998,8.4,Raj Wong,15918597.25
9743,Forgotten Echo,Romance,Italian,1995,2.1,Michael Nolan,3054814.68
9744,Rising Empire,Adventure,Korean,1996,7.8,Priya Muller,5231638.53
9745,Forgotten Island,Drama,French,2012,9.2,Emma Garcia,12218180.59
9746,Midnight Horizon,Drama,English,2020,8,Sanjay Sharma,919841.12
9747,Frozen Shadows,Thriller,English,1992,8.7,Hana Wong,10986983.26
9748,Forgotten Journey,Comedy,Telugu,2023,4.8,Chris Watanabe,16896566.17
9749,Endless Dream,Action,English,2008,3.4,Carlos Kim,10475153.66
9750,Forgotten Heart,Action,English,2020,9.2,Luis Lee,2403510.2
9751,Frozen Horizon,Crime,Spanish,1980,4.6,Sanjay Lee,6771247.54
9752,Last Shadows,Fantasy,English,1996,5.1,Emma Wong,9397037.2
9753,Burning Garden,Animation,Japanese,1999,6.4,Nina Costa,9617719.08
9754,Silent Legacy,Thriller,English,2012,2.4,Anjali Watanabe,116479245.9
9755,Shattered Heart,Crime,English,1983,6.7,Sanjay Smith,1993161.54
9756,Hidden Empire,Comedy,Mandarin,2025,8.5,Chris Kapoor,18761542.06
9757,Dark Storm,Adventure,Hindi,2019,6.9,Anjali Kapoor,15329854.73
9758,Shattered Kingdom,Comedy,Tamil,2012,2.4,Carlos Fernandes,6938147.64
9759,Last Legacy,Documentary,English,1985,7.2,Aiko Reddy,5509175.38
9760,Frozen War,Documentary,English,1983,8.6,Priya Patel,4071791.64
9761,Secret Symphony,Sci-Fi,Mandarin,2006,2.9,Sanjay Garcia,9514739.28
9762,Wild War,Fantasy,English,1983,5.7,Luis Lee,50408746.72
9763,Endless Voyage,Comedy,French,2008,2.4,David Watanabe,17576602.06
9764,Golden Empire,Drama,English,2008,4.2,Elena Anderson,5009360.33
9765,Silent Flame,Romance,English,2015,3.6,James Anderson,5982530.6
9766,Rising Island,Fantasy,English,2011,7.7,Yuki Kim,8404420.02
9767,Lost Empire,Horror,Hindi,1990,3.4,Sanjay Garcia,18766670.79
9768,Burning Garden,Horror,Telugu,2011,8.5,David Smith,16443648.91
9769,Silent War,Thriller,Japanese,2019,8.1,Aiko Kumar,7288277.67
9770,Eternal Shadows,Thriller,English,1987,5.5,Hana Smith,6461331.24
9771,Dark Truth,Documentary,Korean,1985,3.9,Sofia Nolan,5559668.24
9772,Hidden Path,Adventure,English,2026,8.4,Carlos Smith,8318795.01
9773,Silent Empire,Drama,Hindi,2007,8.2,Raj Wong,5444879.82
9774,Rising Horizon,Comedy,English,1985,9.1,Hana Rossi,14687918.88
9775,Shattered Flame,Drama,English,1988,3,Anjali Lee,2257385737
9776,Crimson Garden,Fantasy,English,1992,7,Priya Kim,6983925.42
9777,Frozen Journey,Comedy,Tamil,1981,8.2,Anjali Iyer,6393731.99
9778,Secret Voyage,Fantasy,Mandarin,2007,3,Anjali Watanabe,10420000.51
9779,Broken Garden,Action,English,2018,3,David Fernandes,14886288.49
9780,Distant Truth,Fantasy,Spanish,2003,4.4,Wei Anderson,13296950.72
9781,Silent Legacy,Crime,Hindi,2011,2.6,Luis Fernandes,13878582.77
9782,Shattered Legacy,Comedy,Hindi,2013,7.8,Sofia Chen,2113144.45
9783,Eternal Flame,Action,German,2011,3,Anjali Kumar,59779943.25
9784,Silent Echo,Comedy,Korean,1980,9.3,Wei Silva,57392580.59
9785,Burning Empire,Horror,English,1987,2.9,Carlos Kumar,13578552.76
9786,Lost Journey,Comedy,English,2014,5.4,Anjali Kim,2044371.68
9787,Burning Journey,Comedy,English,2019,7.2,Carlos Costa,101709347.5
9788,Lost Storm,Animation,English,1996,6.5,Nina Kumar,7709270.32
9789,Distant Kingdom,Horror,English,2015,6.8,Nina Reddy,4531725.34
9790,Golden Legacy,Documentary,English,2025,3.5,Anjali Rossi,6067305.84
9791,Rising Flame,Animation,English,1997,9.3,Priya Patel,7513574.96
9792,Wild Symphony,Thriller,English,1981,2.4,Michael Reddy,8147099.82
9793,Golden Echo,Sci-Fi,French,2004,8.9,Yuki Smith,18407142.21
9794,Crimson War,Sci-Fi,Hindi,1981,6.8,Maria Silva,58319060.03
9795,Midnight Symphony,Crime,French,2013,8.7,Aiko Watanabe,179468491.1
9796,Burning Dream,Sci-Fi,Mandarin,2006,6,Sanjay Reddy,11135383.02
9797,Midnight Empire,Horror,French,1988,5.1,Aiko Costa,18071043.26
9798,Dark Truth,Animation,English,1998,6.1,Wei Kumar,15531091.61
9799,Silent Shadows,Comedy,Korean,2011,8.5,Carlos Watanabe,5431333.75
9800,Rising Truth,Romance,French,2012,5.9,Emma Anderson,10196837.27
9801,Shattered Kingdom,Adventure,Korean,1997,4.8,Anjali Iyer,15618841.73
9802,Endless Journey,Sci-Fi,Italian,1984,8.7,Michael Chen,13771017.92
9803,Shattered Path,Action,Portuguese,2013,9.1,Nina Fernandes,4583844.93
9804,Endless Horizon,Sci-Fi,Tamil,1983,7.3,Nina Muller,9843810.33
9805,Burning Shadows,Horror,Spanish,1985,8,Elena Fernandes,1128807.38
9806,Burning Storm,Adventure,Portuguese,2001,5.7,Arjun Patel,11815026.54
9807,Distant Storm,Documentary,Hindi,1983,8.4,Yuki Chen,148218233.1
9808,Hidden Path,Animation,Hindi,2017,6.8,James Reddy,4428586.59
9809,Distant Voyage,Animation,English,1997,9.3,Carlos Silva,18685033.01
9810,Burning Heart,Sci-Fi,English,2005,5.8,Nina Chen,12790468.18
9811,Wild Storm,Romance,English,1981,6.9,Hana Iyer,12007911.32
9812,Shattered Storm,Crime,English,2017,9.2,Luis Reddy,1772180.34
9813,Frozen Horizon,Comedy,Spanish,1999,6.7,James Lee,8726645.96
9814,Golden Horizon,Adventure,Hindi,2005,8.1,James Costa,13055049.2
9815,Rising Legacy,Crime,Hindi,1990,6.5,David Patel,15103700.14
9816,Lost City,Animation,Tamil,2014,7,Hana Lee,15440514.88
9817,Forgotten Horizon,Crime,German,1996,4.3,Sofia Iyer,1707193.77
9818,Shattered Path,Horror,Hindi,1981,9,Anjali Anderson,3598818.38
9819,Wild Path,Animation,Hindi,2009,7.3,Elena Wong,3921581.15
9820,Distant Kingdom,Horror,English,2018,9.1,Hana Anderson,640652.99
9821,Frozen Kingdom,Adventure,Portuguese,1999,8,Sanjay Smith,197392651.5
9822,Frozen Echo,Adventure,Japanese,1995,4.4,Nina Reddy,8395189.4
9823,Last Path,Crime,Spanish,1983,3.7,Elena Rossi,7370088.15
9824,Burning River,Romance,Hindi,2016,8.4,Yuki Iyer,18509211.44
9825,Wild Dream,Fantasy,Japanese,1995,2.2,David Wong,18524097.4
9826,Hidden Garden,Adventure,English,1996,3.9,James Wong,14864343.16
9827,Sacred Path,Horror,Japanese,2018,2.5,Aiko Costa,13777808.31
9828,Burning War,Drama,English,2004,7.8,Arjun Reddy,8176626.84
9829,Wild Journey,Adventure,Korean,1991,5.7,Sofia Iyer,17736986.05
9830,Rising Shadows,Fantasy,English,2014,5.8,Hana Nolan,10903929.21
9831,Shattered Echo,Thriller,Italian,2005,2.5,Nina Fernandes,7369899.49
9832,Endless River,Horror,Hindi,2025,2.5,Nina Patel,1972320.44
9833,Hidden City,Drama,French,2019,4.8,Raj Garcia,10910058.26
9834,Frozen Shadows,Animation,Hindi,1998,7.3,Sanjay Rossi,12160757.31
9835,Wild Horizon,Sci-Fi,Hindi,1988,7.2,Sanjay Kapoor,6778532.64
9836,Hidden Storm,Action,German,2021,2.4,Sofia Costa,14399560.7
9837,Endless Kingdom,Sci-Fi,Telugu,2000,3.3,Sofia Smith,13882275.72
9838,Last Echo,Drama,English,1992,7.2,Aiko Costa,762813.39
9839,Sacred Garden,Thriller,Tamil,2023,4.8,Maria Chen,196446462.4
9840,Secret Truth,Fantasy,Korean,2004,4.8,Carlos Kumar,643334.07
9841,Rising Garden,Adventure,Hindi,1999,4.3,Sanjay Iyer,513935.62
9842,Forgotten Shadows,Comedy,Japanese,2022,9,Michael Lee,16698592.07
9843,Wild Legacy,Action,Hindi,2025,4.3,Carlos Costa,8562626.88
9844,Golden Empire,Comedy,English,1983,6.3,Aiko Chen,1723134.95
9845,Eternal Horizon,Comedy,Spanish,1982,6.5,Michael Smith,129312052.2
9846,Secret Legacy,Romance,German,1983,5,Arjun Reddy,12077289.72
9847,Broken Heart,Horror,English,2009,4,Maria Wong,13590943.31
9848,Frozen Flame,Crime,English,2017,2.3,Arjun Reddy,2555507.22
9849,Wild Garden,Thriller,Hindi,2016,2.1,Aiko Kapoor,19547807.7
9850,Crimson Journey,Sci-Fi,English,2024,8.6,Priya Rossi,15883903.25
9851,Eternal City,Adventure,Japanese,1990,8.4,Anjali Smith,3383243.48
9852,Broken Shadows,Horror,Spanish,1998,4.2,Yuki Kim,16526516.75
9853,Silent Heart,Adventure,English,2000,4.3,Priya Wong,18658089.94
9854,Hidden Island,Sci-Fi,Korean,2002,2.8,Yuki Anderson,15089286.95
9855,Broken Echo,Comedy,Hindi,2016,7.5,Nina Anderson,17958539.91
9856,Burning Horizon,Adventure,English,2018,3.7,Luis Reddy,7822714.11
9857,Midnight Dream,Fantasy,English,2020,4.8,Sofia Kapoor,19759380.58
9858,Endless Shadows,Drama,Tamil,2021,4.8,Wei Iyer,12649442.45
9859,Crimson Horizon,Drama,Korean,2013,9.1,Nina Smith,380583057.8
9860,Secret Garden,Action,Telugu,2017,5.6,Wei Nolan,7289320.88
9861,Shattered Shadows,Horror,Spanish,2011,3,Anjali Patel,8653691.96
9862,Eternal Voyage,Thriller,French,2012,4.1,Hana Iyer,1009051.42
9863,Midnight Kingdom,Fantasy,Spanish,2025,2,Arjun Lee,14389219.8
9864,Rising River,Romance,English,1981,2.7,Elena Patel,13878086.32
9865,Distant Journey,Thriller,Spanish,1982,8.6,Chris Sharma,13242880.87
9866,Secret Journey,Adventure,English,2020,6.3,Sofia Anderson,856235.19
9867,Frozen Truth,Romance,Japanese,2015,6.9,Raj Costa,181629510.6
9868,Eternal Horizon,Horror,English,2019,6.2,Aiko Chen,12304631.12
9869,Endless Voyage,Fantasy,English,2026,9.1,Wei Kim,15256625.43
9870,Eternal Shadows,Thriller,Spanish,2002,9.3,Yuki Iyer,4808042.48
9871,Hidden War,Drama,Telugu,2005,2.3,Yuki Rossi,2906023.67
9872,Sacred Heart,Drama,English,1997,8.8,Chris Iyer,19240143.77
9873,Distant Heart,Comedy,Italian,2023,3.9,Hana Nolan,192968884.7
9874,Silent Truth,Fantasy,Hindi,1982,6.6,Michael Watanabe,14613889.03
9875,Wild Path,Action,Mandarin,1991,3,Hana Lee,19556664.73
9876,Golden Island,Romance,Spanish,1988,5.4,Sofia Anderson,7913316.87
9877,Broken Flame,Fantasy,Spanish,2021,5.7,Sofia Watanabe,7167277.4
9878,Endless Empire,Fantasy,Japanese,2024,2.9,Anjali Iyer,14562964.03
9879,Forgotten Truth,Crime,Spanish,1999,4.2,Chris Sharma,16094261.98
9880,Shattered Legacy,Horror,Korean,2021,2.4,Wei Kim,19218126.05
9881,Wild Storm,Action,Korean,2014,3.9,Carlos Iyer,12740832.94
9882,Secret Symphony,Thriller,Japanese,1989,2.2,Luis Kim,2003406.27
9883,Midnight Kingdom,Thriller,Hindi,2020,8.1,Luis Nolan,1973394.79
9884,Eternal Heart,Sci-Fi,German,1989,4.2,Elena Garcia,19379321.35
9885,Burning Legacy,Documentary,German,2001,6.6,Michael Watanabe,4196739.2
9886,Broken River,Documentary,Korean,1983,4.3,Aiko Rossi,14010524.18
9887,Secret Kingdom,Sci-Fi,English,2003,8.9,Wei Wong,16822672.52
9888,Last Shadows,Romance,Hindi,1985,8.1,David Patel,13506149.46
9889,Burning Path,Drama,French,2004,8.8,Aiko Muller,988545.44
9890,Hidden Storm,Action,Japanese,2020,3,Sanjay Muller,14689665.05
9891,Hidden Voyage,Comedy,Korean,2006,8.5,Nina Rossi,5150477.41
9892,Shattered Flame,Action,English,2012,8.7,Emma Chen,7861034.62
9893,Wild Legacy,Horror,English,1980,8.4,Anjali Patel,18434705.17
9894,Secret Path,Comedy,Hindi,2006,4.2,Maria Costa,4175134.29
9895,Burning Truth,Animation,Korean,2023,5.3,Luis Nolan,15427425.22
9896,Eternal City,Documentary,English,1985,8,Aiko Watanabe,2305505.24
9897,Silent Shadows,Animation,Spanish,1991,2,Carlos Nolan,8858525.69
9898,Endless Voyage,Crime,Hindi,1996,7.2,Chris Watanabe,125332763
9899,Last Echo,Adventure,Hindi,2015,3.6,Priya Reddy,191678258.8
9900,Lost City,Comedy,Korean,1988,7.1,Luis Smith,3315374.66
9901,Golden Island,Romance,Hindi,1980,2.1,Raj Kim,4503087.68
9902,Shattered Garden,Documentary,German,2024,7.3,Priya Reddy,149482665.7
9903,Sacred Horizon,Horror,English,2026,7.4,James Nolan,6909856.26
9904,Rising River,Crime,Japanese,1997,3.8,Sofia Silva,1814092.35
9905,Sacred Voyage,Adventure,Mandarin,2000,5,Elena Watanabe,15726842.76
9906,Silent Horizon,Fantasy,Mandarin,2004,7.2,Hana Nolan,9442335.49
9907,Sacred Truth,Animation,Spanish,1999,4.8,Carlos Smith,49512846.93
9908,Distant Kingdom,Sci-Fi,Japanese,2016,7.7,Yuki Kapoor,15231592.19
9909,Crimson Island,Crime,Spanish,2016,9,Hana Iyer,2609697686
9910,Golden City,Fantasy,English,2021,6.4,Aiko Lee,1354190338
9911,Endless Island,Romance,French,1982,9.3,Maria Costa,12930056.96
9912,Sacred Flame,Thriller,Portuguese,1981,4.1,Sanjay Muller,600462110.8
9913,Forgotten City,Comedy,Mandarin,1980,8.4,Yuki Sharma,18383171.09
9914,Rising Kingdom,Romance,English,1992,7.8,Luis Garcia,19167026.23
9915,Silent Empire,Animation,Portuguese,2007,7.5,Wei Kumar,223012.93
9916,Shattered Dream,Horror,English,2018,7,Arjun Patel,10437316.74
9917,Burning Horizon,Drama,French,1993,2.5,Nina Anderson,10919433.8
9918,Secret Shadows,Comedy,English,2023,5.2,Wei Costa,12076882.72
9919,Endless Island,Action,Japanese,2016,6.8,Priya Fernandes,5742739.69
9920,Burning Path,Animation,Mandarin,1984,3.5,Sanjay Smith,18245561.49
9921,Rising Symphony,Horror,Spanish,1999,7.8,Sofia Muller,469467.77
9922,Crimson Garden,Animation,Hindi,2023,8.1,Arjun Wong,17450541.44
9923,Wild River,Thriller,Hindi,1987,2.7,James Patel,14656669.59
9924,Broken Echo,Crime,English,2017,3.9,David Iyer,7546780.19
9925,Dark Flame,Action,Portuguese,2023,5,David Rossi,4963845.65
9926,Distant Journey,Action,English,2010,6,Yuki Fernandes,2117704.98
9927,Golden Heart,Adventure,Hindi,1983,4.9,Nina Kim,10455667.06
9928,Last Journey,Documentary,Mandarin,2019,7,Raj Watanabe,18394588.55
9929,Secret Shadows,Animation,Tamil,1983,8.3,Carlos Fernandes,274056.43
9930,Shattered War,Fantasy,Korean,1985,8.9,Arjun Smith,18875677.76
9931,Crimson Flame,Drama,English,1999,5.8,Elena Anderson,11820506.91
9932,Forgotten Legacy,Thriller,Hindi,2020,9,Luis Watanabe,14599042.25
9933,Hidden Garden,Adventure,Korean,2005,4.6,Maria Kapoor,10169045.71
9934,Crimson Heart,Adventure,English,2024,5,Sanjay Kumar,786204.46
9935,Broken Legacy,Animation,Korean,1993,4.8,Sofia Patel,119732874.4
9936,Last Shadows,Comedy,English,2003,6.6,Emma Fernandes,19723475.1
9937,Hidden Flame,Romance,Portuguese,2002,9.5,Anjali Sharma,8038667.48
9938,Golden Kingdom,Drama,English,2016,4.3,Sanjay Watanabe,1643257.83
9939,Broken Truth,Fantasy,Hindi,2003,7.1,Chris Silva,10852016.89
9940,Distant Echo,Comedy,German,2016,2,Sofia Kim,4866729.87
9941,Distant River,Romance,Telugu,1983,3.9,Michael Silva,8464746.27
9942,Broken Truth,Thriller,English,1992,3,Chris Chen,3519553.74
9943,Endless Truth,Thriller,English,2022,8.5,Aiko Garcia,1565264.38
9944,Shattered Legacy,Romance,Portuguese,1996,3.3,Emma Chen,86653963.3
9945,Eternal City,Horror,Italian,1998,8.1,Michael Anderson,13362928.98
9946,Burning Symphony,Drama,Japanese,1981,5.2,Sofia Kapoor,12903438.05
9947,Eternal Shadows,Adventure,English,1995,8,Aiko Kapoor,6329933.87
9948,Distant Echo,Fantasy,Japanese,1988,8.1,Priya Anderson,6696940.24
9949,Rising Shadows,Animation,Korean,2007,4.6,Carlos Lee,8017617.55
9950,Burning Journey,Thriller,Hindi,1985,6.6,Carlos Garcia,7931069.53
9951,Golden Shadows,Sci-Fi,English,1999,7.8,Emma Chen,15559993.99
9952,Burning Journey,Animation,Hindi,2001,9.2,Hana Chen,16929745.68
9953,Hidden Empire,Animation,English,2019,8.4,Maria Fernandes,14540465.28
9954,Wild Shadows,Fantasy,Spanish,2017,8.7,Michael Muller,15550183.3
9955,Crimson Shadows,Drama,Japanese,2002,8.8,Anjali Fernandes,19156679.57
9956,Midnight Empire,Sci-Fi,English,1983,3,Chris Wong,13051122.48
9957,Sacred Horizon,Action,Korean,2016,2.5,Sanjay Lee,9838262.76
9958,Eternal Flame,Sci-Fi,Hindi,1982,9.3,Maria Nolan,10930478.18
9959,Dark City,Thriller,Hindi,2019,2.4,Maria Kumar,96873.54
9960,Wild Kingdom,Thriller,English,2005,5.5,Elena Kapoor,16579688.97
9961,Shattered Dream,Thriller,Tamil,1986,5.1,Arjun Kumar,18446401.23
9962,Sacred War,Horror,Spanish,1999,5.5,David Chen,60702276.15
9963,Golden Voyage,Horror,Mandarin,1993,3.4,Hana Iyer,9614300.96
9964,Shattered Garden,Fantasy,English,2023,9.2,Aiko Smith,7729566.08
9965,Hidden Horizon,Adventure,Mandarin,1991,5.5,Hana Rossi,3945465.98
9966,Silent Heart,Comedy,Korean,1985,3,Luis Anderson,19212899.95
9967,Sacred Truth,Animation,Spanish,1999,5.1,Michael Iyer,13437773.55
9968,Secret Horizon,Animation,English,2003,4.2,Luis Lee,14072771.44
9969,Shattered Island,Documentary,Mandarin,2010,5,Nina Costa,16849050.87
9970,Golden Path,Drama,Spanish,1989,4.6,Aiko Fernandes,188193570.9
9971,Endless Storm,Thriller,Spanish,2026,7.9,James Wong,9736388.26
9972,Midnight Legacy,Animation,English,1983,5.5,Michael Wong,2185222533
9973,Distant Legacy,Crime,French,2021,9.1,Wei Lee,13509233.26
9974,Endless Flame,Fantasy,Korean,2007,5,Emma Silva,9496165.63
9975,Endless Legacy,Crime,Hindi,2022,3.9,Sanjay Wong,13840209.43
9976,Frozen Legacy,Fantasy,English,1988,5.7,Raj Sharma,18536171.24
9977,Endless Echo,Drama,Hindi,2002,3.8,Yuki Nolan,183717.45
9978,Crimson Horizon,Drama,German,1988,8.7,Michael Garcia,10118811.38
9979,Hidden Legacy,Thriller,Italian,1991,2.9,Michael Reddy,9540295.59
9980,Golden Path,Action,English,1993,3.2,Carlos Garcia,73445835.56
9981,Distant Shadows,Drama,Spanish,2015,9,Elena Rossi,6475642.81
9982,Burning Path,Fantasy,French,1980,2.9,Elena Anderson,14222952.1
9983,Golden Storm,Drama,Korean,2024,3.3,Emma Garcia,8566085.42
9984,Endless Journey,Drama,Korean,2005,5.3,Luis Chen,13817746.94
9985,Dark Truth,Thriller,Spanish,1996,7.2,Sanjay Watanabe,5728151.14
9986,Silent Voyage,Drama,German,1997,5,Luis Silva,576295.01
9987,Wild Flame,Thriller,Portuguese,2019,6.1,Aiko Fernandes,6938075.16
9988,Distant Legacy,Animation,English,2016,9.2,Anjali Watanabe,3918068.67
9989,Last Storm,Documentary,Korean,1982,3,Arjun Wong,12104034.64
9990,Wild Voyage,Action,Hindi,2020,9.3,Raj Kumar,19796259.34
9991,Secret Horizon,Sci-Fi,Spanish,1988,7,Raj Kapoor,14733342.12
9992,Silent Flame,Drama,Mandarin,2011,3.4,Arjun Sharma,16050150.22
9993,Sacred Truth,Romance,English,1999,2.5,Michael Lee,9859746.45
9994,Crimson Horizon,Crime,Spanish,1987,8.3,Raj Kumar,6710074.82
9995,Silent City,Animation,English,2018,2.2,Chris Fernandes,19941735.64
9996,Sacred Shadows,Fantasy,Hindi,2003,5.9,Wei Iyer,2411315.45
9997,Crimson Path,Romance,English,1999,3.6,Hana Garcia,2451459.5
9998,Hidden Journey,Sci-Fi,Spanish,2006,8.2,Hana Smith,1468192.23
9999,Broken Dream,Sci-Fi,Mandarin,1986,4.4,Hana Garcia,32746971.21
10000,Distant Path,Adventure,English,1996,2.3,Arjun Patel,13988143.43
