user_id,age,gender,country,subscription_plan,join_date
1,55,Male,France,Free,2020-07-25
2,62,Male,France,Basic,2025-08-15
3,42,Male,India,Free,2025-10-01
4,16,Female,Germany,Standard,2023-09-15
5,29,Male,India,Premium,2020-10-15
6,59,Male,India,Free,2022-10-10
7,21,Male,India,Standard,2025-10-08
8,31,Female,France,Basic,2023-03-31
9,20,Female,Japan,Basic,2023-01-21
10,51,Male,India,Standard,2022-03-31
11,20,Female,Singapore,Free,2024-02-01
12,55,Female,India,Free,2021-12-29
13,59,Female,Australia,Basic,2020-12-01
14,49,Female,India,Free,2026-03-06
15,59,Female,Germany,Standard,2019-08-18
16,29,Female,Brazil,Basic,2019-09-29
17,28,Female,Canada,Standard,2021-05-20
18,56,Female,UAE,Basic,2020-08-08
19,31,Male,France,Basic,2025-07-22
20,42,Female,United States,Free,2020-07-20
21,47,Female,France,Premium,2020-09-18
22,55,Male,Germany,Basic,2023-04-26
23,39,Female,United States,Free,2025-03-16
24,70,Female,Germany,Free,2025-01-08
25,63,Male,Australia,Free,2023-11-16
26,25,Male,Mexico,Premium,2021-12-14
27,47,Female,United Kingdom,Free,2026-01-05
28,34,Female,United Kingdom,Free,2023-03-12
29,63,Male,Mexico,Premium,2019-01-03
30,53,Male,India,Premium,2022-06-13
31,30,Male,Singapore,Premium,2019-12-17
32,61,Female,India,Standard,2020-05-30
33,23,Female,Mexico,Free,2024-12-01
34,70,Female,Italy,Premium,2021-04-03
35,60,Male,Netherlands,Basic,2023-11-30
36,48,Male,India,Free,2019-03-28
37,52,Female,Canada,Free,2026-01-28
38,18,Male,UAE,Premium,2019-10-18
39,47,Male,Australia,Free,2020-06-25
40,61,Female,Canada,Basic,2024-04-21
41,66,Male,India,Standard,2022-12-22
42,42,Male,Singapore,Free,2026-04-30
43,56,Male,United States,Free,2020-03-23
44,30,Male,United Kingdom,Free,2021-01-21
45,32,Male,Singapore,Free,2025-03-04
46,21,Male,Netherlands,Standard,2020-01-18
47,63,Female,India,Basic,2021-05-25
48,70,Male,India,Free,2023-05-19
49,31,Female,Brazil,Free,2025-03-26
50,57,Female,India,Free,2019-08-28
51,52,Female,India,Free,2019-07-25
52,52,Male,South Africa,Basic,2019-08-21
53,47,Male,India,Basic,2021-08-21
54,40,Male,UAE,Free,2025-09-01
55,17,Female,United States,Basic,2024-11-11
56,35,Female,India,Standard,2021-09-04
57,31,Male,Germany,Free,2022-07-19
58,63,Female,India,Basic,2025-04-25
59,21,Male,India,Free,2022-11-30
60,19,Female,United States,Free,2025-02-03
61,60,Male,Netherlands,Standard,2024-12-06
62,15,Female,United Kingdom,Premium,2020-02-29
63,23,Male,UAE,Standard,2020-09-28
64,32,Male,India,Free,2026-02-10
65,69,Male,United Kingdom,Premium,2019-07-28
66,20,Female,Japan,Free,2022-09-28
67,64,Male,Italy,Free,2023-12-15
68,50,Female,Canada,Free,2020-09-02
69,49,Male,United States,Basic,2023-10-27
70,23,Male,United States,Premium,2019-06-13
71,37,Male,India,Free,2025-04-12
72,70,Male,Australia,Free,2021-08-27
73,70,Male,Brazil,Free,2023-08-16
74,16,Male,South Africa,Standard,2023-08-14
75,66,Female,France,Free,2020-10-14
76,65,Female,United States,Free,2024-04-11
77,29,Male,South Africa,Free,2021-07-21
78,29,Male,India,Free,2019-10-12
79,64,Male,Australia,Free,2025-01-05
80,36,Female,India,Premium,2021-01-01
81,52,Other,India,Free,2023-11-15
82,37,Female,United States,Basic,2024-09-25
83,22,Male,Canada,Free,2023-11-22
84,15,Female,Brazil,Standard,2021-03-18
85,38,Male,Mexico,Premium,2025-12-27
86,35,Female,India,Premium,2024-09-08
87,34,Female,United States,Standard,2025-03-20
88,23,Male,Australia,Free,2020-12-13
89,54,Female,United States,Standard,2022-05-29
90,33,Male,Brazil,Basic,2022-08-12
91,44,Male,Germany,Basic,2020-11-26
92,57,Male,United Kingdom,Basic,2022-10-04
93,20,Female,France,Standard,2021-07-09
94,66,Male,India,Free,2024-04-30
95,54,Female,India,Basic,2026-01-23
96,51,Male,Germany,Basic,2021-09-26
97,24,Female,India,Standard,2020-03-12
98,64,Male,India,Premium,2024-10-22
99,44,Male,India,Standard,2024-02-13
100,23,Female,Australia,Premium,2025-09-04
101,35,Female,UAE,Basic,2024-08-29
102,42,Female,United Kingdom,Premium,2024-04-28
103,43,Male,India,Basic,2024-11-05
104,46,Female,India,Free,2022-03-16
105,30,Male,United States,Basic,2020-07-20
106,24,Male,Germany,Standard,2019-09-21
107,41,Male,United Kingdom,Basic,2021-04-27
108,68,Male,UAE,Basic,2019-03-22
109,69,Female,Canada,Basic,2022-12-11
110,34,Female,Singapore,Premium,2023-09-13
111,49,Female,United Kingdom,Basic,2021-06-22
112,46,Male,United States,Free,2022-10-08
113,57,Female,United States,Free,2024-03-29
114,23,Other,United Kingdom,Premium,2025-08-21
115,51,Female,India,Basic,2024-03-06
116,26,Male,United States,Free,2022-08-31
117,36,Female,United States,Standard,2023-09-23
118,31,Female,United States,Standard,2019-08-02
119,37,Male,India,Premium,2019-06-14
120,63,Male,India,Standard,2025-12-19
121,24,Male,United States,Free,2021-06-11
122,44,Female,Brazil,Free,2025-10-23
123,62,Female,Brazil,Free,2022-06-28
124,21,Female,South Africa,Basic,2023-03-18
125,40,Female,India,Basic,2026-01-13
126,30,Male,Brazil,Premium,2025-09-25
127,66,Male,Netherlands,Standard,2022-11-23
128,49,Male,United States,Basic,2022-10-29
129,15,Female,Japan,Free,2023-01-23
130,55,Female,United States,Free,2020-12-22
131,61,Female,Australia,Basic,2025-01-13
132,64,Female,United States,Standard,2022-01-04
133,35,Female,Japan,Free,2024-01-21
134,30,Female,Canada,Standard,2022-10-09
135,16,Female,United States,Basic,2022-12-24
136,66,Male,India,Basic,2022-02-05
137,50,Male,Mexico,Free,2023-07-23
138,46,Female,India,Basic,2024-07-03
139,43,Female,India,Free,2021-09-23
140,34,Female,United States,Basic,2022-11-09
141,42,Other,United Kingdom,Free,2024-02-02
142,32,Male,India,Standard,2022-07-16
143,22,Female,Mexico,Standard,2021-02-23
144,28,Female,India,Basic,2024-11-18
145,53,Male,India,Free,2021-07-20
146,38,Male,India,Basic,2022-01-28
147,17,Other,United Kingdom,Standard,2020-06-01
148,55,Female,United Kingdom,Premium,2025-06-09
149,33,Male,United States,Free,2019-07-30
150,31,Female,United States,Standard,2023-06-30
151,46,Male,Australia,Free,2020-09-03
152,66,Female,United States,Premium,2020-04-30
153,50,Female,Canada,Standard,2021-07-13
154,64,Female,United States,Basic,2025-08-07
155,42,Male,Australia,Basic,2020-02-11
156,63,Male,India,Standard,2020-10-05
157,30,Male,India,Free,2024-01-20
158,59,Female,India,Free,2022-03-04
159,59,Female,India,Free,2021-12-19
160,65,Female,Canada,Standard,2021-03-21
161,42,Male,India,Free,2021-12-24
162,67,Male,India,Standard,2025-09-03
163,62,Female,South Africa,Basic,2024-04-03
164,59,Male,United States,Free,2025-01-20
165,46,Male,Canada,Premium,2022-08-13
166,53,Male,India,Premium,2025-06-14
167,52,Female,Netherlands,Standard,2022-01-08
168,51,Male,France,Basic,2026-04-22
169,43,Female,India,Basic,2026-02-13
170,67,Female,India,Free,2022-09-27
171,35,Female,Singapore,Free,2024-07-22
172,33,Female,United States,Standard,2019-05-31
173,44,Male,India,Free,2023-07-14
174,70,Female,Netherlands,Standard,2025-01-31
175,44,Male,India,Free,2024-08-03
176,55,Male,India,Free,2020-06-20
177,33,Male,Germany,Free,2026-01-24
178,53,Female,Germany,Free,2019-02-26
179,50,Male,India,Standard,2020-04-09
180,44,Female,Australia,Free,2022-04-10
181,47,Female,United States,Basic,2024-04-18
182,30,Male,India,Free,2025-09-21
183,47,Female,India,Free,2023-08-27
184,36,Female,United Kingdom,Standard,2022-03-04
185,61,Male,Canada,Premium,2024-06-28
186,70,Male,United Kingdom,Free,2025-03-10
187,63,Female,United States,Free,2021-02-11
188,59,Male,United States,Premium,2023-08-10
189,17,Male,United States,Premium,2023-04-11
190,39,Other,Brazil,Standard,2020-09-15
191,46,Other,India,Premium,2022-09-21
192,70,Male,Japan,Free,2024-02-15
193,15,Female,United States,Standard,2020-09-24
194,19,Male,Italy,Free,2023-06-17
195,56,Male,United States,Standard,2024-12-25
196,39,Female,Australia,Premium,2024-06-21
197,70,Female,Canada,Free,2022-03-23
198,29,Female,United States,Free,2026-02-08
199,60,Female,United States,Standard,2019-04-29
200,17,Male,India,Free,2023-10-31
201,24,Male,United States,Standard,2021-01-07
202,25,Male,Canada,Free,2021-09-13
203,46,Female,India,Basic,2021-11-06
204,44,Male,India,Standard,2022-03-24
205,58,Female,India,Premium,2025-08-03
206,34,Female,United States,Free,2022-05-22
207,27,Other,Singapore,Free,2023-04-12
208,51,Male,India,Standard,2019-03-31
209,68,Female,India,Basic,2019-07-20
210,53,Female,Japan,Premium,2021-07-31
211,53,Female,India,Free,2021-10-23
212,58,Female,Brazil,Standard,2020-07-14
213,55,Male,Australia,Free,2023-12-11
214,17,Female,France,Free,2022-04-23
215,35,Female,India,Free,2025-01-18
216,38,Female,South Africa,Standard,2021-11-18
217,67,Female,Italy,Free,2022-10-19
218,66,Male,Italy,Free,2021-07-13
219,70,Female,Germany,Free,2025-04-01
220,38,Male,United States,Free,2020-05-21
221,44,Male,France,Free,2023-04-10
222,67,Female,United States,Standard,2024-04-15
223,16,Female,Mexico,Free,2025-11-03
224,29,Female,Australia,Basic,2022-05-22
225,56,Male,India,Premium,2022-05-31
226,46,Male,India,Basic,2023-05-11
227,44,Male,Mexico,Standard,2025-01-21
228,41,Female,France,Premium,2026-05-06
229,21,Female,Canada,Premium,2022-02-19
230,17,Female,India,Basic,2021-08-25
231,69,Male,Netherlands,Free,2026-03-26
232,37,Male,India,Premium,2024-02-06
233,20,Female,Australia,Basic,2019-03-29
234,18,Female,India,Free,2025-05-01
235,28,Male,Brazil,Free,2021-06-03
236,67,Female,United States,Free,2025-09-07
237,15,Male,Netherlands,Premium,2025-01-21
238,31,Female,India,Premium,2020-06-23
239,15,Male,Brazil,Basic,2019-03-06
240,26,Male,India,Basic,2020-04-10
241,62,Male,United States,Free,2025-08-28
242,21,Male,India,Basic,2026-05-22
243,48,Male,Australia,Free,2024-05-15
244,69,Male,Germany,Basic,2023-12-22
245,19,Female,United States,Free,2020-05-31
246,32,Female,Canada,Standard,2023-04-10
247,53,Female,United States,Basic,2020-02-11
248,65,Female,Singapore,Standard,2025-03-08
249,61,Female,United States,Premium,2023-08-22
250,36,Female,United States,Standard,2022-07-04
251,42,Male,India,Premium,2024-04-26
252,19,Male,India,Basic,2023-03-07
253,66,Male,India,Premium,2025-04-19
254,36,Female,United States,Premium,2023-09-29
255,70,Female,India,Free,2022-07-03
256,37,Male,United Kingdom,Free,2024-05-29
257,29,Female,United States,Basic,2020-04-15
258,63,Male,India,Basic,2025-04-16
259,64,Female,Canada,Basic,2019-04-18
260,53,Female,Japan,Free,2021-01-08
261,32,Female,United States,Free,2019-01-26
262,26,Female,Canada,Basic,2020-08-04
263,62,Female,India,Standard,2021-05-31
264,39,Male,United States,Free,2022-08-21
265,64,Female,Canada,Premium,2020-09-29
266,25,Female,India,Free,2023-12-20
267,57,Male,Canada,Basic,2021-06-01
268,63,Female,United States,Free,2025-08-26
269,46,Female,United States,Free,2025-09-20
270,18,Male,United States,Free,2020-07-16
271,63,Male,United States,Free,2023-10-30
272,26,Male,United Kingdom,Free,2025-04-07
273,68,Female,United States,Free,2019-06-23
274,42,Male,South Africa,Premium,2025-06-16
275,42,Female,Germany,Basic,2020-04-16
276,40,Male,United States,Standard,2025-12-06
277,44,Female,South Africa,Free,2020-03-09
278,30,Male,United States,Free,2022-06-24
279,62,Male,United States,Free,2024-09-21
280,55,Male,United Kingdom,Premium,2022-12-02
281,37,Female,Japan,Standard,2021-08-25
282,21,Male,India,Basic,2026-05-08
283,19,Male,Brazil,Basic,2025-04-28
284,63,Female,Germany,Premium,2026-03-18
285,55,Other,United States,Premium,2022-07-18
286,24,Male,United States,Basic,2022-01-30
287,52,Male,United Kingdom,Free,2024-01-26
288,17,Male,Japan,Free,2020-01-05
289,54,Female,United States,Basic,2019-06-18
290,43,Female,Canada,Free,2025-10-14
291,45,Female,Mexico,Basic,2022-11-07
292,60,Male,Australia,Free,2023-11-29
293,43,Female,Canada,Free,2022-03-04
294,39,Male,United States,Basic,2026-01-28
295,56,Male,United States,Basic,2023-05-03
296,33,Male,Singapore,Premium,2025-10-04
297,70,Male,India,Standard,2022-12-03
298,34,Other,Germany,Free,2025-09-03
299,60,Female,United States,Free,2022-09-07
300,67,Male,Germany,Premium,2024-11-26
301,20,Female,United States,Free,2023-01-25
302,34,Male,India,Premium,2024-06-14
303,27,Male,India,Free,2020-02-19
304,47,Female,Japan,Premium,2019-06-04
305,57,Male,Brazil,Free,2023-03-24
306,24,Male,Japan,Standard,2020-11-09
307,61,Male,United States,Standard,2021-08-30
308,43,Female,France,Standard,2021-08-16
309,49,Male,Italy,Standard,2021-03-05
310,38,Female,Canada,Basic,2022-02-28
311,64,Male,United Kingdom,Premium,2021-03-28
312,66,Female,Singapore,Free,2024-05-22
313,70,Male,Mexico,Standard,2024-10-14
314,69,Male,India,Free,2024-01-15
315,47,Male,United States,Premium,2021-06-28
316,67,Male,United States,Free,2019-08-07
317,40,Female,India,Premium,2023-03-16
318,29,Male,Mexico,Standard,2026-04-16
319,36,Female,India,Free,2024-04-19
320,59,Female,France,Basic,2025-11-25
321,15,Female,India,Free,2020-09-04
322,50,Female,Canada,Basic,2022-03-26
323,30,Male,India,Basic,2025-12-26
324,44,Male,Japan,Basic,2025-01-04
325,16,Female,Canada,Standard,2022-04-08
326,42,Male,United States,Basic,2021-02-06
327,57,Female,United Kingdom,Free,2024-11-24
328,49,Female,Netherlands,Basic,2023-05-19
329,70,Male,Australia,Premium,2021-11-04
330,62,Male,Brazil,Free,2026-05-15
331,55,Male,Canada,Standard,2020-06-30
332,17,Male,United States,Basic,2024-03-18
333,59,Male,India,Free,2024-02-18
334,17,Male,India,Free,2019-06-21
335,35,Female,United Kingdom,Premium,2025-02-02
336,45,Male,France,Free,2023-01-02
337,70,Female,Singapore,Free,2020-05-24
338,66,Male,UAE,Standard,2023-05-03
339,36,Other,United Kingdom,Basic,2024-10-27
340,32,Female,France,Free,2025-10-03
341,67,Male,India,Free,2022-09-05
342,57,Male,United States,Standard,2020-11-13
343,59,Male,United States,Standard,2022-12-15
344,54,Other,India,Premium,2019-08-23
345,19,Female,United States,Basic,2020-10-17
346,16,Male,Canada,Standard,2019-05-23
347,23,Male,Brazil,Free,2023-04-18
348,51,Male,India,Basic,2023-02-28
349,38,Male,India,Free,2023-02-12
350,40,Male,India,Premium,2019-04-17
351,62,Male,United Kingdom,Premium,2020-04-27
352,31,Female,Germany,Free,2025-11-11
353,33,Female,Netherlands,Free,2020-07-09
354,69,Male,India,Standard,2019-12-26
355,66,Female,Japan,Free,2022-11-24
356,60,Male,United Kingdom,Premium,2020-10-07
357,60,Female,Germany,Free,2023-01-20
358,47,Male,Netherlands,Standard,2021-08-27
359,65,Female,United States,Basic,2024-03-29
360,66,Other,India,Premium,2019-09-27
361,34,Male,Germany,Basic,2023-08-10
362,64,Male,Canada,Free,2022-07-22
363,56,Male,United States,Basic,2020-06-09
364,68,Female,Australia,Free,2020-06-12
365,42,Female,Singapore,Standard,2024-10-23
366,24,Male,India,Premium,2021-07-12
367,37,Female,United Kingdom,Free,2019-11-20
368,31,Male,Mexico,Free,2026-01-04
369,34,Female,India,Basic,2025-08-21
370,52,Male,Australia,Standard,2025-10-14
371,36,Female,Canada,Standard,2019-04-27
372,20,Male,Australia,Basic,2026-04-21
373,28,Female,United States,Basic,2024-08-01
374,55,Female,Australia,Free,2021-09-30
375,66,Female,United States,Basic,2019-09-03
376,25,Male,United Kingdom,Free,2025-10-20
377,24,Male,Germany,Standard,2022-11-15
378,40,Male,United States,Basic,2022-07-31
379,30,Male,India,Free,2020-02-01
380,18,Male,United States,Basic,2021-10-13
381,70,Female,Japan,Premium,2022-07-04
382,27,Female,United Kingdom,Basic,2024-08-04
383,34,Female,India,Free,2024-02-16
384,30,Male,United States,Free,2024-07-20
385,53,Female,Australia,Basic,2025-01-07
386,15,Female,United States,Premium,2023-02-07
387,63,Male,India,Free,2025-04-20
388,27,Male,India,Free,2024-01-19
389,63,Female,Japan,Basic,2025-11-07
390,22,Male,India,Free,2022-10-20
391,50,Female,France,Free,2024-09-16
392,40,Female,India,Free,2022-09-26
393,66,Male,United States,Basic,2024-10-12
394,23,Male,Canada,Free,2025-11-30
395,62,Female,Canada,Basic,2024-09-18
396,49,Female,Canada,Basic,2019-03-10
397,38,Male,India,Basic,2022-06-14
398,65,Female,Singapore,Basic,2025-09-10
399,45,Male,Australia,Premium,2025-06-27
400,51,Male,India,Basic,2024-11-17
401,55,Female,Brazil,Free,2021-09-19
402,17,Female,Germany,Free,2023-12-12
403,35,Male,United States,Free,2024-08-17
404,64,Female,United States,Standard,2019-09-13
405,60,Male,India,Free,2026-06-05
406,45,Female,United States,Free,2024-12-23
407,36,Female,Germany,Premium,2026-03-19
408,66,Female,Canada,Free,2021-10-06
409,32,Female,India,Premium,2022-05-04
410,64,Male,India,Standard,2022-07-22
411,45,Male,Mexico,Standard,2022-01-25
412,33,Male,Germany,Free,2023-06-05
413,67,Male,Brazil,Free,2019-06-22
414,33,Female,India,Premium,2026-05-10
415,31,Female,India,Standard,2022-01-15
416,50,Female,India,Basic,2025-07-31
417,30,Male,Australia,Basic,2026-02-26
418,29,Male,United States,Standard,2020-02-16
419,58,Female,India,Basic,2020-10-08
420,41,Female,UAE,Basic,2026-04-18
421,27,Female,India,Free,2019-08-31
422,64,Male,Canada,Basic,2019-06-02
423,26,Male,Japan,Premium,2019-05-29
424,68,Male,United Kingdom,Premium,2022-03-31
425,17,Male,Canada,Free,2022-10-04
426,33,Male,Australia,Basic,2020-07-03
427,69,Female,India,Standard,2022-09-16
428,25,Female,Australia,Standard,2019-02-27
429,62,Male,India,Standard,2021-03-02
430,26,Female,Australia,Basic,2023-10-18
431,47,Male,United States,Free,2020-07-29
432,45,Male,India,Free,2021-08-22
433,43,Female,Mexico,Free,2025-06-04
434,15,Male,United States,Free,2026-06-28
435,22,Male,India,Standard,2022-06-27
436,59,Male,South Africa,Free,2025-11-22
437,29,Male,India,Free,2025-10-17
438,38,Male,United Kingdom,Basic,2025-01-10
439,66,Female,India,Free,2025-09-06
440,70,Female,United Kingdom,Basic,2023-01-21
441,19,Female,India,Standard,2024-09-01
442,27,Female,India,Free,2024-11-01
443,43,Male,India,Basic,2020-01-08
444,47,Male,India,Free,2023-08-29
445,44,Female,United Kingdom,Standard,2022-06-16
446,61,Male,India,Free,2021-06-11
447,52,Male,United States,Standard,2025-01-25
448,18,Female,India,Premium,2019-05-10
449,33,Male,Brazil,Standard,2026-03-30
450,41,Male,UAE,Basic,2023-03-27
451,39,Male,Italy,Premium,2020-06-28
452,56,Female,India,Premium,2023-05-29
453,48,Male,Italy,Standard,2019-04-04
454,34,Male,Germany,Basic,2023-04-03
455,67,Male,United States,Free,2021-02-11
456,61,Female,India,Standard,2025-11-23
457,64,Female,UAE,Free,2019-10-03
458,21,Female,United States,Standard,2019-07-19
459,30,Female,United States,Free,2021-06-08
460,63,Female,India,Basic,2022-03-30
461,29,Female,France,Free,2025-09-15
462,64,Female,United States,Free,2020-08-09
463,57,Female,United States,Free,2025-03-30
464,52,Female,South Africa,Basic,2023-10-16
465,50,Female,Italy,Premium,2023-04-11
466,65,Female,Germany,Basic,2022-05-13
467,39,Male,United Kingdom,Free,2021-07-12
468,34,Female,India,Basic,2019-08-25
469,50,Male,United States,Basic,2023-05-10
470,30,Male,United States,Free,2024-01-17
471,69,Male,United Kingdom,Standard,2019-07-31
472,32,Male,Canada,Free,2019-10-26
473,27,Female,Canada,Standard,2021-06-07
474,45,Male,UAE,Free,2019-03-04
475,28,Female,Italy,Free,2024-05-15
476,30,Female,Germany,Free,2021-09-07
477,50,Male,India,Basic,2026-04-11
478,37,Male,United States,Premium,2024-03-23
479,21,Female,France,Standard,2022-08-04
480,28,Male,United States,Basic,2021-06-25
481,62,Male,India,Premium,2025-06-30
482,61,Male,India,Free,2023-04-05
483,51,Female,United Kingdom,Standard,2022-10-14
484,31,Female,United Kingdom,Standard,2024-07-02
485,44,Male,Brazil,Free,2025-02-16
486,46,Male,UAE,Premium,2019-08-29
487,48,Male,Japan,Premium,2026-06-30
488,18,Female,United States,Standard,2021-08-05
489,19,Female,India,Basic,2023-03-09
490,18,Female,Australia,Basic,2024-06-02
491,57,Female,India,Basic,2019-02-18
492,16,Female,India,Premium,2019-03-12
493,47,Female,Germany,Standard,2021-01-04
494,21,Female,United Kingdom,Free,2025-12-13
495,48,Male,United States,Standard,2019-11-20
496,38,Female,United States,Free,2021-07-14
497,34,Female,Japan,Standard,2026-04-15
498,63,Male,United States,Free,2024-05-03
499,18,Female,Germany,Free,2023-11-13
500,56,Female,Canada,Premium,2020-01-26
501,48,Female,India,Premium,2025-05-10
502,45,Male,South Africa,Standard,2022-02-22
503,49,Female,India,Premium,2022-07-12
504,16,Other,Canada,Standard,2023-06-20
505,19,Male,Canada,Basic,2023-05-13
506,58,Female,United States,Standard,2020-07-27
507,65,Other,France,Basic,2022-11-17
508,18,Male,India,Free,2025-10-14
509,64,Female,Canada,Premium,2022-08-29
510,16,Female,Brazil,Basic,2021-07-23
511,37,Female,United States,Free,2025-07-27
512,57,Male,Brazil,Free,2021-10-06
513,60,Male,India,Free,2026-02-09
514,24,Female,United States,Free,2019-01-22
515,34,Male,Brazil,Free,2019-12-24
516,26,Male,United Kingdom,Basic,2020-02-28
517,16,Male,United Kingdom,Basic,2022-08-21
518,70,Male,India,Free,2019-12-13
519,61,Female,UAE,Premium,2025-05-31
520,48,Male,United States,Free,2022-05-18
521,32,Female,India,Basic,2023-09-21
522,34,Female,India,Free,2021-10-07
523,61,Female,Canada,Free,2020-03-14
524,23,Male,Mexico,Free,2025-12-15
525,39,Female,United States,Free,2026-04-20
526,53,Male,United States,Premium,2021-04-02
527,45,Male,Italy,Premium,2022-04-08
528,62,Female,United Kingdom,Basic,2021-09-19
529,35,Male,Japan,Free,2020-04-11
530,51,Male,Netherlands,Free,2025-03-03
531,16,Female,United States,Standard,2023-12-01
532,66,Male,Germany,Standard,2023-08-03
533,58,Female,Australia,Free,2026-05-21
534,24,Female,Brazil,Free,2025-09-15
535,45,Female,United Kingdom,Premium,2023-09-10
536,49,Male,Italy,Standard,2025-01-08
537,53,Female,India,Standard,2026-05-17
538,57,Male,Australia,Free,2026-03-27
539,58,Female,Italy,Free,2023-10-30
540,21,Male,India,Basic,2024-10-25
541,50,Female,Canada,Basic,2023-05-22
542,44,Female,Canada,Basic,2022-11-13
543,16,Female,India,Premium,2019-12-18
544,22,Female,France,Free,2022-11-06
545,44,Female,United Kingdom,Free,2020-02-04
546,43,Female,United States,Free,2019-07-03
547,66,Female,India,Free,2020-03-23
548,58,Female,South Africa,Standard,2024-10-14
549,26,Female,United States,Basic,2024-03-07
550,29,Female,Australia,Free,2026-05-16
551,42,Male,France,Premium,2024-01-16
552,52,Male,India,Free,2022-02-14
553,63,Female,Brazil,Basic,2025-01-08
554,26,Male,India,Free,2024-06-27
555,48,Other,United States,Free,2023-05-27
556,52,Male,United States,Basic,2020-12-07
557,67,Female,Brazil,Premium,2025-08-14
558,20,Female,United States,Free,2020-04-24
559,26,Male,India,Free,2025-09-08
560,23,Female,United States,Basic,2025-01-10
561,59,Female,Mexico,Free,2020-11-14
562,46,Male,India,Standard,2025-12-12
563,18,Female,Mexico,Basic,2021-03-10
564,67,Male,Canada,Standard,2023-08-03
565,58,Female,Germany,Basic,2020-11-16
566,20,Female,Brazil,Free,2019-05-14
567,32,Male,India,Standard,2025-05-05
568,62,Female,United Kingdom,Basic,2025-06-03
569,22,Male,United Kingdom,Premium,2025-01-29
570,67,Female,Brazil,Basic,2021-06-14
571,42,Male,Japan,Standard,2022-05-04
572,70,Other,United States,Free,2019-12-23
573,43,Female,India,Standard,2021-05-09
574,66,Female,Germany,Premium,2025-11-04
575,55,Male,Canada,Standard,2021-04-27
576,66,Male,United States,Free,2025-01-15
577,25,Male,Germany,Free,2021-12-31
578,69,Female,UAE,Standard,2020-07-09
579,63,Female,South Africa,Premium,2026-05-10
580,23,Female,India,Free,2022-08-12
581,68,Male,Japan,Free,2020-08-05
582,51,Female,Australia,Free,2019-11-06
583,55,Female,Brazil,Basic,2022-02-13
584,59,Female,United States,Premium,2022-09-02
585,52,Male,Brazil,Standard,2024-02-21
586,55,Female,United States,Free,2024-12-29
587,40,Male,United States,Free,2022-01-04
588,35,Female,United States,Basic,2025-05-07
589,69,Female,United States,Standard,2019-07-18
590,17,Male,Brazil,Basic,2020-05-23
591,69,Male,United States,Premium,2023-10-19
592,27,Other,UAE,Premium,2022-05-21
593,25,Female,Singapore,Free,2023-01-16
594,31,Male,Australia,Basic,2019-08-01
595,40,Female,France,Standard,2023-10-25
596,56,Male,India,Free,2019-11-16
597,23,Female,United Kingdom,Basic,2019-02-03
598,59,Male,India,Premium,2020-06-25
599,45,Male,United States,Standard,2020-02-24
600,21,Male,UAE,Free,2020-06-29
601,56,Other,India,Basic,2019-02-04
602,54,Female,United States,Standard,2026-01-16
603,62,Male,United States,Standard,2021-06-08
604,20,Female,India,Free,2023-04-22
605,37,Other,United States,Free,2022-02-08
606,56,Male,United Kingdom,Basic,2025-10-24
607,33,Female,Germany,Standard,2026-05-20
608,34,Male,Canada,Free,2023-05-24
609,33,Female,Brazil,Standard,2021-09-07
610,46,Male,India,Basic,2019-10-18
611,48,Female,India,Free,2022-07-20
612,23,Male,Japan,Basic,2025-02-15
613,58,Male,United States,Premium,2019-10-26
614,16,Female,India,Free,2019-09-05
615,65,Male,India,Standard,2023-08-29
616,42,Female,India,Basic,2025-11-28
617,24,Male,United States,Basic,2021-04-12
618,66,Male,United States,Basic,2026-04-15
619,58,Female,United States,Basic,2021-09-04
620,18,Male,South Africa,Free,2025-11-12
621,53,Male,Australia,Standard,2020-12-20
622,22,Male,India,Free,2024-07-26
623,37,Female,Brazil,Standard,2020-11-14
624,38,Male,Brazil,Free,2020-04-28
625,64,Female,United States,Basic,2024-11-15
626,19,Male,Italy,Basic,2024-07-25
627,44,Female,India,Premium,2020-11-14
628,38,Male,Brazil,Premium,2020-04-17
629,29,Female,India,Premium,2019-02-20
630,30,Male,United States,Premium,2021-01-03
631,69,Male,Brazil,Standard,2026-05-09
632,41,Male,India,Premium,2022-08-03
633,32,Female,Canada,Free,2019-08-04
634,26,Male,United Kingdom,Free,2023-07-01
635,19,Female,Singapore,Standard,2022-06-26
636,35,Male,United States,Free,2022-04-09
637,51,Female,France,Free,2023-02-17
638,52,Other,Netherlands,Standard,2025-02-16
639,63,Female,India,Premium,2019-04-08
640,29,Female,Australia,Standard,2019-02-09
641,36,Male,Australia,Standard,2022-06-13
642,21,Male,Netherlands,Basic,2019-09-03
643,24,Female,India,Premium,2024-10-29
644,41,Female,United States,Premium,2019-12-14
645,52,Male,India,Standard,2019-11-03
646,52,Female,United States,Premium,2021-08-27
647,33,Male,United States,Standard,2022-08-29
648,35,Male,India,Premium,2020-07-11
649,64,Female,India,Free,2024-01-16
650,44,Male,India,Free,2021-04-30
651,43,Male,India,Free,2020-10-07
652,66,Female,Japan,Standard,2019-06-15
653,28,Female,United States,Free,2021-10-13
654,37,Male,India,Free,2020-12-13
655,16,Female,Singapore,Basic,2025-03-03
656,30,Male,India,Standard,2020-05-12
657,15,Male,Brazil,Free,2021-03-22
658,67,Male,Germany,Premium,2019-12-11
659,52,Female,South Africa,Free,2019-09-22
660,27,Female,United States,Free,2022-09-20
661,22,Male,United States,Free,2025-06-08
662,42,Female,United States,Free,2023-10-14
663,26,Male,UAE,Free,2024-01-01
664,24,Male,Canada,Free,2022-04-23
665,46,Male,United Kingdom,Free,2022-02-19
666,39,Male,India,Premium,2024-11-23
667,30,Female,Brazil,Standard,2023-04-16
668,65,Female,United States,Standard,2022-11-10
669,51,Female,United States,Free,2022-07-30
670,53,Male,UAE,Standard,2019-08-28
671,66,Other,United Kingdom,Standard,2021-08-11
672,25,Male,Australia,Free,2019-08-18
673,63,Other,India,Standard,2023-05-10
674,37,Female,Netherlands,Free,2021-08-26
675,52,Male,France,Free,2025-08-20
676,16,Female,United States,Basic,2020-08-05
677,51,Female,Japan,Standard,2024-07-09
678,49,Male,United Kingdom,Free,2021-08-10
679,53,Male,United Kingdom,Free,2025-11-20
680,27,Female,United States,Free,2022-08-18
681,18,Male,Canada,Premium,2020-03-30
682,69,Female,United States,Free,2026-06-05
683,40,Female,United States,Free,2020-10-07
684,61,Female,Brazil,Premium,2026-04-13
685,35,Male,Italy,Standard,2025-11-18
686,65,Male,Australia,Standard,2023-03-30
687,34,Female,India,Free,2019-01-08
688,59,Female,United States,Premium,2025-05-13
689,17,Male,United States,Standard,2025-11-09
690,29,Female,India,Basic,2022-09-18
691,62,Male,United States,Free,2026-02-18
692,20,Female,Germany,Standard,2022-10-07
693,43,Male,India,Standard,2022-12-06
694,31,Female,France,Free,2023-11-30
695,61,Male,India,Basic,2023-04-01
696,37,Female,India,Basic,2025-06-25
697,56,Female,India,Basic,2019-05-17
698,33,Male,India,Free,2022-11-01
699,25,Female,India,Free,2020-01-17
700,36,Female,Canada,Basic,2019-05-07
701,42,Female,India,Premium,2020-10-05
702,18,Male,India,Free,2025-03-19
703,61,Female,United Kingdom,Standard,2022-05-03
704,30,Male,United States,Basic,2024-07-03
705,24,Male,India,Free,2026-06-04
706,55,Female,India,Free,2020-11-30
707,55,Male,India,Standard,2022-06-17
708,65,Male,United Kingdom,Standard,2020-01-09
709,56,Female,India,Premium,2023-02-22
710,26,Male,India,Basic,2021-07-15
711,68,Male,India,Standard,2026-06-26
712,21,Male,United States,Basic,2025-08-12
713,29,Female,Japan,Standard,2023-09-11
714,49,Female,Mexico,Basic,2021-08-23
715,45,Male,United States,Premium,2019-05-23
716,47,Female,United Kingdom,Basic,2025-12-15
717,24,Male,France,Free,2020-11-15
718,28,Female,India,Basic,2023-11-19
719,27,Other,Australia,Standard,2021-11-22
720,35,Female,South Africa,Free,2023-05-09
721,50,Male,United States,Free,2024-02-20
722,70,Male,Germany,Basic,2023-09-15
723,22,Male,India,Basic,2020-02-15
724,21,Female,India,Free,2025-01-02
725,37,Female,India,Standard,2025-06-01
726,53,Male,India,Basic,2025-12-07
727,53,Female,United States,Free,2022-09-19
728,59,Male,France,Premium,2023-03-06
729,16,Male,Brazil,Free,2024-07-06
730,69,Female,India,Premium,2020-07-04
731,34,Other,United States,Standard,2022-01-08
732,61,Male,Australia,Free,2021-05-15
733,67,Male,United Kingdom,Basic,2023-03-12
734,67,Male,Brazil,Free,2024-09-06
735,40,Male,Singapore,Premium,2019-04-29
736,26,Male,Japan,Standard,2021-10-18
737,17,Male,South Africa,Standard,2022-01-27
738,38,Female,United Kingdom,Basic,2020-05-22
739,58,Male,United States,Basic,2020-12-28
740,70,Male,United Kingdom,Free,2021-11-25
741,62,Female,India,Free,2019-07-23
742,25,Female,Brazil,Free,2021-06-25
743,56,Male,India,Standard,2024-10-03
744,16,Female,Italy,Standard,2024-04-25
745,23,Female,Canada,Free,2021-10-30
746,53,Female,United States,Premium,2026-03-17
747,32,Male,United States,Free,2021-10-29
748,28,Male,Germany,Standard,2023-06-15
749,52,Male,United Kingdom,Standard,2023-03-13
750,50,Female,Canada,Free,2020-03-18
751,45,Male,Netherlands,Basic,2022-02-08
752,31,Female,Mexico,Standard,2021-02-10
753,24,Female,India,Free,2025-09-23
754,40,Female,Germany,Standard,2026-05-08
755,46,Other,India,Basic,2023-05-10
756,62,Male,Germany,Basic,2021-02-16
757,36,Female,India,Basic,2024-05-02
758,57,Male,United States,Free,2026-05-17
759,50,Male,India,Free,2021-11-25
760,61,Female,Brazil,Free,2022-10-06
761,56,Male,United States,Standard,2022-06-11
762,41,Female,United States,Free,2022-04-19
763,44,Female,United States,Premium,2025-07-18
764,52,Female,India,Premium,2024-08-11
765,22,Female,United States,Free,2019-08-10
766,70,Female,India,Free,2023-08-04
767,51,Female,Netherlands,Free,2021-01-08
768,64,Male,United States,Premium,2022-07-07
769,55,Male,United States,Free,2020-11-21
770,51,Female,United Kingdom,Standard,2019-12-27
771,23,Female,Australia,Basic,2024-05-09
772,39,Male,United Kingdom,Standard,2019-02-27
773,35,Female,United Kingdom,Free,2019-01-17
774,55,Female,India,Premium,2022-07-02
775,23,Male,United Kingdom,Free,2019-09-25
776,67,Male,Mexico,Basic,2024-11-01
777,53,Female,United States,Standard,2020-07-02
778,36,Other,United Kingdom,Standard,2020-11-06
779,66,Male,India,Standard,2020-06-21
780,28,Female,Canada,Free,2023-02-10
781,60,Female,India,Premium,2021-11-13
782,64,Female,India,Premium,2026-06-04
783,21,Female,India,Standard,2023-09-04
784,43,Male,United Kingdom,Basic,2020-09-19
785,28,Female,Australia,Free,2026-06-03
786,21,Female,India,Basic,2020-07-15
787,41,Female,India,Standard,2020-04-27
788,33,Male,India,Free,2021-03-29
789,64,Male,United Kingdom,Free,2023-08-06
790,33,Male,United Kingdom,Premium,2024-05-22
791,36,Male,India,Free,2020-03-28
792,68,Female,United Kingdom,Premium,2024-09-26
793,19,Female,India,Free,2021-08-04
794,44,Other,India,Basic,2020-02-13
795,67,Male,India,Free,2022-07-04
796,42,Female,India,Standard,2019-07-07
797,15,Female,Australia,Free,2023-01-04
798,43,Female,India,Standard,2023-03-07
799,67,Male,India,Basic,2024-02-13
800,32,Female,Germany,Basic,2023-09-24
801,56,Female,India,Free,2019-08-29
802,69,Male,United States,Basic,2025-05-19
803,58,Male,Canada,Standard,2025-11-09
804,16,Female,Singapore,Standard,2020-06-19
805,45,Female,India,Basic,2019-07-08
806,19,Male,United States,Standard,2024-11-19
807,64,Female,France,Free,2022-10-17
808,48,Female,Germany,Free,2026-06-03
809,61,Male,United States,Standard,2023-04-26
810,24,Female,United Kingdom,Premium,2019-08-12
811,15,Female,India,Standard,2024-07-23
812,70,Male,France,Free,2022-09-17
813,32,Male,India,Basic,2023-07-10
814,67,Male,United States,Standard,2024-01-10
815,20,Female,United States,Free,2024-07-30
816,62,Female,India,Basic,2025-04-01
817,50,Male,India,Basic,2025-12-10
818,55,Male,United Kingdom,Free,2024-02-12
819,36,Male,India,Free,2024-02-05
820,36,Female,Canada,Basic,2026-05-15
821,38,Female,India,Standard,2021-06-27
822,15,Male,Japan,Premium,2022-04-10
823,50,Female,Germany,Free,2020-11-03
824,46,Male,Germany,Standard,2020-03-14
825,31,Female,India,Premium,2023-05-29
826,28,Male,Brazil,Standard,2020-03-17
827,63,Male,South Africa,Standard,2025-08-08
828,22,Female,United States,Standard,2024-08-27
829,23,Other,India,Standard,2025-03-16
830,42,Female,United Kingdom,Basic,2020-12-26
831,59,Female,France,Free,2023-05-06
832,57,Female,UAE,Basic,2023-04-25
833,41,Other,South Africa,Standard,2022-01-25
834,40,Other,Italy,Basic,2020-06-30
835,23,Male,Germany,Standard,2022-05-09
836,68,Female,Singapore,Standard,2025-03-17
837,55,Male,India,Standard,2022-11-15
838,58,Male,Germany,Premium,2020-12-29
839,47,Female,Australia,Standard,2022-12-13
840,50,Female,Canada,Standard,2023-09-06
841,58,Female,Japan,Free,2023-09-27
842,66,Male,India,Free,2019-08-06
843,57,Male,India,Standard,2022-03-19
844,58,Male,Japan,Standard,2022-04-23
845,28,Female,India,Standard,2020-02-24
846,54,Female,France,Premium,2026-04-04
847,50,Male,United Kingdom,Standard,2022-03-24
848,59,Female,South Africa,Free,2022-07-04
849,50,Male,France,Free,2023-12-20
850,68,Male,Australia,Standard,2023-02-15
851,63,Female,France,Free,2021-03-03
852,33,Male,Netherlands,Free,2020-12-12
853,62,Female,United States,Basic,2025-03-29
854,31,Male,Canada,Free,2022-09-15
855,44,Female,India,Free,2022-08-14
856,53,Male,Mexico,Basic,2026-06-04
857,34,Female,Canada,Free,2022-07-25
858,48,Male,India,Free,2024-08-31
859,25,Male,United Kingdom,Free,2021-06-25
860,28,Female,United States,Free,2025-12-07
861,48,Male,Canada,Standard,2026-04-13
862,15,Male,United States,Free,2026-03-15
863,54,Female,India,Free,2022-08-07
864,39,Female,Mexico,Free,2025-01-21
865,61,Male,South Africa,Standard,2023-03-16
866,47,Female,United States,Free,2026-04-22
867,27,Male,India,Free,2025-01-12
868,49,Male,India,Standard,2021-05-23
869,70,Female,Japan,Free,2023-11-18
870,56,Female,India,Standard,2019-04-08
871,44,Female,India,Free,2020-12-30
872,65,Male,India,Standard,2021-11-25
873,41,Male,Australia,Basic,2019-03-11
874,39,Female,United Kingdom,Basic,2025-12-07
875,19,Female,Canada,Standard,2019-10-25
876,37,Female,India,Standard,2022-05-19
877,53,Male,Brazil,Basic,2023-06-07
878,67,Female,United States,Basic,2020-07-12
879,62,Male,Brazil,Basic,2026-02-10
880,24,Male,UAE,Premium,2026-04-07
881,38,Female,India,Premium,2020-08-02
882,22,Male,Canada,Free,2025-02-20
883,20,Male,France,Premium,2022-11-09
884,28,Male,Australia,Basic,2020-10-21
885,26,Male,Japan,Free,2021-01-12
886,57,Female,Singapore,Premium,2025-02-26
887,44,Female,India,Standard,2021-10-23
888,21,Male,Canada,Premium,2023-01-02
889,23,Female,India,Free,2019-10-13
890,27,Male,United States,Basic,2022-06-06
891,59,Female,Canada,Free,2022-07-19
892,42,Male,United States,Standard,2026-03-09
893,42,Male,United States,Standard,2022-09-20
894,45,Male,United States,Free,2025-03-09
895,21,Male,Canada,Standard,2020-07-27
896,49,Male,France,Basic,2019-11-05
897,16,Female,Australia,Standard,2025-06-29
898,40,Female,India,Free,2021-12-03
899,49,Female,United Kingdom,Standard,2020-08-31
900,38,Male,UAE,Basic,2022-04-06
901,23,Male,United Kingdom,Free,2024-08-18
902,15,Female,Japan,Standard,2025-11-20
903,58,Male,United Kingdom,Basic,2021-01-03
904,51,Female,Australia,Premium,2024-06-03
905,37,Male,Brazil,Free,2021-12-18
906,38,Male,Australia,Basic,2023-01-19
907,39,Male,United States,Free,2026-04-10
908,35,Male,Italy,Basic,2022-01-25
909,68,Female,Canada,Basic,2023-03-23
910,56,Male,Canada,Premium,2019-11-15
911,48,Male,Italy,Free,2023-07-21
912,37,Female,United States,Standard,2025-10-10
913,15,Female,India,Free,2019-11-12
914,47,Female,India,Free,2023-01-23
915,53,Female,India,Free,2022-09-14
916,61,Male,Germany,Basic,2025-08-16
917,25,Female,United States,Free,2020-06-07
918,51,Female,India,Basic,2025-06-02
919,24,Male,India,Free,2023-07-19
920,53,Other,Australia,Premium,2026-06-03
921,67,Male,India,Basic,2024-04-14
922,70,Female,India,Basic,2020-08-07
923,65,Female,Brazil,Basic,2024-09-23
924,31,Male,Germany,Premium,2025-09-09
925,52,Male,United States,Free,2019-03-09
926,27,Female,UAE,Standard,2020-09-04
927,53,Male,United States,Basic,2019-06-09
928,65,Female,France,Free,2026-05-24
929,23,Female,United Kingdom,Free,2026-04-13
930,42,Female,United States,Free,2024-12-10
931,42,Male,Brazil,Standard,2023-04-11
932,37,Female,France,Standard,2025-06-17
933,21,Male,India,Standard,2019-12-10
934,33,Female,United Kingdom,Free,2019-01-23
935,60,Female,India,Basic,2024-10-29
936,15,Male,India,Standard,2023-08-02
937,38,Male,United States,Basic,2021-12-06
938,69,Female,Canada,Basic,2023-06-16
939,63,Male,United Kingdom,Basic,2021-01-02
940,38,Female,United Kingdom,Premium,2025-06-24
941,37,Female,United States,Free,2026-05-24
942,22,Female,United States,Standard,2020-10-24
943,21,Male,United States,Free,2025-03-05
944,54,Female,Germany,Free,2026-02-17
945,15,Female,Japan,Basic,2025-09-24
946,42,Male,India,Free,2025-10-30
947,17,Female,Mexico,Basic,2026-05-11
948,48,Male,Italy,Free,2020-12-18
949,55,Female,India,Premium,2024-10-23
950,33,Male,Brazil,Basic,2021-08-06
951,54,Male,India,Free,2019-01-02
952,25,Male,India,Free,2023-06-07
953,40,Female,United Kingdom,Standard,2019-10-09
954,20,Female,France,Basic,2025-07-15
955,37,Male,Japan,Free,2021-03-07
956,44,Female,Canada,Free,2023-07-26
957,47,Male,India,Free,2020-04-24
958,66,Female,India,Basic,2025-06-12
959,31,Female,Italy,Basic,2021-09-23
960,63,Male,Brazil,Standard,2025-07-31
961,70,Male,India,Free,2026-02-08
962,65,Other,Germany,Free,2022-07-17
963,41,Female,United Kingdom,Free,2021-12-14
964,30,Male,United States,Standard,2022-11-01
965,19,Female,India,Free,2021-06-14
966,51,Male,Mexico,Standard,2021-02-17
967,46,Female,India,Free,2021-12-23
968,28,Male,Japan,Standard,2022-12-29
969,24,Female,India,Free,2026-06-10
970,46,Female,Brazil,Basic,2019-06-23
971,69,Female,Australia,Basic,2025-06-11
972,70,Male,India,Standard,2024-09-24
973,32,Male,France,Free,2024-11-23
974,66,Male,Mexico,Free,2022-11-23
975,40,Female,Brazil,Basic,2020-05-08
976,59,Female,United States,Free,2021-05-13
977,39,Female,United States,Basic,2021-11-29
978,26,Female,India,Basic,2025-11-16
979,36,Male,United Kingdom,Free,2023-03-05
980,38,Female,India,Free,2020-06-21
981,51,Female,Japan,Standard,2021-08-23
982,50,Male,United States,Free,2020-09-04
983,45,Female,India,Basic,2026-01-27
984,48,Female,United States,Basic,2021-10-24
985,50,Female,India,Free,2020-10-31
986,18,Male,India,Standard,2020-01-30
987,43,Female,India,Free,2025-04-02
988,66,Male,India,Free,2025-10-16
989,27,Female,Australia,Basic,2022-03-11
990,37,Male,United Kingdom,Standard,2024-01-05
991,20,Male,India,Basic,2020-08-16
992,70,Male,Brazil,Free,2026-01-29
993,54,Female,Japan,Free,2020-10-25
994,36,Male,United States,Free,2021-12-31
995,53,Female,India,Basic,2023-01-27
996,62,Female,Italy,Basic,2021-01-23
997,69,Male,France,Standard,2019-11-24
998,28,Male,India,Free,2024-04-22
999,50,Male,Brazil,Basic,2019-12-07
1000,21,Male,India,Standard,2023-05-16
1001,34,Male,France,Basic,2020-06-01
1002,23,Female,India,Free,2023-01-01
1003,70,Female,Singapore,Basic,2025-01-23
1004,32,Female,India,Premium,2025-01-17
1005,26,Female,United States,Standard,2025-04-29
1006,42,Female,Australia,Free,2022-11-23
1007,45,Female,Brazil,Basic,2023-02-07
1008,41,Male,United States,Free,2020-07-12
1009,37,Male,United Kingdom,Standard,2024-07-07
1010,63,Male,India,Basic,2022-04-14
1011,53,Male,India,Free,2023-08-14
1012,50,Male,India,Standard,2026-03-30
1013,39,Female,India,Free,2026-01-05
1014,30,Female,Brazil,Basic,2022-01-18
1015,33,Female,United Kingdom,Free,2021-02-09
1016,69,Male,India,Free,2024-02-09
1017,54,Male,Germany,Basic,2022-08-06
1018,16,Male,Italy,Free,2020-02-23
1019,33,Male,Germany,Standard,2021-08-11
1020,20,Male,United Kingdom,Free,2022-06-30
1021,65,Female,Netherlands,Basic,2019-05-10
1022,36,Male,France,Free,2021-12-27
1023,64,Male,United Kingdom,Free,2021-10-21
1024,67,Male,India,Premium,2021-10-16
1025,39,Female,United States,Standard,2019-05-18
1026,27,Male,Brazil,Basic,2021-05-03
1027,45,Male,Italy,Premium,2020-10-11
1028,55,Female,France,Basic,2020-05-15
1029,31,Female,India,Free,2019-08-02
1030,70,Female,Italy,Free,2023-11-14
1031,35,Male,Brazil,Basic,2023-06-10
1032,65,Male,Italy,Basic,2024-04-30
1033,59,Female,United States,Free,2020-10-07
1034,46,Male,Canada,Premium,2026-01-04
1035,18,Male,Australia,Standard,2020-03-15
1036,23,Female,United States,Basic,2026-03-25
1037,63,Male,UAE,Standard,2019-03-29
1038,59,Male,France,Free,2019-06-11
1039,46,Female,United Kingdom,Basic,2024-06-30
1040,27,Female,United Kingdom,Free,2024-04-02
1041,32,Female,Canada,Premium,2020-10-18
1042,19,Female,United States,Standard,2025-01-27
1043,38,Male,Brazil,Basic,2021-01-29
1044,16,Female,United States,Basic,2022-08-06
1045,61,Male,Italy,Standard,2021-02-16
1046,48,Female,Brazil,Free,2022-03-05
1047,35,Male,United States,Free,2026-05-22
1048,19,Male,Mexico,Free,2019-05-09
1049,27,Male,India,Free,2026-03-13
1050,68,Male,United Kingdom,Basic,2025-08-14
1051,31,Male,India,Standard,2019-02-23
1052,28,Female,South Africa,Standard,2024-04-01
1053,66,Female,United States,Standard,2023-08-31
1054,67,Male,Germany,Standard,2021-12-24
1055,48,Male,India,Free,2021-06-03
1056,48,Male,France,Basic,2021-02-15
1057,27,Female,India,Basic,2021-01-02
1058,50,Female,United States,Free,2026-02-28
1059,51,Male,United States,Standard,2020-03-02
1060,25,Female,United Kingdom,Basic,2026-05-17
1061,25,Female,Canada,Premium,2022-07-14
1062,50,Other,United States,Free,2026-02-06
1063,42,Female,United States,Free,2025-02-12
1064,28,Male,United Kingdom,Standard,2023-01-14
1065,43,Male,United States,Standard,2022-03-11
1066,53,Male,India,Premium,2019-01-27
1067,34,Other,India,Free,2022-02-04
1068,50,Female,Canada,Basic,2020-01-22
1069,17,Male,India,Free,2025-07-12
1070,30,Male,Japan,Free,2023-06-26
1071,51,Female,France,Standard,2024-05-30
1072,26,Female,UAE,Standard,2020-01-26
1073,53,Female,India,Standard,2023-04-12
1074,20,Female,South Africa,Free,2023-11-14
1075,41,Female,India,Standard,2026-04-27
1076,69,Female,India,Standard,2023-04-16
1077,18,Male,India,Basic,2020-09-04
1078,35,Female,India,Free,2023-05-29
1079,43,Female,Canada,Free,2023-11-05
1080,33,Female,India,Free,2024-05-03
1081,51,Female,United Kingdom,Free,2023-06-21
1082,47,Male,Germany,Standard,2024-05-23
1083,50,Male,United States,Basic,2025-04-17
1084,54,Other,United Kingdom,Free,2021-12-26
1085,64,Male,Germany,Basic,2020-04-05
1086,57,Male,United States,Free,2022-11-12
1087,53,Female,Brazil,Free,2022-12-03
1088,54,Female,Brazil,Basic,2023-12-10
1089,17,Female,India,Standard,2020-09-30
1090,63,Female,India,Standard,2021-09-22
1091,54,Female,Singapore,Standard,2019-02-26
1092,36,Female,India,Basic,2019-04-04
1093,36,Male,United Kingdom,Free,2024-11-13
1094,63,Male,United Kingdom,Standard,2020-08-01
1095,59,Female,India,Basic,2026-06-10
1096,48,Male,India,Free,2025-12-06
1097,32,Male,Australia,Free,2023-05-11
1098,57,Male,Singapore,Standard,2020-03-17
1099,16,Male,UAE,Free,2023-04-09
1100,47,Other,India,Free,2025-09-11
1101,49,Male,India,Premium,2025-04-15
1102,60,Male,India,Basic,2022-09-28
1103,46,Male,India,Free,2022-12-12
1104,37,Female,India,Premium,2024-08-15
1105,32,Female,Australia,Premium,2019-05-01
1106,50,Female,India,Free,2023-05-29
1107,57,Male,France,Basic,2025-11-13
1108,70,Female,India,Free,2020-09-17
1109,42,Other,UAE,Free,2025-01-29
1110,23,Male,India,Basic,2021-04-08
1111,70,Male,Germany,Premium,2020-07-07
1112,42,Other,Italy,Free,2025-05-02
1113,25,Male,United Kingdom,Premium,2020-04-29
1114,26,Male,Singapore,Standard,2022-07-29
1115,41,Other,United States,Standard,2026-02-21
1116,62,Male,Brazil,Free,2021-01-26
1117,16,Female,Canada,Free,2025-05-11
1118,54,Male,India,Standard,2023-01-11
1119,20,Female,United States,Basic,2025-10-12
1120,45,Female,United States,Premium,2024-07-05
1121,45,Male,India,Free,2019-03-03
1122,32,Female,India,Standard,2021-04-10
1123,63,Male,India,Premium,2023-12-05
1124,70,Female,Germany,Premium,2021-10-07
1125,42,Male,India,Standard,2023-04-08
1126,61,Male,Canada,Standard,2025-08-29
1127,49,Female,Singapore,Standard,2024-11-02
1128,21,Male,Japan,Free,2021-10-03
1129,48,Female,Netherlands,Free,2023-05-06
1130,48,Female,Italy,Free,2023-12-06
1131,40,Female,Brazil,Free,2020-11-12
1132,42,Male,South Africa,Standard,2020-08-05
1133,44,Female,United States,Standard,2020-04-08
1134,26,Female,Mexico,Standard,2020-07-08
1135,40,Male,United States,Free,2025-08-14
1136,60,Female,UAE,Free,2022-08-20
1137,59,Female,Germany,Free,2020-05-21
1138,20,Male,United States,Free,2024-11-15
1139,60,Male,Brazil,Basic,2020-10-16
1140,39,Female,India,Free,2022-10-04
1141,51,Female,Singapore,Free,2020-08-15
1142,26,Female,India,Free,2024-01-02
1143,33,Female,India,Free,2021-04-10
1144,15,Female,India,Basic,2024-08-04
1145,49,Female,Canada,Basic,2021-06-07
1146,52,Female,United States,Basic,2025-09-28
1147,53,Male,UAE,Free,2026-01-18
1148,50,Female,India,Free,2019-08-14
1149,56,Male,India,Free,2025-06-25
1150,68,Female,United States,Free,2020-03-22
1151,41,Other,India,Free,2026-05-31
1152,59,Female,Canada,Basic,2024-02-09
1153,62,Female,Mexico,Free,2022-05-10
1154,35,Male,United States,Free,2023-10-17
1155,68,Female,India,Free,2022-01-29
1156,36,Female,United Kingdom,Standard,2025-11-11
1157,18,Male,France,Basic,2019-12-26
1158,45,Female,Canada,Standard,2022-03-22
1159,42,Female,United States,Basic,2025-12-27
1160,37,Female,Canada,Basic,2026-02-01
1161,46,Female,India,Basic,2022-04-04
1162,27,Male,India,Basic,2020-04-28
1163,62,Female,Brazil,Premium,2023-08-23
1164,17,Male,Canada,Basic,2019-02-16
1165,55,Male,India,Standard,2022-06-14
1166,34,Female,United States,Free,2022-09-27
1167,36,Male,Canada,Premium,2020-12-20
1168,27,Male,United States,Standard,2024-04-27
1169,66,Male,India,Free,2024-03-01
1170,70,Female,United States,Standard,2023-08-23
1171,62,Male,United Kingdom,Basic,2022-07-16
1172,50,Female,India,Standard,2022-12-19
1173,19,Other,India,Free,2023-03-17
1174,55,Female,India,Basic,2021-02-06
1175,53,Male,Brazil,Free,2022-07-12
1176,60,Male,United States,Basic,2021-08-31
1177,38,Male,Mexico,Free,2022-05-23
1178,26,Male,Brazil,Standard,2020-01-15
1179,43,Female,Brazil,Premium,2020-09-23
1180,27,Male,United Kingdom,Premium,2022-06-25
1181,64,Male,Brazil,Free,2024-10-15
1182,58,Other,India,Free,2023-05-07
1183,60,Female,India,Free,2019-06-30
1184,58,Female,Singapore,Free,2019-07-08
1185,21,Female,Australia,Free,2025-06-23
1186,63,Male,UAE,Free,2021-02-27
1187,33,Male,United States,Basic,2020-04-26
1188,32,Male,India,Free,2025-12-26
1189,50,Female,India,Free,2022-07-28
1190,32,Male,Germany,Free,2021-09-29
1191,25,Male,Canada,Free,2023-12-23
1192,18,Male,United States,Standard,2020-03-09
1193,39,Male,United States,Free,2025-09-07
1194,52,Female,Germany,Basic,2022-12-27
1195,34,Male,India,Standard,2024-12-25
1196,20,Other,France,Basic,2020-06-23
1197,20,Female,South Africa,Basic,2024-02-10
1198,34,Female,Germany,Basic,2021-08-07
1199,29,Male,UAE,Free,2023-01-28
1200,40,Male,South Africa,Free,2022-08-23
1201,44,Female,India,Free,2024-05-14
1202,44,Female,India,Free,2025-06-11
1203,23,Female,United States,Standard,2020-03-14
1204,35,Female,India,Free,2024-03-03
1205,40,Female,India,Free,2020-10-13
1206,45,Male,United States,Standard,2025-08-17
1207,42,Female,United States,Standard,2025-02-08
1208,59,Male,Australia,Free,2025-06-09
1209,68,Female,Canada,Basic,2025-03-23
1210,21,Female,India,Premium,2019-10-13
1211,53,Male,Japan,Standard,2023-04-02
1212,35,Female,Australia,Free,2020-07-23
1213,52,Female,Australia,Free,2020-08-23
1214,57,Male,United Kingdom,Free,2025-06-25
1215,43,Male,Germany,Free,2025-05-24
1216,65,Female,United States,Premium,2023-11-16
1217,60,Other,United States,Free,2019-02-03
1218,54,Other,United States,Free,2022-04-19
1219,18,Male,United Kingdom,Free,2025-04-12
1220,67,Other,India,Free,2019-05-08
1221,30,Male,Canada,Basic,2023-04-17
1222,40,Male,United Kingdom,Standard,2024-04-29
1223,23,Male,United States,Premium,2023-09-05
1224,24,Male,Singapore,Free,2019-02-17
1225,19,Female,India,Premium,2026-05-18
1226,42,Other,India,Free,2023-08-31
1227,70,Male,Brazil,Basic,2023-10-10
1228,54,Male,United Kingdom,Basic,2024-01-18
1229,39,Male,India,Basic,2025-06-25
1230,46,Female,India,Basic,2023-08-10
1231,49,Female,India,Free,2024-06-02
1232,60,Male,Canada,Premium,2019-11-24
1233,24,Female,United Kingdom,Premium,2022-02-18
1234,44,Female,United Kingdom,Basic,2021-10-01
1235,45,Female,Australia,Standard,2026-02-08
1236,49,Female,United States,Free,2022-11-08
1237,49,Female,United States,Basic,2024-04-05
1238,51,Female,United States,Premium,2022-04-21
1239,33,Male,Germany,Basic,2022-05-30
1240,61,Female,India,Basic,2025-06-26
1241,25,Female,Australia,Free,2026-01-01
1242,16,Male,India,Basic,2022-02-12
1243,31,Male,India,Premium,2019-02-28
1244,62,Male,India,Basic,2020-09-11
1245,57,Male,Brazil,Free,2021-08-25
1246,46,Male,United Kingdom,Free,2019-12-12
1247,24,Female,Japan,Standard,2023-08-19
1248,64,Male,Australia,Standard,2020-11-16
1249,28,Female,Japan,Free,2021-12-18
1250,63,Female,India,Basic,2024-05-04
1251,34,Male,Mexico,Premium,2021-08-15
1252,39,Female,United States,Free,2024-12-12
1253,70,Male,India,Standard,2023-04-14
1254,58,Male,United Kingdom,Premium,2020-02-03
1255,49,Female,Mexico,Basic,2026-04-24
1256,69,Male,India,Standard,2021-11-11
1257,56,Female,United States,Standard,2021-09-17
1258,61,Female,Brazil,Basic,2021-01-06
1259,35,Female,Germany,Standard,2019-02-18
1260,41,Male,India,Basic,2021-06-17
1261,61,Male,India,Free,2020-01-12
1262,18,Female,Australia,Standard,2025-09-21
1263,55,Male,Mexico,Free,2025-10-12
1264,23,Male,Brazil,Basic,2021-01-26
1265,22,Female,India,Basic,2019-11-07
1266,55,Male,Netherlands,Standard,2026-06-27
1267,64,Female,India,Standard,2022-02-09
1268,64,Male,United States,Premium,2021-11-23
1269,67,Male,United States,Basic,2021-04-01
1270,54,Male,Australia,Free,2025-01-23
1271,64,Male,Canada,Free,2023-12-14
1272,60,Male,India,Free,2021-10-23
1273,64,Male,UAE,Free,2026-03-07
1274,15,Female,Australia,Free,2022-09-12
1275,40,Female,United Kingdom,Premium,2024-07-02
1276,45,Male,Japan,Standard,2019-10-15
1277,49,Male,United States,Standard,2024-05-28
1278,22,Female,Mexico,Free,2022-05-25
1279,40,Male,Netherlands,Basic,2023-02-05
1280,49,Female,United States,Standard,2022-04-02
1281,56,Male,United Kingdom,Premium,2026-05-30
1282,27,Male,United States,Free,2023-01-11
1283,46,Male,Australia,Standard,2020-07-27
1284,17,Male,Germany,Basic,2024-06-26
1285,39,Male,United Kingdom,Free,2024-12-27
1286,68,Female,Italy,Free,2022-10-21
1287,18,Male,France,Basic,2021-05-17
1288,66,Female,United Kingdom,Premium,2025-01-06
1289,24,Female,India,Free,2020-08-02
1290,46,Female,United States,Premium,2019-07-07
1291,30,Female,India,Free,2019-07-24
1292,34,Female,India,Basic,2025-08-17
1293,19,Female,India,Basic,2025-11-26
1294,29,Male,India,Free,2023-07-05
1295,35,Male,Germany,Basic,2022-08-10
1296,68,Other,India,Free,2020-12-11
1297,36,Male,India,Standard,2020-11-19
1298,59,Male,India,Free,2025-07-11
1299,17,Male,Brazil,Basic,2023-03-21
1300,64,Male,Singapore,Free,2019-01-30
1301,26,Female,Germany,Basic,2022-03-08
1302,41,Female,Brazil,Basic,2020-06-03
1303,28,Male,India,Basic,2021-09-06
1304,26,Female,India,Free,2024-08-09
1305,54,Female,Australia,Standard,2022-11-25
1306,41,Male,India,Free,2024-12-11
1307,21,Female,Singapore,Premium,2024-09-09
1308,29,Male,Australia,Free,2019-08-06
1309,27,Male,India,Standard,2024-04-27
1310,46,Male,Germany,Free,2026-03-26
1311,38,Male,United States,Free,2024-01-31
1312,17,Male,India,Basic,2020-10-09
1313,65,Male,United Kingdom,Free,2021-08-21
1314,61,Male,Canada,Basic,2022-08-27
1315,29,Female,United States,Free,2023-08-17
1316,70,Male,UAE,Free,2025-07-24
1317,46,Male,United States,Free,2025-11-01
1318,44,Male,United States,Basic,2021-03-06
1319,55,Male,India,Free,2019-05-12
1320,59,Female,India,Free,2024-03-21
1321,44,Male,Brazil,Free,2022-04-23
1322,53,Male,Brazil,Premium,2020-11-27
1323,51,Other,Singapore,Free,2024-11-07
1324,46,Female,India,Basic,2024-03-10
1325,32,Male,United States,Premium,2021-10-12
1326,35,Male,India,Premium,2020-09-02
1327,51,Female,United States,Free,2024-04-11
1328,61,Female,India,Basic,2024-05-17
1329,66,Female,Japan,Basic,2021-09-12
1330,20,Female,India,Standard,2021-06-11
1331,23,Male,India,Premium,2019-03-07
1332,45,Female,India,Basic,2025-05-25
1333,62,Female,Italy,Basic,2020-07-21
1334,70,Female,India,Premium,2026-01-11
1335,44,Female,India,Basic,2023-04-26
1336,59,Male,India,Basic,2022-01-10
1337,59,Female,United Kingdom,Standard,2019-11-28
1338,54,Female,France,Free,2023-01-30
1339,18,Male,United States,Basic,2023-02-06
1340,38,Male,United Kingdom,Free,2021-04-18
1341,23,Other,India,Free,2024-05-13
1342,62,Female,Canada,Premium,2021-05-09
1343,63,Female,India,Free,2021-12-31
1344,47,Female,India,Free,2022-11-15
1345,43,Female,United Kingdom,Free,2024-12-18
1346,58,Female,UAE,Basic,2023-02-16
1347,66,Female,Germany,Premium,2019-09-26
1348,27,Female,United States,Free,2021-01-02
1349,33,Female,India,Free,2020-04-03
1350,59,Male,India,Free,2026-01-13
1351,16,Male,Italy,Basic,2020-06-24
1352,45,Male,United States,Basic,2022-04-09
1353,27,Male,Singapore,Free,2024-10-29
1354,56,Male,Canada,Standard,2022-08-29
1355,46,Female,Germany,Standard,2023-12-29
1356,44,Male,India,Standard,2020-12-04
1357,65,Male,United Kingdom,Premium,2019-07-13
1358,24,Male,United States,Free,2020-10-20
1359,60,Female,India,Free,2026-06-22
1360,65,Male,India,Free,2022-07-20
1361,51,Male,India,Free,2025-04-22
1362,60,Male,United States,Free,2023-03-08
1363,43,Female,India,Free,2019-04-13
1364,40,Female,Brazil,Premium,2022-08-04
1365,24,Male,France,Premium,2022-09-18
1366,56,Female,United States,Free,2025-06-07
1367,57,Male,Canada,Premium,2023-12-16
1368,36,Female,France,Premium,2020-07-25
1369,58,Female,United States,Basic,2021-06-21
1370,43,Male,United States,Basic,2021-03-10
1371,52,Female,Brazil,Standard,2021-03-12
1372,16,Male,Japan,Standard,2019-12-24
1373,47,Male,United Kingdom,Basic,2024-09-26
1374,18,Female,United States,Free,2023-10-18
1375,38,Male,India,Free,2022-06-15
1376,43,Female,India,Standard,2023-12-25
1377,62,Other,Brazil,Free,2023-10-03
1378,61,Female,India,Basic,2019-12-19
1379,24,Male,United States,Premium,2022-10-05
1380,19,Female,Canada,Free,2019-01-28
1381,41,Female,India,Free,2024-03-07
1382,60,Female,South Africa,Free,2023-04-13
1383,33,Female,India,Standard,2025-07-25
1384,34,Female,France,Free,2019-01-11
1385,24,Male,Mexico,Standard,2024-04-19
1386,22,Female,UAE,Basic,2024-07-07
1387,59,Female,India,Standard,2024-07-12
1388,19,Female,United States,Basic,2023-11-22
1389,70,Male,Germany,Premium,2020-05-04
1390,38,Female,Canada,Standard,2020-10-29
1391,52,Male,United States,Premium,2020-07-08
1392,37,Male,India,Basic,2022-12-29
1393,18,Male,United Kingdom,Premium,2024-10-05
1394,27,Female,India,Free,2020-11-15
1395,49,Male,United States,Standard,2022-05-18
1396,32,Female,Germany,Free,2025-07-03
1397,37,Female,India,Basic,2023-03-08
1398,64,Female,United States,Premium,2020-02-24
1399,28,Male,India,Free,2025-04-07
1400,54,Female,Mexico,Standard,2025-03-07
1401,59,Female,India,Basic,2019-11-09
1402,22,Female,South Africa,Basic,2022-06-30
1403,59,Male,Japan,Premium,2025-09-13
1404,48,Female,United States,Standard,2019-04-28
1405,62,Female,India,Premium,2020-08-06
1406,59,Male,India,Free,2019-11-18
1407,42,Female,Brazil,Free,2024-06-06
1408,63,Male,India,Free,2026-05-26
1409,47,Female,United States,Premium,2019-06-27
1410,19,Male,India,Free,2020-05-22
1411,53,Male,UAE,Free,2022-12-10
1412,16,Male,Japan,Premium,2025-07-02
1413,37,Male,Singapore,Standard,2025-11-15
1414,30,Female,India,Standard,2019-02-27
1415,48,Male,India,Free,2025-01-09
1416,15,Other,India,Free,2024-08-27
1417,69,Female,United States,Basic,2023-12-06
1418,58,Female,India,Free,2023-04-04
1419,42,Male,India,Free,2022-07-11
1420,22,Male,United Kingdom,Basic,2023-01-19
1421,60,Male,France,Free,2024-07-15
1422,22,Male,United States,Standard,2023-12-24
1423,29,Female,India,Premium,2021-02-12
1424,69,Male,Japan,Basic,2023-02-14
1425,26,Male,Germany,Standard,2023-06-12
1426,43,Female,Germany,Free,2023-06-06
1427,40,Female,Italy,Standard,2020-11-22
1428,19,Male,India,Free,2023-07-14
1429,22,Male,United States,Basic,2025-07-11
1430,52,Male,Brazil,Basic,2023-06-28
1431,37,Male,Canada,Basic,2024-06-07
1432,47,Male,Brazil,Free,2021-10-23
1433,46,Female,Australia,Free,2020-02-12
1434,62,Male,India,Standard,2021-01-03
1435,39,Female,United States,Free,2025-12-27
1436,21,Female,Australia,Basic,2024-07-09
1437,65,Male,India,Basic,2024-08-29
1438,31,Female,Brazil,Basic,2019-03-14
1439,63,Male,United States,Premium,2023-04-21
1440,43,Male,United States,Basic,2019-05-15
1441,26,Female,Singapore,Free,2020-11-03
1442,46,Male,United States,Free,2020-03-24
1443,51,Female,Australia,Standard,2025-06-01
1444,45,Male,Singapore,Basic,2023-05-23
1445,31,Female,Italy,Basic,2022-12-15
1446,64,Other,United States,Free,2019-07-04
1447,23,Female,United States,Standard,2019-04-21
1448,63,Female,United States,Free,2022-11-14
1449,37,Male,India,Free,2021-08-19
1450,56,Male,India,Standard,2022-06-02
1451,22,Male,India,Free,2024-03-02
1452,57,Female,Canada,Premium,2021-12-28
1453,16,Female,Canada,Premium,2023-03-28
1454,51,Male,Canada,Standard,2020-02-14
1455,59,Female,United States,Basic,2026-06-26
1456,36,Male,India,Premium,2021-04-06
1457,46,Female,Italy,Free,2025-01-03
1458,28,Male,India,Premium,2023-07-05
1459,66,Male,France,Free,2025-06-26
1460,21,Female,India,Basic,2024-12-15
1461,45,Male,United States,Free,2022-05-21
1462,47,Female,United States,Basic,2021-03-30
1463,41,Male,Australia,Basic,2025-02-20
1464,26,Female,Australia,Basic,2021-02-03
1465,51,Female,Australia,Standard,2024-03-29
1466,32,Female,United Kingdom,Basic,2023-11-12
1467,51,Female,India,Free,2024-03-09
1468,24,Male,France,Standard,2023-11-19
1469,41,Male,Japan,Free,2021-04-13
1470,69,Male,Japan,Basic,2021-11-16
1471,58,Female,United States,Free,2021-02-25
1472,16,Male,Japan,Basic,2025-04-12
1473,42,Male,UAE,Free,2022-01-22
1474,23,Male,Brazil,Free,2025-03-05
1475,26,Female,India,Standard,2019-03-23
1476,18,Female,India,Basic,2019-09-18
1477,41,Female,Germany,Premium,2023-06-14
1478,68,Female,India,Free,2024-08-11
1479,22,Female,Japan,Premium,2024-11-21
1480,31,Female,India,Basic,2022-07-07
1481,36,Female,France,Standard,2021-08-24
1482,42,Male,India,Free,2022-01-29
1483,43,Male,Singapore,Free,2024-12-25
1484,38,Female,India,Basic,2024-04-29
1485,58,Male,India,Standard,2020-08-16
1486,38,Male,United States,Free,2026-03-28
1487,53,Male,France,Standard,2019-08-12
1488,59,Female,Germany,Free,2023-04-25
1489,34,Female,Germany,Premium,2020-05-14
1490,49,Female,Singapore,Free,2023-05-29
1491,31,Male,Mexico,Standard,2022-05-03
1492,28,Female,India,Basic,2022-07-23
1493,66,Female,United States,Free,2019-11-25
1494,67,Female,United Kingdom,Standard,2022-09-24
1495,60,Male,South Africa,Free,2020-10-18
1496,59,Male,India,Basic,2025-02-21
1497,62,Male,Germany,Standard,2026-03-12
1498,56,Male,United States,Basic,2019-01-13
1499,40,Male,United States,Basic,2020-03-29
1500,25,Male,Germany,Standard,2026-04-13
1501,63,Male,Canada,Basic,2022-08-01
1502,43,Male,France,Free,2025-08-26
1503,67,Male,India,Free,2023-02-14
1504,26,Male,United States,Standard,2025-05-25
1505,29,Male,India,Basic,2025-11-11
1506,55,Male,India,Basic,2021-12-08
1507,59,Female,India,Basic,2025-09-25
1508,31,Male,Mexico,Free,2025-05-12
1509,22,Male,United Kingdom,Standard,2024-02-02
1510,67,Female,India,Standard,2021-02-19
1511,70,Female,India,Standard,2023-04-14
1512,23,Male,India,Free,2022-03-05
1513,61,Female,United States,Basic,2020-08-20
1514,16,Male,India,Basic,2021-10-14
1515,38,Female,Australia,Free,2024-04-04
1516,23,Female,Italy,Free,2021-05-19
1517,60,Male,United States,Basic,2019-10-27
1518,21,Female,India,Premium,2024-04-12
1519,37,Other,Mexico,Premium,2025-09-16
1520,60,Female,India,Free,2025-12-13
1521,39,Male,United States,Free,2025-04-10
1522,17,Female,India,Basic,2022-10-21
1523,44,Male,United States,Basic,2020-08-03
1524,31,Male,India,Free,2022-02-24
1525,62,Male,United States,Premium,2021-12-14
1526,54,Female,South Africa,Basic,2023-11-20
1527,25,Male,Netherlands,Standard,2020-09-11
1528,50,Female,Australia,Standard,2019-08-06
1529,27,Male,India,Free,2021-12-01
1530,25,Female,United States,Premium,2024-07-20
1531,17,Male,Netherlands,Basic,2024-02-18
1532,46,Male,Germany,Free,2022-12-02
1533,20,Male,India,Standard,2024-09-14
1534,67,Male,UAE,Basic,2025-07-18
1535,15,Female,Canada,Basic,2019-11-11
1536,30,Female,Germany,Premium,2019-04-17
1537,33,Female,Germany,Free,2025-08-15
1538,21,Female,India,Free,2026-05-25
1539,45,Male,Mexico,Basic,2019-01-24
1540,36,Other,Australia,Premium,2022-08-23
1541,61,Other,UAE,Standard,2020-06-13
1542,28,Female,Brazil,Free,2019-08-16
1543,62,Male,Mexico,Free,2023-06-22
1544,31,Male,Italy,Premium,2020-01-01
1545,16,Female,India,Standard,2022-03-13
1546,56,Female,Australia,Free,2024-07-03
1547,66,Male,Brazil,Free,2025-10-07
1548,23,Male,India,Free,2021-03-29
1549,46,Male,United States,Free,2025-09-24
1550,42,Male,United States,Free,2021-02-02
1551,42,Female,India,Basic,2024-03-13
1552,58,Male,Germany,Free,2024-07-21
1553,48,Female,United Kingdom,Free,2023-11-27
1554,20,Female,United States,Free,2020-06-07
1555,58,Female,Japan,Basic,2022-04-25
1556,51,Male,India,Free,2020-03-16
1557,47,Male,India,Standard,2025-05-17
1558,67,Male,India,Free,2024-08-24
1559,16,Male,Australia,Free,2021-01-16
1560,68,Male,India,Premium,2022-05-04
1561,35,Female,United States,Standard,2025-12-30
1562,66,Male,Italy,Premium,2021-02-05
1563,28,Male,France,Basic,2020-03-11
1564,42,Female,India,Free,2020-12-04
1565,56,Male,Germany,Premium,2025-10-01
1566,61,Female,Canada,Premium,2023-01-17
1567,59,Female,Germany,Free,2022-05-24
1568,20,Male,India,Free,2019-03-07
1569,59,Other,Singapore,Free,2026-04-10
1570,24,Female,United States,Basic,2025-01-15
1571,27,Male,Brazil,Free,2023-09-25
1572,16,Male,UAE,Standard,2023-12-29
1573,46,Male,Singapore,Basic,2021-04-04
1574,33,Female,Japan,Free,2019-02-02
1575,21,Female,Germany,Premium,2024-07-23
1576,62,Female,France,Premium,2019-06-01
1577,46,Male,United Kingdom,Standard,2024-06-21
1578,29,Female,United Kingdom,Basic,2022-07-17
1579,50,Male,UAE,Basic,2024-04-22
1580,22,Female,Mexico,Free,2023-11-22
1581,16,Male,France,Basic,2023-11-30
1582,29,Female,Canada,Standard,2025-10-02
1583,69,Female,Australia,Free,2022-04-16
1584,61,Female,Mexico,Standard,2026-04-26
1585,62,Male,United States,Premium,2020-10-25
1586,54,Male,Germany,Free,2024-05-31
1587,23,Male,India,Basic,2023-08-31
1588,46,Male,India,Free,2019-03-16
1589,37,Female,United States,Free,2024-08-24
1590,17,Female,United States,Free,2021-07-17
1591,22,Female,United Kingdom,Premium,2022-12-26
1592,64,Male,Singapore,Free,2020-09-11
1593,69,Female,United Kingdom,Standard,2019-07-26
1594,43,Female,Italy,Standard,2020-03-09
1595,65,Female,Brazil,Premium,2025-04-22
1596,17,Female,India,Free,2021-04-21
1597,38,Male,India,Basic,2024-09-03
1598,46,Female,India,Basic,2022-10-02
1599,67,Male,Japan,Basic,2023-08-30
1600,64,Female,India,Standard,2022-10-30
1601,33,Female,India,Free,2023-08-27
1602,38,Female,India,Standard,2024-12-09
1603,41,Female,India,Basic,2023-08-04
1604,44,Female,United Kingdom,Standard,2019-05-02
1605,43,Male,India,Standard,2019-10-13
1606,20,Male,United States,Standard,2023-11-13
1607,18,Male,India,Premium,2020-09-10
1608,51,Male,Australia,Standard,2026-05-28
1609,48,Other,United States,Premium,2025-03-17
1610,70,Male,France,Premium,2019-02-02
1611,67,Male,United Kingdom,Premium,2023-07-13
1612,43,Female,UAE,Basic,2025-12-07
1613,56,Male,United States,Standard,2026-04-11
1614,40,Female,UAE,Free,2025-01-10
1615,36,Male,Germany,Premium,2024-11-01
1616,49,Male,India,Basic,2024-11-05
1617,36,Female,India,Free,2025-01-20
1618,52,Male,Japan,Free,2023-09-28
1619,47,Male,India,Free,2026-01-12
1620,47,Male,India,Standard,2020-05-25
1621,43,Male,France,Basic,2021-08-25
1622,66,Female,Canada,Standard,2026-01-15
1623,57,Female,Canada,Free,2022-03-11
1624,57,Female,Germany,Standard,2023-03-27
1625,48,Female,India,Basic,2021-02-27
1626,67,Female,United States,Free,2023-10-10
1627,68,Male,India,Basic,2020-06-16
1628,45,Male,India,Standard,2023-07-08
1629,52,Female,Brazil,Premium,2025-07-21
1630,46,Female,Netherlands,Standard,2024-06-28
1631,61,Other,Japan,Free,2020-06-04
1632,46,Female,India,Standard,2024-12-07
1633,22,Female,United States,Free,2020-10-04
1634,50,Male,Mexico,Basic,2023-08-01
1635,22,Male,Canada,Free,2020-09-19
1636,22,Male,Netherlands,Free,2024-06-13
1637,16,Female,India,Basic,2019-07-19
1638,34,Female,India,Standard,2024-06-25
1639,15,Male,United States,Premium,2023-09-07
1640,45,Female,Canada,Premium,2023-03-26
1641,45,Female,Japan,Free,2020-07-21
1642,47,Female,Brazil,Standard,2020-09-02
1643,70,Female,India,Basic,2025-12-29
1644,41,Male,UAE,Free,2019-07-07
1645,57,Female,France,Basic,2020-11-09
1646,60,Male,Australia,Standard,2022-06-19
1647,50,Female,Australia,Free,2025-12-09
1648,49,Female,India,Basic,2021-02-14
1649,63,Male,UAE,Free,2024-12-18
1650,26,Other,India,Free,2025-07-01
1651,43,Male,United Kingdom,Free,2025-08-09
1652,17,Female,Mexico,Free,2021-01-09
1653,41,Male,United Kingdom,Free,2020-01-08
1654,22,Other,United Kingdom,Free,2021-01-18
1655,31,Female,India,Premium,2020-11-24
1656,18,Female,United States,Free,2019-08-28
1657,34,Male,United States,Basic,2022-08-20
1658,31,Male,Japan,Free,2021-04-09
1659,30,Female,Canada,Basic,2024-08-28
1660,39,Female,India,Free,2025-03-15
1661,41,Male,India,Basic,2019-03-18
1662,32,Female,Canada,Free,2025-03-22
1663,56,Female,United States,Basic,2019-12-10
1664,69,Female,India,Premium,2023-03-10
1665,49,Other,Brazil,Basic,2023-10-02
1666,50,Male,India,Basic,2025-12-17
1667,33,Female,India,Free,2024-05-29
1668,32,Female,Japan,Free,2022-12-10
1669,68,Female,Canada,Basic,2019-07-06
1670,25,Female,Canada,Free,2023-06-08
1671,59,Male,India,Basic,2022-02-18
1672,42,Male,United Kingdom,Standard,2022-11-04
1673,55,Male,France,Basic,2021-10-04
1674,57,Other,United States,Basic,2025-09-21
1675,36,Male,Germany,Basic,2019-01-09
1676,53,Male,UAE,Standard,2023-08-20
1677,50,Female,Germany,Standard,2025-01-13
1678,20,Female,Australia,Free,2019-05-07
1679,68,Female,United States,Free,2023-03-22
1680,67,Female,United States,Standard,2019-02-04
1681,22,Male,Mexico,Basic,2021-06-26
1682,62,Male,India,Premium,2023-01-05
1683,27,Male,Canada,Free,2021-06-24
1684,29,Other,Italy,Free,2024-07-11
1685,60,Female,India,Free,2026-02-28
1686,40,Male,India,Basic,2020-11-29
1687,50,Male,France,Standard,2025-10-05
1688,51,Male,Canada,Standard,2020-06-05
1689,31,Female,Singapore,Premium,2022-01-28
1690,27,Female,India,Premium,2024-12-22
1691,54,Male,Canada,Basic,2023-10-16
1692,56,Female,Australia,Premium,2022-08-16
1693,42,Female,United States,Free,2024-10-23
1694,44,Female,United Kingdom,Free,2021-07-08
1695,18,Male,United States,Basic,2019-01-22
1696,40,Male,India,Basic,2019-04-14
1697,62,Male,Germany,Premium,2021-10-20
1698,27,Male,United States,Basic,2020-02-01
1699,16,Male,Brazil,Basic,2026-01-09
1700,36,Female,India,Basic,2022-10-27
1701,68,Male,United States,Standard,2019-10-26
1702,64,Female,United States,Free,2024-01-03
1703,52,Male,Italy,Premium,2023-03-26
1704,35,Female,Germany,Standard,2019-09-11
1705,66,Male,United States,Basic,2019-09-27
1706,21,Female,United Kingdom,Free,2023-04-12
1707,40,Male,France,Free,2025-09-21
1708,65,Female,India,Free,2023-10-20
1709,54,Female,United States,Premium,2019-04-17
1710,44,Female,Canada,Free,2019-02-20
1711,53,Female,Canada,Standard,2025-06-05
1712,23,Female,India,Basic,2025-12-18
1713,43,Male,India,Free,2020-06-06
1714,34,Female,United Kingdom,Standard,2023-01-05
1715,34,Female,United Kingdom,Free,2024-04-07
1716,34,Female,India,Premium,2024-10-21
1717,52,Female,India,Free,2025-04-10
1718,69,Male,United States,Premium,2026-03-08
1719,27,Female,United States,Standard,2024-03-29
1720,53,Female,Singapore,Basic,2022-10-06
1721,54,Male,United States,Free,2019-06-22
1722,46,Male,India,Free,2021-08-01
1723,44,Female,India,Standard,2022-09-19
1724,66,Female,India,Free,2019-01-28
1725,38,Male,United States,Basic,2020-08-06
1726,33,Male,Australia,Premium,2023-01-14
1727,17,Other,India,Free,2021-06-15
1728,31,Female,United States,Basic,2021-01-01
1729,27,Male,Japan,Premium,2019-03-27
1730,68,Female,United States,Standard,2020-03-30
1731,36,Female,United States,Free,2023-03-06
1732,57,Male,United Kingdom,Standard,2025-12-27
1733,42,Female,India,Free,2020-06-19
1734,65,Male,United Kingdom,Standard,2022-07-26
1735,53,Male,Australia,Premium,2025-11-28
1736,52,Male,United Kingdom,Standard,2022-09-04
1737,30,Male,Brazil,Premium,2024-09-12
1738,52,Female,India,Free,2024-04-11
1739,65,Female,India,Basic,2026-03-27
1740,63,Female,United Kingdom,Basic,2022-08-11
1741,60,Male,Germany,Standard,2024-07-19
1742,45,Male,United States,Premium,2025-07-19
1743,56,Male,India,Free,2021-08-18
1744,40,Male,United States,Free,2020-10-05
1745,68,Male,United Kingdom,Free,2019-12-11
1746,33,Male,United States,Basic,2024-03-20
1747,47,Female,United States,Basic,2023-08-03
1748,38,Female,United States,Free,2021-01-05
1749,43,Male,Australia,Free,2019-12-04
1750,33,Female,United Kingdom,Basic,2022-02-06
1751,29,Male,India,Free,2021-03-31
1752,36,Male,United States,Free,2022-01-29
1753,27,Female,Netherlands,Premium,2025-02-02
1754,31,Male,India,Standard,2023-07-13
1755,40,Female,France,Free,2026-05-03
1756,47,Other,Mexico,Premium,2021-07-21
1757,29,Female,India,Free,2025-08-01
1758,65,Female,United States,Standard,2022-10-27
1759,65,Male,Japan,Basic,2023-09-07
1760,28,Male,Singapore,Free,2020-07-23
1761,51,Female,United States,Standard,2024-08-09
1762,66,Female,United States,Free,2023-10-10
1763,58,Female,Brazil,Standard,2022-05-12
1764,35,Female,Canada,Free,2020-07-23
1765,24,Other,Netherlands,Basic,2025-10-05
1766,53,Female,United States,Free,2023-05-20
1767,19,Female,India,Free,2025-05-21
1768,43,Female,United States,Free,2025-03-14
1769,26,Male,Germany,Basic,2021-02-03
1770,27,Male,Italy,Free,2021-08-12
1771,33,Female,India,Free,2024-10-24
1772,15,Male,Singapore,Basic,2020-10-05
1773,22,Male,United States,Standard,2023-05-13
1774,70,Male,Singapore,Free,2026-06-15
1775,45,Male,Canada,Free,2021-04-11
1776,47,Female,United States,Free,2020-08-07
1777,43,Male,United States,Standard,2024-11-23
1778,36,Female,Singapore,Basic,2025-06-17
1779,17,Female,India,Premium,2024-02-13
1780,37,Female,Germany,Free,2025-11-15
1781,67,Female,India,Free,2025-12-05
1782,61,Male,United States,Standard,2025-05-18
1783,21,Male,Mexico,Free,2020-10-08
1784,32,Female,United Kingdom,Standard,2019-10-01
1785,59,Female,UAE,Premium,2023-08-12
1786,63,Female,Netherlands,Free,2020-03-06
1787,47,Female,United States,Basic,2021-11-01
1788,28,Female,United States,Free,2024-03-06
1789,39,Male,United States,Free,2019-06-04
1790,15,Male,Germany,Free,2024-03-16
1791,46,Male,India,Standard,2023-11-28
1792,23,Male,India,Free,2019-03-15
1793,53,Male,India,Basic,2023-05-20
1794,25,Male,Brazil,Standard,2020-09-20
1795,43,Male,India,Free,2024-12-20
1796,28,Male,India,Basic,2024-11-11
1797,56,Female,Australia,Free,2022-06-16
1798,43,Male,India,Standard,2021-04-06
1799,30,Male,India,Free,2023-09-24
1800,16,Other,United States,Free,2019-09-16
1801,29,Female,India,Standard,2026-06-13
1802,25,Female,India,Basic,2022-09-01
1803,35,Female,India,Free,2025-01-27
1804,40,Female,India,Free,2022-12-31
1805,35,Male,United States,Free,2023-05-14
1806,28,Male,India,Standard,2026-04-16
1807,54,Male,India,Free,2022-05-20
1808,64,Female,Netherlands,Free,2025-01-05
1809,65,Other,Singapore,Free,2020-01-24
1810,53,Male,Australia,Free,2020-06-28
1811,36,Male,Brazil,Standard,2026-06-22
1812,45,Male,India,Premium,2024-01-13
1813,39,Female,France,Basic,2019-02-24
1814,29,Male,France,Free,2021-08-26
1815,62,Male,India,Free,2020-07-17
1816,38,Female,India,Free,2026-03-14
1817,17,Male,France,Premium,2023-12-23
1818,62,Female,India,Free,2019-06-12
1819,48,Female,United States,Standard,2019-04-08
1820,29,Female,United States,Free,2025-01-18
1821,18,Female,Australia,Free,2021-06-30
1822,53,Female,United Kingdom,Free,2026-01-23
1823,15,Male,United Kingdom,Premium,2019-08-02
1824,55,Other,Mexico,Free,2020-12-12
1825,52,Female,Brazil,Free,2024-09-09
1826,20,Male,United States,Free,2021-03-20
1827,30,Male,Canada,Free,2025-06-19
1828,43,Other,India,Premium,2024-05-24
1829,20,Female,United States,Free,2024-04-12
1830,43,Male,Canada,Basic,2020-09-30
1831,67,Female,United Kingdom,Standard,2023-10-17
1832,69,Male,UAE,Free,2025-01-09
1833,24,Female,India,Free,2022-06-06
1834,44,Male,Canada,Basic,2022-09-26
1835,23,Female,India,Premium,2019-01-18
1836,15,Female,France,Free,2023-07-16
1837,41,Female,Italy,Free,2024-06-28
1838,34,Female,Canada,Basic,2019-06-09
1839,22,Male,Canada,Free,2023-11-23
1840,31,Female,France,Free,2024-06-24
1841,55,Female,Germany,Standard,2023-10-03
1842,62,Male,United States,Premium,2023-01-20
1843,55,Female,India,Standard,2020-08-28
1844,31,Female,Mexico,Free,2021-10-10
1845,53,Female,Australia,Free,2020-04-23
1846,64,Male,Germany,Free,2025-07-28
1847,20,Female,India,Basic,2023-10-15
1848,31,Female,United Kingdom,Basic,2023-04-17
1849,52,Male,United States,Premium,2019-12-31
1850,21,Female,Brazil,Free,2020-08-07
1851,32,Female,Mexico,Free,2022-06-15
1852,15,Other,Japan,Free,2019-10-14
1853,64,Female,United Kingdom,Standard,2023-11-01
1854,25,Male,India,Free,2024-06-15
1855,26,Female,India,Basic,2021-05-20
1856,26,Male,France,Standard,2021-02-24
1857,31,Other,Singapore,Basic,2026-01-01
1858,21,Female,India,Free,2023-03-28
1859,22,Male,United States,Basic,2024-05-11
1860,46,Female,India,Free,2019-01-30
1861,57,Female,Netherlands,Free,2024-11-09
1862,65,Male,Canada,Premium,2021-12-24
1863,46,Male,United States,Basic,2023-02-27
1864,58,Female,Netherlands,Standard,2023-01-19
1865,57,Male,Canada,Premium,2022-09-14
1866,66,Male,United States,Standard,2020-07-22
1867,16,Female,Singapore,Free,2021-10-15
1868,38,Male,Germany,Premium,2024-10-10
1869,41,Female,India,Basic,2022-08-12
1870,16,Female,Singapore,Premium,2022-08-26
1871,58,Male,Canada,Basic,2025-11-14
1872,65,Male,United States,Premium,2024-05-04
1873,57,Female,UAE,Standard,2022-04-18
1874,53,Male,India,Basic,2025-05-31
1875,65,Female,United Kingdom,Free,2019-12-23
1876,34,Female,Netherlands,Premium,2024-03-27
1877,25,Female,Mexico,Basic,2025-01-23
1878,30,Male,India,Premium,2020-01-02
1879,21,Male,Germany,Free,2022-08-30
1880,39,Female,India,Free,2024-05-04
1881,57,Male,India,Basic,2024-07-08
1882,20,Female,United States,Free,2025-06-17
1883,64,Female,India,Free,2023-04-13
1884,56,Female,Canada,Premium,2021-08-13
1885,29,Male,India,Free,2022-10-25
1886,62,Female,India,Premium,2025-06-04
1887,38,Male,United States,Free,2019-01-07
1888,34,Male,United Kingdom,Standard,2023-10-02
1889,35,Female,Brazil,Premium,2020-06-01
1890,48,Female,Canada,Free,2019-02-07
1891,49,Female,United States,Standard,2022-04-30
1892,68,Male,Germany,Free,2022-03-06
1893,24,Female,Japan,Standard,2019-05-21
1894,53,Male,United Kingdom,Standard,2022-01-25
1895,69,Female,United States,Standard,2024-07-20
1896,33,Female,United States,Premium,2022-09-26
1897,24,Female,India,Standard,2021-07-10
1898,59,Female,South Africa,Standard,2024-06-19
1899,61,Male,Netherlands,Standard,2020-10-14
1900,16,Female,United States,Standard,2022-11-27
1901,63,Male,India,Standard,2022-03-02
1902,59,Female,Germany,Basic,2020-02-03
1903,23,Male,Brazil,Premium,2019-08-10
1904,69,Female,United States,Standard,2025-06-22
1905,23,Male,United Kingdom,Premium,2021-05-09
1906,28,Female,India,Standard,2023-01-23
1907,61,Female,India,Standard,2020-08-27
1908,39,Female,United States,Standard,2019-08-19
1909,21,Male,United States,Premium,2020-04-25
1910,47,Female,Canada,Premium,2026-01-12
1911,61,Male,India,Free,2024-06-24
1912,34,Female,Mexico,Standard,2023-03-18
1913,64,Female,Brazil,Standard,2024-03-14
1914,70,Female,United States,Basic,2023-12-29
1915,38,Male,India,Free,2026-03-12
1916,57,Female,India,Basic,2025-06-03
1917,45,Male,France,Standard,2021-01-11
1918,39,Female,Australia,Basic,2025-05-29
1919,23,Male,India,Premium,2025-01-10
1920,26,Male,Germany,Free,2025-01-06
1921,65,Female,United Kingdom,Basic,2025-07-23
1922,49,Female,Brazil,Free,2021-04-29
1923,57,Female,India,Basic,2021-01-07
1924,15,Female,Brazil,Free,2020-06-11
1925,51,Male,India,Basic,2019-05-24
1926,20,Other,United Kingdom,Free,2025-02-07
1927,25,Male,Mexico,Free,2022-05-16
1928,17,Female,United Kingdom,Standard,2026-05-23
1929,49,Male,Canada,Standard,2024-11-10
1930,37,Female,United Kingdom,Standard,2026-06-07
1931,67,Male,India,Free,2021-05-31
1932,23,Female,India,Free,2020-06-10
1933,61,Female,India,Free,2023-04-13
1934,56,Female,United States,Free,2021-11-07
1935,58,Male,Germany,Basic,2019-10-17
1936,55,Female,Netherlands,Standard,2021-02-28
1937,60,Male,Australia,Standard,2025-10-13
1938,25,Male,India,Premium,2023-11-12
1939,39,Male,Canada,Free,2020-05-25
1940,49,Male,United Kingdom,Free,2026-03-07
1941,20,Male,United States,Free,2021-07-13
1942,32,Male,United States,Premium,2023-03-31
1943,21,Female,India,Basic,2022-06-09
1944,52,Female,United Kingdom,Basic,2025-06-01
1945,70,Male,India,Free,2019-07-16
1946,25,Male,France,Free,2024-12-17
1947,50,Female,Japan,Basic,2020-06-06
1948,31,Male,United Kingdom,Free,2020-06-01
1949,24,Male,France,Free,2026-03-03
1950,38,Female,India,Basic,2024-02-19
1951,26,Male,United States,Basic,2022-03-20
1952,32,Female,United Kingdom,Standard,2021-07-26
1953,34,Female,India,Free,2022-07-04
1954,69,Male,India,Standard,2020-01-19
1955,25,Female,India,Free,2024-07-11
1956,66,Female,Italy,Basic,2024-09-14
1957,61,Male,United Kingdom,Standard,2024-12-20
1958,59,Male,India,Free,2019-01-30
1959,60,Male,United Kingdom,Free,2026-06-01
1960,67,Other,Mexico,Standard,2019-06-23
1961,53,Male,India,Premium,2024-11-14
1962,29,Male,United States,Free,2022-12-18
1963,18,Male,United States,Free,2020-04-08
1964,36,Female,India,Basic,2020-04-27
1965,33,Male,India,Free,2026-01-29
1966,51,Male,South Africa,Premium,2026-03-18
1967,47,Female,India,Basic,2025-12-05
1968,69,Female,United States,Basic,2022-09-07
1969,34,Male,India,Premium,2021-02-01
1970,40,Male,India,Basic,2019-12-14
1971,48,Female,India,Free,2024-06-19
1972,15,Male,Australia,Free,2023-06-08
1973,38,Male,United States,Free,2022-01-08
1974,21,Other,Australia,Basic,2020-07-26
1975,37,Female,India,Premium,2021-03-23
1976,22,Male,India,Free,2022-09-18
1977,17,Male,India,Basic,2026-06-17
1978,32,Male,United Kingdom,Basic,2020-06-05
1979,35,Female,Brazil,Free,2023-05-12
1980,23,Male,India,Free,2020-09-29
1981,37,Female,Brazil,Free,2022-11-02
1982,42,Other,France,Basic,2022-03-31
1983,33,Female,Brazil,Free,2020-09-16
1984,61,Female,India,Standard,2021-12-15
1985,59,Male,Japan,Free,2020-02-27
1986,59,Female,Canada,Free,2025-08-18
1987,55,Female,India,Free,2019-06-07
1988,32,Other,South Africa,Basic,2025-11-30
1989,27,Male,India,Basic,2022-06-09
1990,59,Female,India,Free,2024-05-16
1991,18,Female,Australia,Free,2022-01-07
1992,38,Male,United States,Basic,2022-08-03
1993,18,Male,India,Standard,2022-08-10
1994,28,Male,India,Basic,2023-10-31
1995,26,Male,United Kingdom,Free,2020-04-01
1996,21,Female,Germany,Standard,2020-06-17
1997,36,Male,Japan,Standard,2025-08-09
1998,48,Female,India,Free,2025-07-21
1999,39,Male,India,Basic,2025-10-01
2000,22,Male,Italy,Premium,2021-02-19
2001,27,Female,South Africa,Free,2025-02-16
2002,54,Male,France,Premium,2021-04-07
2003,49,Female,India,Free,2025-03-04
2004,60,Male,Singapore,Premium,2025-04-14
2005,37,Female,United States,Standard,2023-11-22
2006,19,Female,United Kingdom,Premium,2019-03-31
2007,25,Female,Germany,Free,2019-07-06
2008,51,Male,Italy,Free,2023-06-17
2009,46,Female,Singapore,Premium,2020-11-08
2010,43,Female,United States,Standard,2023-06-30
2011,53,Male,India,Free,2021-06-11
2012,52,Female,Singapore,Standard,2024-02-09
2013,47,Female,United Kingdom,Free,2021-06-21
2014,33,Female,United Kingdom,Free,2019-07-06
2015,49,Male,India,Free,2022-02-11
2016,23,Male,Brazil,Basic,2021-10-16
2017,67,Male,India,Basic,2026-02-04
2018,53,Other,United States,Premium,2025-02-27
2019,31,Female,United States,Basic,2022-08-22
2020,18,Female,India,Free,2022-02-19
2021,26,Male,India,Standard,2025-07-17
2022,21,Female,Germany,Premium,2021-11-20
2023,70,Female,Canada,Free,2023-12-17
2024,29,Male,India,Basic,2023-06-08
2025,24,Male,France,Basic,2020-08-30
2026,45,Male,India,Free,2020-12-22
2027,27,Female,Mexico,Free,2022-03-01
2028,16,Male,UAE,Standard,2025-10-25
2029,27,Male,India,Free,2026-03-27
2030,40,Male,United Kingdom,Standard,2019-02-18
2031,53,Male,United States,Free,2019-02-25
2032,63,Female,Mexico,Free,2019-12-09
2033,32,Male,Australia,Free,2019-02-08
2034,65,Male,France,Free,2019-12-15
2035,27,Male,France,Premium,2020-10-30
2036,34,Male,India,Free,2021-12-31
2037,55,Female,India,Free,2025-02-08
2038,33,Male,UAE,Basic,2019-01-05
2039,29,Male,United States,Free,2026-05-08
2040,33,Male,Singapore,Free,2020-04-05
2041,46,Male,India,Free,2022-02-28
2042,37,Male,United States,Free,2019-12-14
2043,17,Female,India,Basic,2025-09-22
2044,26,Female,India,Standard,2022-05-20
2045,54,Female,United States,Free,2024-08-06
2046,57,Male,India,Premium,2019-11-09
2047,65,Male,Mexico,Free,2026-05-10
2048,24,Male,United States,Standard,2024-05-13
2049,67,Male,Canada,Premium,2022-02-14
2050,24,Male,Netherlands,Free,2023-04-27
2051,37,Male,United States,Standard,2023-08-23
2052,53,Female,United States,Standard,2026-05-02
2053,30,Male,United Kingdom,Basic,2024-07-10
2054,49,Female,India,Free,2023-09-24
2055,48,Female,Germany,Standard,2019-12-24
2056,30,Male,India,Premium,2023-01-24
2057,50,Male,India,Free,2022-12-01
2058,38,Female,Singapore,Standard,2022-04-22
2059,44,Male,Singapore,Premium,2023-09-21
2060,30,Male,India,Standard,2020-04-25
2061,59,Female,United States,Free,2023-10-06
2062,38,Male,India,Basic,2024-05-07
2063,68,Female,India,Free,2020-08-01
2064,20,Male,India,Standard,2023-09-02
2065,24,Female,United States,Free,2024-11-30
2066,59,Female,United States,Standard,2023-12-24
2067,65,Female,India,Free,2019-09-03
2068,56,Male,France,Basic,2019-02-14
2069,40,Female,Germany,Premium,2025-03-19
2070,60,Female,South Africa,Basic,2021-07-20
2071,42,Female,India,Free,2023-03-27
2072,23,Female,United States,Free,2023-05-26
2073,26,Female,Italy,Basic,2019-11-13
2074,67,Female,United States,Standard,2023-07-18
2075,67,Male,India,Free,2023-10-04
2076,27,Male,India,Free,2022-10-06
2077,16,Male,India,Free,2021-05-17
2078,53,Male,UAE,Free,2021-04-06
2079,55,Female,India,Free,2025-05-24
2080,51,Male,Netherlands,Basic,2019-07-16
2081,35,Male,United States,Premium,2022-03-02
2082,40,Female,United States,Free,2022-12-28
2083,23,Female,India,Basic,2024-08-24
2084,21,Female,Brazil,Free,2023-04-15
2085,45,Female,Singapore,Free,2020-09-12
2086,58,Male,UAE,Free,2021-08-06
2087,28,Female,Australia,Standard,2020-10-21
2088,47,Female,France,Standard,2022-10-30
2089,43,Female,United States,Free,2023-10-31
2090,17,Female,Brazil,Free,2021-05-05
2091,54,Female,Mexico,Basic,2024-07-30
2092,21,Female,India,Premium,2025-02-19
2093,70,Other,Brazil,Free,2020-01-21
2094,44,Male,Mexico,Free,2022-02-21
2095,51,Male,India,Free,2024-03-02
2096,31,Other,Italy,Standard,2023-12-16
2097,56,Female,Mexico,Premium,2024-06-22
2098,17,Male,India,Basic,2025-12-13
2099,58,Male,United States,Standard,2022-07-08
2100,38,Male,United States,Basic,2019-06-24
2101,54,Other,India,Standard,2025-04-16
2102,15,Male,India,Free,2025-05-24
2103,40,Female,India,Premium,2020-01-18
2104,37,Male,Australia,Premium,2024-03-19
2105,21,Male,France,Premium,2023-06-14
2106,64,Male,United States,Free,2022-11-03
2107,53,Female,Germany,Basic,2022-02-14
2108,44,Male,India,Basic,2026-03-07
2109,28,Male,India,Basic,2023-04-07
2110,18,Female,United States,Basic,2024-04-23
2111,28,Male,Singapore,Premium,2023-09-29
2112,32,Male,India,Free,2022-01-26
2113,40,Male,Singapore,Basic,2023-09-16
2114,48,Male,UAE,Free,2019-08-09
2115,20,Female,United States,Premium,2022-05-01
2116,25,Male,Mexico,Basic,2025-01-02
2117,59,Female,Italy,Basic,2025-05-25
2118,39,Female,Canada,Premium,2021-03-24
2119,19,Female,Canada,Free,2026-06-13
2120,67,Female,France,Standard,2022-07-20
2121,15,Male,United States,Free,2022-07-20
2122,22,Female,Germany,Free,2019-01-16
2123,43,Female,Singapore,Basic,2026-03-02
2124,52,Male,India,Premium,2023-09-18
2125,59,Female,India,Free,2022-11-26
2126,28,Female,Italy,Basic,2019-02-28
2127,38,Female,India,Premium,2024-08-18
2128,67,Female,Germany,Basic,2024-02-11
2129,41,Male,United States,Basic,2024-11-12
2130,63,Male,South Africa,Basic,2023-03-09
2131,26,Female,India,Basic,2022-03-13
2132,69,Female,Germany,Basic,2025-12-16
2133,69,Male,India,Standard,2020-01-03
2134,56,Male,Mexico,Free,2025-12-30
2135,49,Male,United States,Basic,2019-05-14
2136,57,Male,United States,Free,2024-02-06
2137,50,Male,India,Basic,2020-05-24
2138,37,Other,South Africa,Basic,2026-03-26
2139,60,Female,United States,Premium,2021-07-06
2140,47,Male,Singapore,Free,2023-08-26
2141,58,Male,UAE,Basic,2019-03-05
2142,16,Male,United States,Standard,2025-09-23
2143,35,Male,Mexico,Premium,2021-09-17
2144,50,Other,India,Basic,2019-07-31
2145,66,Female,United States,Premium,2023-05-19
2146,61,Male,UAE,Basic,2023-11-27
2147,29,Male,Brazil,Basic,2026-01-30
2148,51,Female,Japan,Basic,2021-12-01
2149,68,Female,Mexico,Free,2020-01-18
2150,16,Male,Australia,Basic,2019-04-24
2151,54,Female,South Africa,Free,2023-04-16
2152,16,Female,India,Basic,2026-01-30
2153,64,Male,India,Premium,2022-05-01
2154,27,Female,India,Standard,2023-03-29
2155,64,Male,India,Free,2020-08-11
2156,55,Male,Netherlands,Premium,2020-03-30
2157,44,Female,India,Free,2021-12-09
2158,26,Male,United Kingdom,Free,2021-05-01
2159,40,Male,Brazil,Basic,2024-06-15
2160,55,Male,Germany,Free,2022-07-08
2161,55,Female,Brazil,Free,2019-02-11
2162,26,Female,Australia,Premium,2020-04-25
2163,36,Other,United Kingdom,Basic,2025-02-16
2164,15,Male,France,Premium,2021-02-28
2165,53,Male,India,Basic,2020-09-16
2166,28,Female,India,Free,2022-09-03
2167,23,Male,France,Premium,2022-01-01
2168,32,Female,Mexico,Free,2025-03-08
2169,56,Male,France,Basic,2024-09-30
2170,40,Female,India,Free,2022-02-25
2171,40,Male,Brazil,Basic,2020-11-09
2172,65,Male,France,Basic,2024-01-02
2173,42,Female,India,Free,2020-03-16
2174,53,Male,India,Free,2026-02-04
2175,67,Male,India,Free,2024-09-25
2176,31,Female,India,Standard,2026-03-27
2177,48,Male,India,Free,2022-08-14
2178,42,Female,United States,Free,2026-05-14
2179,38,Male,Brazil,Free,2022-07-28
2180,59,Male,United States,Basic,2022-08-10
2181,29,Female,United States,Basic,2024-11-29
2182,28,Male,India,Basic,2019-11-03
2183,51,Female,United States,Standard,2022-07-25
2184,67,Male,India,Standard,2024-08-04
2185,17,Other,United States,Free,2020-12-01
2186,53,Male,United States,Basic,2022-03-13
2187,16,Female,Singapore,Premium,2024-03-06
2188,33,Male,Italy,Free,2024-12-25
2189,48,Male,Australia,Free,2020-01-25
2190,68,Female,France,Free,2022-11-17
2191,40,Male,Brazil,Basic,2019-07-12
2192,40,Male,Netherlands,Basic,2026-03-10
2193,22,Female,Mexico,Free,2021-07-06
2194,18,Female,India,Premium,2023-11-20
2195,29,Male,India,Premium,2023-02-19
2196,67,Female,Netherlands,Premium,2019-08-04
2197,31,Female,India,Free,2022-05-31
2198,19,Male,Germany,Standard,2023-04-04
2199,32,Female,South Africa,Basic,2020-05-06
2200,23,Male,India,Basic,2023-08-20
2201,55,Male,India,Basic,2025-06-25
2202,45,Female,Italy,Free,2024-05-31
2203,29,Male,Brazil,Standard,2022-12-16
2204,50,Female,India,Basic,2021-04-23
2205,59,Male,Italy,Free,2019-02-23
2206,57,Male,Japan,Free,2020-03-04
2207,36,Male,Canada,Basic,2022-07-07
2208,63,Female,Germany,Standard,2024-08-28
2209,21,Female,India,Free,2024-01-28
2210,70,Female,India,Basic,2019-10-09
2211,32,Male,Germany,Premium,2025-06-22
2212,56,Male,United States,Free,2020-03-27
2213,30,Male,United States,Free,2024-05-04
2214,57,Female,United States,Free,2025-03-04
2215,20,Male,India,Free,2023-10-31
2216,47,Male,United States,Free,2019-07-21
2217,56,Male,South Africa,Free,2021-02-14
2218,40,Male,India,Basic,2024-10-25
2219,42,Male,India,Free,2020-03-30
2220,29,Male,UAE,Basic,2021-09-04
2221,19,Female,India,Premium,2023-07-16
2222,40,Male,India,Standard,2022-01-03
2223,46,Male,Brazil,Free,2022-03-25
2224,60,Female,France,Free,2024-08-23
2225,59,Female,France,Premium,2021-09-04
2226,25,Male,India,Free,2024-02-08
2227,24,Other,Australia,Basic,2019-03-27
2228,26,Other,UAE,Free,2019-02-09
2229,53,Male,United States,Free,2021-10-10
2230,45,Male,Japan,Basic,2022-04-05
2231,68,Male,United Kingdom,Standard,2020-01-20
2232,21,Male,France,Basic,2022-12-07
2233,49,Male,United Kingdom,Free,2019-02-25
2234,67,Male,Germany,Premium,2026-06-12
2235,69,Female,Japan,Basic,2022-01-10
2236,58,Female,Australia,Free,2023-08-08
2237,69,Male,Netherlands,Free,2019-05-07
2238,30,Female,Germany,Basic,2021-04-25
2239,62,Male,South Africa,Free,2020-03-18
2240,32,Female,Germany,Premium,2024-01-15
2241,48,Male,South Africa,Free,2022-09-18
2242,40,Female,Mexico,Free,2021-02-19
2243,17,Female,Germany,Standard,2020-05-18
2244,42,Female,Canada,Standard,2022-11-22
2245,33,Male,India,Premium,2020-08-25
2246,44,Female,United Kingdom,Free,2025-04-05
2247,57,Male,United Kingdom,Free,2022-04-22
2248,15,Male,India,Standard,2020-05-20
2249,18,Female,India,Free,2019-01-03
2250,18,Male,United States,Free,2024-08-18
2251,57,Female,Canada,Premium,2022-01-13
2252,24,Other,India,Basic,2019-11-27
2253,33,Male,United States,Free,2026-02-22
2254,39,Male,Italy,Free,2021-12-06
2255,34,Female,India,Basic,2022-08-13
2256,66,Female,Germany,Free,2020-07-09
2257,41,Female,United States,Free,2025-05-10
2258,55,Male,India,Standard,2023-11-25
2259,21,Male,United States,Free,2023-01-04
2260,44,Male,United States,Premium,2024-03-04
2261,16,Female,India,Standard,2019-12-29
2262,63,Male,UAE,Standard,2025-07-05
2263,47,Male,Australia,Premium,2022-04-16
2264,18,Female,United States,Basic,2019-01-25
2265,44,Female,Singapore,Basic,2019-08-11
2266,20,Male,Japan,Basic,2022-09-27
2267,53,Male,India,Basic,2022-09-19
2268,70,Male,France,Standard,2019-08-06
2269,59,Male,India,Standard,2024-07-21
2270,23,Male,Germany,Premium,2022-05-17
2271,55,Male,Netherlands,Free,2024-06-09
2272,54,Female,India,Free,2025-10-09
2273,22,Female,India,Free,2019-04-11
2274,68,Female,United States,Premium,2022-05-13
2275,40,Female,India,Free,2025-02-17
2276,31,Female,Germany,Premium,2025-12-02
2277,22,Male,Australia,Free,2026-05-16
2278,30,Male,France,Basic,2024-05-04
2279,45,Male,Australia,Premium,2024-07-12
2280,38,Female,United States,Standard,2020-03-15
2281,44,Male,United States,Free,2024-02-16
2282,22,Female,India,Free,2026-03-27
2283,56,Female,Canada,Free,2022-12-23
2284,23,Male,France,Free,2020-10-10
2285,37,Female,Singapore,Free,2024-11-20
2286,39,Female,India,Free,2026-05-10
2287,61,Female,United States,Premium,2020-07-27
2288,32,Female,Australia,Premium,2019-10-07
2289,68,Female,United States,Basic,2026-05-23
2290,26,Female,South Africa,Standard,2024-11-22
2291,31,Male,United States,Premium,2022-11-26
2292,52,Female,United States,Free,2020-10-13
2293,29,Male,India,Premium,2024-05-05
2294,35,Female,Netherlands,Standard,2021-08-27
2295,21,Female,India,Premium,2023-09-17
2296,19,Male,India,Free,2019-10-26
2297,43,Female,Canada,Standard,2020-12-13
2298,35,Male,United States,Free,2026-02-23
2299,51,Female,India,Basic,2022-03-17
2300,29,Male,India,Standard,2021-02-26
2301,20,Female,Australia,Standard,2021-04-13
2302,17,Female,UAE,Free,2023-07-30
2303,51,Female,India,Free,2026-03-15
2304,48,Female,Japan,Basic,2024-04-24
2305,47,Male,Canada,Basic,2020-07-18
2306,66,Male,United States,Free,2019-10-18
2307,51,Male,Brazil,Free,2020-04-28
2308,46,Male,Canada,Free,2021-07-06
2309,67,Female,South Africa,Free,2023-01-05
2310,19,Female,India,Free,2024-12-28
2311,51,Male,United Kingdom,Basic,2022-07-02
2312,40,Female,United Kingdom,Premium,2025-07-15
2313,45,Female,Netherlands,Standard,2019-05-13
2314,36,Male,India,Premium,2019-09-01
2315,23,Male,Japan,Free,2026-06-10
2316,18,Male,India,Premium,2025-11-03
2317,59,Female,Brazil,Free,2019-10-17
2318,41,Female,Canada,Free,2025-03-08
2319,45,Female,India,Free,2019-05-26
2320,46,Female,Australia,Basic,2022-05-27
2321,65,Female,Italy,Free,2019-08-15
2322,16,Female,Japan,Basic,2023-04-03
2323,58,Female,India,Basic,2023-05-05
2324,64,Male,India,Standard,2025-02-28
2325,23,Male,India,Basic,2023-02-15
2326,37,Male,United States,Free,2021-08-08
2327,20,Female,India,Standard,2025-01-05
2328,51,Male,Brazil,Premium,2021-10-20
2329,67,Male,India,Basic,2022-03-03
2330,17,Male,Canada,Premium,2022-04-12
2331,23,Female,United States,Free,2019-11-11
2332,19,Male,United Kingdom,Basic,2023-01-02
2333,69,Male,Germany,Premium,2025-03-08
2334,33,Female,India,Premium,2022-07-30
2335,59,Female,India,Free,2023-08-10
2336,60,Female,United Kingdom,Free,2020-07-15
2337,68,Other,India,Standard,2021-05-13
2338,22,Male,Japan,Free,2021-08-20
2339,59,Male,Brazil,Premium,2019-03-29
2340,46,Female,India,Basic,2022-05-15
2341,67,Other,India,Premium,2023-04-22
2342,46,Male,United States,Basic,2021-07-08
2343,28,Male,Australia,Basic,2026-05-29
2344,34,Male,Brazil,Premium,2025-10-29
2345,63,Female,South Africa,Premium,2025-08-17
2346,28,Female,United States,Standard,2023-11-13
2347,70,Male,France,Standard,2019-08-22
2348,66,Male,United States,Standard,2022-03-23
2349,69,Other,United Kingdom,Basic,2025-05-16
2350,64,Female,India,Free,2021-09-02
2351,23,Female,India,Standard,2022-01-28
2352,20,Other,Brazil,Free,2025-05-28
2353,40,Male,India,Free,2021-10-23
2354,65,Female,Brazil,Free,2022-06-11
2355,51,Female,Japan,Standard,2023-12-23
2356,44,Male,India,Free,2023-01-09
2357,45,Female,United Kingdom,Basic,2025-07-01
2358,20,Male,Canada,Free,2019-09-20
2359,43,Male,Brazil,Free,2024-07-20
2360,23,Male,India,Premium,2026-05-10
2361,18,Male,Australia,Free,2024-09-06
2362,70,Male,United States,Basic,2021-07-22
2363,18,Female,Netherlands,Premium,2019-03-08
2364,58,Female,Japan,Basic,2019-07-03
2365,53,Male,India,Basic,2020-04-08
2366,47,Male,India,Basic,2023-08-31
2367,19,Female,Singapore,Free,2022-08-30
2368,53,Female,United States,Basic,2026-04-24
2369,38,Male,Italy,Basic,2020-10-18
2370,38,Male,Mexico,Premium,2019-04-15
2371,21,Female,Brazil,Basic,2024-09-12
2372,65,Female,United States,Free,2025-07-14
2373,17,Female,India,Standard,2026-04-13
2374,20,Female,Mexico,Premium,2025-05-04
2375,47,Other,Australia,Standard,2025-01-16
2376,61,Male,Singapore,Standard,2025-10-22
2377,45,Female,United Kingdom,Free,2021-03-09
2378,68,Female,South Africa,Free,2023-01-22
2379,29,Male,France,Free,2021-09-14
2380,43,Female,UAE,Free,2022-12-12
2381,50,Female,South Africa,Standard,2025-10-14
2382,29,Male,United States,Basic,2020-05-28
2383,49,Male,UAE,Standard,2026-06-20
2384,23,Female,Brazil,Free,2020-04-28
2385,20,Male,United Kingdom,Free,2024-07-17
2386,55,Female,India,Free,2024-02-03
2387,15,Male,United States,Standard,2024-04-08
2388,62,Male,Singapore,Standard,2019-04-09
2389,59,Male,India,Basic,2024-12-08
2390,39,Female,United States,Basic,2025-03-31
2391,30,Female,India,Premium,2022-10-10
2392,52,Female,India,Standard,2019-10-30
2393,62,Female,Mexico,Premium,2026-01-27
2394,43,Female,United States,Standard,2020-07-05
2395,61,Male,Brazil,Premium,2024-09-17
2396,20,Male,India,Basic,2026-04-13
2397,44,Male,United States,Basic,2025-08-05
2398,32,Female,India,Free,2022-10-29
2399,18,Female,UAE,Basic,2023-10-14
2400,33,Male,United States,Free,2020-08-09
2401,17,Female,France,Premium,2021-05-12
2402,42,Female,Canada,Basic,2020-02-12
2403,37,Male,India,Free,2023-12-03
2404,29,Female,India,Premium,2025-10-18
2405,63,Male,India,Free,2020-01-29
2406,28,Female,United Kingdom,Free,2025-09-17
2407,17,Female,United Kingdom,Standard,2019-01-28
2408,46,Female,India,Free,2025-05-28
2409,42,Female,United Kingdom,Standard,2022-04-23
2410,22,Female,South Africa,Free,2023-11-06
2411,46,Male,Singapore,Premium,2020-04-22
2412,37,Female,France,Free,2019-11-01
2413,35,Male,United States,Basic,2024-10-01
2414,58,Female,Germany,Free,2019-06-07
2415,42,Male,Germany,Basic,2021-02-18
2416,68,Female,Japan,Basic,2026-02-11
2417,55,Male,India,Free,2021-06-20
2418,58,Male,United States,Basic,2021-02-05
2419,61,Female,India,Basic,2019-12-30
2420,48,Female,France,Free,2019-10-03
2421,46,Female,India,Free,2023-09-09
2422,59,Male,United States,Basic,2026-02-25
2423,37,Female,Australia,Free,2022-05-14
2424,68,Male,India,Basic,2026-01-24
2425,40,Female,United Kingdom,Free,2021-06-15
2426,22,Other,UAE,Standard,2023-09-15
2427,43,Male,Australia,Free,2024-03-18
2428,35,Female,United States,Free,2020-06-08
2429,64,Female,Japan,Premium,2025-09-27
2430,41,Female,India,Free,2021-05-31
2431,69,Female,India,Standard,2021-12-07
2432,58,Male,United States,Basic,2023-06-21
2433,31,Female,India,Standard,2022-10-23
2434,55,Female,United States,Basic,2025-06-02
2435,25,Female,Brazil,Free,2025-11-17
2436,54,Male,Canada,Free,2019-03-28
2437,66,Male,Brazil,Free,2022-12-15
2438,64,Female,India,Free,2021-05-12
2439,38,Female,Netherlands,Standard,2023-06-09
2440,70,Female,India,Free,2023-03-12
2441,36,Male,United Kingdom,Free,2019-02-25
2442,17,Female,France,Basic,2024-08-16
2443,40,Female,India,Free,2019-04-10
2444,29,Female,Germany,Free,2020-05-21
2445,67,Female,Australia,Free,2022-01-10
2446,70,Male,India,Standard,2023-08-29
2447,16,Male,Japan,Basic,2020-09-13
2448,21,Female,Brazil,Free,2025-10-16
2449,69,Male,United States,Basic,2019-04-06
2450,34,Male,India,Free,2026-05-11
2451,51,Male,India,Free,2023-07-23
2452,50,Male,India,Standard,2024-09-06
2453,30,Male,Netherlands,Standard,2023-03-07
2454,63,Female,India,Free,2019-04-12
2455,40,Female,United States,Basic,2020-03-22
2456,56,Male,India,Basic,2019-12-09
2457,21,Female,India,Premium,2025-08-27
2458,30,Male,United States,Standard,2024-11-13
2459,61,Female,Brazil,Free,2024-07-14
2460,31,Male,France,Standard,2019-05-30
2461,35,Female,Canada,Premium,2022-01-03
2462,59,Male,Canada,Basic,2024-08-09
2463,35,Female,India,Basic,2024-06-01
2464,47,Female,France,Standard,2020-03-06
2465,42,Female,United States,Standard,2020-10-25
2466,48,Female,India,Basic,2020-04-10
2467,17,Female,United Kingdom,Basic,2024-11-18
2468,46,Male,Singapore,Basic,2019-02-07
2469,33,Male,Netherlands,Standard,2022-01-15
2470,48,Male,UAE,Basic,2020-11-10
2471,24,Male,Germany,Standard,2023-03-01
2472,48,Female,United States,Free,2022-09-14
2473,62,Female,Singapore,Free,2024-11-17
2474,60,Female,India,Basic,2020-09-07
2475,45,Male,Italy,Free,2021-02-07
2476,27,Female,United Kingdom,Free,2019-09-08
2477,54,Male,India,Free,2025-04-09
2478,29,Male,India,Free,2022-03-10
2479,67,Female,United States,Standard,2023-02-13
2480,54,Female,Mexico,Basic,2026-03-12
2481,57,Male,Canada,Free,2021-06-05
2482,32,Male,Canada,Free,2024-11-09
2483,52,Female,United States,Basic,2025-08-22
2484,53,Male,Brazil,Premium,2024-04-23
2485,28,Male,Brazil,Premium,2020-01-10
2486,66,Female,India,Basic,2019-01-02
2487,35,Male,Italy,Free,2023-12-06
2488,42,Female,United States,Basic,2020-04-25
2489,30,Female,United States,Free,2024-04-27
2490,37,Male,United Kingdom,Basic,2025-10-15
2491,68,Male,India,Basic,2022-02-11
2492,60,Male,United States,Basic,2021-10-23
2493,58,Male,UAE,Standard,2020-12-30
2494,16,Female,Singapore,Standard,2022-11-18
2495,61,Male,Canada,Premium,2021-02-21
2496,39,Male,Mexico,Premium,2021-03-13
2497,43,Male,India,Basic,2022-09-07
2498,21,Female,South Africa,Basic,2019-02-23
2499,53,Male,Australia,Basic,2023-06-20
2500,17,Other,Germany,Free,2019-08-23
2501,51,Female,Singapore,Premium,2025-10-24
2502,55,Male,India,Standard,2026-04-06
2503,63,Female,India,Free,2025-11-15
2504,60,Male,France,Premium,2020-06-23
2505,20,Male,Japan,Free,2026-02-24
2506,60,Male,India,Basic,2021-03-06
2507,56,Female,India,Standard,2022-07-20
2508,60,Male,Netherlands,Standard,2023-02-09
2509,48,Male,Australia,Basic,2026-06-27
2510,57,Male,India,Standard,2020-08-27
2511,61,Male,India,Free,2025-10-28
2512,27,Female,United States,Basic,2019-01-14
2513,34,Male,United States,Free,2025-05-16
2514,68,Female,Canada,Basic,2020-04-21
2515,20,Male,India,Free,2026-01-10
2516,16,Female,Brazil,Free,2023-03-15
2517,44,Male,France,Free,2026-03-15
2518,70,Male,France,Free,2019-08-07
2519,39,Female,India,Free,2022-07-16
2520,41,Male,India,Premium,2020-12-26
2521,33,Male,United States,Free,2022-12-25
2522,52,Male,Brazil,Basic,2026-01-28
2523,58,Female,India,Standard,2023-04-29
2524,24,Female,India,Standard,2022-11-21
2525,56,Female,Brazil,Free,2024-08-25
2526,50,Female,Brazil,Free,2021-05-13
2527,31,Male,India,Premium,2024-10-18
2528,57,Female,United States,Basic,2022-08-15
2529,38,Female,Australia,Premium,2022-08-13
2530,59,Male,United States,Premium,2020-10-12
2531,41,Male,United States,Premium,2021-02-05
2532,37,Male,United States,Free,2019-03-31
2533,43,Female,United States,Basic,2023-11-17
2534,61,Male,Japan,Free,2023-03-09
2535,53,Male,Germany,Free,2021-08-17
2536,63,Female,South Africa,Free,2023-10-11
2537,64,Male,Canada,Basic,2020-11-02
2538,47,Male,United States,Basic,2024-11-16
2539,27,Female,Canada,Free,2026-06-10
2540,36,Female,India,Free,2020-08-02
2541,66,Male,United States,Basic,2026-05-21
2542,24,Male,India,Free,2021-01-26
2543,30,Female,United States,Standard,2020-09-23
2544,58,Female,Brazil,Free,2020-10-14
2545,37,Male,United Kingdom,Free,2021-05-20
2546,45,Female,Japan,Standard,2020-01-28
2547,39,Male,Brazil,Free,2022-09-01
2548,33,Female,France,Basic,2023-06-02
2549,49,Male,United Kingdom,Standard,2025-07-30
2550,16,Male,Canada,Standard,2023-02-20
2551,38,Male,Japan,Basic,2023-06-19
2552,19,Female,India,Free,2021-05-15
2553,34,Male,United States,Standard,2023-10-10
2554,24,Male,United States,Standard,2019-05-23
2555,31,Female,United States,Free,2024-10-20
2556,68,Male,Brazil,Free,2020-02-20
2557,56,Female,Brazil,Free,2022-07-30
2558,23,Female,United States,Basic,2024-06-14
2559,56,Female,United States,Standard,2022-05-25
2560,42,Male,Australia,Basic,2024-01-19
2561,47,Male,United States,Free,2024-12-31
2562,38,Male,India,Basic,2023-04-20
2563,70,Female,India,Free,2025-08-14
2564,31,Male,Japan,Standard,2024-02-07
2565,42,Male,India,Free,2024-06-28
2566,44,Male,UAE,Standard,2021-10-30
2567,42,Male,India,Standard,2025-02-01
2568,32,Male,United States,Free,2022-08-22
2569,34,Female,Canada,Free,2019-05-30
2570,49,Female,India,Free,2020-01-23
2571,23,Female,Australia,Basic,2022-01-30
2572,37,Other,Germany,Free,2024-11-14
2573,51,Male,India,Free,2020-08-24
2574,53,Other,Australia,Premium,2023-04-14
2575,47,Other,India,Premium,2022-05-21
2576,42,Male,India,Standard,2026-04-28
2577,62,Female,Japan,Basic,2020-04-21
2578,65,Male,India,Free,2024-10-06
2579,49,Female,India,Standard,2023-03-13
2580,51,Male,Brazil,Basic,2021-01-30
2581,32,Female,India,Free,2021-01-12
2582,58,Male,India,Free,2023-08-25
2583,57,Male,India,Basic,2026-02-13
2584,35,Male,India,Standard,2021-06-24
2585,19,Female,France,Basic,2024-03-01
2586,52,Male,Canada,Basic,2024-05-02
2587,50,Male,United States,Free,2023-12-26
2588,24,Male,France,Free,2020-11-27
2589,58,Male,United States,Standard,2025-05-29
2590,20,Female,Canada,Free,2021-04-30
2591,62,Other,United States,Free,2022-07-15
2592,43,Female,India,Basic,2020-11-13
2593,54,Male,United States,Premium,2019-04-06
2594,63,Other,United Kingdom,Basic,2021-08-19
2595,39,Female,India,Basic,2020-05-20
2596,21,Male,India,Free,2022-03-31
2597,26,Female,Brazil,Premium,2023-07-01
2598,50,Male,France,Basic,2025-09-20
2599,32,Male,United States,Free,2026-02-06
2600,63,Female,United Kingdom,Basic,2021-07-11
2601,69,Male,France,Free,2024-01-15
2602,25,Female,India,Free,2024-12-21
2603,68,Male,United States,Free,2020-02-07
2604,39,Female,United States,Basic,2021-02-12
2605,55,Male,India,Basic,2024-08-23
2606,20,Female,France,Premium,2022-08-24
2607,54,Male,Canada,Basic,2020-01-08
2608,38,Male,Canada,Standard,2023-05-14
2609,50,Female,India,Premium,2024-02-19
2610,38,Female,India,Basic,2021-03-29
2611,35,Male,India,Free,2025-06-23
2612,44,Male,Germany,Basic,2021-09-17
2613,65,Male,United States,Basic,2025-10-10
2614,68,Male,South Africa,Free,2024-03-08
2615,61,Other,India,Free,2023-07-23
2616,70,Female,United States,Free,2023-09-05
2617,31,Female,United Kingdom,Standard,2025-10-22
2618,56,Other,Germany,Basic,2019-09-02
2619,33,Female,Japan,Standard,2019-06-13
2620,38,Male,South Africa,Basic,2023-12-08
2621,42,Female,India,Standard,2025-07-02
2622,63,Female,France,Free,2026-05-13
2623,36,Male,India,Basic,2021-12-19
2624,21,Male,Germany,Basic,2024-07-06
2625,63,Male,India,Free,2023-12-27
2626,36,Female,Germany,Basic,2025-08-31
2627,17,Female,India,Free,2021-06-24
2628,38,Female,Germany,Free,2020-10-10
2629,51,Female,United States,Basic,2022-04-22
2630,24,Female,Germany,Free,2022-04-12
2631,69,Male,Australia,Free,2021-05-16
2632,52,Male,Canada,Free,2024-09-14
2633,62,Female,United Kingdom,Basic,2020-11-28
2634,37,Female,Canada,Basic,2024-11-13
2635,38,Male,South Africa,Basic,2024-11-21
2636,45,Male,UAE,Free,2019-09-23
2637,36,Male,India,Free,2025-10-28
2638,64,Female,India,Free,2024-08-05
2639,44,Female,Australia,Free,2024-11-16
2640,29,Female,United States,Free,2026-01-09
2641,21,Female,United Kingdom,Free,2024-12-30
2642,69,Female,Singapore,Premium,2019-08-18
2643,43,Female,India,Free,2021-01-18
2644,59,Female,Singapore,Free,2024-02-12
2645,26,Male,Canada,Basic,2020-01-10
2646,62,Male,Japan,Free,2020-06-26
2647,48,Male,India,Free,2025-07-08
2648,45,Male,United Kingdom,Standard,2022-07-30
2649,65,Female,India,Free,2019-12-08
2650,45,Male,United Kingdom,Free,2024-06-18
2651,34,Female,Canada,Premium,2020-04-01
2652,61,Female,Brazil,Free,2026-02-13
2653,54,Female,Netherlands,Free,2023-07-26
2654,53,Male,Australia,Free,2024-06-02
2655,47,Male,Australia,Free,2024-12-19
2656,30,Male,Germany,Basic,2026-01-07
2657,43,Male,France,Free,2019-01-27
2658,35,Female,United Kingdom,Basic,2021-01-02
2659,19,Female,Germany,Free,2023-12-21
2660,36,Female,United Kingdom,Free,2020-03-21
2661,63,Male,United States,Free,2024-12-12
2662,45,Male,United States,Basic,2025-05-27
2663,58,Male,India,Standard,2020-12-04
2664,69,Male,Australia,Free,2024-10-16
2665,45,Female,Brazil,Standard,2022-01-08
2666,29,Female,United States,Premium,2022-05-28
2667,38,Male,United States,Free,2022-07-15
2668,43,Male,Canada,Standard,2019-01-24
2669,63,Female,India,Basic,2026-03-30
2670,66,Male,United States,Free,2021-04-08
2671,28,Female,India,Standard,2019-04-07
2672,35,Male,United States,Basic,2021-03-27
2673,66,Male,United Kingdom,Premium,2020-03-13
2674,19,Male,United States,Basic,2025-08-25
2675,45,Female,Mexico,Standard,2023-05-17
2676,59,Female,Germany,Free,2025-10-21
2677,52,Male,India,Basic,2022-02-04
2678,49,Male,South Africa,Free,2020-07-04
2679,62,Male,Italy,Standard,2020-09-13
2680,70,Male,India,Free,2019-12-27
2681,43,Male,Canada,Standard,2021-12-03
2682,50,Female,India,Free,2019-10-06
2683,70,Female,Germany,Free,2023-01-19
2684,64,Male,UAE,Free,2024-04-02
2685,29,Male,United States,Standard,2021-11-26
2686,31,Female,Mexico,Free,2026-03-15
2687,41,Male,Brazil,Standard,2024-12-04
2688,18,Female,United Kingdom,Free,2023-11-26
2689,17,Female,Singapore,Free,2025-01-15
2690,46,Male,United States,Free,2019-11-06
2691,51,Male,United Kingdom,Free,2020-10-10
2692,66,Female,Singapore,Basic,2024-04-02
2693,54,Female,India,Free,2023-11-01
2694,67,Male,United States,Premium,2020-09-15
2695,56,Male,India,Basic,2024-02-03
2696,48,Female,France,Premium,2019-03-29
2697,40,Female,India,Standard,2019-03-19
2698,15,Male,United States,Free,2021-07-01
2699,52,Female,United States,Basic,2026-06-18
2700,27,Female,Canada,Free,2025-06-20
2701,24,Male,India,Free,2020-02-18
2702,16,Female,Mexico,Free,2020-06-05
2703,49,Male,India,Premium,2021-07-31
2704,57,Male,United States,Basic,2022-01-15
2705,29,Female,India,Free,2020-07-16
2706,43,Male,Mexico,Free,2021-05-04
2707,39,Male,United States,Free,2023-04-08
2708,52,Female,India,Free,2025-06-26
2709,61,Female,India,Free,2024-06-26
2710,62,Female,France,Free,2021-02-21
2711,28,Other,Brazil,Free,2021-11-11
2712,47,Male,United States,Free,2023-09-17
2713,40,Other,India,Free,2022-06-23
2714,68,Male,Mexico,Standard,2021-07-28
2715,59,Male,Australia,Free,2024-04-14
2716,16,Female,India,Basic,2022-08-17
2717,17,Male,India,Basic,2020-06-08
2718,48,Male,Germany,Standard,2019-09-08
2719,53,Female,Singapore,Standard,2023-03-03
2720,54,Male,India,Free,2024-10-25
2721,24,Female,Japan,Free,2020-03-24
2722,65,Male,United Kingdom,Free,2026-01-05
2723,38,Female,India,Free,2019-04-16
2724,36,Male,United States,Standard,2020-08-14
2725,41,Male,United States,Basic,2024-11-21
2726,25,Male,India,Premium,2020-01-13
2727,41,Other,India,Basic,2023-08-28
2728,69,Female,United States,Premium,2026-02-21
2729,15,Male,United States,Premium,2020-06-09
2730,35,Female,United States,Basic,2020-01-30
2731,45,Female,Japan,Basic,2020-05-30
2732,29,Female,Brazil,Free,2026-05-24
2733,20,Female,Germany,Free,2025-11-24
2734,21,Male,India,Standard,2022-05-18
2735,36,Female,United States,Basic,2024-10-18
2736,51,Other,India,Premium,2022-09-05
2737,42,Male,India,Standard,2019-05-21
2738,62,Female,United States,Free,2021-03-21
2739,26,Male,Australia,Standard,2021-09-01
2740,25,Male,India,Basic,2022-11-09
2741,27,Female,Japan,Basic,2024-01-26
2742,28,Male,India,Basic,2022-02-18
2743,56,Female,South Africa,Free,2021-02-02
2744,31,Male,Singapore,Standard,2024-02-13
2745,57,Male,Singapore,Standard,2021-12-12
2746,19,Female,United States,Free,2025-02-03
2747,23,Male,Italy,Standard,2020-05-07
2748,50,Female,India,Free,2024-01-28
2749,42,Female,Mexico,Premium,2024-08-29
2750,26,Male,Mexico,Premium,2021-03-09
2751,24,Female,India,Free,2022-12-20
2752,48,Female,India,Premium,2024-11-20
2753,18,Female,United States,Free,2024-12-14
2754,25,Male,India,Free,2026-02-11
2755,69,Female,Japan,Standard,2020-09-14
2756,49,Female,Canada,Premium,2022-02-14
2757,18,Female,Mexico,Free,2024-11-07
2758,41,Female,United States,Free,2022-05-13
2759,15,Male,Germany,Standard,2021-05-05
2760,61,Female,Mexico,Free,2023-08-08
2761,23,Male,Japan,Standard,2021-09-20
2762,40,Female,Australia,Free,2021-03-03
2763,30,Female,India,Premium,2022-02-05
2764,23,Female,India,Standard,2020-09-13
2765,28,Male,Germany,Standard,2019-02-14
2766,55,Male,United States,Free,2026-01-18
2767,53,Male,Australia,Free,2020-05-26
2768,49,Female,United States,Free,2022-10-30
2769,32,Female,India,Standard,2021-11-12
2770,22,Female,United States,Free,2024-06-18
2771,63,Male,United Kingdom,Free,2025-10-07
2772,53,Female,India,Standard,2024-07-18
2773,68,Female,United States,Free,2020-03-06
2774,70,Female,Japan,Standard,2021-10-27
2775,55,Female,United States,Standard,2022-12-31
2776,20,Male,Germany,Basic,2025-07-27
2777,46,Male,United States,Free,2024-06-21
2778,50,Female,Canada,Basic,2026-06-27
2779,39,Male,India,Standard,2026-03-17
2780,21,Female,India,Standard,2023-01-17
2781,52,Female,UAE,Basic,2023-06-01
2782,60,Female,United States,Standard,2024-03-02
2783,51,Female,India,Free,2026-01-16
2784,62,Female,Australia,Free,2025-05-11
2785,26,Male,Mexico,Free,2023-08-16
2786,66,Male,United States,Premium,2023-01-08
2787,67,Female,United States,Premium,2022-02-07
2788,43,Female,United States,Standard,2026-02-13
2789,31,Female,India,Basic,2025-02-19
2790,56,Male,United States,Free,2020-12-05
2791,69,Female,India,Free,2025-01-13
2792,62,Female,Italy,Free,2022-06-06
2793,21,Female,India,Basic,2025-12-21
2794,46,Female,France,Free,2024-06-11
2795,37,Male,United States,Free,2020-10-14
2796,25,Male,India,Basic,2024-09-04
2797,59,Female,India,Basic,2020-12-29
2798,40,Female,India,Free,2025-09-15
2799,57,Male,India,Standard,2024-12-22
2800,37,Male,South Africa,Free,2022-04-18
2801,54,Female,India,Premium,2023-12-18
2802,67,Male,United Kingdom,Standard,2022-01-26
2803,16,Female,Japan,Premium,2021-10-01
2804,29,Male,Japan,Free,2022-04-30
2805,30,Other,Singapore,Basic,2023-12-03
2806,41,Female,Netherlands,Free,2021-02-01
2807,69,Female,United States,Basic,2023-05-05
2808,62,Male,Brazil,Free,2021-12-15
2809,42,Male,UAE,Premium,2022-08-04
2810,49,Male,Mexico,Free,2021-10-08
2811,65,Female,India,Premium,2024-09-09
2812,60,Male,United States,Standard,2025-10-10
2813,29,Female,Germany,Basic,2025-03-19
2814,67,Other,United States,Basic,2019-08-06
2815,44,Female,United Kingdom,Basic,2020-12-02
2816,16,Female,United Kingdom,Free,2022-11-24
2817,45,Female,India,Standard,2019-09-25
2818,61,Male,India,Premium,2019-04-23
2819,60,Female,United States,Standard,2020-06-30
2820,40,Male,United States,Basic,2022-06-01
2821,36,Male,Brazil,Basic,2023-07-26
2822,24,Female,Netherlands,Basic,2019-01-28
2823,54,Male,France,Basic,2019-10-18
2824,54,Male,United States,Free,2021-03-08
2825,30,Other,Brazil,Premium,2021-01-12
2826,16,Female,United Kingdom,Free,2019-12-31
2827,21,Female,Canada,Premium,2023-05-06
2828,66,Male,Germany,Free,2022-11-07
2829,26,Male,United States,Standard,2021-10-29
2830,46,Male,India,Free,2022-12-09
2831,56,Female,United States,Standard,2024-11-15
2832,31,Male,Canada,Premium,2019-08-31
2833,58,Male,India,Premium,2024-12-07
2834,15,Male,United States,Free,2025-05-15
2835,51,Male,India,Free,2026-02-20
2836,54,Female,United Kingdom,Premium,2020-02-02
2837,70,Female,India,Free,2020-12-25
2838,43,Female,Singapore,Free,2020-09-01
2839,67,Female,India,Free,2025-01-10
2840,65,Female,Brazil,Free,2022-04-08
2841,21,Male,India,Basic,2020-02-13
2842,46,Male,India,Basic,2022-10-13
2843,44,Female,United Kingdom,Free,2024-01-09
2844,22,Female,India,Free,2020-08-02
2845,30,Other,United Kingdom,Standard,2019-06-20
2846,37,Male,Netherlands,Basic,2026-05-25
2847,60,Female,Canada,Standard,2020-01-08
2848,57,Female,South Africa,Basic,2024-12-18
2849,48,Male,United Kingdom,Free,2022-08-05
2850,23,Male,India,Premium,2023-10-13
2851,40,Male,India,Free,2020-03-03
2852,35,Female,Canada,Free,2022-03-22
2853,64,Female,India,Standard,2021-02-09
2854,20,Male,Canada,Premium,2025-02-01
2855,26,Female,France,Basic,2019-07-13
2856,34,Male,United States,Basic,2023-11-12
2857,62,Female,Japan,Basic,2019-07-03
2858,28,Male,Mexico,Premium,2022-08-04
2859,19,Female,United Kingdom,Basic,2025-11-15
2860,15,Male,United States,Premium,2020-04-21
2861,33,Male,India,Standard,2022-09-16
2862,26,Other,Japan,Free,2023-07-05
2863,17,Male,Canada,Basic,2021-11-23
2864,42,Female,Germany,Premium,2022-06-22
2865,28,Female,Australia,Premium,2023-08-04
2866,59,Male,Japan,Free,2021-02-15
2867,67,Female,India,Free,2023-06-08
2868,17,Female,United States,Standard,2021-07-02
2869,19,Female,India,Premium,2024-06-24
2870,19,Male,United States,Premium,2021-11-16
2871,58,Female,Germany,Free,2022-03-19
2872,33,Female,India,Standard,2023-06-06
2873,67,Female,India,Free,2024-08-01
2874,27,Male,Netherlands,Basic,2020-03-23
2875,22,Male,Japan,Free,2019-10-04
2876,30,Male,United States,Standard,2023-12-16
2877,53,Female,Australia,Basic,2021-02-13
2878,64,Male,United States,Basic,2020-09-17
2879,36,Female,India,Free,2024-03-07
2880,27,Female,India,Free,2022-04-10
2881,47,Male,India,Free,2026-05-19
2882,61,Male,Singapore,Free,2021-10-03
2883,53,Female,United Kingdom,Free,2022-07-24
2884,18,Male,India,Basic,2019-03-13
2885,54,Female,France,Free,2019-06-07
2886,24,Female,Germany,Free,2019-01-15
2887,51,Male,United States,Basic,2021-07-08
2888,63,Female,Canada,Free,2026-04-11
2889,67,Female,Mexico,Basic,2022-03-02
2890,58,Female,United States,Standard,2024-07-02
2891,54,Male,Netherlands,Basic,2024-05-16
2892,24,Male,Singapore,Free,2022-03-20
2893,55,Female,Italy,Free,2021-11-19
2894,25,Male,India,Standard,2020-08-12
2895,17,Male,Germany,Basic,2021-07-18
2896,40,Male,Australia,Free,2023-07-21
2897,41,Female,United States,Basic,2023-05-11
2898,44,Male,United States,Free,2024-12-10
2899,28,Male,Germany,Basic,2026-05-24
2900,65,Female,UAE,Basic,2023-07-31
2901,38,Female,India,Free,2020-03-21
2902,49,Female,United States,Standard,2025-12-29
2903,41,Male,India,Basic,2020-10-03
2904,57,Male,United Kingdom,Free,2023-12-20
2905,16,Female,United States,Standard,2022-01-24
2906,62,Female,Brazil,Basic,2025-06-13
2907,65,Female,India,Free,2021-10-03
2908,70,Female,Brazil,Basic,2025-11-05
2909,63,Female,France,Premium,2020-02-02
2910,65,Male,India,Premium,2019-08-05
2911,36,Female,United States,Premium,2021-04-11
2912,62,Male,India,Standard,2023-01-26
2913,54,Female,Canada,Standard,2024-04-29
2914,36,Female,India,Free,2025-04-20
2915,25,Female,India,Basic,2024-12-20
2916,54,Male,Canada,Basic,2022-02-25
2917,59,Female,India,Free,2020-08-23
2918,43,Male,India,Premium,2024-04-20
2919,39,Male,Brazil,Basic,2023-01-24
2920,43,Female,India,Premium,2024-07-07
2921,57,Female,UAE,Premium,2023-02-24
2922,19,Male,Australia,Standard,2020-09-04
2923,22,Other,Brazil,Standard,2026-02-10
2924,35,Male,Brazil,Standard,2022-12-23
2925,53,Other,United Kingdom,Basic,2025-08-14
2926,41,Other,United States,Free,2024-10-03
2927,32,Other,UAE,Free,2022-07-28
2928,25,Male,India,Free,2024-01-13
2929,42,Male,India,Premium,2026-05-13
2930,44,Female,United States,Free,2025-12-31
2931,15,Female,India,Free,2024-04-09
2932,39,Male,Germany,Free,2023-03-17
2933,36,Male,United Kingdom,Premium,2023-10-05
2934,41,Female,India,Free,2021-12-07
2935,50,Male,India,Free,2024-01-17
2936,57,Male,Australia,Free,2024-09-15
2937,22,Male,India,Standard,2021-09-22
2938,19,Male,India,Basic,2021-08-28
2939,64,Male,India,Standard,2022-10-29
2940,70,Female,India,Basic,2024-03-02
2941,55,Female,Brazil,Free,2020-05-14
2942,18,Female,India,Standard,2019-11-29
2943,26,Male,Mexico,Free,2021-08-12
2944,28,Male,India,Free,2024-12-08
2945,27,Male,India,Premium,2025-10-15
2946,60,Male,India,Standard,2019-09-08
2947,43,Male,India,Free,2021-03-20
2948,31,Male,United Kingdom,Premium,2020-05-22
2949,59,Female,India,Standard,2021-07-21
2950,25,Male,Japan,Free,2023-08-16
2951,47,Female,India,Free,2022-11-13
2952,62,Male,India,Premium,2021-10-27
2953,33,Female,India,Free,2022-11-10
2954,61,Male,France,Basic,2024-01-01
2955,15,Other,Germany,Free,2023-01-20
2956,59,Female,Germany,Free,2021-12-10
2957,61,Female,United States,Standard,2024-05-21
2958,38,Female,Brazil,Free,2021-02-18
2959,29,Female,India,Free,2024-03-19
2960,44,Male,Brazil,Premium,2023-07-10
2961,44,Female,United States,Free,2023-04-29
2962,41,Female,Singapore,Standard,2023-04-12
2963,70,Female,United States,Free,2026-06-03
2964,26,Male,Mexico,Free,2019-03-09
2965,40,Male,India,Free,2024-07-30
2966,40,Male,Japan,Premium,2022-02-11
2967,29,Male,Canada,Basic,2023-11-18
2968,69,Male,Italy,Free,2020-03-10
2969,19,Female,Germany,Basic,2020-08-02
2970,30,Female,United Kingdom,Free,2024-07-02
2971,15,Female,Australia,Free,2022-06-26
2972,58,Female,Canada,Basic,2024-12-09
2973,33,Male,United States,Standard,2020-06-08
2974,38,Female,United States,Free,2023-02-24
2975,41,Male,Mexico,Standard,2022-07-04
2976,55,Female,Italy,Standard,2025-03-23
2977,36,Female,United States,Free,2020-06-04
2978,35,Female,Canada,Premium,2025-08-25
2979,54,Male,Japan,Basic,2024-04-08
2980,16,Male,UAE,Free,2020-08-30
2981,54,Male,United Kingdom,Basic,2021-12-25
2982,19,Male,Brazil,Standard,2022-02-05
2983,60,Male,Japan,Free,2021-10-07
2984,29,Female,United States,Standard,2024-05-30
2985,50,Male,India,Free,2022-07-10
2986,53,Female,India,Standard,2021-02-09
2987,53,Female,India,Free,2021-03-09
2988,48,Female,India,Standard,2023-09-29
2989,59,Female,India,Free,2020-08-13
2990,33,Male,Australia,Standard,2019-11-19
2991,38,Male,UAE,Free,2026-01-07
2992,39,Female,Canada,Standard,2020-03-17
2993,32,Male,India,Basic,2022-03-12
2994,25,Female,United States,Free,2019-08-03
2995,70,Male,United States,Free,2023-03-17
2996,50,Male,United States,Free,2020-12-30
2997,35,Female,Brazil,Basic,2022-08-20
2998,51,Female,India,Basic,2020-06-24
2999,46,Male,India,Free,2024-11-11
3000,25,Female,India,Standard,2023-01-02
3001,36,Male,United States,Free,2023-06-29
3002,49,Male,United States,Standard,2020-09-26
3003,50,Female,Japan,Basic,2020-04-17
3004,63,Female,India,Free,2026-03-25
3005,58,Female,India,Standard,2021-07-12
3006,45,Male,India,Free,2020-09-17
3007,70,Male,United States,Free,2026-02-11
3008,57,Male,United Kingdom,Free,2019-04-07
3009,57,Female,United States,Free,2021-03-30
3010,52,Male,India,Basic,2022-12-02
3011,59,Male,UAE,Basic,2020-11-03
3012,40,Male,United Kingdom,Premium,2025-12-25
3013,33,Male,United States,Free,2021-04-05
3014,63,Female,United States,Free,2021-12-02
3015,40,Male,India,Free,2025-10-07
3016,56,Female,Brazil,Free,2020-04-06
3017,17,Male,India,Premium,2021-04-22
3018,27,Female,France,Free,2021-05-27
3019,52,Female,United States,Free,2026-01-08
3020,29,Female,UAE,Free,2024-09-24
3021,16,Male,India,Free,2022-09-29
3022,28,Female,Germany,Standard,2024-02-19
3023,40,Female,India,Basic,2025-04-16
3024,53,Male,Netherlands,Premium,2021-10-14
3025,19,Female,UAE,Premium,2025-12-11
3026,18,Female,Mexico,Premium,2022-05-27
3027,43,Male,Canada,Free,2019-08-08
3028,38,Male,India,Basic,2023-03-08
3029,19,Male,Australia,Free,2019-05-24
3030,22,Male,India,Premium,2021-04-18
3031,22,Female,France,Standard,2019-05-05
3032,45,Male,India,Standard,2024-02-08
3033,70,Female,Germany,Free,2019-04-03
3034,59,Female,India,Standard,2021-06-01
3035,19,Male,United States,Free,2023-11-07
3036,68,Male,India,Free,2019-06-30
3037,57,Male,Brazil,Free,2022-02-27
3038,61,Male,Brazil,Free,2022-01-18
3039,70,Male,Germany,Standard,2026-04-17
3040,17,Female,Japan,Basic,2024-06-24
3041,65,Male,Japan,Free,2023-01-31
3042,20,Female,United States,Basic,2020-11-02
3043,38,Female,United States,Basic,2020-08-19
3044,35,Female,United States,Free,2023-07-04
3045,38,Male,United States,Free,2024-07-18
3046,58,Female,United States,Basic,2025-10-02
3047,31,Female,United States,Free,2024-03-26
3048,43,Female,Singapore,Free,2019-06-25
3049,36,Female,Singapore,Basic,2025-09-18
3050,36,Female,Japan,Free,2025-06-07
3051,23,Other,Brazil,Standard,2023-06-12
3052,20,Female,UAE,Premium,2025-02-06
3053,17,Female,Canada,Free,2025-03-04
3054,57,Female,France,Standard,2022-10-03
3055,46,Male,France,Standard,2025-02-24
3056,40,Female,Japan,Free,2022-12-09
3057,62,Male,France,Free,2026-03-08
3058,56,Male,Japan,Premium,2021-02-10
3059,60,Male,Brazil,Basic,2020-03-17
3060,46,Male,India,Premium,2021-09-17
3061,63,Male,Japan,Basic,2020-01-31
3062,67,Male,India,Free,2021-04-28
3063,26,Female,Germany,Free,2024-01-28
3064,22,Male,United States,Basic,2025-09-13
3065,34,Male,United States,Free,2025-12-11
3066,52,Female,Australia,Basic,2024-07-05
3067,17,Female,United States,Free,2024-04-23
3068,70,Female,France,Standard,2023-09-28
3069,59,Female,UAE,Premium,2024-07-01
3070,16,Male,Italy,Standard,2019-12-22
3071,45,Male,India,Free,2026-01-29
3072,21,Male,France,Free,2024-04-06
3073,17,Male,United Kingdom,Standard,2024-01-23
3074,28,Female,India,Standard,2025-08-27
3075,70,Female,India,Basic,2019-10-11
3076,47,Male,India,Basic,2025-01-03
3077,56,Female,India,Free,2024-10-17
3078,46,Male,United States,Premium,2019-06-13
3079,33,Female,United States,Standard,2019-11-11
3080,27,Female,India,Free,2026-05-02
3081,26,Female,India,Free,2022-10-24
3082,70,Female,Japan,Free,2023-12-27
3083,66,Female,South Africa,Free,2020-07-24
3084,23,Female,Mexico,Basic,2023-11-30
3085,46,Male,Germany,Free,2024-11-21
3086,59,Male,United Kingdom,Basic,2019-05-18
3087,32,Male,Germany,Free,2019-12-24
3088,31,Female,Australia,Basic,2024-09-08
3089,30,Female,Singapore,Free,2020-10-25
3090,20,Female,Australia,Basic,2025-02-14
3091,38,Female,United States,Premium,2026-05-12
3092,26,Female,India,Free,2021-04-09
3093,24,Male,France,Free,2023-03-04
3094,18,Female,India,Basic,2021-12-25
3095,52,Female,United States,Standard,2022-08-01
3096,30,Female,Brazil,Free,2024-04-28
3097,45,Male,India,Free,2026-02-07
3098,55,Female,Brazil,Free,2020-06-04
3099,69,Female,Singapore,Free,2024-10-03
3100,19,Female,India,Standard,2026-01-06
3101,38,Female,Japan,Basic,2023-11-04
3102,17,Female,Brazil,Free,2023-03-11
3103,40,Male,Japan,Free,2020-06-05
3104,45,Female,Brazil,Premium,2026-03-31
3105,70,Female,India,Basic,2022-03-24
3106,46,Female,United States,Free,2019-09-29
3107,50,Male,UAE,Free,2026-03-12
3108,17,Male,United States,Basic,2022-10-30
3109,34,Female,Canada,Premium,2024-04-08
3110,47,Female,France,Standard,2025-08-11
3111,59,Female,Germany,Basic,2025-06-09
3112,23,Male,India,Basic,2022-11-03
3113,49,Female,Australia,Free,2022-01-03
3114,32,Female,Canada,Free,2022-08-20
3115,30,Female,United States,Free,2022-10-04
3116,48,Female,India,Basic,2026-05-23
3117,27,Female,UAE,Free,2022-04-23
3118,27,Female,United States,Basic,2022-08-08
3119,28,Female,Canada,Free,2022-04-08
3120,55,Male,Canada,Basic,2022-10-13
3121,26,Female,Brazil,Free,2023-05-24
3122,45,Female,Mexico,Basic,2022-10-30
3123,24,Male,India,Free,2023-03-23
3124,67,Female,United States,Free,2021-11-09
3125,46,Male,Netherlands,Basic,2022-02-08
3126,47,Female,India,Free,2023-10-18
3127,55,Other,Canada,Basic,2023-05-04
3128,35,Male,India,Free,2019-08-12
3129,17,Female,India,Basic,2022-01-04
3130,23,Female,South Africa,Standard,2021-04-19
3131,17,Female,Canada,Free,2022-10-14
3132,54,Female,India,Free,2021-06-21
3133,54,Female,France,Premium,2022-12-19
3134,68,Male,India,Basic,2021-06-19
3135,25,Female,Japan,Free,2025-11-29
3136,16,Female,India,Standard,2022-01-09
3137,66,Female,India,Standard,2021-06-24
3138,30,Male,India,Free,2021-06-21
3139,32,Male,India,Free,2025-07-02
3140,70,Female,United States,Free,2020-02-16
3141,69,Male,Germany,Basic,2023-04-24
3142,69,Female,United States,Basic,2022-01-17
3143,28,Female,United Kingdom,Standard,2024-11-16
3144,36,Male,United Kingdom,Basic,2023-12-17
3145,53,Male,India,Free,2023-03-27
3146,25,Female,India,Free,2023-07-18
3147,32,Male,India,Free,2025-09-25
3148,45,Other,Germany,Basic,2026-03-28
3149,59,Male,Germany,Free,2025-05-30
3150,37,Male,India,Basic,2023-12-30
3151,42,Male,India,Free,2023-02-10
3152,31,Male,India,Premium,2026-03-26
3153,48,Female,Japan,Standard,2023-04-12
3154,38,Male,India,Standard,2020-10-12
3155,20,Female,United Kingdom,Free,2024-11-21
3156,31,Male,India,Premium,2022-02-14
3157,70,Female,India,Free,2024-11-02
3158,19,Male,India,Free,2026-05-05
3159,65,Female,Mexico,Premium,2020-12-21
3160,33,Female,Mexico,Premium,2021-08-25
3161,16,Female,India,Standard,2019-10-03
3162,64,Male,Japan,Free,2020-05-23
3163,64,Male,Brazil,Standard,2020-09-17
3164,49,Female,India,Free,2020-12-04
3165,64,Male,Japan,Basic,2019-08-21
3166,40,Male,India,Free,2020-06-25
3167,30,Female,Japan,Basic,2022-02-17
3168,44,Male,India,Free,2021-10-13
3169,25,Female,France,Free,2023-03-26
3170,23,Male,United States,Standard,2023-06-06
3171,50,Female,United States,Basic,2026-04-05
3172,48,Male,Canada,Standard,2023-07-18
3173,63,Male,Mexico,Free,2024-08-08
3174,23,Female,India,Basic,2023-02-14
3175,68,Male,Canada,Basic,2023-03-20
3176,34,Male,United States,Free,2019-03-07
3177,28,Male,Australia,Free,2025-08-15
3178,65,Female,India,Standard,2023-06-12
3179,30,Male,UAE,Premium,2021-11-01
3180,46,Male,Germany,Free,2021-04-18
3181,44,Male,Mexico,Free,2020-08-19
3182,55,Female,India,Free,2024-03-20
3183,39,Female,Singapore,Free,2022-04-19
3184,37,Female,United Kingdom,Free,2024-05-17
3185,19,Male,India,Premium,2020-11-10
3186,15,Other,India,Standard,2022-01-09
3187,18,Male,India,Basic,2019-04-09
3188,43,Male,Brazil,Basic,2025-12-21
3189,35,Male,India,Basic,2020-05-20
3190,43,Female,United States,Basic,2026-06-22
3191,64,Female,France,Basic,2020-09-20
3192,67,Male,Australia,Basic,2026-02-14
3193,32,Male,Brazil,Free,2025-12-01
3194,39,Male,India,Free,2019-02-19
3195,23,Male,Canada,Basic,2020-09-13
3196,42,Female,India,Premium,2019-01-03
3197,19,Male,India,Standard,2019-09-28
3198,29,Male,Netherlands,Premium,2024-07-14
3199,22,Male,United States,Premium,2025-12-01
3200,61,Other,Singapore,Premium,2021-11-23
3201,51,Female,UAE,Standard,2022-09-16
3202,55,Female,United Kingdom,Standard,2025-08-12
3203,48,Female,Brazil,Standard,2021-10-01
3204,29,Female,United States,Free,2024-09-15
3205,34,Female,France,Basic,2025-08-20
3206,34,Female,India,Standard,2025-03-23
3207,29,Female,India,Premium,2024-03-16
3208,24,Female,Germany,Basic,2023-08-18
3209,62,Male,Canada,Free,2021-09-20
3210,25,Female,Mexico,Standard,2022-07-09
3211,18,Male,Japan,Free,2024-04-22
3212,16,Male,United States,Free,2024-06-15
3213,46,Female,United States,Free,2023-10-28
3214,69,Male,India,Standard,2022-10-08
3215,25,Female,Canada,Premium,2020-02-17
3216,20,Male,France,Free,2023-10-22
3217,46,Female,Mexico,Standard,2026-04-08
3218,24,Other,India,Free,2020-06-30
3219,33,Other,United States,Standard,2023-01-03
3220,57,Female,India,Premium,2022-09-14
3221,21,Male,Canada,Premium,2025-11-21
3222,15,Female,India,Free,2023-05-20
3223,67,Other,India,Basic,2025-11-25
3224,68,Female,Japan,Free,2019-09-24
3225,44,Female,India,Basic,2024-10-09
3226,21,Female,India,Free,2023-05-31
3227,69,Male,India,Basic,2024-01-28
3228,37,Female,United States,Standard,2023-07-01
3229,41,Female,India,Premium,2022-06-20
3230,57,Male,India,Free,2020-09-27
3231,17,Male,Canada,Free,2020-03-17
3232,43,Male,France,Free,2022-09-24
3233,59,Male,India,Basic,2023-08-06
3234,22,Female,Australia,Standard,2025-08-04
3235,34,Female,India,Basic,2019-05-19
3236,38,Male,India,Free,2019-05-09
3237,68,Female,India,Free,2024-07-31
3238,44,Female,United States,Standard,2022-08-18
3239,43,Male,United States,Premium,2023-09-26
3240,57,Male,South Africa,Basic,2021-01-23
3241,15,Female,India,Free,2020-01-17
3242,46,Female,United States,Free,2020-07-28
3243,30,Female,United Kingdom,Free,2021-04-08
3244,61,Male,India,Free,2023-01-17
3245,60,Male,Canada,Free,2020-03-04
3246,45,Female,Italy,Free,2020-08-28
3247,36,Female,Singapore,Standard,2022-01-25
3248,48,Male,United Kingdom,Basic,2025-11-12
3249,27,Male,Mexico,Standard,2024-02-07
3250,61,Female,India,Premium,2024-02-13
3251,17,Male,India,Basic,2019-09-15
3252,45,Female,United States,Basic,2025-10-29
3253,51,Male,United States,Basic,2024-01-15
3254,31,Male,Australia,Free,2021-07-28
3255,57,Female,India,Free,2024-12-13
3256,29,Male,Mexico,Basic,2023-06-15
3257,15,Male,Mexico,Standard,2022-01-25
3258,49,Female,United Kingdom,Basic,2024-08-17
3259,70,Female,Brazil,Basic,2022-06-08
3260,64,Female,India,Premium,2021-05-24
3261,49,Female,India,Free,2021-08-19
3262,39,Female,United States,Basic,2021-03-31
3263,15,Female,India,Basic,2024-05-19
3264,16,Male,Mexico,Standard,2020-11-23
3265,57,Male,India,Free,2023-10-13
3266,28,Female,United States,Standard,2022-03-28
3267,34,Other,Germany,Basic,2019-11-09
3268,24,Female,Singapore,Free,2021-09-08
3269,19,Female,Brazil,Premium,2021-01-03
3270,22,Female,United States,Basic,2024-12-29
3271,44,Female,United Kingdom,Basic,2019-12-08
3272,37,Female,United States,Free,2021-02-14
3273,49,Female,France,Premium,2025-12-15
3274,66,Other,Brazil,Premium,2020-10-26
3275,24,Male,United Kingdom,Standard,2021-03-06
3276,45,Other,France,Free,2022-10-25
3277,69,Male,France,Free,2024-09-29
3278,64,Female,India,Free,2026-02-24
3279,45,Female,France,Free,2021-07-17
3280,68,Female,South Africa,Basic,2024-02-19
3281,39,Male,United States,Premium,2019-05-30
3282,43,Male,Canada,Free,2026-06-15
3283,38,Female,United States,Standard,2022-07-14
3284,70,Male,India,Free,2024-11-02
3285,50,Female,Canada,Basic,2025-03-17
3286,50,Female,United States,Basic,2019-05-14
3287,65,Female,United States,Free,2023-10-10
3288,33,Male,India,Premium,2026-06-16
3289,23,Female,Japan,Premium,2022-02-23
3290,36,Female,Netherlands,Premium,2023-01-30
3291,19,Female,France,Basic,2019-04-18
3292,33,Male,Germany,Premium,2024-11-20
3293,53,Female,India,Free,2021-12-18
3294,64,Male,UAE,Free,2021-05-19
3295,52,Female,India,Free,2025-03-03
3296,63,Female,Singapore,Standard,2025-02-26
3297,51,Female,United Kingdom,Premium,2026-05-18
3298,34,Male,United States,Premium,2022-07-01
3299,41,Male,United States,Standard,2020-07-14
3300,19,Male,Mexico,Free,2024-05-07
3301,17,Male,United States,Basic,2021-12-18
3302,25,Female,Canada,Standard,2019-12-02
3303,36,Male,Australia,Basic,2020-03-01
3304,55,Female,United States,Standard,2020-06-02
3305,25,Female,Japan,Standard,2021-09-04
3306,41,Male,United Kingdom,Free,2021-02-07
3307,46,Female,India,Free,2026-06-24
3308,39,Male,United Kingdom,Free,2023-07-15
3309,52,Male,Canada,Free,2025-11-29
3310,69,Female,Germany,Free,2025-10-15
3311,46,Male,India,Basic,2021-11-02
3312,59,Male,India,Basic,2020-05-06
3313,57,Male,Germany,Free,2021-10-20
3314,62,Male,India,Free,2021-06-12
3315,32,Female,Canada,Standard,2020-03-29
3316,68,Female,United States,Free,2024-01-06
3317,24,Male,Australia,Free,2023-02-19
3318,35,Other,United States,Basic,2022-01-31
3319,43,Female,Singapore,Free,2023-05-14
3320,37,Male,Australia,Premium,2021-09-21
3321,46,Female,India,Free,2019-01-13
3322,42,Male,India,Premium,2019-09-02
3323,62,Male,India,Basic,2022-03-22
3324,24,Male,India,Standard,2024-04-22
3325,65,Female,India,Basic,2022-05-26
3326,56,Male,India,Premium,2024-05-07
3327,39,Male,United Kingdom,Basic,2020-06-30
3328,16,Female,Australia,Free,2025-03-09
3329,47,Female,India,Free,2023-02-27
3330,48,Male,India,Premium,2024-10-16
3331,66,Male,United States,Free,2020-03-14
3332,30,Female,India,Free,2026-06-30
3333,50,Female,Canada,Premium,2021-01-19
3334,55,Female,United Kingdom,Free,2019-03-22
3335,35,Female,Brazil,Basic,2022-10-29
3336,15,Female,India,Standard,2023-10-07
3337,31,Female,India,Free,2023-07-05
3338,57,Female,Canada,Basic,2020-01-29
3339,39,Male,India,Free,2019-07-07
3340,69,Male,United States,Free,2022-09-27
3341,46,Male,Mexico,Free,2019-11-09
3342,21,Female,India,Basic,2019-06-29
3343,28,Male,United Kingdom,Standard,2020-02-25
3344,58,Other,United Kingdom,Standard,2021-06-23
3345,62,Male,United States,Free,2019-02-17
3346,52,Male,Netherlands,Basic,2024-01-17
3347,28,Male,South Africa,Basic,2020-01-19
3348,66,Male,Canada,Standard,2021-09-14
3349,17,Male,India,Free,2019-01-27
3350,68,Female,Netherlands,Standard,2022-09-16
3351,21,Male,Canada,Premium,2022-02-11
3352,15,Male,United States,Free,2024-01-27
3353,50,Female,India,Free,2026-01-13
3354,51,Male,India,Free,2020-10-04
3355,29,Female,France,Free,2021-05-06
3356,27,Male,United States,Standard,2021-07-13
3357,54,Male,India,Premium,2021-04-16
3358,38,Female,UAE,Free,2023-11-04
3359,24,Female,Japan,Free,2023-03-29
3360,15,Male,India,Free,2023-09-18
3361,21,Male,India,Free,2023-08-28
3362,21,Male,Germany,Free,2024-10-31
3363,60,Female,Germany,Premium,2025-08-20
3364,52,Other,UAE,Free,2025-08-31
3365,49,Female,India,Basic,2020-12-06
3366,54,Female,United States,Free,2025-10-19
3367,28,Female,Brazil,Standard,2021-03-14
3368,40,Male,Brazil,Basic,2020-01-08
3369,70,Female,Brazil,Free,2019-08-09
3370,29,Female,United Kingdom,Premium,2025-04-13
3371,45,Male,Australia,Standard,2020-07-07
3372,18,Female,United Kingdom,Free,2020-06-01
3373,30,Female,United Kingdom,Basic,2019-10-31
3374,30,Female,India,Basic,2020-01-19
3375,31,Male,United Kingdom,Standard,2019-06-30
3376,42,Female,Japan,Free,2021-06-22
3377,59,Female,United Kingdom,Basic,2019-10-20
3378,42,Female,United Kingdom,Standard,2022-08-11
3379,44,Male,India,Standard,2019-05-03
3380,17,Female,Brazil,Standard,2019-04-10
3381,70,Female,India,Free,2026-02-22
3382,52,Male,Germany,Basic,2020-02-07
3383,43,Female,United Kingdom,Free,2026-01-27
3384,62,Other,India,Free,2022-12-18
3385,35,Male,India,Premium,2026-03-29
3386,33,Female,India,Free,2020-08-28
3387,53,Female,United Kingdom,Free,2024-11-09
3388,64,Male,India,Standard,2024-08-15
3389,54,Female,United States,Basic,2024-09-08
3390,42,Male,India,Free,2026-06-04
3391,31,Female,United States,Basic,2019-12-30
3392,38,Female,India,Free,2023-03-28
3393,51,Male,United States,Standard,2024-09-26
3394,29,Other,United States,Free,2022-06-24
3395,67,Male,Canada,Standard,2025-03-13
3396,60,Male,United States,Basic,2021-09-11
3397,41,Female,Canada,Basic,2022-12-25
3398,65,Other,Brazil,Standard,2024-11-23
3399,26,Male,India,Standard,2020-05-16
3400,70,Male,Japan,Free,2025-03-26
3401,48,Female,India,Standard,2026-03-21
3402,26,Female,United States,Premium,2021-10-16
3403,48,Male,Germany,Free,2026-04-07
3404,19,Male,India,Standard,2020-08-02
3405,59,Male,Germany,Standard,2024-11-06
3406,51,Female,Australia,Free,2022-05-03
3407,25,Male,Singapore,Standard,2020-06-18
3408,38,Female,Japan,Basic,2020-03-02
3409,34,Other,India,Basic,2019-06-17
3410,67,Male,Mexico,Basic,2020-10-03
3411,37,Female,United States,Free,2019-06-23
3412,26,Male,India,Standard,2022-10-24
3413,49,Female,India,Premium,2019-04-06
3414,57,Male,United States,Basic,2022-02-20
3415,70,Male,Canada,Standard,2024-08-31
3416,16,Female,France,Free,2025-03-27
3417,59,Female,India,Premium,2022-09-20
3418,61,Other,United States,Standard,2019-09-10
3419,58,Female,India,Standard,2019-08-24
3420,69,Male,India,Free,2022-12-25
3421,27,Female,India,Free,2020-05-15
3422,40,Female,Brazil,Standard,2020-01-04
3423,21,Female,United States,Basic,2020-05-21
3424,49,Male,Italy,Free,2020-01-10
3425,55,Female,United Kingdom,Free,2026-03-22
3426,35,Other,India,Basic,2019-05-23
3427,61,Male,India,Standard,2024-08-30
3428,46,Female,United States,Free,2024-03-06
3429,47,Female,Brazil,Standard,2024-11-18
3430,15,Male,India,Standard,2019-05-01
3431,52,Male,Brazil,Free,2020-06-07
3432,68,Female,South Africa,Free,2023-03-26
3433,36,Male,Germany,Free,2022-03-07
3434,67,Other,India,Standard,2023-08-29
3435,15,Female,Germany,Free,2025-11-02
3436,65,Male,UAE,Free,2025-10-08
3437,19,Female,Singapore,Basic,2025-06-13
3438,33,Male,India,Free,2024-12-10
3439,45,Male,India,Free,2023-07-27
3440,27,Male,France,Premium,2025-10-20
3441,53,Female,India,Basic,2022-10-04
3442,36,Male,India,Premium,2022-04-19
3443,23,Female,United States,Standard,2023-02-11
3444,55,Male,Brazil,Free,2023-06-08
3445,42,Male,Brazil,Free,2020-01-29
3446,22,Female,United States,Standard,2019-06-22
3447,27,Female,India,Premium,2023-01-19
3448,39,Male,Canada,Standard,2019-04-22
3449,39,Male,United States,Free,2021-05-21
3450,21,Female,Brazil,Free,2022-10-26
3451,37,Male,United States,Basic,2023-11-22
3452,51,Male,Australia,Basic,2025-04-18
3453,56,Female,Australia,Premium,2021-12-16
3454,33,Female,India,Free,2025-03-21
3455,15,Female,Netherlands,Standard,2022-11-04
3456,34,Male,Singapore,Premium,2024-12-05
3457,23,Male,India,Basic,2025-11-22
3458,61,Male,India,Free,2019-03-15
3459,53,Female,United Kingdom,Premium,2025-07-07
3460,60,Male,India,Basic,2019-03-06
3461,60,Other,Netherlands,Basic,2020-11-09
3462,40,Female,Germany,Basic,2026-01-07
3463,41,Female,Canada,Free,2026-05-14
3464,33,Female,Australia,Standard,2024-02-12
3465,20,Female,India,Basic,2023-02-08
3466,52,Male,Mexico,Free,2022-09-15
3467,51,Male,India,Basic,2022-06-22
3468,51,Female,Italy,Free,2020-12-18
3469,27,Male,Japan,Standard,2021-07-02
3470,33,Female,Brazil,Basic,2025-04-28
3471,50,Other,India,Basic,2019-04-05
3472,50,Male,United States,Free,2023-09-07
3473,16,Female,India,Free,2025-04-19
3474,61,Male,Canada,Free,2026-06-06
3475,53,Female,Australia,Premium,2024-10-31
3476,23,Female,Canada,Free,2022-03-12
3477,67,Male,United States,Basic,2026-06-11
3478,22,Other,UAE,Basic,2023-11-14
3479,36,Male,Brazil,Standard,2023-07-22
3480,52,Female,United Kingdom,Free,2026-05-31
3481,32,Male,United Kingdom,Basic,2022-11-12
3482,41,Female,South Africa,Free,2025-04-20
3483,45,Female,India,Standard,2020-08-19
3484,64,Male,United Kingdom,Basic,2020-05-07
3485,31,Female,Brazil,Free,2020-09-02
3486,30,Female,Brazil,Standard,2022-01-18
3487,55,Female,Singapore,Standard,2020-11-03
3488,45,Female,India,Standard,2024-10-05
3489,42,Female,UAE,Free,2019-08-14
3490,22,Female,Brazil,Basic,2019-11-04
3491,20,Female,Japan,Free,2019-04-15
3492,18,Female,United States,Free,2026-04-09
3493,32,Male,Australia,Free,2022-08-09
3494,18,Male,Brazil,Premium,2024-11-07
3495,27,Female,Mexico,Basic,2026-01-12
3496,24,Male,United States,Basic,2022-01-11
3497,16,Female,United States,Basic,2023-05-20
3498,25,Male,Mexico,Premium,2023-07-10
3499,63,Female,Germany,Basic,2022-11-12
3500,16,Female,India,Premium,2026-01-05
3501,67,Male,United States,Free,2020-10-21
3502,51,Female,Canada,Standard,2021-12-15
3503,16,Male,United Kingdom,Basic,2019-10-03
3504,27,Male,United States,Free,2020-06-27
3505,35,Male,Mexico,Free,2023-07-02
3506,21,Male,South Africa,Basic,2021-04-19
3507,69,Other,UAE,Standard,2019-11-18
3508,53,Male,United States,Free,2023-09-25
3509,30,Female,Italy,Free,2024-03-30
3510,46,Female,Italy,Free,2021-02-18
3511,28,Male,UAE,Basic,2022-06-11
3512,31,Female,France,Free,2025-06-28
3513,35,Male,Singapore,Free,2019-06-26
3514,67,Male,India,Premium,2021-08-26
3515,43,Male,India,Free,2024-04-10
3516,49,Male,India,Basic,2024-08-08
3517,57,Female,South Africa,Free,2020-10-23
3518,55,Male,United Kingdom,Standard,2025-01-05
3519,67,Male,Australia,Free,2023-09-16
3520,25,Female,United States,Standard,2025-10-20
3521,43,Male,United States,Standard,2025-01-18
3522,30,Female,Japan,Free,2022-07-28
3523,41,Male,India,Standard,2019-04-04
3524,46,Female,Canada,Standard,2023-10-22
3525,40,Female,Netherlands,Basic,2019-09-08
3526,40,Female,United Kingdom,Premium,2024-10-23
3527,64,Female,Singapore,Free,2019-01-10
3528,39,Female,India,Standard,2021-01-09
3529,29,Female,United States,Free,2023-05-31
3530,58,Female,United States,Standard,2025-01-17
3531,43,Female,Germany,Basic,2020-09-07
3532,61,Male,Australia,Premium,2019-10-25
3533,51,Male,Canada,Premium,2025-08-30
3534,17,Female,United Kingdom,Standard,2021-08-21
3535,42,Female,United Kingdom,Standard,2019-03-08
3536,25,Male,South Africa,Premium,2019-05-19
3537,53,Female,India,Standard,2023-11-10
3538,61,Female,Germany,Basic,2022-04-10
3539,56,Male,UAE,Free,2025-11-02
3540,47,Female,India,Free,2022-11-21
3541,43,Female,United Kingdom,Premium,2019-05-27
3542,59,Female,India,Premium,2021-08-21
3543,49,Male,United States,Free,2026-05-13
3544,26,Male,Canada,Free,2019-11-16
3545,54,Male,Australia,Premium,2024-07-20
3546,54,Female,United States,Free,2025-12-29
3547,51,Female,United Kingdom,Standard,2020-09-22
3548,68,Female,United States,Basic,2024-07-16
3549,62,Male,Australia,Free,2024-11-17
3550,15,Male,India,Basic,2021-08-30
3551,38,Male,India,Free,2023-01-16
3552,63,Other,United States,Basic,2024-02-14
3553,51,Male,Germany,Free,2025-01-28
3554,26,Female,United States,Free,2021-10-25
3555,26,Female,United States,Basic,2021-03-14
3556,23,Male,Japan,Free,2026-02-27
3557,30,Female,India,Basic,2025-06-17
3558,69,Male,United States,Premium,2021-03-07
3559,49,Other,South Africa,Premium,2022-10-25
3560,40,Male,India,Standard,2022-09-04
3561,26,Female,United States,Premium,2024-06-02
3562,26,Female,United States,Free,2025-06-15
3563,25,Male,Canada,Premium,2021-06-29
3564,36,Female,Brazil,Free,2021-07-04
3565,70,Other,United Kingdom,Basic,2023-05-22
3566,38,Male,Mexico,Basic,2021-12-12
3567,39,Female,United Kingdom,Free,2022-08-05
3568,63,Female,Germany,Standard,2021-07-07
3569,15,Male,Australia,Free,2024-09-29
3570,67,Female,South Africa,Free,2024-05-25
3571,53,Female,India,Basic,2022-09-28
3572,52,Male,Brazil,Free,2023-01-31
3573,28,Male,India,Free,2020-03-16
3574,35,Female,India,Free,2020-12-11
3575,38,Female,India,Basic,2024-11-18
3576,21,Male,United States,Premium,2019-07-07
3577,16,Female,India,Standard,2026-03-20
3578,66,Male,Mexico,Standard,2019-05-25
3579,64,Male,United States,Basic,2020-05-14
3580,59,Female,United States,Free,2020-06-23
3581,63,Male,India,Free,2024-10-07
3582,48,Female,Brazil,Basic,2020-07-14
3583,36,Female,South Africa,Standard,2023-09-01
3584,18,Female,Singapore,Basic,2023-08-29
3585,65,Female,United Kingdom,Free,2020-11-17
3586,23,Female,United States,Free,2022-02-19
3587,49,Female,France,Basic,2023-01-29
3588,65,Female,Brazil,Standard,2022-03-25
3589,26,Female,United States,Basic,2020-05-01
3590,20,Female,United States,Free,2020-07-11
3591,69,Male,India,Free,2022-06-10
3592,38,Female,Canada,Premium,2019-10-25
3593,30,Male,Singapore,Premium,2020-04-19
3594,66,Male,United States,Free,2022-08-20
3595,36,Female,United Kingdom,Basic,2023-10-10
3596,50,Female,Germany,Free,2022-03-10
3597,69,Female,Canada,Free,2025-12-14
3598,60,Female,United Kingdom,Premium,2021-06-28
3599,42,Male,Australia,Basic,2022-04-13
3600,56,Male,France,Free,2024-10-11
3601,62,Female,South Africa,Free,2019-10-13
3602,48,Male,Japan,Standard,2020-03-09
3603,62,Male,Japan,Free,2025-10-20
3604,24,Female,Australia,Basic,2025-12-31
3605,20,Male,France,Premium,2024-10-29
3606,30,Male,United Kingdom,Free,2025-03-14
3607,44,Male,United Kingdom,Standard,2023-07-13
3608,48,Female,Australia,Free,2021-01-10
3609,37,Female,United States,Standard,2023-01-27
3610,50,Female,United Kingdom,Free,2025-05-28
3611,17,Male,Canada,Basic,2024-02-01
3612,39,Female,United Kingdom,Standard,2023-05-27
3613,18,Female,India,Basic,2020-05-10
3614,56,Male,India,Standard,2021-03-23
3615,43,Female,France,Premium,2026-05-08
3616,52,Other,Mexico,Premium,2022-08-27
3617,26,Male,Canada,Basic,2025-11-23
3618,28,Female,UAE,Premium,2023-10-16
3619,66,Male,Singapore,Free,2022-05-26
3620,30,Female,India,Premium,2022-08-24
3621,56,Male,Italy,Standard,2025-01-21
3622,28,Male,Mexico,Free,2020-05-15
3623,46,Female,United States,Standard,2024-07-12
3624,29,Male,United States,Free,2019-03-22
3625,51,Male,Singapore,Basic,2024-08-02
3626,54,Female,India,Premium,2025-10-08
3627,67,Female,Canada,Free,2025-05-27
3628,26,Male,India,Free,2026-06-23
3629,53,Male,United Kingdom,Basic,2020-04-05
3630,28,Female,UAE,Free,2025-07-01
3631,50,Female,United Kingdom,Free,2019-04-26
3632,66,Female,Italy,Free,2023-02-01
3633,40,Female,France,Free,2021-02-10
3634,26,Male,India,Standard,2024-06-25
3635,53,Female,Germany,Basic,2024-08-24
3636,47,Female,United States,Standard,2023-03-05
3637,57,Female,India,Basic,2023-06-04
3638,18,Female,South Africa,Standard,2019-06-15
3639,27,Male,Italy,Free,2023-05-08
3640,56,Male,Canada,Standard,2022-08-06
3641,22,Male,United States,Premium,2021-05-10
3642,70,Female,UAE,Premium,2019-04-04
3643,64,Male,Canada,Standard,2025-07-31
3644,62,Male,India,Free,2024-05-11
3645,32,Female,France,Free,2025-11-12
3646,67,Male,India,Basic,2024-04-09
3647,20,Male,Canada,Free,2020-04-16
3648,24,Male,Australia,Standard,2020-04-18
3649,28,Male,Singapore,Premium,2024-02-29
3650,41,Male,Australia,Free,2025-10-17
3651,64,Female,India,Free,2023-07-08
3652,21,Male,India,Free,2019-05-11
3653,43,Male,United States,Standard,2024-12-07
3654,63,Male,India,Premium,2021-05-26
3655,17,Male,India,Free,2021-05-03
3656,49,Male,India,Standard,2026-06-17
3657,66,Male,United Kingdom,Free,2022-03-01
3658,26,Male,India,Standard,2023-06-06
3659,55,Female,South Africa,Premium,2025-06-19
3660,57,Male,India,Basic,2023-03-19
3661,23,Male,Japan,Free,2023-02-11
3662,37,Female,Japan,Free,2026-05-07
3663,15,Female,India,Standard,2025-09-08
3664,37,Male,Germany,Basic,2019-03-11
3665,64,Male,Italy,Free,2022-02-02
3666,27,Male,United States,Free,2023-02-10
3667,39,Male,South Africa,Free,2019-04-21
3668,31,Female,UAE,Standard,2019-04-16
3669,24,Other,Mexico,Basic,2023-01-22
3670,54,Male,India,Basic,2019-09-05
3671,25,Female,India,Standard,2019-12-16
3672,42,Male,Canada,Basic,2020-06-16
3673,23,Female,United Kingdom,Premium,2020-03-14
3674,36,Male,Mexico,Free,2026-01-31
3675,56,Male,Germany,Premium,2019-05-13
3676,30,Male,India,Free,2023-07-20
3677,46,Female,Brazil,Basic,2023-09-30
3678,65,Male,India,Basic,2022-11-26
3679,38,Male,Japan,Premium,2021-10-26
3680,45,Female,India,Standard,2024-03-06
3681,42,Male,India,Free,2020-04-30
3682,66,Female,India,Free,2023-08-17
3683,50,Male,United States,Free,2020-01-04
3684,46,Male,United Kingdom,Basic,2024-10-18
3685,21,Female,Germany,Basic,2020-08-29
3686,52,Male,Germany,Premium,2019-09-07
3687,44,Male,United Kingdom,Basic,2020-02-21
3688,30,Male,Germany,Free,2019-07-15
3689,67,Female,United States,Basic,2022-02-02
3690,46,Male,Brazil,Free,2021-03-16
3691,16,Male,United States,Free,2024-12-03
3692,58,Male,United States,Basic,2021-11-05
3693,46,Male,India,Free,2021-03-25
3694,57,Female,Brazil,Basic,2020-10-03
3695,67,Female,Mexico,Premium,2023-11-27
3696,40,Male,India,Free,2019-09-20
3697,48,Male,India,Premium,2019-03-19
3698,17,Male,India,Basic,2020-02-15
3699,34,Other,Australia,Free,2019-10-05
3700,65,Male,United States,Basic,2024-03-29
3701,22,Female,India,Standard,2021-12-11
3702,52,Male,Brazil,Basic,2025-04-24
3703,63,Female,Germany,Standard,2025-06-09
3704,15,Male,Australia,Standard,2022-07-21
3705,65,Male,India,Basic,2019-06-05
3706,66,Female,Australia,Basic,2024-07-28
3707,40,Female,United Kingdom,Basic,2021-07-05
3708,56,Male,United States,Basic,2020-05-07
3709,67,Male,Canada,Standard,2020-02-23
3710,41,Female,Mexico,Free,2024-06-09
3711,33,Female,United Kingdom,Basic,2021-10-13
3712,29,Female,Brazil,Basic,2021-05-13
3713,62,Female,United Kingdom,Basic,2022-03-30
3714,52,Female,India,Basic,2019-03-02
3715,19,Female,South Africa,Free,2023-10-31
3716,69,Other,Australia,Free,2024-03-28
3717,18,Female,Japan,Basic,2020-12-03
3718,21,Male,India,Free,2026-06-18
3719,57,Male,Brazil,Basic,2020-01-25
3720,69,Female,Mexico,Premium,2019-12-09
3721,30,Male,Germany,Basic,2024-10-02
3722,53,Female,Netherlands,Basic,2020-08-23
3723,22,Male,United States,Free,2025-01-10
3724,47,Female,Italy,Premium,2024-09-12
3725,16,Female,Singapore,Premium,2023-06-23
3726,31,Male,India,Standard,2024-01-23
3727,37,Female,France,Free,2023-12-09
3728,47,Male,Mexico,Basic,2019-09-10
3729,66,Male,United Kingdom,Basic,2022-08-04
3730,45,Female,Japan,Free,2021-02-12
3731,39,Female,India,Basic,2026-04-08
3732,57,Male,India,Premium,2025-08-15
3733,32,Female,Canada,Basic,2024-08-29
3734,24,Male,France,Basic,2024-05-08
3735,57,Female,India,Basic,2021-07-28
3736,60,Male,UAE,Free,2025-07-07
3737,42,Male,United States,Basic,2025-03-10
3738,56,Male,United Kingdom,Standard,2025-03-15
3739,50,Male,France,Free,2024-02-29
3740,52,Female,Brazil,Standard,2023-06-19
3741,26,Male,India,Basic,2023-09-24
3742,59,Female,Japan,Free,2025-02-17
3743,30,Female,Mexico,Basic,2021-12-24
3744,43,Female,India,Basic,2020-09-18
3745,50,Male,United States,Free,2022-12-27
3746,52,Female,Japan,Basic,2025-01-31
3747,49,Male,United Kingdom,Basic,2021-06-28
3748,32,Female,United Kingdom,Basic,2025-11-20
3749,17,Female,India,Free,2024-05-18
3750,24,Other,France,Basic,2025-06-16
3751,19,Male,Australia,Free,2022-05-13
3752,19,Male,Japan,Basic,2021-10-13
3753,37,Female,Netherlands,Basic,2020-10-30
3754,67,Female,Germany,Free,2021-05-23
3755,45,Female,UAE,Free,2021-10-15
3756,17,Female,United States,Basic,2023-06-29
3757,36,Female,Germany,Premium,2023-01-15
3758,32,Female,United Kingdom,Free,2025-11-29
3759,21,Male,Australia,Premium,2022-03-30
3760,32,Male,Canada,Basic,2019-09-16
3761,45,Female,United Kingdom,Premium,2019-09-25
3762,64,Female,Germany,Basic,2025-06-05
3763,63,Female,India,Basic,2019-01-12
3764,70,Male,Japan,Free,2022-01-17
3765,20,Male,United States,Standard,2020-03-04
3766,65,Male,United States,Free,2023-06-04
3767,55,Male,India,Basic,2026-06-09
3768,49,Female,South Africa,Standard,2025-07-10
3769,40,Female,United Kingdom,Free,2024-09-06
3770,39,Female,Germany,Premium,2022-09-02
3771,36,Female,Italy,Standard,2019-07-21
3772,22,Male,India,Basic,2021-01-09
3773,18,Female,Brazil,Premium,2021-10-06
3774,59,Female,UAE,Free,2020-04-09
3775,19,Male,United States,Standard,2021-07-19
3776,68,Female,France,Basic,2023-06-06
3777,28,Male,India,Premium,2026-04-06
3778,23,Male,Canada,Free,2025-09-21
3779,18,Male,India,Free,2026-05-11
3780,56,Female,Brazil,Free,2025-07-05
3781,31,Male,India,Free,2023-03-17
3782,58,Female,Brazil,Standard,2025-03-30
3783,54,Male,United Kingdom,Free,2023-11-21
3784,31,Male,Japan,Premium,2022-07-13
3785,42,Female,United Kingdom,Basic,2025-01-10
3786,16,Female,Brazil,Free,2022-07-30
3787,29,Male,United Kingdom,Basic,2023-10-08
3788,23,Male,Brazil,Free,2023-07-15
3789,39,Female,Singapore,Free,2023-09-12
3790,36,Female,India,Free,2022-09-30
3791,53,Female,India,Free,2023-10-09
3792,25,Female,India,Free,2021-01-11
3793,63,Female,United States,Premium,2026-05-13
3794,45,Male,India,Free,2019-10-03
3795,39,Male,India,Free,2020-02-14
3796,20,Male,Italy,Basic,2021-10-25
3797,49,Female,Australia,Premium,2019-01-26
3798,63,Female,United Kingdom,Free,2025-08-08
3799,48,Other,United Kingdom,Basic,2025-04-07
3800,23,Male,India,Basic,2023-01-07
3801,43,Female,UAE,Premium,2022-01-24
3802,43,Male,Germany,Standard,2020-11-03
3803,55,Female,India,Standard,2020-11-05
3804,18,Male,India,Standard,2024-05-14
3805,36,Male,United States,Basic,2023-04-30
3806,70,Female,India,Basic,2026-02-16
3807,25,Male,India,Basic,2022-06-22
3808,23,Male,United Kingdom,Standard,2024-08-24
3809,35,Female,United States,Standard,2022-01-04
3810,18,Male,Mexico,Free,2026-04-27
3811,38,Male,United States,Standard,2021-03-17
3812,69,Female,India,Premium,2020-09-23
3813,60,Other,India,Basic,2024-07-05
3814,58,Female,France,Premium,2024-01-21
3815,43,Female,United States,Free,2026-06-14
3816,33,Female,Germany,Free,2020-11-26
3817,16,Male,Japan,Basic,2020-11-26
3818,67,Male,United States,Standard,2026-05-07
3819,49,Male,Japan,Basic,2023-05-05
3820,30,Female,India,Standard,2021-03-07
3821,17,Male,Netherlands,Premium,2022-08-24
3822,61,Female,Japan,Free,2021-07-28
3823,36,Female,UAE,Free,2026-02-11
3824,62,Male,India,Premium,2023-12-10
3825,45,Female,United Kingdom,Free,2023-10-07
3826,37,Other,India,Free,2023-01-12
3827,31,Male,India,Basic,2024-12-31
3828,38,Female,United States,Basic,2024-01-19
3829,60,Female,India,Basic,2026-04-20
3830,63,Female,France,Free,2026-03-21
3831,53,Male,United Kingdom,Premium,2024-09-30
3832,57,Male,United Kingdom,Free,2025-12-23
3833,51,Female,Netherlands,Basic,2020-09-26
3834,63,Female,India,Premium,2022-07-12
3835,45,Female,India,Basic,2022-01-28
3836,68,Male,India,Free,2019-05-30
3837,66,Male,France,Basic,2023-04-11
3838,60,Male,India,Premium,2025-03-30
3839,56,Male,United States,Basic,2021-09-02
3840,51,Female,India,Free,2026-03-31
3841,57,Female,India,Premium,2020-10-05
3842,51,Male,India,Premium,2019-07-22
3843,60,Female,South Africa,Free,2020-05-11
3844,17,Female,India,Free,2019-01-09
3845,16,Male,United Kingdom,Basic,2023-04-04
3846,22,Male,India,Standard,2025-09-10
3847,57,Female,South Africa,Standard,2023-05-02
3848,22,Male,India,Free,2023-03-07
3849,39,Female,India,Premium,2021-08-21
3850,50,Male,United States,Free,2019-12-15
3851,52,Female,India,Basic,2023-09-21
3852,65,Female,Singapore,Basic,2021-03-09
3853,35,Male,Singapore,Basic,2020-02-05
3854,17,Male,France,Premium,2024-02-16
3855,68,Female,South Africa,Free,2022-02-16
3856,36,Female,Canada,Basic,2019-11-02
3857,36,Male,Germany,Basic,2026-06-30
3858,39,Male,India,Free,2026-04-05
3859,40,Female,India,Free,2020-01-05
3860,60,Female,Netherlands,Free,2022-03-01
3861,15,Female,United Kingdom,Free,2025-11-20
3862,67,Female,Canada,Standard,2024-04-06
3863,17,Female,India,Standard,2021-03-08
3864,42,Male,India,Basic,2023-03-28
3865,49,Female,Canada,Basic,2023-05-10
3866,53,Male,India,Free,2023-11-11
3867,50,Female,UAE,Basic,2024-04-19
3868,48,Other,Australia,Basic,2025-11-21
3869,19,Male,United States,Basic,2021-01-09
3870,38,Male,India,Basic,2023-03-25
3871,16,Female,India,Free,2019-12-23
3872,23,Male,Germany,Premium,2024-02-05
3873,69,Other,United Kingdom,Basic,2021-02-04
3874,39,Male,Italy,Basic,2019-01-24
3875,63,Female,UAE,Free,2020-07-24
3876,19,Female,United States,Basic,2020-04-27
3877,44,Female,India,Free,2020-07-19
3878,46,Male,Canada,Standard,2020-01-31
3879,49,Female,Japan,Basic,2022-02-22
3880,20,Female,Canada,Premium,2023-11-20
3881,32,Male,India,Premium,2022-10-01
3882,47,Female,United States,Standard,2021-12-18
3883,61,Female,India,Free,2025-03-17
3884,37,Female,United States,Standard,2019-07-05
3885,35,Male,United Kingdom,Free,2025-06-25
3886,24,Male,Singapore,Basic,2019-01-01
3887,60,Female,Mexico,Free,2026-02-02
3888,40,Male,Germany,Free,2022-01-31
3889,18,Male,India,Free,2024-04-09
3890,26,Female,South Africa,Basic,2022-02-20
3891,15,Male,United Kingdom,Standard,2024-10-17
3892,26,Male,India,Basic,2020-01-05
3893,23,Other,India,Premium,2025-01-30
3894,65,Female,India,Free,2022-12-10
3895,50,Female,France,Free,2020-04-20
3896,51,Male,India,Free,2024-03-14
3897,66,Male,Japan,Free,2021-01-31
3898,42,Male,UAE,Standard,2021-07-20
3899,67,Female,United States,Standard,2020-07-11
3900,27,Male,United States,Standard,2025-08-28
3901,35,Female,India,Basic,2026-05-01
3902,20,Female,Canada,Free,2022-09-02
3903,59,Male,Japan,Free,2025-05-13
3904,48,Male,Canada,Basic,2023-08-16
3905,37,Male,India,Premium,2020-04-18
3906,41,Female,India,Basic,2024-10-09
3907,24,Other,India,Free,2025-01-14
3908,20,Male,Brazil,Standard,2019-05-26
3909,31,Male,India,Standard,2026-06-12
3910,54,Male,Germany,Free,2022-04-30
3911,28,Other,Brazil,Standard,2023-11-29
3912,31,Female,UAE,Free,2020-09-12
3913,41,Female,United States,Free,2025-02-13
3914,42,Male,United States,Free,2025-02-22
3915,29,Other,Netherlands,Premium,2025-01-28
3916,47,Male,United States,Free,2021-07-22
3917,39,Female,Brazil,Basic,2022-05-05
3918,40,Female,United Kingdom,Free,2019-08-06
3919,43,Female,South Africa,Standard,2023-05-31
3920,38,Male,United States,Free,2023-06-15
3921,25,Male,India,Standard,2025-08-30
3922,17,Female,United States,Standard,2020-03-14
3923,17,Female,Germany,Standard,2026-06-21
3924,53,Male,India,Premium,2020-02-15
3925,44,Female,Mexico,Free,2019-03-20
3926,24,Male,India,Premium,2023-05-13
3927,18,Female,India,Basic,2023-07-22
3928,60,Female,South Africa,Free,2022-01-02
3929,59,Female,Germany,Premium,2019-12-05
3930,57,Male,United States,Free,2025-05-06
3931,37,Female,India,Free,2023-09-07
3932,63,Female,South Africa,Free,2020-03-30
3933,36,Male,Germany,Free,2022-11-22
3934,66,Female,Germany,Free,2026-02-08
3935,54,Male,United States,Free,2024-07-09
3936,21,Female,Germany,Standard,2024-03-14
3937,53,Female,Mexico,Standard,2025-08-13
3938,58,Male,India,Free,2019-09-27
3939,18,Male,United States,Premium,2025-12-22
3940,28,Other,Brazil,Free,2025-06-29
3941,22,Male,United States,Premium,2021-05-28
3942,42,Male,Canada,Premium,2022-03-10
3943,19,Male,India,Basic,2020-01-20
3944,29,Other,United States,Basic,2020-12-14
3945,49,Male,France,Free,2023-03-12
3946,58,Female,India,Free,2019-10-17
3947,17,Male,Italy,Basic,2025-06-23
3948,15,Female,United States,Basic,2025-02-20
3949,18,Male,United States,Basic,2021-12-12
3950,17,Female,UAE,Premium,2024-08-13
3951,32,Female,India,Premium,2021-06-11
3952,57,Male,Japan,Free,2023-03-16
3953,70,Male,India,Basic,2023-03-25
3954,63,Female,India,Free,2021-06-11
3955,25,Female,Japan,Free,2021-05-20
3956,39,Male,India,Free,2022-03-16
3957,21,Male,India,Basic,2026-01-15
3958,26,Female,Canada,Standard,2021-06-15
3959,65,Male,United States,Free,2019-03-04
3960,62,Female,Canada,Basic,2023-09-24
3961,68,Female,United States,Free,2025-01-24
3962,50,Female,United Kingdom,Free,2020-09-12
3963,22,Male,United States,Free,2020-07-11
3964,54,Female,India,Standard,2024-02-13
3965,36,Female,Netherlands,Basic,2025-02-02
3966,43,Male,Canada,Free,2020-12-01
3967,52,Female,Brazil,Free,2023-06-07
3968,17,Male,Japan,Basic,2021-01-03
3969,66,Male,Germany,Basic,2022-12-19
3970,48,Male,India,Premium,2019-04-12
3971,59,Female,India,Basic,2020-01-08
3972,66,Male,India,Standard,2025-03-05
3973,15,Male,United States,Premium,2020-02-10
3974,56,Female,France,Free,2022-12-15
3975,48,Female,United Kingdom,Premium,2019-01-18
3976,58,Male,India,Free,2020-04-04
3977,47,Male,United Kingdom,Free,2025-03-05
3978,20,Female,UAE,Basic,2024-03-14
3979,59,Other,India,Standard,2023-04-13
3980,50,Female,Germany,Standard,2022-10-23
3981,30,Male,Brazil,Standard,2021-06-03
3982,19,Female,United States,Premium,2024-09-13
3983,52,Male,India,Basic,2022-09-20
3984,34,Female,Australia,Premium,2020-07-19
3985,25,Female,United States,Free,2020-12-28
3986,50,Male,India,Free,2021-07-25
3987,23,Female,India,Free,2022-02-10
3988,32,Female,India,Free,2020-06-23
3989,62,Female,France,Free,2023-01-14
3990,51,Female,India,Free,2020-06-02
3991,62,Female,India,Free,2021-05-01
3992,18,Male,Germany,Free,2020-06-21
3993,23,Female,United Kingdom,Premium,2020-06-04
3994,59,Female,India,Standard,2019-06-19
3995,64,Female,United Kingdom,Basic,2019-07-12
3996,41,Male,India,Standard,2019-08-24
3997,37,Female,Canada,Premium,2023-12-08
3998,44,Male,United States,Basic,2025-11-08
3999,49,Male,Brazil,Standard,2026-04-23
4000,25,Other,India,Standard,2019-10-31
4001,45,Male,Singapore,Free,2020-10-13
4002,52,Female,United Kingdom,Free,2019-04-30
4003,31,Male,Italy,Basic,2022-02-04
4004,19,Female,United States,Free,2019-11-29
4005,66,Female,Mexico,Basic,2019-02-27
4006,47,Male,United States,Premium,2023-09-07
4007,68,Other,United States,Premium,2019-06-16
4008,39,Male,United States,Free,2025-05-25
4009,47,Female,United States,Free,2025-07-08
4010,33,Female,Brazil,Free,2019-05-29
4011,43,Other,United States,Free,2022-06-08
4012,53,Female,Germany,Basic,2022-11-09
4013,15,Male,Canada,Free,2021-02-16
4014,23,Female,United States,Basic,2020-04-26
4015,20,Male,India,Free,2023-08-11
4016,57,Male,Japan,Free,2026-05-05
4017,50,Female,India,Free,2024-10-09
4018,69,Female,UAE,Free,2024-07-12
4019,53,Female,Canada,Standard,2023-07-28
4020,24,Female,France,Premium,2019-12-13
4021,57,Female,Germany,Free,2021-04-03
4022,50,Male,India,Free,2022-02-27
4023,44,Other,India,Free,2019-08-24
4024,38,Female,India,Free,2021-04-08
4025,67,Male,Germany,Free,2023-02-07
4026,69,Female,United Kingdom,Free,2021-12-29
4027,38,Female,Brazil,Free,2025-04-27
4028,58,Male,United States,Basic,2025-07-31
4029,60,Female,Brazil,Free,2026-02-16
4030,36,Female,United States,Free,2023-02-27
4031,51,Male,Singapore,Free,2025-09-01
4032,64,Female,Italy,Free,2021-05-04
4033,32,Male,India,Free,2019-04-01
4034,49,Female,India,Free,2025-12-07
4035,34,Female,Japan,Free,2023-06-23
4036,53,Male,Brazil,Free,2023-04-11
4037,40,Male,United States,Free,2021-09-08
4038,15,Male,Netherlands,Free,2023-02-16
4039,64,Female,Netherlands,Free,2023-04-26
4040,22,Female,India,Premium,2021-12-20
4041,56,Female,India,Standard,2020-10-06
4042,41,Female,United States,Free,2022-06-19
4043,28,Female,India,Basic,2021-06-20
4044,57,Female,India,Premium,2019-03-16
4045,16,Female,Germany,Free,2024-12-14
4046,67,Male,India,Premium,2019-11-22
4047,38,Female,United States,Premium,2025-03-31
4048,32,Male,India,Standard,2026-05-18
4049,32,Female,India,Premium,2024-09-01
4050,66,Male,India,Standard,2024-08-02
4051,18,Male,India,Premium,2026-04-08
4052,67,Female,Germany,Basic,2022-10-30
4053,62,Female,India,Basic,2024-01-30
4054,23,Female,United States,Free,2021-02-10
4055,27,Male,India,Premium,2026-03-29
4056,67,Male,Brazil,Standard,2020-09-16
4057,67,Male,United Kingdom,Free,2023-02-14
4058,35,Female,Australia,Free,2019-04-14
4059,24,Female,Germany,Standard,2019-09-27
4060,34,Male,United States,Standard,2021-03-09
4061,22,Male,Canada,Free,2025-06-07
4062,59,Female,Brazil,Free,2023-06-19
4063,48,Female,Germany,Basic,2020-11-04
4064,17,Male,India,Basic,2022-12-08
4065,60,Male,Brazil,Free,2019-04-20
4066,53,Female,Canada,Basic,2024-06-08
4067,65,Male,India,Free,2025-11-25
4068,37,Female,Singapore,Standard,2021-08-19
4069,24,Male,Australia,Standard,2023-12-19
4070,29,Female,India,Basic,2025-10-26
4071,26,Male,United States,Basic,2021-06-28
4072,65,Male,India,Basic,2019-12-23
4073,47,Male,India,Free,2019-07-20
4074,50,Other,India,Free,2025-10-22
4075,46,Female,India,Basic,2020-10-10
4076,68,Female,United States,Free,2024-07-05
4077,22,Male,India,Basic,2025-03-17
4078,29,Female,United Kingdom,Basic,2021-01-19
4079,60,Male,Singapore,Standard,2026-01-25
4080,42,Female,Brazil,Basic,2021-11-23
4081,64,Male,India,Basic,2021-12-11
4082,23,Male,Italy,Premium,2020-09-17
4083,24,Female,South Africa,Basic,2026-02-12
4084,21,Female,India,Premium,2022-11-18
4085,50,Other,Singapore,Basic,2026-06-16
4086,58,Female,India,Standard,2022-12-19
4087,40,Male,India,Premium,2022-10-14
4088,28,Male,India,Free,2026-02-15
4089,65,Female,Singapore,Free,2026-04-07
4090,22,Female,India,Standard,2024-07-07
4091,32,Male,India,Basic,2022-07-15
4092,29,Female,Mexico,Standard,2026-04-29
4093,50,Male,India,Standard,2021-06-19
4094,64,Male,United States,Free,2022-03-20
4095,57,Male,Canada,Standard,2026-05-14
4096,38,Male,United States,Free,2024-05-04
4097,17,Male,India,Free,2020-12-14
4098,55,Female,United States,Basic,2022-01-01
4099,19,Male,Brazil,Standard,2022-09-13
4100,42,Male,Canada,Standard,2025-06-18
4101,61,Male,Netherlands,Basic,2024-01-21
4102,50,Female,Brazil,Free,2019-01-03
4103,66,Male,India,Basic,2020-10-10
4104,57,Male,Australia,Standard,2020-01-29
4105,23,Female,India,Free,2021-04-06
4106,51,Male,Germany,Premium,2025-12-15
4107,40,Male,Canada,Basic,2019-05-29
4108,51,Female,United States,Free,2023-10-13
4109,46,Female,India,Standard,2021-01-29
4110,23,Male,United States,Standard,2024-02-29
4111,36,Female,Italy,Basic,2024-04-30
4112,56,Female,United States,Standard,2021-05-01
4113,55,Female,UAE,Standard,2022-06-18
4114,27,Male,India,Standard,2022-09-08
4115,34,Male,Mexico,Standard,2025-06-26
4116,55,Male,India,Free,2020-10-11
4117,22,Female,United States,Free,2022-11-30
4118,46,Female,India,Free,2026-03-06
4119,44,Female,India,Free,2019-07-24
4120,15,Male,Italy,Basic,2022-06-08
4121,34,Female,Brazil,Basic,2022-05-04
4122,51,Male,United States,Free,2019-12-31
4123,41,Female,United States,Free,2019-05-19
4124,31,Female,India,Basic,2022-12-16
4125,35,Female,United States,Free,2023-05-01
4126,32,Female,Canada,Premium,2023-12-13
4127,20,Male,Australia,Standard,2020-07-16
4128,51,Female,India,Free,2023-02-28
4129,52,Male,India,Free,2020-03-27
4130,25,Female,United States,Standard,2023-10-14
4131,34,Male,India,Free,2022-04-02
4132,48,Female,United Kingdom,Basic,2022-10-05
4133,54,Male,South Africa,Basic,2023-11-16
4134,30,Male,United States,Free,2022-04-11
4135,62,Male,Germany,Standard,2022-06-04
4136,54,Male,Canada,Basic,2021-09-28
4137,63,Female,Japan,Premium,2021-11-24
4138,32,Female,India,Basic,2022-01-09
4139,41,Male,United Kingdom,Standard,2026-05-16
4140,59,Female,India,Free,2022-09-06
4141,47,Male,Canada,Basic,2021-06-14
4142,51,Female,United Kingdom,Standard,2024-11-09
4143,52,Female,India,Free,2020-02-29
4144,15,Other,Brazil,Basic,2019-09-08
4145,59,Male,Singapore,Standard,2024-05-15
4146,35,Male,Singapore,Free,2022-03-21
4147,55,Female,United States,Free,2025-07-26
4148,23,Female,India,Free,2019-06-25
4149,34,Male,United States,Free,2019-09-20
4150,24,Female,India,Free,2019-04-23
4151,24,Female,Singapore,Free,2020-04-15
4152,28,Female,United States,Premium,2022-12-30
4153,48,Female,United States,Free,2022-10-13
4154,55,Female,United States,Free,2023-10-29
4155,66,Male,Canada,Free,2019-10-09
4156,31,Female,United Kingdom,Free,2022-09-02
4157,40,Male,India,Free,2025-01-29
4158,50,Male,UAE,Free,2021-01-21
4159,27,Female,India,Standard,2020-07-09
4160,17,Female,India,Basic,2021-01-20
4161,31,Male,Australia,Free,2021-08-08
4162,57,Male,Canada,Basic,2026-05-19
4163,40,Female,United Kingdom,Free,2025-03-11
4164,65,Female,Mexico,Free,2020-07-30
4165,51,Female,United States,Basic,2019-07-25
4166,24,Female,Australia,Basic,2024-06-18
4167,43,Female,India,Free,2019-06-03
4168,34,Male,United States,Free,2025-01-06
4169,65,Female,United States,Free,2020-10-25
4170,67,Female,Mexico,Basic,2022-10-17
4171,26,Male,United States,Premium,2020-10-15
4172,27,Male,United Kingdom,Free,2021-08-15
4173,15,Male,India,Basic,2020-03-17
4174,28,Male,India,Free,2021-03-19
4175,31,Male,United States,Standard,2020-05-18
4176,57,Female,Brazil,Free,2019-02-13
4177,43,Female,India,Basic,2025-11-03
4178,37,Female,United States,Premium,2019-08-21
4179,26,Male,United States,Free,2020-12-09
4180,29,Female,United Kingdom,Free,2024-06-20
4181,25,Male,India,Standard,2020-06-23
4182,17,Male,India,Free,2025-07-09
4183,66,Female,Netherlands,Standard,2020-01-08
4184,44,Female,Mexico,Standard,2020-06-26
4185,33,Male,United States,Basic,2023-08-22
4186,68,Male,UAE,Basic,2020-02-21
4187,68,Female,Australia,Standard,2022-08-08
4188,67,Male,India,Standard,2025-09-26
4189,70,Male,India,Free,2026-03-05
4190,49,Male,Singapore,Basic,2024-04-05
4191,55,Male,United Kingdom,Premium,2021-01-06
4192,24,Male,India,Premium,2022-11-06
4193,39,Male,United Kingdom,Standard,2024-09-08
4194,61,Female,Mexico,Basic,2026-01-13
4195,27,Male,Brazil,Free,2021-02-02
4196,21,Male,India,Free,2024-12-14
4197,44,Other,India,Standard,2025-03-14
4198,41,Female,France,Free,2019-10-30
4199,44,Female,Singapore,Basic,2019-05-28
4200,66,Female,India,Free,2020-02-29
4201,52,Other,Canada,Standard,2020-12-30
4202,53,Male,UAE,Standard,2024-07-16
4203,21,Male,India,Basic,2023-05-08
4204,62,Male,India,Basic,2020-10-31
4205,16,Male,India,Free,2023-03-19
4206,26,Male,United States,Standard,2025-08-18
4207,56,Male,Mexico,Premium,2019-01-07
4208,59,Female,India,Premium,2022-04-20
4209,34,Male,UAE,Free,2024-08-19
4210,68,Female,United Kingdom,Basic,2022-09-16
4211,15,Male,India,Free,2023-03-13
4212,54,Female,Brazil,Standard,2019-10-20
4213,54,Female,United States,Standard,2024-01-10
4214,46,Male,Germany,Free,2023-10-16
4215,55,Female,India,Premium,2022-07-20
4216,41,Male,India,Premium,2024-04-26
4217,35,Female,India,Free,2020-09-21
4218,16,Male,UAE,Free,2019-12-09
4219,24,Female,India,Standard,2025-06-03
4220,61,Female,India,Free,2019-10-20
4221,35,Female,Mexico,Standard,2021-06-13
4222,17,Male,United States,Standard,2025-07-10
4223,40,Male,India,Standard,2020-09-23
4224,56,Male,Japan,Standard,2026-06-13
4225,63,Female,India,Free,2022-10-05
4226,57,Male,United Kingdom,Basic,2025-03-07
4227,36,Male,India,Free,2026-05-05
4228,49,Female,India,Free,2024-12-29
4229,69,Female,Germany,Free,2026-03-16
4230,20,Male,India,Premium,2020-12-09
4231,65,Male,France,Basic,2020-04-06
4232,60,Male,India,Basic,2023-09-05
4233,49,Female,United States,Premium,2020-03-01
4234,63,Female,United Kingdom,Free,2025-01-09
4235,18,Male,Netherlands,Standard,2019-01-04
4236,17,Female,India,Premium,2024-08-01
4237,43,Female,United Kingdom,Standard,2024-11-03
4238,35,Female,Mexico,Basic,2022-02-28
4239,70,Male,United States,Standard,2025-09-06
4240,42,Female,India,Standard,2020-04-02
4241,54,Male,Mexico,Standard,2021-01-03
4242,19,Male,India,Standard,2019-07-06
4243,33,Male,India,Free,2020-04-06
4244,33,Female,Mexico,Premium,2025-05-16
4245,64,Female,Singapore,Free,2025-11-24
4246,43,Male,Brazil,Basic,2025-08-30
4247,54,Male,Germany,Free,2020-10-20
4248,47,Female,India,Basic,2019-08-22
4249,29,Female,United States,Free,2020-11-19
4250,60,Male,India,Premium,2020-10-22
4251,49,Male,United Kingdom,Free,2020-01-30
4252,15,Male,India,Standard,2022-01-11
4253,30,Female,UAE,Basic,2019-01-08
4254,37,Female,India,Basic,2025-11-27
4255,25,Female,Canada,Basic,2019-09-02
4256,43,Male,Germany,Free,2024-02-17
4257,63,Male,India,Free,2025-03-26
4258,28,Female,United Kingdom,Premium,2021-04-14
4259,28,Female,United States,Standard,2024-09-02
4260,36,Female,UAE,Premium,2023-07-07
4261,26,Male,India,Basic,2022-06-02
4262,64,Male,Italy,Free,2026-06-12
4263,47,Female,India,Free,2025-10-29
4264,24,Male,United Kingdom,Basic,2021-07-05
4265,37,Female,United States,Basic,2019-09-17
4266,48,Male,Germany,Standard,2019-03-23
4267,40,Female,United Kingdom,Free,2026-04-19
4268,17,Male,Australia,Free,2025-07-11
4269,25,Male,UAE,Basic,2020-02-16
4270,69,Female,India,Standard,2025-12-19
4271,23,Male,United States,Basic,2024-03-01
4272,47,Female,United States,Basic,2025-07-01
4273,69,Female,India,Standard,2022-12-04
4274,57,Female,France,Free,2020-09-09
4275,59,Male,United States,Premium,2023-06-24
4276,49,Male,India,Premium,2025-06-12
4277,68,Male,United States,Free,2025-12-01
4278,47,Female,UAE,Free,2022-08-28
4279,29,Female,Germany,Basic,2019-02-06
4280,63,Male,India,Free,2025-10-25
4281,16,Male,Australia,Free,2025-12-03
4282,41,Male,Netherlands,Free,2023-11-29
4283,51,Female,United Kingdom,Basic,2025-03-16
4284,65,Female,United States,Standard,2021-11-10
4285,50,Male,Canada,Basic,2023-07-20
4286,32,Male,United Kingdom,Standard,2024-08-26
4287,69,Male,United States,Free,2024-02-21
4288,48,Female,United States,Free,2025-07-09
4289,49,Female,India,Free,2025-07-21
4290,49,Male,India,Free,2025-10-13
4291,25,Female,United Kingdom,Free,2019-02-10
4292,35,Other,India,Premium,2019-05-09
4293,25,Male,Italy,Free,2023-06-28
4294,33,Female,UAE,Free,2025-02-07
4295,26,Male,Japan,Free,2020-03-03
4296,64,Male,United Kingdom,Basic,2025-03-25
4297,27,Female,Brazil,Free,2022-06-03
4298,57,Female,United Kingdom,Basic,2024-04-24
4299,31,Female,France,Free,2022-11-24
4300,41,Other,India,Free,2024-01-06
4301,65,Male,India,Free,2019-07-08
4302,58,Male,United States,Standard,2020-02-22
4303,52,Female,Brazil,Free,2021-04-12
4304,16,Female,Mexico,Free,2020-02-02
4305,50,Male,Canada,Standard,2025-01-26
4306,57,Female,Netherlands,Basic,2025-05-21
4307,18,Female,United States,Standard,2019-03-21
4308,56,Male,United States,Basic,2026-03-17
4309,66,Male,India,Standard,2023-10-18
4310,38,Female,India,Free,2022-04-25
4311,34,Female,India,Basic,2019-06-27
4312,40,Female,Australia,Premium,2025-04-07
4313,40,Female,United States,Free,2019-06-08
4314,39,Male,Brazil,Free,2022-11-10
4315,54,Female,Singapore,Free,2023-10-09
4316,64,Male,Mexico,Free,2025-10-30
4317,15,Male,India,Basic,2026-05-26
4318,33,Male,India,Basic,2024-05-21
4319,39,Male,India,Standard,2023-03-06
4320,53,Male,United States,Free,2021-08-07
4321,49,Male,India,Standard,2020-07-15
4322,33,Male,United States,Free,2025-09-06
4323,18,Male,India,Free,2021-01-27
4324,20,Female,India,Standard,2024-04-18
4325,30,Female,Australia,Basic,2024-03-12
4326,46,Male,Brazil,Basic,2025-02-12
4327,61,Male,United States,Free,2022-08-08
4328,50,Male,India,Standard,2020-11-28
4329,58,Female,India,Premium,2020-02-20
4330,40,Male,United Kingdom,Basic,2025-11-23
4331,20,Male,India,Premium,2024-12-07
4332,69,Female,United States,Basic,2021-11-24
4333,43,Male,India,Free,2023-02-08
4334,55,Male,Brazil,Free,2024-12-06
4335,61,Female,France,Free,2024-03-04
4336,22,Male,United States,Standard,2025-05-28
4337,44,Male,India,Premium,2021-04-12
4338,17,Male,United Kingdom,Basic,2021-06-29
4339,27,Male,India,Free,2019-10-09
4340,59,Male,Japan,Basic,2025-09-27
4341,26,Male,India,Basic,2024-12-31
4342,26,Female,United Kingdom,Free,2020-12-14
4343,45,Female,India,Free,2025-03-22
4344,42,Male,Germany,Free,2020-05-15
4345,43,Female,United States,Standard,2021-05-21
4346,35,Female,United Kingdom,Standard,2024-09-27
4347,18,Male,Canada,Free,2023-10-07
4348,58,Male,India,Premium,2024-07-26
4349,20,Female,United States,Free,2020-10-27
4350,52,Female,Canada,Free,2022-06-25
4351,29,Male,United States,Basic,2025-06-15
4352,31,Female,Australia,Basic,2022-10-30
4353,18,Female,Canada,Standard,2019-06-01
4354,22,Male,Canada,Free,2021-07-22
4355,51,Male,UAE,Standard,2022-10-26
4356,25,Male,India,Basic,2026-06-10
4357,48,Male,India,Standard,2023-05-16
4358,32,Female,United Kingdom,Basic,2025-12-11
4359,63,Female,Japan,Basic,2024-02-19
4360,52,Male,India,Premium,2023-02-28
4361,67,Female,United Kingdom,Basic,2025-05-27
4362,37,Female,India,Basic,2020-03-31
4363,68,Female,India,Free,2025-07-19
4364,44,Female,Canada,Premium,2026-01-29
4365,68,Male,India,Basic,2021-02-07
4366,55,Female,Singapore,Premium,2024-03-07
4367,15,Female,France,Basic,2021-12-11
4368,36,Female,Brazil,Standard,2021-04-24
4369,42,Female,Singapore,Basic,2023-05-22
4370,48,Male,India,Free,2019-05-02
4371,28,Female,United States,Basic,2025-01-05
4372,22,Female,Canada,Basic,2024-07-06
4373,68,Female,India,Premium,2025-06-19
4374,15,Female,India,Standard,2026-05-13
4375,70,Other,France,Basic,2020-11-14
4376,68,Male,United States,Free,2022-07-16
4377,24,Female,United States,Basic,2021-04-30
4378,29,Female,United States,Basic,2026-05-15
4379,35,Female,United Kingdom,Free,2024-03-18
4380,62,Male,Japan,Free,2020-06-02
4381,58,Male,France,Free,2025-06-15
4382,30,Female,India,Free,2024-12-21
4383,23,Female,Netherlands,Free,2026-04-01
4384,70,Male,India,Standard,2019-06-23
4385,51,Male,United Kingdom,Standard,2020-02-18
4386,69,Female,India,Free,2019-09-07
4387,23,Male,Germany,Free,2019-10-13
4388,36,Female,Brazil,Basic,2021-04-22
4389,39,Female,India,Basic,2021-06-07
4390,59,Male,France,Basic,2021-10-01
4391,28,Male,Brazil,Free,2019-01-30
4392,55,Male,United States,Premium,2023-10-29
4393,20,Male,Mexico,Basic,2021-10-05
4394,20,Female,Singapore,Standard,2021-09-07
4395,52,Female,India,Free,2020-04-18
4396,21,Male,India,Premium,2025-11-17
4397,17,Female,Japan,Premium,2024-04-15
4398,46,Male,India,Free,2025-09-01
4399,41,Other,Australia,Basic,2022-11-06
4400,30,Male,United Kingdom,Free,2021-11-10
4401,31,Male,Germany,Basic,2019-05-24
4402,21,Female,Germany,Premium,2022-08-17
4403,55,Female,United States,Premium,2026-02-13
4404,34,Male,India,Premium,2020-05-24
4405,17,Male,Canada,Free,2024-07-01
4406,28,Male,India,Basic,2023-09-26
4407,23,Female,United Kingdom,Free,2026-02-08
4408,31,Female,United States,Basic,2025-06-29
4409,29,Female,Brazil,Premium,2025-06-14
4410,41,Female,India,Basic,2021-12-01
4411,59,Female,South Africa,Premium,2026-01-10
4412,59,Female,Canada,Free,2025-01-06
4413,63,Female,Mexico,Basic,2022-01-09
4414,70,Male,Italy,Free,2021-08-29
4415,68,Female,United States,Standard,2024-02-02
4416,23,Female,India,Free,2021-03-16
4417,16,Female,United States,Basic,2025-04-12
4418,22,Female,France,Standard,2022-01-14
4419,64,Female,Japan,Free,2021-05-03
4420,52,Female,United Kingdom,Free,2024-07-14
4421,28,Female,United States,Standard,2024-09-28
4422,29,Female,India,Free,2024-04-29
4423,43,Male,India,Free,2019-02-04
4424,53,Male,South Africa,Premium,2022-11-30
4425,27,Female,Australia,Basic,2019-04-05
4426,26,Female,United States,Free,2020-11-14
4427,17,Female,India,Standard,2021-08-10
4428,20,Female,France,Free,2024-03-06
4429,23,Male,France,Free,2019-08-20
4430,60,Female,Germany,Standard,2022-01-19
4431,21,Female,India,Free,2021-09-10
4432,68,Female,India,Basic,2025-11-28
4433,34,Male,Australia,Free,2022-02-08
4434,49,Female,India,Standard,2025-04-04
4435,45,Male,United States,Free,2025-06-10
4436,41,Male,India,Free,2024-07-24
4437,68,Male,India,Free,2021-12-21
4438,68,Female,Australia,Free,2023-09-14
4439,21,Male,Japan,Free,2021-02-27
4440,34,Male,United States,Standard,2021-05-31
4441,18,Male,India,Free,2026-04-27
4442,25,Male,South Africa,Standard,2019-05-11
4443,53,Male,Brazil,Free,2023-08-24
4444,61,Male,Canada,Free,2025-02-05
4445,52,Male,United States,Basic,2022-07-06
4446,16,Male,United Kingdom,Free,2025-04-25
4447,15,Male,United States,Basic,2020-01-02
4448,27,Female,India,Basic,2020-10-18
4449,20,Male,United Kingdom,Free,2019-06-18
4450,62,Female,UAE,Standard,2024-07-23
4451,24,Male,India,Standard,2022-07-19
4452,70,Female,Brazil,Standard,2020-04-03
4453,46,Male,India,Standard,2019-10-08
4454,45,Female,United States,Free,2023-07-26
4455,18,Other,India,Free,2022-05-20
4456,33,Female,Mexico,Free,2023-01-16
4457,24,Male,United States,Free,2021-01-11
4458,28,Female,India,Free,2026-06-14
4459,61,Male,India,Standard,2024-01-02
4460,66,Female,UAE,Free,2019-04-03
4461,28,Female,United States,Basic,2022-07-17
4462,21,Male,India,Basic,2026-04-22
4463,44,Female,United States,Basic,2020-07-02
4464,32,Female,Japan,Free,2025-01-21
4465,37,Male,India,Free,2025-06-13
4466,57,Male,Mexico,Basic,2020-01-08
4467,25,Female,United Kingdom,Basic,2022-03-15
4468,61,Female,United Kingdom,Basic,2024-05-15
4469,50,Male,Singapore,Premium,2023-09-22
4470,23,Male,United States,Free,2019-02-09
4471,47,Female,United States,Free,2024-09-24
4472,62,Male,Japan,Basic,2019-12-29
4473,51,Male,India,Free,2025-05-12
4474,23,Male,United States,Free,2025-05-28
4475,62,Female,United Kingdom,Standard,2021-04-05
4476,40,Female,France,Free,2021-03-19
4477,65,Male,India,Basic,2024-09-19
4478,42,Male,Mexico,Free,2020-10-08
4479,22,Male,Italy,Basic,2022-01-28
4480,42,Male,Germany,Free,2019-09-28
4481,25,Male,France,Standard,2020-08-30
4482,70,Male,UAE,Free,2021-05-02
4483,63,Male,India,Free,2024-10-26
4484,39,Male,India,Standard,2023-07-10
4485,44,Male,India,Free,2024-10-15
4486,48,Female,Brazil,Premium,2020-05-11
4487,31,Male,Brazil,Free,2020-01-14
4488,39,Female,France,Free,2021-08-20
4489,23,Female,India,Basic,2025-07-11
4490,58,Female,Brazil,Standard,2025-12-05
4491,17,Male,United Kingdom,Standard,2022-05-14
4492,49,Other,Mexico,Premium,2025-02-21
4493,42,Female,India,Free,2019-07-27
4494,16,Female,Japan,Premium,2024-10-10
4495,32,Female,India,Free,2020-02-01
4496,61,Female,Mexico,Free,2020-01-29
4497,48,Female,United States,Standard,2025-03-24
4498,56,Male,India,Basic,2025-06-06
4499,66,Male,Italy,Free,2021-11-30
4500,66,Female,India,Free,2022-08-19
4501,63,Male,United States,Free,2022-08-10
4502,39,Female,Canada,Free,2025-07-11
4503,60,Male,United States,Basic,2019-08-08
4504,21,Male,India,Premium,2019-03-07
4505,66,Male,Brazil,Premium,2024-09-07
4506,24,Female,Australia,Basic,2025-09-09
4507,64,Male,India,Premium,2023-05-21
4508,24,Male,United States,Premium,2024-07-28
4509,31,Female,UAE,Basic,2023-01-08
4510,55,Other,United States,Free,2021-06-29
4511,37,Other,India,Free,2020-10-15
4512,54,Male,Brazil,Premium,2025-03-09
4513,59,Male,United Kingdom,Standard,2019-10-12
4514,55,Male,Australia,Free,2025-05-01
4515,16,Male,Singapore,Free,2019-05-10
4516,18,Male,India,Free,2023-10-13
4517,41,Male,India,Basic,2024-11-09
4518,24,Male,India,Standard,2020-12-20
4519,27,Other,India,Standard,2026-01-12
4520,42,Male,India,Free,2021-12-19
4521,49,Female,India,Standard,2023-11-18
4522,63,Male,Mexico,Standard,2021-11-25
4523,34,Male,India,Premium,2026-05-07
4524,26,Female,Italy,Basic,2021-06-15
4525,69,Female,United States,Premium,2020-03-14
4526,54,Male,India,Free,2026-01-07
4527,28,Other,United States,Standard,2021-11-28
4528,30,Male,Italy,Free,2023-08-06
4529,49,Male,Mexico,Standard,2020-05-31
4530,67,Male,Mexico,Free,2019-01-16
4531,47,Male,United States,Standard,2022-12-09
4532,59,Female,Mexico,Premium,2022-02-04
4533,19,Female,Australia,Basic,2023-08-02
4534,69,Female,United Kingdom,Standard,2025-12-29
4535,33,Male,Japan,Standard,2025-06-26
4536,18,Female,United States,Free,2020-03-21
4537,66,Female,United Kingdom,Basic,2022-05-19
4538,24,Male,United States,Free,2021-05-08
4539,34,Male,France,Premium,2023-03-30
4540,50,Male,India,Free,2026-02-22
4541,42,Female,Canada,Standard,2020-11-01
4542,37,Male,Brazil,Free,2023-06-26
4543,57,Female,Brazil,Basic,2019-12-27
4544,64,Male,Germany,Basic,2021-03-12
4545,49,Female,United Kingdom,Basic,2019-01-11
4546,69,Female,India,Free,2025-07-31
4547,65,Male,Singapore,Basic,2021-01-02
4548,61,Male,United Kingdom,Basic,2023-09-16
4549,49,Male,United States,Free,2019-03-16
4550,37,Female,Japan,Premium,2021-01-14
4551,20,Male,Singapore,Free,2026-05-13
4552,62,Male,Brazil,Free,2019-05-01
4553,22,Female,India,Basic,2024-12-02
4554,42,Male,Mexico,Basic,2020-02-16
4555,60,Female,Singapore,Free,2019-08-28
4556,27,Male,Netherlands,Free,2025-09-01
4557,43,Female,Canada,Basic,2019-07-22
4558,20,Male,India,Premium,2021-05-09
4559,34,Female,United States,Free,2020-03-14
4560,63,Female,France,Basic,2024-03-26
4561,63,Female,United States,Standard,2020-03-05
4562,55,Female,UAE,Free,2022-12-24
4563,58,Female,Italy,Premium,2024-09-09
4564,31,Male,Australia,Standard,2026-02-18
4565,44,Female,United States,Free,2019-02-08
4566,55,Male,India,Basic,2021-07-04
4567,36,Female,Germany,Free,2020-11-12
4568,50,Female,Singapore,Basic,2019-01-15
4569,45,Male,United States,Standard,2021-07-17
4570,44,Male,United States,Basic,2025-03-13
4571,59,Female,Brazil,Basic,2020-09-25
4572,23,Female,Germany,Premium,2025-08-05
4573,55,Other,India,Basic,2020-05-09
4574,49,Male,United States,Free,2024-01-07
4575,41,Female,India,Premium,2021-01-15
4576,66,Male,India,Standard,2025-02-26
4577,38,Female,United States,Premium,2019-05-09
4578,15,Male,India,Premium,2021-03-06
4579,66,Female,India,Free,2021-02-01
4580,25,Other,India,Basic,2023-04-24
4581,53,Female,United States,Free,2024-02-11
4582,31,Male,United States,Free,2023-12-18
4583,58,Female,India,Basic,2020-04-29
4584,30,Female,Netherlands,Premium,2020-08-04
4585,20,Male,France,Standard,2022-05-06
4586,67,Male,India,Basic,2019-02-09
4587,28,Male,India,Premium,2026-04-11
4588,48,Female,UAE,Free,2021-05-17
4589,59,Female,India,Basic,2021-06-28
4590,51,Male,United Kingdom,Free,2019-09-28
4591,29,Male,United States,Free,2023-10-08
4592,53,Female,India,Free,2021-07-25
4593,17,Male,United States,Free,2024-05-04
4594,61,Male,Brazil,Basic,2023-05-09
4595,59,Male,Germany,Free,2026-06-28
4596,70,Female,Singapore,Free,2025-03-02
4597,20,Male,United States,Standard,2022-02-05
4598,46,Male,Brazil,Free,2024-09-01
4599,67,Female,Brazil,Premium,2020-05-15
4600,35,Male,United Kingdom,Free,2020-03-31
4601,23,Female,India,Basic,2024-07-11
4602,36,Female,India,Basic,2025-04-24
4603,46,Female,United States,Free,2023-03-22
4604,69,Female,India,Standard,2025-09-17
4605,44,Male,France,Free,2022-04-25
4606,65,Male,France,Standard,2023-02-23
4607,64,Male,Brazil,Basic,2019-05-31
4608,37,Male,India,Basic,2019-09-08
4609,67,Female,India,Free,2021-12-15
4610,63,Female,United Kingdom,Basic,2021-07-30
4611,45,Female,India,Free,2022-07-26
4612,34,Other,United Kingdom,Standard,2023-12-17
4613,33,Female,Japan,Basic,2022-08-21
4614,60,Male,India,Free,2025-04-23
4615,26,Male,Brazil,Free,2024-12-03
4616,40,Other,UAE,Free,2024-10-15
4617,68,Male,India,Basic,2021-10-23
4618,23,Male,Australia,Free,2021-04-27
4619,24,Male,India,Standard,2021-04-25
4620,36,Male,United Kingdom,Premium,2024-05-03
4621,41,Female,United States,Free,2024-12-06
4622,42,Female,Japan,Basic,2023-07-23
4623,57,Female,Brazil,Basic,2024-11-13
4624,40,Female,India,Free,2022-10-02
4625,64,Male,India,Free,2019-04-15
4626,58,Female,Japan,Standard,2024-04-26
4627,27,Female,France,Premium,2022-09-02
4628,53,Female,United States,Free,2019-02-06
4629,35,Male,Australia,Free,2024-01-19
4630,18,Female,United Kingdom,Premium,2024-08-09
4631,60,Male,India,Basic,2019-11-12
4632,52,Female,India,Standard,2024-11-28
4633,31,Male,India,Free,2023-07-07
4634,62,Female,United States,Free,2019-09-02
4635,60,Male,Mexico,Free,2020-02-28
4636,21,Female,Japan,Standard,2026-04-21
4637,46,Male,India,Basic,2023-09-29
4638,25,Male,India,Basic,2025-02-02
4639,38,Male,India,Basic,2025-06-21
4640,50,Male,United States,Premium,2023-10-07
4641,52,Male,Canada,Standard,2021-02-05
4642,16,Female,France,Premium,2025-05-18
4643,65,Female,India,Premium,2021-12-26
4644,26,Female,India,Standard,2019-09-06
4645,42,Female,Singapore,Basic,2019-03-21
4646,28,Female,India,Premium,2023-12-31
4647,64,Male,United States,Free,2019-05-15
4648,33,Female,India,Basic,2024-02-23
4649,26,Male,India,Basic,2020-04-08
4650,70,Female,India,Free,2023-12-22
4651,42,Other,South Africa,Free,2021-06-29
4652,51,Male,United States,Premium,2021-12-01
4653,18,Male,United States,Standard,2025-03-02
4654,35,Male,Canada,Standard,2021-07-10
4655,23,Male,India,Standard,2021-01-08
4656,49,Female,India,Basic,2023-05-07
4657,29,Male,India,Premium,2025-04-25
4658,67,Male,India,Basic,2023-09-16
4659,43,Male,United States,Free,2020-11-11
4660,50,Female,United States,Free,2024-06-26
4661,31,Female,Australia,Free,2024-01-29
4662,61,Male,Singapore,Basic,2019-01-12
4663,41,Female,Netherlands,Standard,2019-03-30
4664,25,Male,India,Standard,2020-02-28
4665,51,Female,Japan,Basic,2020-11-10
4666,26,Female,UAE,Standard,2022-05-10
4667,67,Male,India,Free,2025-06-02
4668,17,Female,India,Free,2021-02-27
4669,30,Male,India,Free,2023-01-04
4670,19,Male,Brazil,Premium,2022-09-19
4671,37,Female,India,Basic,2021-07-15
4672,36,Male,Brazil,Standard,2019-05-17
4673,29,Female,Canada,Standard,2025-04-13
4674,33,Female,India,Free,2021-10-02
4675,27,Female,India,Free,2020-10-30
4676,52,Male,India,Basic,2022-11-21
4677,51,Female,United Kingdom,Basic,2020-05-16
4678,23,Female,Brazil,Standard,2020-01-06
4679,25,Female,India,Standard,2025-09-17
4680,40,Male,Singapore,Basic,2020-07-02
4681,18,Male,India,Basic,2021-03-22
4682,19,Female,United States,Free,2020-10-17
4683,19,Female,United States,Basic,2022-01-03
4684,56,Male,India,Basic,2025-12-23
4685,65,Male,India,Free,2019-11-08
4686,59,Male,United Kingdom,Free,2023-06-30
4687,23,Female,Singapore,Free,2022-07-28
4688,24,Female,United Kingdom,Premium,2021-10-28
4689,39,Male,UAE,Standard,2025-12-17
4690,42,Male,Brazil,Free,2019-01-19
4691,51,Female,Australia,Premium,2022-01-05
4692,35,Female,India,Free,2020-03-09
4693,19,Male,India,Free,2019-02-10
4694,35,Male,India,Standard,2020-02-16
4695,52,Female,India,Standard,2019-07-22
4696,48,Female,United Kingdom,Basic,2026-02-25
4697,23,Male,Canada,Free,2021-10-26
4698,70,Male,Italy,Basic,2021-08-25
4699,60,Female,Australia,Standard,2025-01-19
4700,65,Male,India,Premium,2019-01-31
4701,34,Female,United Kingdom,Free,2024-07-11
4702,55,Male,Canada,Premium,2021-08-18
4703,63,Male,Canada,Basic,2022-12-22
4704,21,Male,Canada,Free,2022-10-25
4705,44,Female,Australia,Premium,2022-01-31
4706,18,Female,United States,Basic,2023-01-11
4707,62,Female,India,Standard,2020-12-04
4708,64,Male,United States,Standard,2020-07-06
4709,40,Female,India,Basic,2023-06-18
4710,45,Male,Canada,Free,2022-06-03
4711,28,Female,Australia,Free,2023-03-09
4712,20,Female,United States,Basic,2020-12-08
4713,26,Female,India,Free,2021-01-21
4714,37,Female,Australia,Basic,2020-11-19
4715,63,Female,India,Free,2023-08-12
4716,27,Female,India,Free,2019-02-22
4717,20,Female,India,Free,2022-01-25
4718,20,Male,Canada,Basic,2019-02-25
4719,53,Female,United States,Free,2023-12-22
4720,17,Male,United States,Free,2022-11-04
4721,67,Female,Italy,Free,2021-03-06
4722,26,Male,Japan,Basic,2019-03-18
4723,60,Male,India,Standard,2019-12-12
4724,51,Male,United States,Free,2025-12-11
4725,26,Male,India,Basic,2019-12-22
4726,52,Male,Singapore,Standard,2023-09-16
4727,16,Female,India,Basic,2019-06-02
4728,35,Male,United States,Premium,2023-09-09
4729,68,Female,United States,Basic,2020-06-15
4730,40,Male,Germany,Standard,2022-12-20
4731,15,Male,United States,Basic,2021-03-29
4732,32,Male,United States,Basic,2020-08-23
4733,69,Male,India,Premium,2021-03-22
4734,65,Male,India,Premium,2025-12-03
4735,31,Male,India,Basic,2020-07-16
4736,27,Female,United States,Free,2022-03-24
4737,22,Female,India,Free,2024-04-08
4738,57,Female,United Kingdom,Basic,2023-09-18
4739,63,Male,Singapore,Free,2021-10-25
4740,53,Male,Australia,Free,2022-02-10
4741,42,Female,United States,Premium,2020-02-14
4742,47,Female,India,Free,2024-07-18
4743,54,Female,India,Free,2021-01-18
4744,17,Female,India,Free,2022-06-14
4745,32,Female,India,Basic,2021-06-16
4746,32,Male,Brazil,Standard,2024-08-14
4747,67,Male,India,Basic,2019-02-14
4748,25,Male,India,Basic,2021-07-12
4749,39,Female,India,Basic,2019-06-19
4750,32,Female,India,Basic,2021-12-26
4751,19,Female,Italy,Free,2022-10-20
4752,29,Female,United States,Premium,2024-05-27
4753,62,Female,India,Free,2022-02-14
4754,30,Male,Canada,Free,2019-05-14
4755,52,Female,United States,Free,2023-10-17
4756,18,Male,Japan,Basic,2020-01-20
4757,33,Male,United Kingdom,Premium,2021-12-08
4758,32,Male,India,Standard,2019-12-04
4759,49,Female,Japan,Premium,2022-12-10
4760,41,Male,United States,Basic,2023-05-08
4761,63,Male,United Kingdom,Standard,2019-10-03
4762,38,Female,UAE,Free,2023-03-07
4763,67,Female,Canada,Free,2019-09-02
4764,24,Male,South Africa,Free,2020-03-26
4765,15,Female,United States,Free,2024-02-05
4766,56,Female,Canada,Free,2021-08-25
4767,38,Male,UAE,Free,2019-05-30
4768,29,Female,United States,Premium,2025-08-22
4769,47,Male,India,Basic,2023-12-08
4770,57,Male,Japan,Basic,2020-05-07
4771,50,Female,India,Free,2023-08-08
4772,69,Male,Canada,Free,2019-11-29
4773,54,Male,United Kingdom,Basic,2024-09-07
4774,42,Male,United Kingdom,Free,2025-09-14
4775,66,Female,United States,Standard,2025-06-03
4776,41,Male,Germany,Free,2024-10-10
4777,59,Female,Japan,Standard,2023-06-26
4778,16,Female,United States,Premium,2022-08-14
4779,69,Male,Germany,Free,2020-07-19
4780,23,Female,Germany,Free,2026-04-07
4781,69,Female,Brazil,Standard,2025-02-10
4782,70,Male,France,Free,2023-05-20
4783,28,Male,India,Free,2020-10-29
4784,51,Female,Germany,Premium,2024-04-27
4785,27,Female,Canada,Free,2024-09-15
4786,68,Female,Germany,Basic,2025-01-06
4787,25,Female,Canada,Basic,2022-08-15
4788,64,Male,Brazil,Basic,2024-02-18
4789,62,Female,India,Basic,2022-06-15
4790,54,Male,United States,Free,2019-05-04
4791,28,Female,Canada,Standard,2026-06-16
4792,30,Other,India,Standard,2022-08-31
4793,34,Female,Australia,Standard,2020-04-07
4794,33,Male,Canada,Premium,2024-01-16
4795,16,Other,Canada,Free,2022-10-24
4796,67,Female,India,Free,2025-10-23
4797,48,Male,Netherlands,Free,2024-09-30
4798,62,Female,Australia,Free,2019-08-11
4799,59,Male,Singapore,Standard,2019-11-05
4800,44,Female,India,Basic,2019-01-23
4801,39,Female,Mexico,Free,2021-06-27
4802,58,Male,UAE,Basic,2019-08-01
4803,21,Male,Singapore,Premium,2025-07-07
4804,61,Female,UAE,Standard,2020-01-17
4805,36,Male,Mexico,Standard,2020-04-13
4806,45,Male,Canada,Free,2026-01-27
4807,34,Male,Singapore,Free,2024-10-02
4808,55,Female,United Kingdom,Premium,2019-09-26
4809,44,Male,India,Free,2023-08-26
4810,50,Male,Singapore,Free,2022-05-10
4811,68,Female,France,Free,2019-03-20
4812,44,Male,United Kingdom,Basic,2022-10-20
4813,51,Male,Australia,Basic,2019-12-30
4814,19,Male,India,Premium,2020-04-05
4815,61,Female,UAE,Premium,2020-12-03
4816,66,Male,United States,Free,2019-05-16
4817,48,Male,India,Basic,2024-02-12
4818,18,Female,Brazil,Premium,2023-09-22
4819,27,Female,UAE,Free,2021-06-13
4820,35,Female,United States,Standard,2026-03-14
4821,31,Male,United Kingdom,Standard,2024-06-07
4822,15,Male,India,Standard,2026-06-04
4823,57,Male,India,Premium,2021-05-30
4824,41,Female,Canada,Premium,2020-10-01
4825,29,Male,India,Free,2021-12-26
4826,51,Male,Japan,Premium,2019-08-29
4827,30,Female,Australia,Basic,2020-06-24
4828,63,Male,United States,Free,2022-06-16
4829,17,Male,India,Standard,2021-11-13
4830,47,Female,Germany,Standard,2023-02-13
4831,64,Female,Germany,Premium,2023-06-27
4832,67,Female,Japan,Premium,2025-02-17
4833,24,Male,Singapore,Basic,2024-08-03
4834,30,Female,India,Standard,2023-08-11
4835,24,Other,Italy,Free,2019-06-07
4836,39,Male,United States,Standard,2024-12-06
4837,41,Male,India,Free,2022-06-25
4838,51,Female,Italy,Premium,2026-06-23
4839,26,Male,India,Free,2025-10-13
4840,48,Male,India,Basic,2025-12-14
4841,23,Male,United States,Free,2024-02-02
4842,51,Female,India,Premium,2023-03-25
4843,54,Other,UAE,Premium,2026-05-16
4844,67,Male,South Africa,Basic,2025-02-23
4845,30,Male,France,Standard,2023-06-26
4846,50,Female,Germany,Basic,2021-02-06
4847,38,Female,United States,Free,2021-10-08
4848,31,Female,India,Premium,2021-10-27
4849,53,Female,India,Free,2024-12-02
4850,62,Male,Brazil,Free,2020-05-31
4851,40,Male,India,Free,2022-05-03
4852,18,Female,Australia,Basic,2023-06-22
4853,24,Female,France,Premium,2022-06-03
4854,62,Female,India,Free,2022-03-10
4855,61,Female,India,Free,2019-03-10
4856,28,Female,Canada,Free,2026-02-16
4857,68,Female,India,Basic,2025-01-21
4858,42,Female,Japan,Free,2020-10-16
4859,62,Female,Mexico,Free,2019-02-16
4860,36,Female,Germany,Free,2024-10-25
4861,26,Male,Japan,Free,2024-06-07
4862,42,Male,Mexico,Free,2021-12-05
4863,50,Female,United States,Premium,2025-05-17
4864,67,Female,South Africa,Premium,2019-05-20
4865,56,Other,United States,Basic,2019-01-18
4866,20,Male,United States,Basic,2019-01-12
4867,43,Female,United States,Premium,2023-10-30
4868,51,Male,United Kingdom,Standard,2026-04-23
4869,61,Female,Brazil,Standard,2019-01-28
4870,34,Male,Mexico,Basic,2020-05-08
4871,60,Male,India,Free,2021-03-06
4872,45,Female,United States,Basic,2019-02-22
4873,18,Female,United Kingdom,Basic,2019-10-28
4874,46,Other,United States,Free,2019-12-19
4875,63,Female,Australia,Premium,2020-08-23
4876,59,Male,Australia,Standard,2025-09-13
4877,61,Male,India,Basic,2021-05-10
4878,44,Male,India,Free,2022-04-18
4879,69,Other,India,Basic,2025-03-02
4880,53,Male,India,Basic,2023-12-24
4881,62,Female,United States,Free,2021-07-12
4882,35,Other,South Africa,Premium,2024-04-10
4883,41,Male,Brazil,Basic,2024-04-14
4884,55,Male,South Africa,Basic,2023-01-03
4885,20,Female,India,Standard,2025-01-13
4886,52,Male,India,Free,2021-11-13
4887,17,Female,India,Standard,2024-09-15
4888,15,Male,United Kingdom,Free,2020-01-26
4889,35,Female,United States,Free,2025-12-11
4890,40,Female,India,Standard,2023-06-20
4891,18,Female,Japan,Free,2022-03-13
4892,15,Female,UAE,Standard,2022-06-29
4893,35,Female,India,Free,2019-03-17
4894,63,Male,South Africa,Standard,2020-09-04
4895,26,Male,United Kingdom,Standard,2025-08-07
4896,39,Male,India,Premium,2019-06-13
4897,30,Female,South Africa,Basic,2023-06-24
4898,58,Female,Australia,Standard,2019-03-28
4899,57,Male,United Kingdom,Free,2022-08-10
4900,25,Female,United States,Premium,2023-04-15
4901,33,Female,Germany,Free,2021-04-14
4902,61,Male,France,Free,2019-08-16
4903,27,Female,United States,Free,2019-03-26
4904,47,Female,UAE,Standard,2023-11-05
4905,46,Male,Germany,Basic,2024-06-01
4906,17,Female,India,Standard,2020-04-26
4907,53,Female,India,Standard,2026-01-21
4908,33,Female,India,Free,2020-08-17
4909,66,Male,India,Free,2022-02-03
4910,50,Male,India,Free,2023-06-24
4911,30,Male,India,Basic,2023-07-10
4912,17,Male,United States,Standard,2020-10-12
4913,24,Male,India,Premium,2019-01-29
4914,45,Male,India,Standard,2022-04-28
4915,45,Female,Mexico,Free,2024-12-18
4916,58,Female,Brazil,Premium,2021-03-16
4917,20,Male,India,Free,2019-10-28
4918,67,Female,United States,Free,2022-01-20
4919,41,Female,United Kingdom,Free,2023-07-30
4920,23,Female,India,Free,2025-06-18
4921,39,Female,United States,Premium,2020-07-18
4922,62,Male,France,Free,2020-06-15
4923,38,Female,United Kingdom,Basic,2021-06-04
4924,39,Female,India,Premium,2019-08-01
4925,40,Male,United States,Free,2019-02-04
4926,38,Male,France,Premium,2019-12-26
4927,56,Female,India,Free,2025-02-10
4928,52,Male,Singapore,Basic,2025-08-23
4929,22,Other,India,Standard,2026-03-02
4930,16,Male,India,Basic,2022-10-20
4931,25,Female,Brazil,Basic,2023-02-28
4932,51,Male,Canada,Free,2020-04-04
4933,51,Female,India,Free,2019-07-22
4934,54,Female,United States,Free,2024-03-13
4935,37,Female,Mexico,Premium,2026-06-02
4936,35,Male,India,Basic,2020-07-15
4937,17,Male,France,Premium,2022-02-27
4938,59,Male,United States,Basic,2020-05-24
4939,50,Male,Canada,Standard,2025-09-04
4940,39,Male,United States,Free,2022-03-05
4941,63,Male,Netherlands,Free,2020-11-18
4942,53,Female,United States,Free,2025-11-30
4943,46,Male,Germany,Free,2021-08-19
4944,66,Male,Japan,Standard,2022-06-22
4945,49,Male,United States,Free,2026-03-07
4946,24,Female,UAE,Basic,2020-06-20
4947,27,Male,Netherlands,Free,2023-02-04
4948,16,Male,Mexico,Standard,2019-10-05
4949,43,Male,France,Premium,2023-09-30
4950,46,Female,United States,Free,2024-11-26
4951,43,Female,United States,Free,2022-05-22
4952,19,Male,Canada,Free,2025-05-12
4953,31,Male,United States,Free,2023-02-05
4954,28,Male,Japan,Standard,2024-03-30
4955,52,Male,France,Free,2019-11-24
4956,63,Female,United Kingdom,Basic,2023-06-18
4957,42,Other,Mexico,Standard,2023-07-16
4958,52,Male,United States,Premium,2025-03-18
4959,30,Male,United States,Basic,2021-12-16
4960,55,Female,United States,Basic,2019-01-29
4961,38,Female,India,Free,2021-09-21
4962,62,Female,Japan,Standard,2019-12-30
4963,49,Male,Singapore,Standard,2020-02-15
4964,51,Male,India,Free,2024-06-25
4965,30,Male,Singapore,Free,2025-10-08
4966,59,Male,Brazil,Free,2025-05-05
4967,70,Male,India,Free,2025-04-15
4968,23,Male,Brazil,Standard,2024-02-28
4969,39,Female,Canada,Free,2020-11-08
4970,43,Male,India,Premium,2020-10-15
4971,29,Female,Singapore,Standard,2019-07-11
4972,23,Male,India,Basic,2021-10-26
4973,59,Other,India,Basic,2021-07-22
4974,63,Female,United Kingdom,Free,2021-05-20
4975,34,Female,India,Basic,2020-09-03
4976,53,Male,Germany,Free,2022-08-08
4977,70,Male,Japan,Standard,2020-06-03
4978,39,Male,South Africa,Free,2025-05-17
4979,59,Female,India,Basic,2021-06-24
4980,22,Male,Germany,Free,2022-03-10
4981,30,Male,India,Standard,2023-11-07
4982,55,Female,India,Free,2024-01-15
4983,44,Male,India,Free,2024-09-04
4984,59,Other,Mexico,Basic,2022-05-08
4985,61,Male,South Africa,Basic,2021-04-29
4986,50,Male,India,Standard,2022-10-04
4987,54,Male,Australia,Standard,2020-07-08
4988,55,Male,France,Free,2024-04-21
4989,65,Female,France,Free,2024-07-24
4990,32,Male,Australia,Basic,2023-02-11
4991,47,Male,United States,Free,2025-05-20
4992,15,Female,United States,Free,2019-06-13
4993,30,Female,India,Basic,2023-01-01
4994,55,Female,Brazil,Basic,2021-12-10
4995,41,Female,India,Basic,2022-07-14
4996,53,Female,Canada,Free,2021-06-10
4997,52,Female,Canada,Basic,2025-06-10
4998,68,Female,India,Premium,2019-11-13
4999,31,Female,Germany,Basic,2025-08-10
5000,62,Female,United States,Free,2022-03-01
5001,53,Female,Australia,Free,2023-09-04
5002,64,Female,India,Free,2021-06-30
5003,52,Male,United States,Free,2020-10-04
5004,60,Female,Germany,Premium,2026-04-20
5005,19,Female,South Africa,Free,2022-03-26
5006,50,Female,India,Free,2019-10-27
5007,26,Female,United States,Standard,2020-10-31
5008,23,Female,Japan,Premium,2022-05-30
5009,46,Male,Japan,Premium,2020-10-23
5010,36,Male,United States,Basic,2024-07-06
5011,19,Female,Brazil,Basic,2020-06-11
5012,28,Male,Australia,Basic,2019-08-25
5013,36,Female,Italy,Free,2023-05-08
5014,48,Male,Germany,Premium,2021-03-29
5015,59,Female,Canada,Free,2022-06-07
5016,44,Female,Canada,Basic,2022-01-15
5017,40,Male,Germany,Basic,2023-12-23
5018,54,Male,Brazil,Free,2025-01-27
5019,30,Other,Singapore,Premium,2023-12-27
5020,24,Male,Brazil,Free,2025-02-02
5021,18,Female,India,Free,2023-06-30
5022,23,Male,United States,Free,2022-07-29
5023,61,Male,United Kingdom,Premium,2022-09-15
5024,46,Female,United Kingdom,Free,2022-09-04
5025,63,Female,UAE,Free,2020-12-06
5026,31,Male,India,Free,2023-05-02
5027,48,Male,United Kingdom,Standard,2024-12-14
5028,69,Male,Germany,Free,2023-08-26
5029,39,Male,United States,Free,2021-11-17
5030,70,Male,India,Basic,2025-11-10
5031,45,Female,India,Standard,2021-04-06
5032,27,Female,South Africa,Premium,2019-03-11
5033,47,Female,Japan,Standard,2019-06-21
5034,61,Male,India,Free,2021-03-05
5035,17,Female,India,Premium,2020-09-22
5036,28,Female,United States,Free,2022-09-25
5037,61,Male,Canada,Basic,2019-05-05
5038,53,Female,India,Free,2022-01-07
5039,57,Female,Canada,Basic,2019-09-29
5040,67,Female,Canada,Premium,2025-06-16
5041,46,Male,India,Premium,2025-03-24
5042,32,Male,United States,Basic,2024-11-27
5043,15,Male,South Africa,Basic,2022-12-20
5044,63,Female,France,Basic,2024-09-17
5045,15,Female,United Kingdom,Basic,2021-07-01
5046,51,Male,India,Free,2026-01-16
5047,63,Female,India,Premium,2019-01-05
5048,25,Female,India,Free,2019-07-01
5049,66,Male,India,Premium,2025-09-25
5050,63,Male,United Kingdom,Basic,2019-03-13
5051,44,Male,United States,Free,2020-01-30
5052,51,Female,Australia,Basic,2024-12-21
5053,42,Male,Canada,Premium,2020-04-10
5054,57,Male,United Kingdom,Basic,2021-12-30
5055,58,Female,India,Free,2024-11-08
5056,63,Female,Japan,Free,2026-03-12
5057,48,Female,Germany,Standard,2022-02-06
5058,21,Female,India,Basic,2021-06-19
5059,25,Other,United States,Standard,2023-01-16
5060,61,Female,Germany,Standard,2020-11-09
5061,44,Male,United Kingdom,Premium,2021-05-09
5062,21,Female,United States,Standard,2023-04-22
5063,40,Male,Canada,Standard,2026-03-15
5064,58,Male,India,Standard,2020-01-05
5065,44,Female,India,Standard,2023-04-12
5066,67,Male,United States,Free,2025-12-26
5067,50,Female,India,Basic,2020-09-17
5068,30,Male,France,Free,2024-04-24
5069,22,Male,United Kingdom,Basic,2020-09-12
5070,25,Male,Germany,Basic,2019-05-28
5071,60,Female,Brazil,Basic,2022-01-22
5072,70,Female,United Kingdom,Basic,2019-08-16
5073,57,Female,India,Basic,2024-01-04
5074,52,Male,India,Basic,2023-12-29
5075,41,Female,United States,Basic,2019-11-14
5076,67,Female,United Kingdom,Basic,2019-06-12
5077,68,Male,India,Basic,2022-12-15
5078,52,Male,United Kingdom,Free,2025-07-07
5079,34,Male,Netherlands,Standard,2026-01-12
5080,39,Male,Japan,Free,2021-12-15
5081,50,Female,United States,Basic,2020-09-29
5082,16,Female,United States,Free,2025-08-28
5083,40,Female,India,Premium,2026-06-28
5084,53,Male,Japan,Standard,2025-02-19
5085,66,Female,India,Basic,2025-01-20
5086,48,Female,Japan,Standard,2020-02-07
5087,47,Female,Japan,Free,2024-06-23
5088,15,Female,United States,Standard,2025-09-07
5089,17,Female,India,Basic,2021-06-17
5090,45,Female,Canada,Free,2025-03-16
5091,53,Female,India,Premium,2024-09-25
5092,57,Female,United States,Free,2024-02-04
5093,17,Male,United States,Basic,2022-09-05
5094,44,Female,United States,Basic,2021-07-11
5095,27,Male,Germany,Free,2024-06-17
5096,43,Male,India,Free,2026-05-19
5097,28,Male,United States,Basic,2022-07-27
5098,43,Female,India,Free,2020-01-19
5099,48,Male,Canada,Premium,2021-06-30
5100,48,Male,Japan,Free,2022-06-28
5101,38,Other,United Kingdom,Free,2019-11-09
5102,34,Male,UAE,Premium,2026-04-22
5103,59,Male,India,Free,2026-04-08
5104,65,Male,India,Basic,2023-12-24
5105,22,Male,France,Standard,2024-12-26
5106,53,Male,India,Basic,2024-01-19
5107,54,Male,India,Premium,2021-08-08
5108,55,Other,Brazil,Basic,2023-01-02
5109,42,Female,India,Premium,2025-06-11
5110,66,Male,South Africa,Premium,2023-09-30
5111,61,Female,Mexico,Standard,2019-09-29
5112,42,Male,India,Free,2021-06-14
5113,63,Female,Australia,Premium,2022-12-25
5114,52,Female,United States,Standard,2020-10-18
5115,53,Female,Australia,Standard,2021-08-14
5116,21,Female,Italy,Standard,2021-05-03
5117,60,Male,Canada,Free,2025-04-09
5118,38,Female,Australia,Basic,2021-07-17
5119,29,Male,India,Premium,2023-03-08
5120,19,Female,Australia,Free,2021-10-10
5121,52,Male,United States,Premium,2021-04-29
5122,34,Male,United States,Basic,2021-11-08
5123,39,Male,India,Standard,2025-06-02
5124,37,Female,Australia,Premium,2024-06-17
5125,32,Female,South Africa,Basic,2023-10-06
5126,19,Male,United States,Premium,2020-11-09
5127,19,Female,India,Basic,2019-10-22
5128,56,Female,India,Premium,2021-07-22
5129,65,Female,Japan,Standard,2023-05-03
5130,59,Female,Germany,Free,2025-04-22
5131,28,Female,Japan,Free,2020-06-10
5132,52,Female,Singapore,Basic,2022-03-28
5133,57,Female,India,Free,2019-04-28
5134,66,Male,Italy,Basic,2019-05-02
5135,51,Female,Canada,Standard,2021-02-05
5136,22,Female,India,Free,2024-02-26
5137,22,Female,United States,Basic,2023-11-19
5138,19,Male,Netherlands,Standard,2021-09-12
5139,32,Male,Mexico,Free,2020-06-08
5140,23,Female,Italy,Free,2025-08-07
5141,49,Male,UAE,Free,2023-11-28
5142,42,Female,UAE,Basic,2025-12-03
5143,62,Male,United States,Basic,2019-10-23
5144,35,Male,United States,Standard,2020-05-07
5145,32,Male,Canada,Free,2022-12-06
5146,19,Male,Singapore,Premium,2023-11-14
5147,34,Male,Brazil,Standard,2020-03-26
5148,50,Male,United Kingdom,Free,2021-06-12
5149,19,Female,Brazil,Free,2026-03-18
5150,39,Female,Australia,Free,2020-10-08
5151,55,Male,Germany,Free,2021-12-12
5152,66,Male,Canada,Free,2025-02-20
5153,35,Male,India,Standard,2022-11-07
5154,19,Female,Italy,Standard,2022-01-15
5155,64,Male,Germany,Premium,2023-06-24
5156,45,Male,United Kingdom,Basic,2025-06-03
5157,15,Male,France,Premium,2019-09-28
5158,31,Female,India,Standard,2019-12-09
5159,38,Female,India,Standard,2020-09-01
5160,37,Male,India,Standard,2024-02-19
5161,48,Female,Canada,Free,2019-09-18
5162,23,Female,India,Free,2022-08-12
5163,33,Male,United Kingdom,Basic,2020-01-24
5164,47,Male,Germany,Standard,2024-08-18
5165,18,Male,France,Basic,2021-09-23
5166,20,Male,Canada,Free,2019-09-23
5167,31,Male,United Kingdom,Basic,2026-01-29
5168,21,Female,India,Standard,2019-11-14
5169,50,Male,India,Standard,2026-01-28
5170,48,Male,United States,Free,2024-02-04
5171,68,Male,Australia,Standard,2019-01-10
5172,24,Female,Japan,Standard,2021-09-28
5173,66,Female,United States,Free,2021-03-14
5174,15,Male,India,Free,2021-01-27
5175,47,Male,United States,Basic,2022-10-04
5176,59,Male,United States,Standard,2020-11-19
5177,33,Female,India,Standard,2019-04-22
5178,40,Male,India,Free,2021-11-14
5179,35,Female,Canada,Free,2023-07-04
5180,42,Female,India,Standard,2020-07-30
5181,23,Male,India,Free,2022-08-01
5182,29,Female,Canada,Free,2020-12-22
5183,18,Male,India,Free,2026-06-09
5184,62,Female,India,Free,2021-04-30
5185,31,Female,India,Basic,2021-02-27
5186,29,Female,United States,Basic,2020-04-23
5187,65,Male,India,Basic,2022-10-06
5188,68,Female,Germany,Free,2021-06-06
5189,34,Male,United States,Standard,2022-05-05
5190,54,Male,Brazil,Free,2025-07-18
5191,47,Male,India,Free,2019-08-12
5192,61,Female,Mexico,Free,2024-02-02
5193,55,Female,Australia,Premium,2021-09-20
5194,32,Female,United Kingdom,Basic,2020-12-27
5195,54,Male,India,Basic,2020-01-13
5196,36,Female,Netherlands,Premium,2023-07-14
5197,38,Female,Canada,Free,2024-06-21
5198,63,Female,Italy,Free,2021-10-05
5199,70,Female,India,Premium,2023-09-02
5200,34,Male,United States,Premium,2021-06-16
5201,30,Male,Canada,Free,2022-03-27
5202,43,Female,Mexico,Premium,2023-06-02
5203,42,Female,Australia,Free,2025-04-17
5204,52,Female,Germany,Basic,2026-02-09
5205,64,Female,UAE,Standard,2020-09-23
5206,33,Male,South Africa,Standard,2023-05-10
5207,46,Female,India,Free,2024-04-28
5208,20,Male,United States,Basic,2023-09-10
5209,27,Female,United Kingdom,Free,2022-01-16
5210,28,Female,India,Basic,2024-08-10
5211,62,Male,Australia,Free,2020-02-19
5212,40,Female,India,Basic,2025-08-14
5213,55,Male,Canada,Premium,2025-02-15
5214,65,Female,United States,Free,2021-07-08
5215,58,Female,India,Free,2024-10-11
5216,56,Male,United States,Free,2019-04-05
5217,46,Female,United States,Free,2024-04-15
5218,59,Male,Japan,Free,2020-01-26
5219,32,Female,United States,Basic,2025-03-18
5220,60,Male,UAE,Free,2022-01-31
5221,51,Male,India,Free,2022-03-15
5222,40,Female,Canada,Free,2023-12-16
5223,40,Male,Australia,Standard,2025-06-26
5224,68,Female,United States,Standard,2022-11-11
5225,63,Male,South Africa,Free,2020-03-21
5226,44,Male,Mexico,Premium,2025-08-08
5227,55,Female,India,Free,2025-06-03
5228,31,Female,Australia,Premium,2020-03-25
5229,26,Female,Germany,Free,2022-04-11
5230,51,Male,Australia,Basic,2019-04-15
5231,41,Female,United Kingdom,Free,2021-06-22
5232,53,Male,India,Free,2020-11-26
5233,37,Female,Canada,Free,2021-10-08
5234,51,Female,France,Free,2019-11-30
5235,27,Male,India,Free,2024-05-04
5236,57,Male,United Kingdom,Standard,2022-01-25
5237,49,Female,India,Standard,2025-02-12
5238,66,Female,India,Free,2019-10-19
5239,70,Male,Canada,Free,2021-10-25
5240,49,Male,United States,Premium,2025-06-26
5241,56,Female,Australia,Free,2019-04-13
5242,18,Female,Australia,Premium,2019-06-08
5243,24,Female,Japan,Basic,2023-09-05
5244,22,Male,United Kingdom,Free,2019-10-24
5245,54,Female,India,Free,2021-04-01
5246,31,Female,France,Free,2025-03-17
5247,31,Female,Netherlands,Free,2021-03-19
5248,19,Male,Germany,Basic,2020-01-29
5249,46,Female,South Africa,Free,2025-02-04
5250,39,Male,United States,Basic,2019-12-20
5251,65,Female,India,Free,2020-02-05
5252,52,Female,South Africa,Standard,2020-07-08
5253,34,Female,Australia,Free,2024-11-03
5254,50,Female,India,Free,2020-06-26
5255,68,Female,Singapore,Free,2020-07-13
5256,46,Female,India,Premium,2021-05-22
5257,42,Male,United Kingdom,Basic,2022-04-21
5258,70,Male,Canada,Free,2019-11-23
5259,17,Female,United Kingdom,Basic,2020-03-31
5260,57,Other,India,Basic,2022-03-18
5261,25,Male,India,Free,2019-07-16
5262,19,Female,India,Free,2022-09-19
5263,18,Male,Australia,Premium,2021-01-29
5264,39,Male,United Kingdom,Standard,2022-10-12
5265,25,Other,India,Standard,2022-07-01
5266,19,Male,Australia,Free,2019-09-24
5267,60,Male,United Kingdom,Standard,2022-02-04
5268,48,Female,UAE,Basic,2025-10-12
5269,33,Female,Netherlands,Basic,2019-08-28
5270,16,Male,Canada,Basic,2022-10-27
5271,42,Male,Mexico,Premium,2021-05-02
5272,38,Male,United Kingdom,Premium,2021-01-24
5273,43,Female,India,Free,2023-07-14
5274,23,Female,United States,Free,2021-11-26
5275,39,Female,United States,Standard,2019-12-06
5276,33,Female,Australia,Free,2021-06-30
5277,15,Other,United States,Basic,2023-09-21
5278,70,Male,India,Standard,2023-12-29
5279,64,Female,Singapore,Free,2026-02-26
5280,67,Male,United Kingdom,Free,2022-01-18
5281,66,Female,United Kingdom,Basic,2019-02-01
5282,45,Male,India,Standard,2020-05-13
5283,37,Female,Australia,Free,2020-08-08
5284,50,Male,India,Free,2019-02-23
5285,49,Male,United States,Free,2021-02-27
5286,37,Other,Canada,Free,2019-01-06
5287,32,Male,France,Basic,2024-01-27
5288,53,Female,India,Premium,2020-02-21
5289,60,Male,India,Standard,2022-07-11
5290,27,Male,Brazil,Basic,2020-08-19
5291,25,Female,United Kingdom,Free,2019-02-01
5292,65,Female,India,Basic,2026-06-16
5293,38,Female,United Kingdom,Free,2024-03-17
5294,48,Male,India,Basic,2019-10-26
5295,16,Female,India,Free,2022-09-11
5296,30,Male,Canada,Premium,2020-06-01
5297,65,Female,Brazil,Free,2026-05-10
5298,31,Male,United Kingdom,Standard,2022-03-24
5299,61,Female,India,Free,2019-12-15
5300,56,Female,United Kingdom,Basic,2019-04-03
5301,39,Male,United States,Premium,2025-04-09
5302,56,Female,India,Premium,2024-03-18
5303,50,Female,India,Free,2021-06-27
5304,67,Female,France,Standard,2021-10-23
5305,30,Female,United States,Basic,2022-07-30
5306,67,Male,United States,Free,2024-07-12
5307,65,Male,Canada,Standard,2019-03-27
5308,49,Female,India,Premium,2019-01-03
5309,68,Male,Italy,Basic,2019-07-20
5310,59,Male,UAE,Basic,2025-02-03
5311,42,Male,India,Free,2022-09-20
5312,41,Male,India,Standard,2023-03-01
5313,43,Female,India,Free,2023-12-25
5314,41,Male,India,Standard,2019-10-11
5315,34,Female,United Kingdom,Free,2021-06-19
5316,55,Male,India,Basic,2023-06-21
5317,54,Female,Australia,Standard,2022-04-26
5318,32,Male,Brazil,Basic,2021-01-08
5319,35,Female,Japan,Basic,2021-01-24
5320,30,Female,UAE,Free,2022-05-19
5321,47,Male,India,Free,2020-05-31
5322,34,Male,United States,Free,2023-06-20
5323,53,Male,United Kingdom,Free,2022-02-28
5324,69,Female,South Africa,Free,2024-08-05
5325,51,Female,India,Free,2023-02-20
5326,43,Male,Netherlands,Free,2026-05-15
5327,24,Female,United States,Basic,2023-01-09
5328,26,Female,Japan,Free,2025-01-11
5329,66,Male,United States,Free,2019-03-24
5330,68,Male,United States,Free,2025-12-03
5331,53,Male,India,Basic,2020-10-04
5332,53,Male,India,Free,2023-07-27
5333,44,Female,Brazil,Premium,2023-01-11
5334,58,Male,India,Basic,2025-10-10
5335,28,Male,Netherlands,Free,2021-06-25
5336,23,Female,France,Premium,2020-05-11
5337,68,Male,India,Free,2024-12-17
5338,64,Female,United States,Free,2019-07-04
5339,41,Male,Canada,Free,2021-09-07
5340,56,Male,United States,Free,2025-10-10
5341,46,Male,India,Free,2019-03-30
5342,26,Female,Australia,Basic,2023-03-24
5343,24,Male,United States,Standard,2022-02-24
5344,59,Female,United Kingdom,Free,2025-09-22
5345,34,Male,United States,Premium,2020-08-07
5346,29,Male,Brazil,Free,2021-06-08
5347,23,Female,India,Free,2026-01-14
5348,44,Male,Brazil,Standard,2022-03-12
5349,36,Male,United States,Free,2021-09-30
5350,43,Male,France,Basic,2022-12-15
5351,27,Female,Germany,Free,2019-11-25
5352,57,Male,United Kingdom,Premium,2023-10-20
5353,36,Male,India,Basic,2023-09-09
5354,19,Male,Brazil,Free,2019-12-21
5355,67,Female,United States,Basic,2023-07-25
5356,57,Male,France,Free,2020-06-24
5357,30,Male,India,Basic,2025-02-18
5358,58,Female,India,Basic,2024-05-11
5359,55,Male,United States,Free,2021-03-23
5360,58,Female,United Kingdom,Basic,2019-10-21
5361,70,Male,Japan,Basic,2022-03-11
5362,56,Female,United States,Premium,2019-12-10
5363,20,Male,India,Free,2019-03-30
5364,17,Male,France,Basic,2022-10-10
5365,64,Female,Canada,Basic,2020-08-31
5366,70,Male,Germany,Free,2021-11-29
5367,42,Male,Australia,Basic,2023-04-06
5368,39,Female,India,Basic,2025-01-01
5369,60,Male,United Kingdom,Basic,2024-07-28
5370,41,Male,India,Premium,2021-05-11
5371,48,Male,India,Standard,2026-06-26
5372,70,Male,United States,Free,2023-10-19
5373,40,Male,United States,Premium,2021-06-21
5374,70,Female,India,Free,2021-01-19
5375,32,Male,United States,Premium,2021-10-16
5376,46,Female,United States,Free,2023-04-30
5377,54,Male,United States,Basic,2024-09-25
5378,33,Female,India,Free,2025-06-24
5379,33,Female,Japan,Free,2023-07-25
5380,55,Male,India,Basic,2020-06-14
5381,51,Male,United States,Premium,2020-03-25
5382,24,Female,India,Basic,2020-06-01
5383,63,Male,United States,Basic,2025-09-12
5384,29,Female,Germany,Basic,2025-07-21
5385,64,Male,Germany,Free,2020-07-21
5386,19,Male,India,Basic,2026-05-14
5387,38,Female,India,Standard,2022-04-13
5388,46,Male,Netherlands,Standard,2026-06-29
5389,61,Female,India,Free,2024-07-11
5390,61,Female,Singapore,Free,2020-04-21
5391,70,Female,Germany,Free,2019-04-10
5392,28,Male,Canada,Free,2022-04-13
5393,43,Female,Japan,Premium,2020-08-12
5394,64,Male,United States,Standard,2020-10-01
5395,59,Male,Canada,Standard,2022-07-21
5396,19,Female,United States,Basic,2023-12-29
5397,15,Male,United States,Free,2020-07-29
5398,69,Female,Italy,Basic,2021-04-01
5399,15,Male,Netherlands,Premium,2020-09-12
5400,16,Female,Japan,Premium,2024-10-22
5401,33,Female,India,Free,2021-11-02
5402,64,Other,United Kingdom,Free,2021-05-20
5403,42,Female,Germany,Free,2024-09-17
5404,25,Female,Germany,Basic,2024-08-04
5405,61,Female,India,Free,2019-02-05
5406,69,Male,Germany,Basic,2022-03-17
5407,42,Female,Canada,Free,2023-02-26
5408,41,Male,Germany,Free,2021-02-08
5409,24,Male,United States,Premium,2025-04-28
5410,28,Male,Japan,Premium,2019-01-04
5411,19,Male,United States,Free,2024-04-30
5412,37,Female,United Kingdom,Standard,2026-03-15
5413,18,Female,India,Premium,2024-09-18
5414,51,Female,France,Free,2021-11-11
5415,55,Male,India,Free,2019-09-19
5416,37,Male,UAE,Free,2021-05-24
5417,68,Male,United Kingdom,Standard,2022-01-29
5418,47,Female,United States,Basic,2022-12-13
5419,47,Male,India,Basic,2020-02-27
5420,40,Female,United States,Free,2020-03-26
5421,46,Female,United States,Free,2020-01-09
5422,53,Male,UAE,Standard,2026-05-15
5423,21,Male,Canada,Standard,2026-03-30
5424,60,Male,Germany,Basic,2020-03-13
5425,38,Female,United States,Premium,2024-10-20
5426,42,Male,Canada,Basic,2023-04-28
5427,43,Male,France,Basic,2026-06-12
5428,27,Male,India,Premium,2022-08-07
5429,70,Male,Italy,Basic,2023-03-16
5430,27,Male,Australia,Free,2022-11-25
5431,42,Male,Germany,Basic,2021-10-08
5432,38,Female,Netherlands,Basic,2025-08-27
5433,64,Female,India,Free,2023-06-28
5434,57,Male,United States,Standard,2024-05-28
5435,36,Female,India,Free,2022-01-01
5436,42,Male,United Kingdom,Premium,2019-01-18
5437,67,Female,India,Free,2024-10-12
5438,36,Male,UAE,Basic,2024-05-15
5439,63,Male,Canada,Standard,2021-06-28
5440,31,Male,Australia,Standard,2019-09-08
5441,25,Male,Singapore,Free,2022-05-13
5442,42,Male,India,Standard,2024-03-28
5443,67,Male,South Africa,Basic,2025-04-30
5444,45,Male,France,Free,2024-02-14
5445,63,Female,United Kingdom,Standard,2020-11-14
5446,45,Female,United States,Premium,2020-04-19
5447,22,Female,United Kingdom,Free,2020-06-09
5448,59,Female,Australia,Premium,2021-03-23
5449,15,Female,India,Basic,2019-12-06
5450,24,Male,Japan,Standard,2022-02-15
5451,24,Male,Germany,Basic,2019-08-01
5452,37,Female,United Kingdom,Standard,2026-06-05
5453,43,Other,India,Basic,2023-10-16
5454,22,Female,Canada,Basic,2023-03-21
5455,38,Female,United States,Standard,2023-07-08
5456,64,Male,India,Basic,2023-03-27
5457,48,Female,India,Standard,2019-03-07
5458,16,Female,United States,Free,2022-02-27
5459,23,Other,United States,Standard,2021-03-14
5460,64,Male,India,Standard,2020-06-04
5461,68,Male,India,Free,2025-12-29
5462,60,Male,India,Standard,2024-05-12
5463,57,Male,India,Free,2024-07-11
5464,65,Female,India,Premium,2022-09-08
5465,17,Female,India,Free,2020-09-12
5466,41,Male,United Kingdom,Free,2022-11-29
5467,50,Female,India,Free,2024-04-03
5468,36,Female,Singapore,Premium,2021-04-12
5469,29,Male,United Kingdom,Standard,2023-01-07
5470,46,Female,Canada,Free,2025-05-25
5471,40,Male,India,Free,2021-09-20
5472,60,Female,United States,Basic,2022-03-07
5473,58,Female,Japan,Free,2021-04-30
5474,20,Female,Mexico,Standard,2026-05-16
5475,41,Male,India,Basic,2022-06-25
5476,40,Female,India,Premium,2020-11-12
5477,61,Female,India,Free,2019-05-21
5478,59,Female,Germany,Free,2025-02-14
5479,40,Female,India,Standard,2023-03-25
5480,65,Male,India,Free,2022-10-16
5481,32,Male,India,Premium,2023-06-30
5482,56,Male,India,Basic,2021-03-22
5483,30,Male,United States,Standard,2021-06-08
5484,39,Female,Brazil,Premium,2019-02-22
5485,20,Female,India,Free,2019-08-03
5486,48,Female,Canada,Free,2023-12-22
5487,48,Male,India,Premium,2024-12-17
5488,17,Male,Australia,Premium,2022-10-07
5489,59,Female,India,Basic,2025-09-24
5490,63,Male,Germany,Basic,2021-07-31
5491,18,Female,Germany,Basic,2023-09-05
5492,42,Male,Brazil,Free,2024-12-26
5493,56,Male,Brazil,Free,2020-07-15
5494,58,Female,United Kingdom,Free,2025-06-01
5495,34,Female,UAE,Premium,2024-02-19
5496,69,Male,United States,Standard,2019-10-29
5497,68,Female,India,Premium,2025-02-24
5498,28,Female,France,Free,2025-11-15
5499,42,Female,India,Basic,2024-08-25
5500,33,Other,India,Basic,2020-05-26
5501,62,Male,Australia,Basic,2024-04-27
5502,41,Female,United States,Free,2020-03-01
5503,40,Female,United States,Standard,2020-02-07
5504,47,Female,United States,Premium,2026-05-19
5505,48,Female,Mexico,Basic,2021-08-25
5506,42,Female,UAE,Standard,2019-04-11
5507,20,Female,United States,Standard,2026-03-05
5508,25,Male,United States,Basic,2021-01-23
5509,42,Male,United States,Standard,2024-10-09
5510,15,Female,Germany,Basic,2023-06-15
5511,20,Female,Netherlands,Free,2021-02-06
5512,50,Female,Canada,Premium,2025-01-11
5513,53,Male,India,Basic,2022-07-26
5514,51,Female,India,Free,2024-05-06
5515,45,Male,United States,Premium,2024-07-24
5516,39,Male,United Kingdom,Free,2025-03-31
5517,38,Female,United Kingdom,Free,2019-10-24
5518,60,Female,India,Standard,2020-03-23
5519,64,Male,United Kingdom,Basic,2025-05-30
5520,19,Female,India,Premium,2022-12-14
5521,70,Male,Brazil,Basic,2023-12-13
5522,20,Female,Japan,Free,2023-10-22
5523,17,Male,Australia,Standard,2019-01-18
5524,60,Female,India,Basic,2026-02-28
5525,26,Female,United States,Standard,2024-07-05
5526,37,Female,Netherlands,Basic,2026-03-16
5527,16,Female,Canada,Free,2020-02-21
5528,61,Female,United States,Free,2026-03-21
5529,47,Male,Australia,Basic,2020-12-01
5530,51,Female,India,Standard,2025-09-26
5531,37,Male,India,Free,2021-02-13
5532,41,Female,Japan,Basic,2019-03-06
5533,39,Male,India,Standard,2024-08-03
5534,55,Male,Mexico,Standard,2020-12-08
5535,39,Female,United States,Free,2025-06-09
5536,43,Male,United States,Standard,2026-02-14
5537,33,Other,Germany,Free,2020-01-12
5538,66,Female,India,Free,2026-06-10
5539,53,Male,United States,Standard,2024-07-24
5540,31,Male,United States,Premium,2021-05-03
5541,38,Female,India,Free,2021-11-07
5542,36,Female,India,Standard,2025-02-26
5543,49,Female,United States,Premium,2024-10-06
5544,27,Female,Singapore,Basic,2022-04-30
5545,50,Female,India,Premium,2022-12-17
5546,56,Female,United States,Free,2023-09-02
5547,68,Female,United States,Free,2022-05-12
5548,48,Male,India,Premium,2024-03-02
5549,45,Male,United States,Premium,2025-10-30
5550,33,Male,Brazil,Standard,2025-11-03
5551,50,Male,Japan,Free,2021-09-25
5552,70,Other,United States,Basic,2022-10-13
5553,70,Female,United States,Standard,2022-06-05
5554,35,Female,United States,Standard,2025-09-06
5555,26,Female,United States,Free,2019-02-03
5556,18,Male,India,Premium,2025-10-07
5557,63,Male,India,Basic,2021-07-19
5558,62,Female,India,Premium,2022-07-13
5559,32,Female,South Africa,Standard,2019-01-20
5560,30,Female,India,Basic,2022-10-04
5561,50,Other,India,Free,2020-06-27
5562,59,Female,India,Premium,2019-04-05
5563,57,Male,Canada,Free,2022-11-07
5564,29,Female,India,Basic,2021-12-20
5565,64,Female,Germany,Free,2021-07-05
5566,63,Female,Singapore,Standard,2021-02-09
5567,20,Female,France,Free,2020-08-05
5568,30,Female,Canada,Free,2020-11-14
5569,40,Male,UAE,Standard,2020-09-02
5570,50,Male,Germany,Premium,2026-06-28
5571,37,Male,India,Free,2021-07-04
5572,48,Male,Germany,Free,2022-04-13
5573,36,Female,India,Standard,2019-06-17
5574,66,Female,UAE,Free,2021-08-08
5575,35,Male,United States,Premium,2022-05-31
5576,37,Female,United States,Standard,2024-02-02
5577,59,Male,Brazil,Free,2021-02-02
5578,49,Female,United States,Free,2023-12-17
5579,31,Male,Netherlands,Free,2019-12-22
5580,57,Male,United States,Premium,2020-11-14
5581,63,Male,UAE,Free,2023-10-04
5582,16,Female,United Kingdom,Basic,2026-05-06
5583,43,Male,India,Basic,2019-08-31
5584,42,Female,India,Standard,2021-09-12
5585,16,Female,India,Basic,2022-10-08
5586,19,Male,United Kingdom,Free,2022-10-06
5587,17,Female,France,Standard,2025-01-20
5588,24,Female,India,Standard,2023-09-12
5589,43,Male,Brazil,Premium,2021-05-31
5590,32,Female,Japan,Basic,2025-03-27
5591,48,Female,United States,Free,2020-01-06
5592,57,Male,India,Free,2025-10-25
5593,67,Male,India,Free,2020-08-15
5594,50,Male,France,Free,2021-11-11
5595,23,Male,Brazil,Basic,2024-03-26
5596,26,Female,India,Standard,2022-04-14
5597,52,Male,India,Free,2019-12-15
5598,48,Female,India,Free,2023-11-21
5599,54,Male,South Africa,Free,2019-06-06
5600,58,Female,India,Premium,2024-06-04
5601,45,Male,Australia,Free,2023-07-30
5602,24,Female,India,Standard,2024-03-30
5603,53,Male,UAE,Premium,2019-09-21
5604,43,Male,India,Free,2023-10-17
5605,24,Female,India,Free,2024-08-24
5606,46,Male,Canada,Free,2025-08-28
5607,50,Male,Canada,Free,2022-08-12
5608,43,Male,United States,Standard,2020-04-11
5609,64,Male,India,Basic,2024-01-23
5610,46,Male,Australia,Free,2025-09-02
5611,62,Female,France,Free,2021-03-15
5612,18,Male,United States,Free,2020-12-28
5613,15,Male,Australia,Standard,2024-11-02
5614,30,Female,United Kingdom,Free,2021-05-22
5615,62,Female,Australia,Premium,2020-11-27
5616,53,Male,United States,Standard,2019-07-13
5617,30,Female,India,Free,2021-04-22
5618,32,Male,Germany,Standard,2022-05-03
5619,55,Male,Germany,Free,2023-10-03
5620,49,Female,India,Premium,2025-02-28
5621,57,Male,India,Free,2022-07-08
5622,21,Male,India,Free,2025-02-12
5623,34,Male,India,Free,2026-05-17
5624,50,Male,Brazil,Free,2025-03-03
5625,62,Male,France,Premium,2023-05-04
5626,48,Male,Brazil,Basic,2023-08-29
5627,68,Male,United Kingdom,Standard,2019-12-19
5628,56,Female,United States,Free,2023-04-08
5629,53,Male,France,Basic,2022-06-08
5630,56,Female,United Kingdom,Free,2019-04-05
5631,37,Male,India,Standard,2019-07-26
5632,45,Female,United States,Basic,2022-01-06
5633,50,Male,Brazil,Standard,2024-12-23
5634,68,Female,India,Free,2019-01-27
5635,48,Male,Brazil,Premium,2025-07-20
5636,63,Male,India,Basic,2023-01-21
5637,31,Female,United States,Basic,2025-12-01
5638,40,Male,United States,Free,2021-02-01
5639,44,Male,India,Basic,2020-04-21
5640,59,Female,United Kingdom,Basic,2020-08-02
5641,69,Male,Canada,Basic,2020-07-04
5642,62,Male,Japan,Premium,2023-12-10
5643,49,Male,India,Free,2021-04-29
5644,44,Male,United Kingdom,Premium,2024-05-11
5645,62,Male,Netherlands,Free,2020-07-26
5646,28,Female,South Africa,Standard,2022-03-28
5647,57,Male,India,Free,2023-05-21
5648,39,Male,United States,Standard,2019-01-04
5649,33,Female,India,Standard,2023-09-01
5650,64,Male,India,Basic,2020-02-23
5651,38,Male,United Kingdom,Free,2023-06-14
5652,49,Female,India,Premium,2021-12-08
5653,45,Male,India,Free,2025-01-15
5654,51,Male,United Kingdom,Basic,2019-03-31
5655,28,Male,United Kingdom,Premium,2019-01-13
5656,16,Male,India,Standard,2026-03-09
5657,29,Male,India,Standard,2022-11-12
5658,51,Other,France,Free,2025-08-29
5659,22,Female,India,Premium,2023-04-20
5660,36,Female,India,Free,2021-12-18
5661,18,Male,Mexico,Free,2020-01-21
5662,20,Female,India,Basic,2022-02-24
5663,45,Male,India,Free,2020-04-12
5664,43,Female,Brazil,Premium,2026-04-24
5665,18,Female,United Kingdom,Standard,2024-11-23
5666,54,Female,Japan,Basic,2021-10-29
5667,68,Female,UAE,Basic,2024-01-13
5668,54,Female,United States,Premium,2020-07-06
5669,21,Female,India,Basic,2023-08-04
5670,65,Male,United States,Basic,2020-01-24
5671,50,Female,Australia,Premium,2019-02-08
5672,42,Male,India,Standard,2022-07-07
5673,41,Female,India,Basic,2020-01-21
5674,25,Female,Netherlands,Free,2022-12-14
5675,43,Female,France,Standard,2020-02-28
5676,41,Female,Canada,Free,2025-04-15
5677,47,Male,Canada,Premium,2024-11-22
5678,69,Female,Canada,Basic,2025-07-25
5679,18,Male,Italy,Free,2019-07-13
5680,22,Female,Australia,Free,2019-11-11
5681,42,Other,United States,Standard,2020-12-04
5682,22,Male,Brazil,Standard,2023-09-23
5683,22,Female,India,Basic,2024-11-28
5684,36,Male,India,Standard,2022-06-25
5685,59,Female,India,Basic,2020-10-31
5686,53,Male,India,Basic,2022-09-25
5687,47,Male,Germany,Premium,2021-08-18
5688,58,Female,Canada,Standard,2020-05-21
5689,24,Female,India,Standard,2025-10-08
5690,55,Male,South Africa,Standard,2022-11-01
5691,21,Male,India,Standard,2021-01-24
5692,35,Female,Singapore,Basic,2021-11-06
5693,68,Female,United States,Free,2020-03-11
5694,67,Female,India,Free,2019-06-02
5695,22,Female,United States,Basic,2021-12-05
5696,37,Male,Japan,Standard,2025-03-22
5697,31,Male,India,Free,2019-08-04
5698,53,Male,UAE,Standard,2025-09-14
5699,40,Female,France,Standard,2025-12-21
5700,17,Female,United States,Standard,2023-01-24
5701,65,Female,United States,Basic,2019-05-12
5702,50,Other,Canada,Premium,2020-03-16
5703,44,Female,Brazil,Free,2026-04-19
5704,63,Female,United States,Basic,2019-09-30
5705,28,Male,Australia,Free,2023-10-23
5706,43,Male,Germany,Free,2026-05-14
5707,29,Female,Italy,Standard,2021-01-08
5708,34,Male,India,Free,2022-01-12
5709,21,Female,United Kingdom,Standard,2021-07-29
5710,66,Female,United States,Premium,2021-01-27
5711,61,Male,United States,Premium,2020-01-21
5712,49,Male,Brazil,Free,2020-11-19
5713,33,Female,United Kingdom,Premium,2020-09-28
5714,57,Other,India,Standard,2021-09-29
5715,66,Female,United States,Standard,2022-06-14
5716,43,Male,Germany,Premium,2020-04-28
5717,57,Female,United States,Free,2022-10-09
5718,41,Other,India,Standard,2022-03-13
5719,21,Male,United States,Basic,2025-12-14
5720,60,Male,India,Free,2022-06-28
5721,68,Female,United States,Free,2020-01-18
5722,58,Female,India,Premium,2021-01-03
5723,39,Female,Australia,Standard,2019-10-17
5724,16,Female,United States,Free,2021-12-30
5725,26,Female,Canada,Free,2026-02-10
5726,26,Male,United States,Free,2025-07-16
5727,57,Female,United States,Free,2020-11-18
5728,51,Male,India,Free,2025-05-18
5729,31,Male,India,Standard,2021-02-24
5730,53,Female,Japan,Standard,2022-06-05
5731,23,Male,Australia,Free,2019-01-10
5732,39,Male,India,Standard,2022-01-11
5733,41,Male,Brazil,Standard,2025-01-15
5734,53,Male,India,Free,2023-02-28
5735,21,Female,France,Free,2025-11-12
5736,31,Female,United Kingdom,Standard,2023-01-22
5737,66,Male,India,Standard,2020-12-24
5738,39,Female,Mexico,Basic,2022-11-08
5739,16,Male,India,Standard,2019-03-30
5740,51,Female,India,Standard,2025-04-10
5741,55,Female,United Kingdom,Basic,2023-03-09
5742,53,Male,Netherlands,Basic,2026-01-30
5743,70,Male,Canada,Standard,2025-10-14
5744,70,Other,India,Free,2025-09-27
5745,21,Female,United States,Free,2021-11-25
5746,44,Male,United Kingdom,Free,2019-06-04
5747,63,Female,Canada,Free,2025-03-04
5748,47,Female,India,Free,2022-03-12
5749,62,Female,Australia,Standard,2024-10-15
5750,42,Male,Canada,Basic,2021-11-23
5751,44,Male,Germany,Basic,2026-03-16
5752,16,Female,Singapore,Basic,2019-07-30
5753,20,Female,Australia,Premium,2019-11-27
5754,16,Other,India,Basic,2024-01-10
5755,21,Male,United Kingdom,Free,2023-11-06
5756,61,Male,Australia,Free,2024-08-31
5757,42,Female,Germany,Free,2026-06-05
5758,33,Male,UAE,Standard,2021-04-17
5759,33,Female,Italy,Free,2026-03-05
5760,42,Female,United States,Premium,2022-02-13
5761,35,Female,India,Free,2023-08-03
5762,41,Female,Canada,Premium,2024-06-07
5763,36,Male,India,Standard,2021-12-18
5764,26,Female,United States,Basic,2025-01-08
5765,52,Male,United States,Basic,2022-05-16
5766,17,Female,United States,Premium,2021-09-12
5767,49,Male,Germany,Basic,2020-12-07
5768,63,Male,Japan,Basic,2019-10-20
5769,55,Male,France,Basic,2022-03-23
5770,51,Male,France,Premium,2019-08-01
5771,57,Male,United States,Free,2019-03-19
5772,61,Female,India,Free,2020-08-01
5773,43,Female,United States,Free,2025-11-05
5774,56,Male,France,Basic,2024-08-25
5775,70,Male,UAE,Premium,2024-06-28
5776,44,Male,United States,Basic,2021-06-04
5777,39,Male,India,Premium,2023-09-27
5778,28,Male,Germany,Free,2025-09-03
5779,31,Male,Brazil,Free,2021-09-28
5780,29,Male,India,Premium,2021-03-14
5781,29,Male,Germany,Free,2019-07-15
5782,43,Female,Japan,Premium,2022-05-19
5783,32,Female,United States,Premium,2020-12-09
5784,58,Male,India,Free,2023-05-27
5785,43,Female,Germany,Basic,2025-03-20
5786,53,Female,United Kingdom,Standard,2023-03-14
5787,54,Male,India,Free,2022-03-14
5788,68,Female,United States,Basic,2021-02-18
5789,43,Female,Brazil,Premium,2019-04-23
5790,63,Female,United States,Basic,2025-04-02
5791,45,Male,India,Free,2024-05-20
5792,41,Male,India,Basic,2022-12-07
5793,27,Male,India,Standard,2021-04-30
5794,56,Female,India,Basic,2019-05-13
5795,56,Female,Canada,Free,2019-05-18
5796,65,Male,United States,Standard,2020-09-06
5797,30,Female,France,Free,2024-11-21
5798,66,Male,Australia,Free,2022-11-01
5799,26,Female,Singapore,Free,2023-08-13
5800,42,Other,Australia,Premium,2019-02-25
5801,70,Female,India,Free,2025-05-26
5802,62,Male,India,Free,2022-06-14
5803,52,Other,Australia,Standard,2019-11-15
5804,20,Female,Brazil,Basic,2025-08-20
5805,62,Male,United States,Free,2025-02-21
5806,21,Female,United States,Free,2024-01-09
5807,65,Female,United States,Free,2022-06-09
5808,45,Male,South Africa,Basic,2026-04-07
5809,41,Female,Australia,Free,2024-03-05
5810,61,Female,United States,Standard,2023-04-20
5811,50,Female,Germany,Free,2023-03-08
5812,60,Male,United States,Premium,2025-07-28
5813,38,Male,Australia,Free,2020-11-03
5814,59,Male,India,Standard,2025-06-10
5815,60,Male,United States,Free,2019-03-13
5816,35,Male,United Kingdom,Free,2024-12-31
5817,42,Male,India,Free,2022-12-23
5818,19,Male,India,Free,2019-05-13
5819,34,Female,United States,Free,2025-03-10
5820,52,Female,India,Standard,2024-08-11
5821,36,Male,United States,Premium,2020-06-09
5822,15,Male,Canada,Free,2019-03-10
5823,62,Female,India,Standard,2024-08-28
5824,45,Female,Japan,Premium,2025-01-09
5825,62,Female,France,Basic,2022-06-24
5826,70,Female,United States,Free,2020-01-05
5827,28,Female,India,Standard,2019-02-05
5828,24,Male,United States,Free,2023-09-10
5829,64,Male,Japan,Free,2025-12-22
5830,48,Female,United States,Free,2020-05-02
5831,46,Female,United States,Premium,2025-12-14
5832,18,Female,United Kingdom,Standard,2019-11-08
5833,25,Other,United Kingdom,Free,2023-01-18
5834,66,Female,UAE,Premium,2023-03-24
5835,44,Male,Australia,Free,2021-04-21
5836,69,Male,India,Basic,2025-05-31
5837,20,Female,Germany,Free,2019-08-16
5838,27,Other,India,Free,2023-04-27
5839,27,Male,Germany,Premium,2020-12-09
5840,34,Female,India,Basic,2023-02-24
5841,51,Male,Japan,Premium,2019-08-02
5842,68,Female,South Africa,Free,2024-10-10
5843,35,Male,UAE,Free,2019-12-23
5844,33,Female,India,Free,2022-09-23
5845,56,Male,India,Free,2019-09-15
5846,35,Male,India,Standard,2022-04-30
5847,15,Male,United Kingdom,Standard,2020-02-13
5848,18,Female,UAE,Basic,2025-11-19
5849,50,Male,Brazil,Free,2023-07-25
5850,62,Female,United States,Standard,2022-06-05
5851,35,Other,United States,Standard,2021-01-22
5852,53,Female,India,Premium,2025-09-15
5853,32,Male,India,Free,2019-12-03
5854,54,Female,Brazil,Free,2020-03-04
5855,59,Female,Netherlands,Free,2025-11-27
5856,20,Male,UAE,Premium,2024-11-26
5857,55,Male,Australia,Free,2020-05-20
5858,40,Female,United States,Basic,2020-05-30
5859,24,Female,Australia,Basic,2026-02-26
5860,40,Male,Brazil,Standard,2025-05-17
5861,64,Male,India,Basic,2026-01-30
5862,32,Female,Brazil,Standard,2019-01-16
5863,15,Male,India,Standard,2026-02-10
5864,55,Female,Mexico,Free,2020-06-14
5865,63,Male,Australia,Free,2021-04-04
5866,25,Male,India,Basic,2024-03-12
5867,69,Male,United States,Basic,2020-06-11
5868,31,Female,United Kingdom,Premium,2020-08-15
5869,54,Male,India,Free,2019-07-03
5870,36,Female,United Kingdom,Premium,2026-03-16
5871,16,Female,India,Basic,2024-10-14
5872,40,Male,United States,Free,2019-04-28
5873,26,Female,Japan,Free,2023-09-11
5874,65,Male,United States,Basic,2024-01-22
5875,66,Male,Italy,Premium,2019-06-20
5876,60,Female,India,Free,2024-08-20
5877,61,Female,United States,Free,2021-11-29
5878,28,Male,UAE,Free,2022-12-22
5879,42,Female,India,Basic,2024-12-14
5880,47,Female,United States,Premium,2022-11-24
5881,42,Female,South Africa,Basic,2021-08-31
5882,19,Male,Australia,Free,2026-04-04
5883,23,Female,India,Basic,2019-12-28
5884,21,Female,Singapore,Basic,2019-02-07
5885,32,Female,Canada,Standard,2024-01-06
5886,20,Female,Canada,Free,2019-03-10
5887,28,Male,France,Standard,2024-11-04
5888,52,Female,Brazil,Standard,2025-04-13
5889,25,Female,Canada,Free,2025-08-10
5890,60,Female,India,Standard,2019-07-15
5891,38,Male,United States,Basic,2025-08-07
5892,37,Female,Mexico,Basic,2021-05-30
5893,55,Male,Canada,Standard,2020-05-31
5894,57,Female,United Kingdom,Standard,2021-11-13
5895,70,Female,United Kingdom,Standard,2024-12-05
5896,62,Female,Japan,Free,2026-05-30
5897,24,Female,India,Standard,2026-06-06
5898,49,Female,Singapore,Free,2020-11-05
5899,60,Female,India,Standard,2024-11-28
5900,28,Male,United States,Free,2024-09-19
5901,47,Male,United Kingdom,Free,2023-09-27
5902,46,Female,Australia,Basic,2025-11-06
5903,40,Male,Brazil,Free,2022-01-06
5904,61,Male,United States,Basic,2022-10-03
5905,24,Male,United States,Free,2024-05-10
5906,35,Female,Germany,Standard,2025-09-22
5907,55,Male,United Kingdom,Basic,2022-01-29
5908,49,Female,Italy,Free,2019-09-21
5909,60,Female,Italy,Free,2020-10-02
5910,42,Male,Brazil,Standard,2026-04-24
5911,22,Female,Canada,Basic,2022-10-02
5912,29,Male,United States,Standard,2019-10-22
5913,64,Male,Australia,Free,2020-04-02
5914,54,Male,United Kingdom,Basic,2019-02-02
5915,66,Male,Mexico,Free,2024-08-27
5916,67,Male,Japan,Free,2021-02-24
5917,68,Male,France,Free,2024-05-01
5918,56,Female,India,Free,2020-06-01
5919,48,Male,United Kingdom,Standard,2022-06-04
5920,64,Female,India,Free,2025-03-16
5921,18,Female,United Kingdom,Free,2026-05-06
5922,59,Male,India,Basic,2024-09-04
5923,17,Male,Brazil,Free,2022-05-13
5924,50,Male,Japan,Free,2021-06-16
5925,43,Female,United States,Premium,2023-06-23
5926,40,Other,United Kingdom,Premium,2022-08-29
5927,31,Male,UAE,Free,2025-07-27
5928,24,Female,India,Premium,2024-06-07
5929,69,Male,France,Premium,2026-02-05
5930,59,Male,India,Basic,2021-04-24
5931,40,Female,Singapore,Free,2025-06-06
5932,19,Male,Germany,Standard,2022-11-30
5933,41,Male,Australia,Standard,2024-08-15
5934,38,Female,India,Free,2023-01-03
5935,35,Female,Japan,Basic,2026-05-12
5936,28,Female,Singapore,Standard,2024-02-03
5937,36,Female,United Kingdom,Free,2020-10-12
5938,39,Male,India,Premium,2023-02-27
5939,40,Male,United Kingdom,Free,2023-06-08
5940,15,Male,Canada,Standard,2024-05-22
5941,68,Male,Australia,Premium,2025-05-21
5942,21,Female,India,Basic,2023-02-25
5943,19,Male,Germany,Free,2020-01-29
5944,65,Male,Brazil,Free,2020-02-15
5945,42,Female,Canada,Free,2021-09-28
5946,48,Female,United States,Basic,2022-01-19
5947,43,Male,United States,Standard,2025-07-13
5948,17,Female,United States,Free,2025-11-14
5949,31,Female,Germany,Basic,2022-06-07
5950,29,Other,United States,Basic,2024-07-10
5951,21,Male,United States,Basic,2020-07-30
5952,61,Male,Canada,Standard,2019-08-09
5953,46,Male,Mexico,Free,2020-04-06
5954,37,Male,Canada,Basic,2019-07-28
5955,57,Male,India,Free,2021-10-30
5956,44,Male,India,Free,2021-12-12
5957,30,Female,Japan,Standard,2025-01-06
5958,45,Male,United States,Free,2024-08-11
5959,36,Male,India,Free,2026-04-08
5960,61,Female,United States,Free,2022-09-08
5961,56,Male,India,Standard,2020-09-13
5962,30,Female,United Kingdom,Premium,2022-12-02
5963,50,Male,Brazil,Standard,2022-11-10
5964,46,Female,United States,Basic,2024-08-16
5965,21,Female,United States,Free,2024-12-14
5966,64,Female,Australia,Free,2021-03-03
5967,41,Male,India,Standard,2026-02-26
5968,34,Male,United States,Basic,2021-10-27
5969,40,Female,Netherlands,Basic,2020-01-29
5970,31,Female,United Kingdom,Basic,2021-10-02
5971,33,Male,United States,Free,2022-10-24
5972,17,Female,India,Premium,2023-03-08
5973,60,Female,India,Basic,2021-02-21
5974,53,Female,India,Free,2022-11-26
5975,54,Female,Australia,Free,2020-03-05
5976,43,Female,Mexico,Basic,2026-03-31
5977,32,Female,United Kingdom,Basic,2025-09-12
5978,26,Female,United States,Standard,2023-06-18
5979,60,Male,France,Free,2021-08-26
5980,57,Female,Brazil,Basic,2023-12-29
5981,40,Female,United States,Free,2023-10-21
5982,46,Other,United States,Standard,2022-12-29
5983,60,Female,United States,Basic,2024-02-05
5984,23,Male,United Kingdom,Free,2019-12-16
5985,28,Male,United States,Free,2021-03-05
5986,54,Male,India,Free,2024-04-01
5987,69,Male,United Kingdom,Free,2025-11-21
5988,29,Male,Singapore,Premium,2022-07-08
5989,45,Female,France,Basic,2019-09-14
5990,59,Male,Italy,Free,2026-06-27
5991,15,Female,South Africa,Standard,2021-07-24
5992,66,Male,Australia,Standard,2025-04-15
5993,67,Male,Japan,Basic,2022-11-04
5994,26,Female,Australia,Free,2024-04-12
5995,66,Female,India,Standard,2019-10-07
5996,24,Female,Singapore,Basic,2023-10-24
5997,52,Male,Japan,Standard,2021-03-14
5998,65,Female,India,Basic,2020-11-12
5999,35,Female,Brazil,Free,2020-03-19
6000,52,Female,Australia,Basic,2020-08-24
6001,68,Male,Canada,Free,2022-07-28
6002,43,Other,Australia,Free,2023-03-05
6003,59,Male,United States,Standard,2022-02-21
6004,33,Female,India,Free,2024-12-20
6005,57,Female,UAE,Free,2021-05-25
6006,39,Female,India,Premium,2022-10-16
6007,24,Male,United Kingdom,Basic,2025-01-20
6008,21,Female,India,Standard,2023-10-23
6009,47,Male,India,Standard,2022-02-18
6010,70,Female,India,Free,2020-07-05
6011,25,Male,India,Standard,2021-09-25
6012,27,Male,India,Free,2020-02-04
6013,22,Male,India,Free,2023-05-14
6014,15,Male,United Kingdom,Premium,2023-06-06
6015,33,Male,United Kingdom,Standard,2019-02-13
6016,41,Female,United Kingdom,Free,2025-02-04
6017,30,Female,United States,Standard,2023-03-09
6018,15,Female,Australia,Standard,2019-09-27
6019,55,Male,Mexico,Basic,2019-06-21
6020,33,Female,Japan,Free,2019-07-22
6021,57,Male,United Kingdom,Standard,2021-06-29
6022,17,Male,Japan,Free,2022-05-03
6023,56,Male,United States,Basic,2024-03-28
6024,34,Male,Canada,Basic,2022-08-15
6025,60,Female,France,Basic,2019-03-25
6026,39,Female,India,Standard,2019-05-16
6027,51,Female,France,Basic,2021-07-28
6028,34,Male,Japan,Premium,2025-09-07
6029,43,Female,India,Free,2023-03-11
6030,50,Female,India,Premium,2020-08-05
6031,52,Male,Mexico,Basic,2020-12-18
6032,22,Other,South Africa,Free,2021-10-16
6033,55,Female,France,Standard,2022-10-28
6034,25,Male,India,Free,2023-10-01
6035,51,Female,France,Basic,2024-09-20
6036,44,Male,India,Free,2025-10-07
6037,29,Male,Netherlands,Basic,2024-08-24
6038,67,Male,Germany,Basic,2019-12-05
6039,15,Male,United States,Premium,2022-08-29
6040,69,Male,United States,Premium,2023-03-26
6041,51,Male,Germany,Free,2019-04-17
6042,25,Female,United States,Premium,2019-12-29
6043,24,Female,India,Free,2022-09-15
6044,38,Female,Australia,Standard,2025-05-08
6045,52,Male,India,Standard,2025-10-05
6046,44,Male,South Africa,Free,2024-06-13
6047,59,Male,India,Basic,2024-01-25
6048,18,Female,United States,Free,2023-04-14
6049,15,Male,Italy,Free,2021-08-07
6050,63,Female,United Kingdom,Free,2021-09-06
6051,43,Male,India,Standard,2024-02-01
6052,63,Female,United States,Premium,2023-11-20
6053,69,Male,United States,Free,2022-08-22
6054,56,Female,Mexico,Standard,2024-02-07
6055,58,Female,Japan,Standard,2026-03-02
6056,63,Male,India,Free,2020-12-26
6057,31,Female,United States,Standard,2024-01-23
6058,36,Female,Netherlands,Premium,2021-12-17
6059,70,Male,Brazil,Free,2022-02-24
6060,49,Female,Canada,Standard,2023-12-03
6061,61,Female,Japan,Basic,2022-11-11
6062,39,Male,United States,Free,2024-06-04
6063,18,Male,Brazil,Basic,2023-01-14
6064,67,Female,UAE,Standard,2023-08-21
6065,68,Male,India,Basic,2025-06-17
6066,45,Male,UAE,Free,2022-12-09
6067,41,Male,India,Basic,2024-02-11
6068,24,Male,Germany,Free,2024-09-07
6069,36,Male,Netherlands,Free,2021-04-12
6070,52,Male,United Kingdom,Premium,2023-04-07
6071,48,Female,France,Free,2023-11-13
6072,39,Female,France,Free,2026-04-16
6073,60,Female,India,Basic,2023-08-06
6074,65,Female,India,Standard,2023-12-19
6075,43,Female,United States,Free,2019-06-17
6076,63,Female,Canada,Premium,2023-07-23
6077,24,Male,United Kingdom,Basic,2023-12-24
6078,19,Female,India,Premium,2021-09-03
6079,37,Male,United Kingdom,Basic,2021-02-06
6080,57,Female,United States,Premium,2026-04-29
6081,25,Male,India,Free,2021-09-17
6082,18,Female,India,Basic,2021-07-30
6083,31,Male,India,Basic,2019-04-23
6084,68,Female,Mexico,Basic,2021-11-25
6085,60,Male,South Africa,Free,2022-11-09
6086,56,Male,United States,Basic,2023-05-24
6087,35,Female,Canada,Free,2024-09-02
6088,36,Male,Germany,Free,2023-04-16
6089,70,Female,India,Premium,2025-03-26
6090,36,Male,United States,Premium,2021-10-02
6091,21,Male,Canada,Standard,2024-11-01
6092,65,Male,India,Free,2022-06-27
6093,24,Female,India,Free,2023-12-24
6094,41,Female,United States,Free,2022-09-26
6095,66,Male,United Kingdom,Premium,2023-10-04
6096,50,Female,Italy,Basic,2019-04-23
6097,58,Male,India,Basic,2020-06-16
6098,25,Male,UAE,Premium,2019-05-21
6099,20,Female,Germany,Free,2023-07-02
6100,41,Female,Mexico,Standard,2026-06-03
6101,23,Female,United States,Basic,2024-06-05
6102,25,Female,United Kingdom,Free,2019-11-09
6103,31,Female,Brazil,Basic,2023-08-02
6104,26,Female,India,Premium,2025-06-23
6105,40,Male,India,Free,2021-03-08
6106,63,Male,United Kingdom,Free,2019-01-19
6107,16,Male,Germany,Free,2024-06-20
6108,34,Male,India,Premium,2020-08-25
6109,58,Male,Germany,Standard,2019-12-03
6110,61,Female,United States,Free,2022-01-17
6111,19,Male,United Kingdom,Basic,2026-05-21
6112,70,Female,India,Premium,2023-07-21
6113,41,Male,United States,Standard,2019-03-15
6114,64,Male,India,Standard,2025-05-28
6115,43,Male,India,Free,2023-06-20
6116,18,Female,UAE,Free,2025-02-01
6117,66,Male,India,Premium,2024-09-10
6118,46,Male,India,Basic,2023-06-18
6119,49,Female,India,Free,2019-12-27
6120,70,Male,United States,Basic,2021-07-27
6121,23,Male,India,Standard,2024-12-17
6122,36,Female,India,Basic,2019-01-29
6123,21,Male,France,Basic,2024-07-26
6124,53,Other,Italy,Standard,2019-04-24
6125,54,Male,India,Free,2020-05-03
6126,69,Female,United Kingdom,Standard,2020-06-01
6127,30,Male,India,Basic,2019-01-16
6128,68,Male,Australia,Free,2024-05-06
6129,52,Male,India,Premium,2022-11-08
6130,49,Other,Australia,Free,2022-08-14
6131,66,Male,United States,Free,2025-10-11
6132,56,Male,India,Free,2019-03-21
6133,65,Male,Japan,Basic,2020-03-29
6134,65,Other,South Africa,Free,2024-03-30
6135,67,Male,United States,Free,2022-11-17
6136,53,Male,South Africa,Free,2019-10-15
6137,26,Male,Canada,Premium,2024-04-08
6138,61,Male,France,Basic,2024-03-03
6139,45,Male,France,Free,2026-02-15
6140,34,Male,UAE,Premium,2025-12-25
6141,44,Female,India,Premium,2023-03-22
6142,38,Male,United States,Basic,2022-06-13
6143,29,Female,Singapore,Basic,2020-10-03
6144,54,Female,India,Standard,2022-01-11
6145,49,Female,Australia,Free,2024-04-12
6146,52,Female,Italy,Basic,2019-07-24
6147,51,Male,Canada,Basic,2022-12-22
6148,45,Male,United States,Free,2020-11-18
6149,40,Male,Brazil,Standard,2020-07-20
6150,23,Male,Canada,Premium,2021-06-23
6151,41,Female,India,Basic,2019-12-13
6152,60,Female,South Africa,Basic,2019-08-29
6153,21,Female,India,Free,2020-04-10
6154,63,Male,Japan,Free,2019-09-27
6155,31,Female,Singapore,Basic,2019-02-22
6156,15,Female,United Kingdom,Free,2025-11-05
6157,66,Male,Italy,Basic,2022-01-22
6158,43,Female,India,Basic,2026-02-23
6159,30,Female,Italy,Basic,2022-08-16
6160,54,Male,United States,Standard,2024-05-06
6161,66,Female,Netherlands,Free,2025-09-03
6162,16,Female,India,Standard,2020-10-31
6163,62,Male,France,Free,2022-08-21
6164,15,Male,India,Basic,2019-03-07
6165,51,Male,Italy,Free,2022-05-16
6166,68,Male,India,Standard,2022-06-30
6167,34,Male,United Kingdom,Free,2022-08-23
6168,35,Male,Mexico,Standard,2022-03-09
6169,26,Female,India,Basic,2025-09-18
6170,24,Female,France,Standard,2023-12-20
6171,38,Female,India,Basic,2025-12-22
6172,27,Male,India,Basic,2025-08-03
6173,16,Male,Singapore,Standard,2025-08-13
6174,70,Male,Netherlands,Free,2024-10-03
6175,45,Female,India,Basic,2021-10-13
6176,67,Female,United Kingdom,Premium,2021-10-05
6177,16,Female,India,Free,2026-01-20
6178,68,Female,India,Premium,2023-09-30
6179,34,Male,India,Free,2024-05-02
6180,31,Male,Canada,Free,2024-02-22
6181,25,Male,India,Free,2019-10-25
6182,40,Male,India,Free,2020-01-28
6183,67,Male,Germany,Free,2022-12-31
6184,35,Female,United Kingdom,Standard,2021-12-28
6185,55,Other,India,Free,2026-04-06
6186,67,Female,India,Free,2022-06-05
6187,19,Male,Australia,Free,2023-03-05
6188,69,Male,United States,Basic,2019-05-26
6189,46,Female,India,Free,2021-10-18
6190,67,Other,Italy,Free,2019-03-29
6191,37,Female,India,Standard,2025-11-08
6192,31,Female,Italy,Basic,2024-04-10
6193,22,Male,United Kingdom,Standard,2023-01-06
6194,46,Female,UAE,Free,2021-08-02
6195,26,Female,Australia,Free,2022-02-11
6196,41,Male,Japan,Basic,2023-08-09
6197,23,Female,India,Standard,2025-01-06
6198,57,Male,Mexico,Basic,2022-07-18
6199,23,Male,Brazil,Basic,2019-10-27
6200,35,Male,India,Free,2025-04-22
6201,57,Male,Brazil,Standard,2023-09-17
6202,53,Male,Singapore,Free,2021-06-02
6203,59,Other,India,Premium,2019-06-22
6204,62,Female,India,Free,2022-03-11
6205,63,Female,France,Standard,2021-06-05
6206,53,Male,Japan,Basic,2025-04-01
6207,21,Female,India,Free,2023-05-20
6208,57,Male,Mexico,Basic,2020-04-11
6209,41,Other,United States,Basic,2022-12-14
6210,20,Female,Germany,Premium,2025-09-06
6211,17,Other,Australia,Standard,2023-04-13
6212,36,Other,France,Basic,2020-10-18
6213,39,Male,United Kingdom,Free,2020-10-01
6214,60,Female,Japan,Standard,2025-03-19
6215,22,Female,Mexico,Free,2020-09-24
6216,55,Male,India,Basic,2019-03-14
6217,44,Female,France,Standard,2019-04-28
6218,49,Male,Brazil,Basic,2024-11-01
6219,63,Female,Australia,Basic,2020-02-27
6220,56,Male,Italy,Basic,2021-04-17
6221,41,Male,India,Free,2021-12-15
6222,51,Male,United States,Basic,2023-09-08
6223,43,Male,Singapore,Free,2024-07-05
6224,21,Male,United States,Basic,2022-12-09
6225,57,Female,United States,Basic,2022-05-28
6226,30,Female,India,Free,2026-01-07
6227,56,Male,Canada,Free,2019-05-13
6228,23,Male,Japan,Free,2022-09-18
6229,63,Female,India,Basic,2024-05-07
6230,45,Female,India,Free,2023-03-31
6231,46,Female,United Kingdom,Basic,2020-10-20
6232,68,Male,United States,Basic,2020-09-21
6233,15,Female,India,Standard,2020-07-21
6234,38,Female,India,Free,2026-05-19
6235,18,Other,India,Premium,2024-09-08
6236,62,Female,Australia,Basic,2025-03-05
6237,68,Male,Japan,Basic,2024-02-20
6238,30,Female,United States,Free,2020-02-03
6239,40,Male,India,Standard,2022-03-01
6240,30,Female,Brazil,Free,2019-05-03
6241,52,Male,India,Free,2022-06-12
6242,54,Female,Netherlands,Basic,2022-02-12
6243,21,Male,Canada,Premium,2023-08-18
6244,35,Other,United States,Free,2024-09-28
6245,54,Female,India,Free,2025-10-16
6246,66,Male,India,Free,2022-09-02
6247,55,Male,India,Free,2019-06-03
6248,23,Male,Mexico,Free,2023-04-15
6249,62,Male,Singapore,Premium,2020-02-23
6250,26,Male,Australia,Basic,2019-06-28
6251,67,Male,South Africa,Premium,2020-11-10
6252,64,Female,UAE,Free,2019-10-12
6253,41,Male,India,Basic,2020-04-15
6254,69,Male,Canada,Basic,2025-03-16
6255,33,Female,United Kingdom,Basic,2025-07-18
6256,50,Male,India,Free,2020-07-29
6257,45,Male,United States,Basic,2022-02-28
6258,34,Male,India,Free,2021-11-29
6259,59,Female,India,Basic,2023-05-29
6260,27,Female,India,Basic,2024-03-07
6261,19,Male,India,Premium,2020-03-26
6262,49,Male,India,Standard,2026-01-29
6263,52,Female,South Africa,Standard,2025-10-11
6264,63,Male,Canada,Free,2019-12-16
6265,16,Male,Mexico,Standard,2024-08-15
6266,51,Female,India,Free,2025-07-04
6267,66,Female,India,Free,2023-03-30
6268,57,Female,India,Free,2024-06-14
6269,41,Female,Australia,Free,2019-09-17
6270,17,Male,India,Free,2019-10-13
6271,48,Male,Mexico,Premium,2025-04-22
6272,55,Male,India,Premium,2019-12-18
6273,59,Female,India,Basic,2023-12-28
6274,70,Female,India,Free,2019-06-07
6275,47,Male,India,Standard,2019-07-15
6276,66,Other,United States,Free,2026-05-29
6277,67,Female,United Kingdom,Free,2021-03-21
6278,21,Male,Brazil,Standard,2023-05-16
6279,32,Male,India,Standard,2024-02-18
6280,35,Female,United States,Free,2019-08-12
6281,44,Female,India,Free,2024-01-17
6282,31,Male,Australia,Basic,2024-11-21
6283,43,Male,Mexico,Free,2020-03-12
6284,60,Male,France,Premium,2022-03-29
6285,20,Male,Australia,Premium,2019-10-18
6286,15,Female,India,Free,2024-01-21
6287,37,Male,India,Basic,2019-07-06
6288,37,Female,Mexico,Free,2019-05-29
6289,20,Male,United Kingdom,Basic,2022-09-23
6290,33,Male,India,Free,2023-06-11
6291,17,Male,India,Free,2023-12-11
6292,33,Female,United States,Basic,2025-04-18
6293,39,Female,Australia,Standard,2025-08-17
6294,32,Female,United Kingdom,Basic,2026-04-14
6295,30,Male,India,Premium,2024-02-11
6296,66,Male,France,Basic,2021-06-27
6297,56,Female,Canada,Free,2021-03-19
6298,66,Male,Netherlands,Free,2024-12-01
6299,21,Male,UAE,Basic,2025-06-08
6300,60,Female,Japan,Premium,2022-02-12
6301,54,Male,South Africa,Free,2022-04-18
6302,20,Female,Japan,Free,2025-08-21
6303,42,Male,India,Free,2026-06-04
6304,48,Male,Canada,Basic,2022-11-03
6305,38,Female,India,Premium,2024-05-20
6306,64,Female,Japan,Standard,2023-01-15
6307,30,Female,Singapore,Standard,2022-06-28
6308,54,Female,Canada,Free,2026-01-10
6309,40,Other,India,Free,2020-04-02
6310,62,Female,Australia,Basic,2020-03-01
6311,44,Male,Canada,Free,2023-10-18
6312,59,Female,India,Basic,2020-09-15
6313,27,Female,Japan,Standard,2024-11-24
6314,39,Female,Italy,Free,2025-12-21
6315,24,Female,Australia,Free,2024-01-31
6316,57,Male,Germany,Premium,2021-09-15
6317,32,Female,Brazil,Premium,2024-05-26
6318,53,Male,Mexico,Basic,2023-02-05
6319,38,Female,India,Premium,2022-08-01
6320,44,Female,India,Standard,2023-05-11
6321,23,Male,United States,Standard,2025-04-01
6322,54,Male,Singapore,Standard,2023-05-30
6323,34,Male,Japan,Basic,2025-09-07
6324,43,Male,Mexico,Standard,2026-01-17
6325,56,Male,United Kingdom,Standard,2021-08-03
6326,53,Female,India,Free,2020-02-10
6327,61,Female,United States,Premium,2025-07-16
6328,24,Male,India,Standard,2026-04-10
6329,18,Male,Australia,Free,2019-08-08
6330,15,Male,India,Premium,2020-03-31
6331,57,Female,India,Standard,2023-10-04
6332,19,Male,Japan,Basic,2025-04-20
6333,31,Female,Italy,Standard,2026-01-11
6334,47,Male,Mexico,Premium,2019-01-05
6335,18,Female,United Kingdom,Free,2021-03-02
6336,48,Female,Australia,Free,2025-06-04
6337,54,Male,Germany,Premium,2025-04-15
6338,69,Male,India,Standard,2021-06-12
6339,19,Male,Australia,Basic,2024-07-15
6340,58,Female,Italy,Premium,2021-09-30
6341,55,Other,Singapore,Premium,2022-07-22
6342,61,Male,Canada,Free,2019-10-22
6343,64,Other,United Kingdom,Premium,2019-03-27
6344,41,Male,India,Standard,2023-06-17
6345,67,Male,United Kingdom,Free,2026-01-23
6346,55,Other,India,Free,2021-02-15
6347,41,Male,India,Basic,2025-10-24
6348,30,Male,India,Premium,2025-11-01
6349,52,Male,Japan,Basic,2019-03-03
6350,68,Male,India,Basic,2019-10-05
6351,60,Female,India,Free,2022-11-07
6352,23,Female,United Kingdom,Premium,2026-02-14
6353,66,Male,United States,Free,2023-04-08
6354,53,Male,Canada,Basic,2026-01-02
6355,51,Male,Singapore,Premium,2022-07-06
6356,26,Female,United States,Free,2022-05-19
6357,58,Female,Brazil,Free,2026-01-23
6358,42,Female,France,Basic,2020-04-07
6359,70,Other,India,Free,2021-06-30
6360,29,Male,India,Basic,2024-10-29
6361,16,Male,United Kingdom,Free,2022-09-29
6362,35,Female,Canada,Standard,2019-08-17
6363,64,Female,United States,Premium,2024-05-26
6364,48,Male,Canada,Free,2022-12-30
6365,51,Male,India,Standard,2021-12-27
6366,39,Female,United States,Free,2021-01-01
6367,61,Other,United States,Free,2020-08-20
6368,27,Male,India,Basic,2019-01-28
6369,26,Female,United States,Basic,2025-05-14
6370,46,Male,India,Basic,2025-05-28
6371,27,Female,United States,Basic,2025-06-29
6372,35,Female,India,Premium,2020-08-21
6373,31,Female,India,Free,2019-09-21
6374,45,Female,Netherlands,Premium,2024-02-11
6375,15,Male,United Kingdom,Free,2022-12-25
6376,40,Female,United States,Basic,2020-02-28
6377,25,Male,United Kingdom,Standard,2020-10-18
6378,28,Male,Brazil,Basic,2023-01-20
6379,40,Female,India,Premium,2020-08-21
6380,51,Other,Australia,Premium,2025-04-07
6381,23,Female,India,Premium,2020-12-02
6382,66,Male,UAE,Standard,2024-11-06
6383,48,Male,India,Basic,2023-10-15
6384,37,Female,India,Free,2021-01-23
6385,15,Male,India,Basic,2019-04-03
6386,50,Male,United Kingdom,Free,2019-10-12
6387,42,Female,India,Basic,2023-10-27
6388,63,Female,Australia,Free,2020-10-05
6389,54,Female,United States,Free,2019-03-21
6390,16,Female,UAE,Free,2020-04-15
6391,54,Male,United Kingdom,Free,2020-06-11
6392,23,Male,India,Standard,2019-02-22
6393,28,Male,Netherlands,Free,2021-09-12
6394,35,Male,France,Basic,2019-01-12
6395,60,Female,Australia,Standard,2026-03-05
6396,32,Male,United States,Standard,2025-06-10
6397,22,Other,Brazil,Free,2025-04-13
6398,16,Female,India,Basic,2023-06-12
6399,29,Male,Japan,Standard,2025-11-12
6400,39,Female,United States,Standard,2019-02-07
6401,30,Male,India,Free,2021-11-01
6402,19,Female,United States,Basic,2021-12-16
6403,52,Male,India,Basic,2022-04-03
6404,65,Female,United Kingdom,Free,2026-05-10
6405,21,Female,India,Basic,2023-08-19
6406,68,Female,United Kingdom,Basic,2022-04-26
6407,21,Male,India,Standard,2026-05-03
6408,54,Other,United States,Basic,2023-08-30
6409,21,Female,Brazil,Free,2020-10-27
6410,60,Male,India,Free,2020-10-28
6411,23,Female,Italy,Premium,2022-08-21
6412,47,Female,India,Basic,2023-12-28
6413,55,Male,United States,Free,2019-08-23
6414,59,Female,United States,Premium,2020-12-15
6415,36,Female,Germany,Basic,2019-07-11
6416,64,Male,India,Free,2020-10-13
6417,67,Male,United Kingdom,Basic,2021-01-13
6418,44,Male,United Kingdom,Basic,2023-07-05
6419,17,Male,Netherlands,Free,2025-08-03
6420,16,Other,India,Premium,2023-01-09
6421,66,Female,UAE,Basic,2025-08-25
6422,45,Male,United Kingdom,Free,2022-06-21
6423,67,Female,India,Premium,2021-06-20
6424,38,Female,United States,Standard,2022-04-23
6425,57,Female,Canada,Free,2022-08-28
6426,62,Female,Canada,Basic,2023-12-28
6427,46,Female,Netherlands,Free,2021-02-10
6428,65,Male,Canada,Basic,2019-03-17
6429,60,Male,United States,Basic,2020-08-07
6430,43,Female,United States,Premium,2020-03-02
6431,20,Other,India,Basic,2022-12-31
6432,48,Female,South Africa,Free,2020-03-22
6433,37,Female,Italy,Free,2021-04-20
6434,27,Male,United Kingdom,Standard,2019-09-06
6435,15,Female,India,Basic,2019-10-16
6436,23,Female,Australia,Premium,2025-07-31
6437,54,Female,India,Premium,2024-07-23
6438,32,Male,India,Free,2021-10-06
6439,61,Female,Canada,Basic,2025-06-22
6440,70,Female,India,Free,2022-09-06
6441,59,Male,India,Standard,2021-06-21
6442,28,Female,United Kingdom,Basic,2024-10-27
6443,58,Male,Japan,Basic,2026-03-17
6444,50,Female,United Kingdom,Basic,2020-03-05
6445,49,Female,India,Free,2025-06-14
6446,44,Male,India,Standard,2025-05-17
6447,15,Female,United States,Basic,2022-03-11
6448,54,Female,Canada,Standard,2026-04-30
6449,67,Male,India,Basic,2026-03-16
6450,57,Male,Brazil,Free,2019-06-27
6451,43,Male,UAE,Free,2023-10-12
6452,23,Male,Brazil,Free,2026-05-03
6453,29,Male,United States,Free,2025-05-15
6454,21,Female,India,Standard,2021-11-27
6455,30,Male,Australia,Basic,2025-11-08
6456,48,Male,Australia,Standard,2025-05-14
6457,62,Male,Japan,Standard,2025-06-02
6458,42,Male,Singapore,Basic,2021-07-02
6459,58,Female,United States,Premium,2025-03-11
6460,19,Male,United Kingdom,Premium,2021-06-12
6461,34,Female,United Kingdom,Premium,2021-05-12
6462,18,Other,Australia,Free,2024-03-23
6463,44,Female,India,Premium,2026-02-21
6464,70,Male,Australia,Basic,2019-01-11
6465,46,Female,India,Basic,2020-08-31
6466,27,Male,Germany,Free,2019-02-25
6467,30,Female,United States,Basic,2022-10-24
6468,23,Female,United States,Standard,2021-02-06
6469,29,Male,Netherlands,Free,2023-05-28
6470,35,Male,United States,Free,2022-09-17
6471,66,Male,Australia,Free,2025-08-30
6472,59,Male,India,Free,2022-01-02
6473,45,Female,India,Standard,2022-09-12
6474,17,Female,Germany,Free,2022-11-12
6475,59,Male,Netherlands,Premium,2020-09-01
6476,17,Male,India,Free,2021-03-07
6477,41,Other,India,Premium,2023-01-16
6478,51,Male,United States,Free,2020-10-17
6479,21,Female,India,Standard,2020-01-17
6480,55,Male,Germany,Standard,2019-02-28
6481,68,Male,India,Standard,2020-02-28
6482,24,Male,India,Premium,2026-04-12
6483,30,Female,Australia,Free,2022-04-27
6484,33,Male,Germany,Free,2019-01-18
6485,31,Male,United States,Premium,2025-07-06
6486,36,Male,Italy,Free,2022-09-25
6487,42,Male,United Kingdom,Standard,2025-10-17
6488,66,Female,South Africa,Free,2026-03-31
6489,23,Female,Singapore,Free,2025-09-26
6490,18,Male,Japan,Free,2024-10-29
6491,26,Female,Japan,Basic,2023-03-25
6492,61,Female,Japan,Free,2023-10-04
6493,51,Male,Mexico,Free,2019-09-12
6494,51,Male,Mexico,Standard,2023-06-29
6495,21,Male,Canada,Basic,2024-03-08
6496,16,Female,India,Free,2020-03-17
6497,26,Male,India,Standard,2021-11-01
6498,34,Female,United States,Basic,2020-11-01
6499,22,Male,France,Basic,2021-03-04
6500,58,Male,Germany,Free,2026-02-14
6501,69,Female,France,Free,2023-03-28
6502,65,Female,India,Free,2022-10-13
6503,29,Male,India,Free,2023-09-08
6504,17,Female,UAE,Free,2020-08-18
6505,47,Male,United States,Standard,2021-01-14
6506,44,Female,United States,Basic,2022-08-20
6507,46,Female,United Kingdom,Basic,2020-11-13
6508,50,Female,India,Free,2020-10-12
6509,59,Female,Japan,Standard,2019-04-16
6510,20,Other,India,Premium,2025-03-16
6511,18,Female,India,Standard,2023-02-06
6512,47,Female,India,Premium,2024-07-04
6513,41,Male,Canada,Standard,2019-03-21
6514,56,Male,Japan,Free,2020-09-29
6515,59,Female,South Africa,Premium,2020-12-25
6516,38,Male,United States,Basic,2021-10-23
6517,45,Female,UAE,Free,2023-12-14
6518,15,Female,Germany,Free,2022-07-26
6519,45,Male,Brazil,Free,2023-11-13
6520,20,Male,Canada,Basic,2024-02-02
6521,24,Female,India,Basic,2025-09-18
6522,23,Female,Netherlands,Premium,2019-10-19
6523,60,Female,United States,Free,2019-04-20
6524,15,Male,Singapore,Free,2024-10-14
6525,42,Male,United States,Standard,2025-02-01
6526,47,Male,India,Standard,2026-03-11
6527,40,Male,Netherlands,Premium,2025-06-22
6528,68,Male,India,Basic,2024-11-15
6529,27,Female,UAE,Standard,2021-12-11
6530,23,Female,United States,Premium,2022-01-11
6531,20,Female,Brazil,Free,2025-10-09
6532,20,Other,United Kingdom,Free,2019-03-22
6533,48,Male,Mexico,Free,2019-01-05
6534,59,Female,France,Basic,2020-02-25
6535,38,Male,United States,Basic,2019-08-13
6536,45,Female,India,Free,2023-10-06
6537,50,Female,France,Basic,2024-01-30
6538,59,Male,South Africa,Basic,2019-08-08
6539,35,Other,India,Premium,2025-05-26
6540,15,Male,United States,Standard,2024-07-26
6541,50,Female,India,Free,2023-03-05
6542,18,Male,Australia,Basic,2020-10-31
6543,58,Female,Australia,Standard,2025-12-05
6544,26,Male,India,Standard,2025-12-14
6545,45,Male,Australia,Basic,2022-01-06
6546,56,Male,Germany,Standard,2022-09-29
6547,55,Male,Canada,Free,2024-01-23
6548,62,Male,Japan,Free,2020-09-11
6549,39,Female,Germany,Standard,2021-11-22
6550,57,Female,India,Free,2022-03-10
6551,22,Male,Germany,Basic,2019-06-11
6552,65,Female,Singapore,Free,2021-02-07
6553,30,Male,Brazil,Basic,2021-07-30
6554,70,Male,United States,Standard,2025-06-06
6555,64,Female,Canada,Free,2020-04-16
6556,62,Female,United States,Premium,2024-12-11
6557,35,Male,Brazil,Standard,2024-02-19
6558,34,Female,India,Free,2022-05-06
6559,54,Female,United Kingdom,Free,2022-01-22
6560,52,Female,United Kingdom,Free,2022-10-14
6561,47,Male,India,Free,2022-12-27
6562,43,Male,United States,Basic,2025-06-23
6563,50,Male,India,Free,2021-09-24
6564,35,Male,United States,Basic,2020-02-03
6565,22,Male,Italy,Premium,2024-10-23
6566,38,Female,Singapore,Premium,2021-10-22
6567,41,Female,UAE,Basic,2026-06-30
6568,61,Male,India,Free,2021-09-21
6569,37,Female,United States,Basic,2021-05-08
6570,18,Female,United States,Standard,2026-04-19
6571,32,Female,Singapore,Free,2019-06-13
6572,24,Male,Singapore,Free,2022-11-18
6573,54,Other,United Kingdom,Premium,2019-02-05
6574,36,Female,India,Standard,2025-06-10
6575,48,Female,South Africa,Premium,2025-02-22
6576,70,Male,Canada,Premium,2022-02-28
6577,45,Other,India,Standard,2022-02-21
6578,43,Male,India,Free,2021-10-12
6579,44,Female,United Kingdom,Basic,2021-10-29
6580,58,Male,Brazil,Free,2021-12-10
6581,42,Male,India,Free,2019-07-14
6582,66,Male,Brazil,Basic,2021-01-11
6583,42,Male,Mexico,Basic,2024-08-24
6584,48,Female,United States,Premium,2024-11-19
6585,44,Female,United States,Free,2024-10-01
6586,31,Female,France,Premium,2021-08-23
6587,32,Male,South Africa,Premium,2020-07-11
6588,61,Female,Netherlands,Premium,2023-08-31
6589,15,Female,Italy,Basic,2024-02-02
6590,36,Female,India,Standard,2021-05-05
6591,31,Male,India,Basic,2020-03-30
6592,24,Female,Japan,Basic,2022-04-21
6593,45,Female,United States,Standard,2022-12-02
6594,41,Male,UAE,Premium,2023-08-05
6595,50,Female,India,Free,2021-09-10
6596,70,Female,Italy,Standard,2019-04-26
6597,57,Male,Canada,Basic,2022-07-18
6598,29,Male,India,Standard,2024-01-16
6599,55,Female,India,Free,2023-12-08
6600,58,Male,UAE,Standard,2024-07-08
6601,19,Female,Australia,Free,2022-05-06
6602,44,Female,United States,Free,2019-09-14
6603,66,Female,India,Free,2025-02-04
6604,59,Male,United Kingdom,Free,2024-06-22
6605,49,Female,India,Free,2019-11-14
6606,35,Female,India,Basic,2024-09-22
6607,36,Female,United States,Free,2022-08-28
6608,60,Female,India,Premium,2020-11-07
6609,55,Female,Germany,Free,2020-07-25
6610,19,Female,South Africa,Basic,2025-01-22
6611,39,Male,India,Premium,2025-11-17
6612,32,Male,South Africa,Basic,2022-06-24
6613,26,Female,UAE,Premium,2024-12-21
6614,33,Male,India,Free,2021-09-20
6615,20,Female,Japan,Free,2025-12-01
6616,49,Female,UAE,Free,2020-11-17
6617,28,Female,South Africa,Free,2023-11-07
6618,39,Female,Netherlands,Free,2023-12-18
6619,70,Female,United Kingdom,Free,2025-01-27
6620,59,Female,United States,Basic,2024-12-07
6621,44,Female,Netherlands,Standard,2020-09-04
6622,15,Female,South Africa,Basic,2021-07-16
6623,68,Male,Italy,Premium,2019-01-30
6624,41,Male,United Kingdom,Standard,2021-12-25
6625,55,Female,Japan,Standard,2026-02-20
6626,60,Male,India,Premium,2020-12-11
6627,27,Female,India,Standard,2024-01-30
6628,46,Female,Brazil,Free,2022-09-16
6629,28,Male,United States,Basic,2021-06-13
6630,18,Female,Brazil,Free,2026-02-18
6631,57,Female,India,Free,2024-01-10
6632,16,Male,India,Free,2020-09-16
6633,36,Male,India,Basic,2025-10-08
6634,61,Female,Germany,Premium,2024-01-17
6635,44,Female,India,Free,2024-05-06
6636,50,Female,Mexico,Free,2025-07-19
6637,41,Female,Singapore,Free,2026-03-26
6638,44,Male,United States,Standard,2022-11-07
6639,39,Female,India,Premium,2024-10-10
6640,57,Female,India,Standard,2024-08-07
6641,62,Male,India,Free,2019-10-16
6642,59,Male,United Kingdom,Free,2024-12-29
6643,44,Female,United States,Free,2023-09-30
6644,25,Male,Canada,Premium,2025-07-14
6645,68,Female,Japan,Premium,2023-09-24
6646,32,Male,United States,Basic,2025-09-01
6647,35,Male,India,Premium,2019-07-13
6648,29,Female,India,Basic,2020-04-25
6649,30,Female,United Kingdom,Free,2023-03-20
6650,24,Female,India,Basic,2026-01-02
6651,18,Male,UAE,Standard,2019-11-07
6652,17,Female,India,Free,2021-06-13
6653,28,Male,Japan,Free,2023-07-12
6654,44,Male,Australia,Basic,2020-11-09
6655,47,Female,India,Free,2023-04-10
6656,38,Female,Australia,Free,2025-07-09
6657,57,Female,United States,Basic,2025-05-16
6658,36,Female,United States,Free,2022-11-04
6659,35,Female,India,Basic,2020-07-02
6660,51,Female,India,Free,2024-10-06
6661,38,Female,Mexico,Free,2019-11-01
6662,50,Male,United States,Free,2022-07-05
6663,23,Female,Australia,Free,2019-09-10
6664,44,Female,Brazil,Basic,2024-08-12
6665,25,Female,India,Standard,2020-01-30
6666,70,Male,Australia,Free,2022-05-11
6667,68,Female,United Kingdom,Standard,2022-08-02
6668,24,Male,India,Standard,2026-06-16
6669,23,Male,United States,Basic,2021-12-09
6670,44,Male,United Kingdom,Standard,2020-08-02
6671,34,Female,India,Standard,2021-09-18
6672,26,Female,India,Free,2022-03-11
6673,33,Male,Germany,Basic,2023-11-23
6674,29,Male,Japan,Standard,2025-06-16
6675,31,Male,Brazil,Free,2025-03-09
6676,17,Male,Japan,Free,2024-05-12
6677,51,Male,Canada,Standard,2022-03-02
6678,67,Male,South Africa,Free,2026-05-08
6679,30,Female,United States,Basic,2019-12-20
6680,50,Female,India,Premium,2020-04-11
6681,28,Female,France,Standard,2021-08-13
6682,31,Female,Germany,Basic,2021-04-07
6683,28,Female,Germany,Basic,2020-12-21
6684,44,Male,United States,Free,2021-09-06
6685,33,Female,India,Free,2019-04-17
6686,64,Male,India,Standard,2021-04-14
6687,47,Male,India,Free,2025-08-22
6688,69,Male,India,Basic,2025-10-03
6689,18,Female,Australia,Standard,2025-06-27
6690,39,Female,United States,Free,2021-02-10
6691,22,Female,India,Basic,2025-08-14
6692,17,Female,India,Free,2022-08-07
6693,40,Other,France,Standard,2020-01-21
6694,43,Female,India,Basic,2026-01-08
6695,40,Female,Netherlands,Premium,2019-10-11
6696,45,Male,Singapore,Free,2025-02-22
6697,51,Male,India,Basic,2024-05-16
6698,33,Male,Japan,Free,2021-09-06
6699,61,Male,India,Standard,2021-10-16
6700,32,Female,India,Free,2019-04-24
6701,46,Male,UAE,Basic,2023-05-20
6702,37,Male,Germany,Basic,2020-09-20
6703,37,Female,Australia,Free,2019-11-05
6704,67,Male,France,Free,2019-04-17
6705,68,Male,United Kingdom,Basic,2019-11-11
6706,20,Female,Singapore,Standard,2019-08-13
6707,35,Female,Germany,Basic,2019-05-07
6708,27,Female,Canada,Free,2021-04-22
6709,18,Male,Singapore,Free,2022-11-15
6710,53,Female,United States,Basic,2023-06-14
6711,40,Female,India,Standard,2021-10-12
6712,28,Female,India,Basic,2022-07-27
6713,48,Female,Brazil,Basic,2019-09-27
6714,32,Female,United Kingdom,Free,2021-01-17
6715,28,Male,Japan,Standard,2023-07-22
6716,36,Female,Brazil,Free,2025-01-27
6717,59,Female,India,Premium,2020-12-01
6718,30,Male,Canada,Free,2025-06-24
6719,46,Male,United Kingdom,Premium,2025-01-27
6720,68,Female,Germany,Basic,2022-10-15
6721,62,Male,United States,Premium,2021-05-16
6722,54,Female,UAE,Premium,2019-04-09
6723,28,Female,United Kingdom,Free,2021-08-21
6724,42,Female,Canada,Free,2024-06-26
6725,27,Male,Canada,Basic,2020-08-18
6726,30,Female,India,Standard,2023-08-12
6727,31,Male,United Kingdom,Basic,2022-01-25
6728,48,Male,United States,Standard,2020-02-07
6729,40,Male,Brazil,Free,2023-06-28
6730,29,Male,United States,Premium,2025-06-13
6731,43,Female,India,Free,2024-10-03
6732,34,Male,India,Standard,2022-01-08
6733,31,Female,United States,Free,2020-04-06
6734,60,Male,India,Free,2019-10-08
6735,19,Male,United States,Free,2023-05-03
6736,16,Female,Singapore,Free,2024-10-16
6737,53,Male,France,Free,2022-09-25
6738,36,Male,Australia,Free,2022-12-07
6739,31,Male,United States,Premium,2023-04-05
6740,47,Female,South Africa,Premium,2021-08-06
6741,46,Male,Netherlands,Standard,2021-03-23
6742,33,Female,Germany,Basic,2022-07-13
6743,32,Other,Japan,Free,2023-08-08
6744,65,Male,India,Premium,2019-12-20
6745,20,Female,United States,Premium,2020-09-15
6746,46,Female,Mexico,Premium,2023-03-22
6747,66,Female,UAE,Standard,2020-02-10
6748,56,Female,Italy,Basic,2021-04-30
6749,39,Female,India,Free,2019-08-15
6750,52,Male,Germany,Basic,2025-07-26
6751,27,Male,Brazil,Basic,2019-12-15
6752,41,Female,UAE,Free,2020-04-09
6753,19,Male,Brazil,Standard,2019-03-20
6754,30,Male,United Kingdom,Free,2022-01-19
6755,27,Female,Italy,Standard,2019-05-19
6756,15,Female,India,Basic,2025-05-25
6757,36,Female,Canada,Premium,2020-05-23
6758,34,Female,Canada,Free,2022-03-13
6759,54,Female,United States,Free,2020-07-20
6760,68,Male,France,Standard,2022-12-19
6761,69,Male,United States,Free,2019-02-01
6762,15,Male,Italy,Standard,2019-10-01
6763,56,Other,India,Free,2025-07-03
6764,57,Female,Germany,Free,2021-01-24
6765,29,Male,India,Basic,2021-05-21
6766,50,Male,India,Free,2024-10-07
6767,53,Female,India,Premium,2019-07-09
6768,18,Male,India,Basic,2020-02-28
6769,23,Female,Australia,Basic,2022-10-15
6770,43,Male,India,Standard,2019-06-17
6771,69,Male,Netherlands,Premium,2025-05-08
6772,34,Female,India,Premium,2022-03-27
6773,26,Female,UAE,Standard,2021-10-01
6774,35,Female,Brazil,Standard,2025-01-28
6775,27,Female,United Kingdom,Standard,2024-04-16
6776,60,Male,United States,Basic,2025-03-22
6777,22,Female,India,Free,2022-08-27
6778,39,Male,United States,Standard,2020-01-28
6779,67,Male,United Kingdom,Free,2019-09-23
6780,68,Female,Netherlands,Basic,2019-06-03
6781,58,Female,Brazil,Free,2019-01-09
6782,46,Female,India,Premium,2020-05-03
6783,19,Male,United States,Free,2026-04-14
6784,20,Other,Netherlands,Premium,2021-09-14
6785,18,Female,United States,Standard,2020-12-07
6786,61,Female,Singapore,Basic,2024-10-15
6787,49,Female,Brazil,Premium,2021-01-26
6788,30,Female,France,Basic,2022-04-12
6789,50,Female,Italy,Basic,2019-01-20
6790,18,Male,Canada,Free,2020-08-25
6791,36,Male,United States,Free,2019-12-21
6792,63,Female,Brazil,Standard,2025-03-05
6793,25,Female,United States,Basic,2025-07-26
6794,18,Female,Australia,Basic,2019-03-21
6795,24,Female,United States,Standard,2021-04-12
6796,50,Other,Japan,Basic,2023-01-18
6797,44,Male,United States,Standard,2024-12-09
6798,23,Other,Brazil,Free,2019-02-26
6799,27,Female,France,Free,2025-08-28
6800,68,Other,United States,Standard,2024-06-19
6801,48,Female,United Kingdom,Basic,2023-09-04
6802,60,Female,United States,Standard,2025-07-03
6803,29,Male,United Kingdom,Standard,2019-05-24
6804,51,Other,UAE,Free,2024-08-28
6805,32,Female,Germany,Standard,2024-07-07
6806,61,Male,United States,Basic,2020-12-21
6807,54,Male,India,Basic,2022-03-19
6808,58,Female,Japan,Free,2023-12-14
6809,23,Male,United States,Standard,2020-01-03
6810,64,Female,India,Free,2025-07-28
6811,32,Female,Canada,Free,2019-06-15
6812,27,Male,Brazil,Standard,2019-09-07
6813,26,Male,India,Basic,2021-07-13
6814,18,Male,Japan,Free,2021-11-13
6815,37,Male,South Africa,Premium,2021-07-01
6816,30,Male,South Africa,Standard,2024-03-05
6817,63,Female,India,Standard,2023-04-10
6818,29,Male,United States,Free,2026-04-05
6819,24,Male,United States,Basic,2020-05-15
6820,23,Male,United Kingdom,Basic,2026-02-05
6821,51,Female,India,Standard,2023-01-07
6822,68,Female,India,Standard,2023-07-30
6823,53,Female,India,Basic,2021-08-02
6824,28,Other,India,Basic,2022-12-24
6825,59,Male,Brazil,Standard,2021-08-03
6826,44,Male,Brazil,Premium,2021-06-16
6827,46,Female,India,Standard,2021-05-01
6828,21,Male,Brazil,Standard,2019-08-06
6829,15,Female,Canada,Free,2021-04-30
6830,31,Female,India,Standard,2019-02-15
6831,32,Male,India,Standard,2020-05-22
6832,55,Female,UAE,Basic,2024-12-24
6833,32,Male,Australia,Premium,2020-06-07
6834,38,Female,UAE,Basic,2019-02-21
6835,32,Male,United States,Basic,2026-03-13
6836,55,Male,Mexico,Standard,2024-05-09
6837,41,Female,United States,Free,2026-04-26
6838,55,Male,United States,Standard,2022-06-12
6839,34,Female,Germany,Free,2024-06-27
6840,57,Female,Brazil,Basic,2020-10-06
6841,42,Male,United States,Standard,2026-01-21
6842,67,Male,Australia,Premium,2025-10-03
6843,42,Female,United States,Free,2020-06-27
6844,48,Other,India,Standard,2019-06-05
6845,29,Female,Canada,Basic,2024-10-22
6846,70,Male,India,Standard,2019-04-04
6847,30,Male,Canada,Free,2025-07-10
6848,67,Female,Italy,Standard,2019-11-27
6849,58,Female,India,Free,2023-06-11
6850,42,Male,South Africa,Basic,2023-07-17
6851,55,Female,India,Basic,2021-07-03
6852,34,Female,United States,Premium,2025-05-16
6853,51,Female,United States,Free,2025-07-18
6854,37,Female,India,Standard,2021-08-04
6855,48,Male,United States,Premium,2023-04-11
6856,25,Male,United States,Basic,2023-06-29
6857,30,Female,United States,Free,2023-08-26
6858,29,Female,India,Free,2025-09-09
6859,33,Male,United Kingdom,Free,2022-03-17
6860,41,Male,Brazil,Standard,2021-03-23
6861,19,Male,United Kingdom,Free,2019-08-08
6862,24,Female,India,Standard,2024-03-30
6863,28,Male,United States,Standard,2020-11-18
6864,37,Female,Australia,Basic,2021-01-31
6865,25,Female,India,Premium,2024-01-26
6866,32,Female,Canada,Free,2026-06-27
6867,40,Male,India,Free,2025-10-06
6868,15,Male,United Kingdom,Free,2019-04-04
6869,62,Male,Italy,Standard,2023-08-21
6870,34,Male,France,Standard,2025-04-03
6871,51,Female,India,Basic,2023-01-03
6872,54,Male,Mexico,Free,2023-10-31
6873,65,Male,Japan,Standard,2025-09-21
6874,27,Female,South Africa,Free,2026-05-14
6875,57,Male,Mexico,Free,2022-03-15
6876,37,Female,Japan,Standard,2023-09-11
6877,42,Other,Japan,Free,2024-07-15
6878,65,Male,Italy,Free,2023-12-10
6879,64,Female,India,Standard,2022-08-26
6880,23,Female,Canada,Standard,2023-05-13
6881,42,Male,Netherlands,Basic,2023-12-18
6882,49,Female,United States,Basic,2020-01-06
6883,52,Female,France,Basic,2023-12-28
6884,32,Male,India,Free,2023-07-10
6885,47,Male,India,Free,2020-10-08
6886,62,Male,India,Free,2025-05-26
6887,56,Female,Germany,Free,2025-10-27
6888,55,Male,Mexico,Free,2021-08-09
6889,37,Male,United States,Free,2020-04-04
6890,26,Female,Germany,Free,2021-08-21
6891,47,Male,India,Basic,2021-05-08
6892,36,Female,United States,Free,2023-10-16
6893,15,Female,Canada,Free,2024-05-07
6894,40,Male,India,Basic,2025-07-15
6895,22,Female,UAE,Basic,2021-02-01
6896,26,Male,United States,Premium,2021-08-31
6897,61,Female,Germany,Standard,2022-12-09
6898,50,Female,Germany,Standard,2019-10-15
6899,55,Female,Australia,Free,2022-05-24
6900,22,Male,Canada,Free,2023-03-08
6901,23,Female,United States,Standard,2023-07-01
6902,15,Male,India,Free,2019-01-02
6903,64,Female,India,Free,2024-05-27
6904,27,Female,India,Premium,2019-05-08
6905,19,Male,India,Free,2024-03-22
6906,21,Other,India,Free,2019-08-13
6907,39,Female,Australia,Free,2022-04-24
6908,53,Female,Canada,Free,2023-07-02
6909,55,Female,United States,Premium,2022-10-08
6910,22,Female,Germany,Standard,2025-08-26
6911,29,Female,Canada,Basic,2019-11-30
6912,47,Male,Australia,Free,2019-02-01
6913,49,Male,United States,Premium,2025-09-13
6914,69,Male,India,Standard,2025-04-06
6915,60,Female,Japan,Premium,2019-03-12
6916,46,Female,Germany,Basic,2019-12-09
6917,24,Other,India,Standard,2019-11-01
6918,63,Male,Canada,Free,2020-07-06
6919,17,Female,Mexico,Standard,2021-12-22
6920,17,Female,Mexico,Standard,2024-05-11
6921,70,Female,Mexico,Basic,2023-01-27
6922,48,Female,United States,Standard,2021-11-10
6923,49,Male,United States,Free,2021-01-12
6924,41,Female,France,Standard,2026-04-15
6925,29,Female,Netherlands,Basic,2023-02-26
6926,19,Male,United Kingdom,Free,2020-03-27
6927,22,Female,India,Basic,2025-01-29
6928,20,Female,Australia,Free,2026-06-29
6929,60,Female,India,Standard,2025-10-29
6930,29,Male,India,Free,2024-09-11
6931,64,Female,France,Free,2023-10-24
6932,65,Male,India,Free,2026-06-07
6933,36,Female,United Kingdom,Standard,2025-10-15
6934,69,Female,Japan,Premium,2023-05-04
6935,55,Male,Brazil,Premium,2019-07-18
6936,33,Male,United States,Free,2020-07-31
6937,63,Male,India,Basic,2024-10-26
6938,22,Male,India,Free,2025-03-30
6939,64,Male,India,Standard,2023-07-26
6940,68,Male,United Kingdom,Free,2025-11-08
6941,46,Female,India,Standard,2025-03-10
6942,68,Male,United States,Free,2022-02-22
6943,51,Female,India,Basic,2025-08-16
6944,58,Female,France,Standard,2024-08-16
6945,17,Male,India,Premium,2021-12-10
6946,36,Male,Canada,Free,2025-12-07
6947,55,Female,Japan,Basic,2019-06-16
6948,46,Male,Canada,Free,2022-06-03
6949,24,Female,Australia,Free,2023-01-10
6950,44,Female,Netherlands,Basic,2023-11-01
6951,26,Male,India,Standard,2024-12-25
6952,33,Male,France,Basic,2025-09-25
6953,66,Male,India,Free,2022-03-16
6954,46,Male,Netherlands,Basic,2024-04-06
6955,33,Female,United States,Basic,2025-07-13
6956,15,Male,Brazil,Standard,2020-06-14
6957,53,Female,Mexico,Free,2023-05-18
6958,39,Male,Germany,Free,2019-02-02
6959,64,Male,Canada,Free,2023-06-27
6960,50,Female,Australia,Standard,2023-08-19
6961,45,Female,India,Free,2020-10-06
6962,68,Female,United Kingdom,Standard,2019-07-03
6963,25,Male,United States,Premium,2020-06-25
6964,28,Male,Mexico,Free,2022-01-25
6965,26,Other,United States,Free,2023-05-18
6966,68,Male,United Kingdom,Standard,2024-11-10
6967,68,Female,Canada,Premium,2024-01-28
6968,26,Male,Mexico,Free,2020-09-07
6969,15,Female,UAE,Premium,2022-09-15
6970,27,Female,India,Free,2022-01-19
6971,38,Female,India,Basic,2025-12-29
6972,29,Male,India,Free,2020-05-21
6973,15,Female,UAE,Premium,2025-06-28
6974,32,Female,UAE,Free,2020-03-22
6975,65,Female,UAE,Basic,2019-11-04
6976,32,Female,Brazil,Basic,2024-06-11
6977,47,Male,Germany,Standard,2021-03-17
6978,58,Female,United States,Standard,2025-08-20
6979,63,Female,Germany,Free,2020-08-31
6980,21,Female,United States,Basic,2021-07-23
6981,20,Male,Australia,Basic,2024-10-18
6982,20,Female,Australia,Premium,2025-05-10
6983,39,Male,United States,Premium,2022-11-09
6984,44,Female,Canada,Standard,2021-06-08
6985,58,Male,United Kingdom,Basic,2022-03-02
6986,64,Female,United States,Free,2021-05-23
6987,64,Female,United Kingdom,Premium,2020-08-11
6988,27,Female,Netherlands,Standard,2020-09-02
6989,35,Male,France,Free,2022-08-11
6990,27,Male,India,Basic,2024-11-26
6991,58,Female,India,Free,2019-07-08
6992,30,Male,United States,Basic,2024-11-29
6993,26,Female,United States,Free,2021-12-09
6994,43,Male,United States,Premium,2019-07-01
6995,49,Male,United Kingdom,Basic,2022-08-07
6996,60,Female,United Kingdom,Free,2026-06-17
6997,23,Male,United States,Free,2021-05-31
6998,60,Female,United Kingdom,Basic,2020-02-25
6999,38,Female,Germany,Free,2020-01-26
7000,57,Female,United Kingdom,Free,2019-12-03
7001,31,Female,India,Free,2020-05-13
7002,15,Female,India,Premium,2022-12-27
7003,24,Female,Singapore,Free,2022-06-06
7004,37,Female,United States,Premium,2021-05-24
7005,19,Female,Canada,Basic,2020-05-16
7006,58,Female,India,Standard,2022-02-07
7007,65,Female,United States,Basic,2025-11-25
7008,44,Male,India,Free,2021-04-23
7009,65,Female,India,Free,2025-09-22
7010,46,Male,Germany,Standard,2025-03-09
7011,60,Male,India,Basic,2024-09-05
7012,20,Female,United States,Basic,2020-06-19
7013,22,Male,Canada,Basic,2021-11-11
7014,28,Male,Italy,Free,2020-06-06
7015,46,Female,Canada,Free,2021-05-12
7016,28,Male,India,Free,2025-10-02
7017,35,Male,India,Premium,2019-02-26
7018,33,Male,Germany,Premium,2024-11-21
7019,28,Female,United Kingdom,Free,2024-04-15
7020,61,Female,India,Basic,2021-06-24
7021,40,Male,Singapore,Premium,2022-12-17
7022,40,Male,Germany,Basic,2020-07-24
7023,25,Female,United Kingdom,Free,2021-01-11
7024,65,Female,United Kingdom,Free,2021-05-20
7025,69,Female,United States,Premium,2020-11-06
7026,45,Female,India,Basic,2023-10-14
7027,31,Female,India,Free,2019-02-15
7028,34,Female,United States,Basic,2023-10-31
7029,51,Male,Brazil,Premium,2023-07-01
7030,57,Other,India,Free,2022-12-14
7031,29,Male,India,Standard,2021-12-19
7032,28,Other,United Kingdom,Standard,2025-06-26
7033,50,Male,Italy,Standard,2023-11-09
7034,37,Male,Italy,Free,2019-04-30
7035,70,Male,India,Basic,2019-12-28
7036,45,Female,India,Basic,2021-07-12
7037,65,Male,Australia,Basic,2019-12-07
7038,59,Male,United States,Free,2023-01-20
7039,62,Other,United Kingdom,Basic,2023-03-05
7040,51,Female,India,Basic,2024-08-08
7041,51,Female,South Africa,Free,2023-08-07
7042,27,Female,United States,Basic,2020-12-27
7043,46,Male,United States,Basic,2024-06-22
7044,38,Female,United States,Basic,2019-10-22
7045,28,Female,United States,Basic,2025-09-05
7046,19,Female,India,Standard,2025-03-24
7047,16,Female,Australia,Standard,2021-01-03
7048,42,Female,Singapore,Free,2025-10-25
7049,53,Male,Japan,Standard,2020-04-15
7050,38,Female,India,Free,2021-07-06
7051,54,Male,United States,Premium,2022-06-14
7052,33,Male,India,Premium,2024-08-07
7053,54,Male,India,Premium,2025-10-08
7054,15,Male,Singapore,Basic,2023-06-01
7055,21,Female,United States,Standard,2021-10-21
7056,67,Male,Canada,Free,2026-01-19
7057,66,Female,Canada,Free,2024-05-25
7058,29,Female,South Africa,Free,2025-11-16
7059,51,Male,Australia,Free,2021-01-13
7060,17,Female,United States,Free,2021-01-12
7061,63,Male,India,Free,2020-12-11
7062,18,Male,Brazil,Basic,2023-12-03
7063,25,Female,South Africa,Basic,2024-04-04
7064,21,Female,France,Free,2023-12-24
7065,54,Male,Brazil,Basic,2019-01-30
7066,22,Male,United States,Standard,2020-01-28
7067,68,Other,Germany,Free,2021-01-19
7068,61,Female,United States,Standard,2025-07-29
7069,42,Female,United States,Basic,2025-01-04
7070,70,Female,United Kingdom,Standard,2019-05-24
7071,63,Female,Germany,Basic,2022-11-21
7072,47,Male,Italy,Premium,2025-08-18
7073,33,Female,Mexico,Premium,2023-08-10
7074,32,Male,United Kingdom,Free,2021-04-02
7075,24,Female,Japan,Standard,2022-12-07
7076,53,Male,Singapore,Free,2022-10-03
7077,48,Male,France,Free,2021-11-28
7078,67,Female,India,Basic,2019-11-17
7079,37,Male,Australia,Standard,2022-01-31
7080,69,Male,India,Free,2019-05-28
7081,60,Female,India,Standard,2021-09-15
7082,43,Female,Canada,Free,2022-01-22
7083,58,Female,United Kingdom,Free,2021-07-18
7084,56,Female,United States,Free,2023-12-12
7085,66,Female,India,Premium,2019-05-14
7086,64,Other,United Kingdom,Free,2024-12-19
7087,28,Male,United Kingdom,Premium,2025-07-05
7088,27,Male,Canada,Free,2025-09-27
7089,39,Male,France,Free,2022-02-07
7090,66,Female,United States,Basic,2019-08-15
7091,66,Female,India,Free,2023-05-02
7092,28,Male,Netherlands,Free,2019-05-01
7093,35,Male,Brazil,Premium,2023-07-28
7094,38,Female,Singapore,Basic,2025-07-09
7095,42,Male,UAE,Premium,2024-03-28
7096,32,Female,India,Premium,2023-06-03
7097,70,Male,India,Free,2020-07-13
7098,46,Male,Brazil,Basic,2021-12-19
7099,22,Male,India,Free,2025-06-15
7100,33,Female,India,Premium,2019-03-28
7101,26,Female,United States,Basic,2024-12-24
7102,22,Female,Canada,Free,2022-05-09
7103,48,Male,UAE,Basic,2026-02-09
7104,45,Male,India,Free,2019-03-30
7105,42,Male,India,Premium,2024-01-06
7106,70,Female,India,Premium,2024-12-03
7107,52,Male,United States,Premium,2022-11-09
7108,57,Female,Australia,Free,2019-05-10
7109,26,Female,India,Basic,2024-12-02
7110,45,Male,France,Free,2019-12-15
7111,55,Female,Germany,Standard,2020-05-05
7112,25,Female,India,Standard,2020-01-24
7113,70,Male,India,Free,2024-03-06
7114,31,Male,Australia,Basic,2022-05-03
7115,58,Male,France,Free,2021-10-14
7116,46,Male,United Kingdom,Free,2024-08-30
7117,64,Other,United Kingdom,Free,2019-07-03
7118,55,Female,United States,Basic,2020-05-02
7119,16,Female,India,Basic,2024-02-07
7120,48,Male,United Kingdom,Basic,2023-12-13
7121,48,Female,United Kingdom,Free,2019-02-13
7122,29,Male,Japan,Free,2021-05-22
7123,42,Female,United States,Free,2019-01-30
7124,70,Male,India,Free,2021-01-26
7125,47,Male,India,Free,2024-01-25
7126,50,Female,United Kingdom,Standard,2023-05-17
7127,66,Other,India,Premium,2023-10-20
7128,46,Female,United States,Basic,2021-12-29
7129,31,Other,UAE,Basic,2026-05-23
7130,51,Female,Netherlands,Basic,2019-04-09
7131,27,Other,Italy,Free,2026-01-09
7132,38,Male,Japan,Standard,2020-09-24
7133,42,Female,Brazil,Free,2023-01-21
7134,25,Male,South Africa,Free,2020-06-17
7135,53,Female,Australia,Basic,2021-03-13
7136,29,Male,Canada,Premium,2021-10-04
7137,37,Female,United States,Free,2019-01-14
7138,30,Male,Canada,Basic,2022-12-17
7139,32,Female,Japan,Standard,2024-03-11
7140,28,Female,India,Free,2026-01-16
7141,53,Male,India,Premium,2022-08-29
7142,15,Male,India,Free,2024-12-17
7143,23,Female,France,Standard,2023-04-24
7144,48,Male,UAE,Free,2020-05-24
7145,65,Female,Canada,Premium,2019-08-18
7146,37,Male,India,Basic,2024-10-15
7147,37,Male,Japan,Basic,2021-04-17
7148,52,Female,Mexico,Free,2022-09-11
7149,55,Female,India,Standard,2023-03-15
7150,69,Male,India,Free,2021-02-08
7151,63,Female,India,Premium,2020-06-22
7152,52,Male,Mexico,Basic,2021-01-26
7153,70,Male,Australia,Standard,2024-12-02
7154,65,Female,France,Free,2022-10-18
7155,52,Male,India,Basic,2025-06-13
7156,42,Female,Singapore,Basic,2022-05-27
7157,31,Female,United States,Free,2022-10-18
7158,15,Female,Brazil,Basic,2022-02-27
7159,52,Female,UAE,Standard,2019-05-05
7160,47,Female,Australia,Free,2022-04-04
7161,17,Male,United States,Basic,2023-08-19
7162,53,Female,United States,Free,2021-05-11
7163,38,Female,United Kingdom,Free,2019-09-11
7164,47,Female,India,Free,2023-12-02
7165,64,Male,United States,Standard,2026-01-14
7166,46,Female,India,Basic,2021-01-06
7167,38,Male,Germany,Free,2024-10-07
7168,43,Male,India,Basic,2021-10-14
7169,45,Female,Canada,Free,2019-09-12
7170,60,Male,United States,Free,2022-03-10
7171,50,Female,Canada,Standard,2024-03-06
7172,31,Female,Japan,Free,2023-10-13
7173,23,Male,Canada,Standard,2026-05-23
7174,69,Female,India,Free,2021-06-24
7175,36,Female,Mexico,Standard,2023-11-01
7176,43,Male,France,Free,2022-05-18
7177,22,Female,South Africa,Premium,2024-07-03
7178,24,Female,United States,Free,2019-09-15
7179,33,Female,Mexico,Standard,2021-04-07
7180,32,Male,UAE,Basic,2019-07-22
7181,18,Male,Italy,Free,2021-09-12
7182,65,Male,United States,Premium,2023-01-29
7183,42,Female,Mexico,Basic,2025-04-05
7184,57,Male,United States,Premium,2026-05-19
7185,45,Female,Singapore,Basic,2024-09-15
7186,18,Female,Brazil,Free,2019-02-01
7187,34,Other,France,Free,2024-08-21
7188,41,Female,India,Free,2024-04-24
7189,20,Male,United States,Basic,2022-08-08
7190,64,Male,Australia,Basic,2025-07-16
7191,29,Male,United Kingdom,Premium,2025-11-28
7192,58,Other,Singapore,Standard,2023-09-18
7193,17,Female,Mexico,Premium,2024-09-04
7194,49,Male,Germany,Premium,2019-05-17
7195,38,Male,Brazil,Free,2019-11-17
7196,20,Male,Japan,Free,2020-10-24
7197,40,Male,India,Standard,2021-08-30
7198,60,Male,Canada,Free,2025-08-03
7199,17,Male,India,Standard,2021-08-25
7200,49,Female,United States,Free,2026-05-06
7201,19,Female,Canada,Basic,2022-03-06
7202,43,Female,France,Basic,2024-01-29
7203,42,Male,France,Free,2020-07-07
7204,62,Male,India,Basic,2020-01-15
7205,26,Male,France,Basic,2022-04-11
7206,45,Male,France,Basic,2022-01-30
7207,69,Male,United States,Basic,2020-11-12
7208,63,Female,Japan,Basic,2023-12-17
7209,53,Female,United States,Free,2025-03-01
7210,45,Male,Singapore,Free,2025-05-09
7211,25,Male,United Kingdom,Standard,2022-06-07
7212,31,Male,Canada,Premium,2025-05-19
7213,54,Female,India,Standard,2022-09-14
7214,66,Male,United States,Free,2025-11-24
7215,32,Male,India,Free,2025-07-17
7216,63,Male,United Kingdom,Basic,2023-03-17
7217,32,Female,Canada,Free,2026-06-27
7218,66,Female,Mexico,Free,2025-01-11
7219,26,Female,Canada,Standard,2021-09-22
7220,57,Female,Australia,Premium,2020-07-12
7221,32,Male,United Kingdom,Free,2019-08-03
7222,29,Male,India,Standard,2022-01-10
7223,18,Other,Germany,Free,2024-10-09
7224,41,Female,United States,Premium,2024-11-03
7225,35,Female,India,Premium,2022-09-12
7226,35,Female,Germany,Premium,2022-08-26
7227,58,Female,Australia,Standard,2026-06-21
7228,65,Other,Japan,Basic,2023-04-28
7229,50,Female,India,Free,2019-10-02
7230,69,Female,South Africa,Basic,2024-05-15
7231,56,Male,Australia,Premium,2021-12-17
7232,28,Other,South Africa,Free,2019-05-30
7233,38,Male,India,Basic,2021-03-01
7234,31,Female,India,Free,2020-09-10
7235,20,Other,United Kingdom,Basic,2024-02-11
7236,60,Male,United States,Free,2022-08-27
7237,20,Female,India,Premium,2022-11-24
7238,57,Female,India,Free,2023-03-13
7239,55,Male,India,Premium,2025-02-19
7240,35,Male,India,Free,2021-02-07
7241,26,Female,Germany,Basic,2024-05-02
7242,42,Male,Netherlands,Free,2024-06-29
7243,57,Female,Germany,Standard,2020-06-11
7244,28,Male,India,Basic,2024-09-01
7245,54,Other,France,Basic,2019-06-06
7246,38,Male,Canada,Basic,2022-12-02
7247,44,Female,Australia,Standard,2022-04-25
7248,52,Female,United States,Basic,2019-03-27
7249,36,Female,United States,Standard,2022-12-10
7250,54,Female,India,Free,2022-04-02
7251,28,Male,Netherlands,Standard,2019-07-03
7252,34,Female,India,Basic,2023-02-09
7253,22,Male,United States,Free,2020-09-19
7254,23,Male,United Kingdom,Basic,2022-10-21
7255,66,Female,Japan,Free,2024-01-05
7256,30,Other,India,Free,2019-12-05
7257,54,Male,India,Standard,2021-01-05
7258,41,Male,United States,Premium,2020-12-19
7259,29,Male,India,Basic,2022-12-28
7260,36,Female,United States,Free,2024-02-02
7261,35,Male,India,Basic,2020-07-22
7262,18,Female,United States,Premium,2019-08-24
7263,24,Male,United States,Free,2022-12-30
7264,62,Female,South Africa,Premium,2025-03-02
7265,46,Male,Canada,Free,2019-11-08
7266,64,Male,India,Standard,2020-01-10
7267,69,Male,Singapore,Basic,2021-01-08
7268,30,Male,Brazil,Basic,2021-07-29
7269,63,Female,India,Basic,2023-02-26
7270,32,Female,France,Standard,2019-12-02
7271,70,Female,United States,Standard,2023-12-17
7272,52,Male,India,Free,2024-12-02
7273,29,Male,India,Free,2021-12-21
7274,41,Female,Brazil,Basic,2022-09-17
7275,62,Male,India,Standard,2022-06-01
7276,19,Female,Australia,Free,2022-06-02
7277,49,Female,Brazil,Free,2025-10-21
7278,29,Male,United States,Free,2021-10-12
7279,29,Other,India,Free,2022-07-17
7280,45,Female,United States,Free,2024-03-21
7281,59,Female,India,Standard,2022-02-28
7282,22,Male,Netherlands,Free,2024-01-13
7283,17,Female,India,Standard,2019-02-13
7284,68,Other,India,Free,2021-01-23
7285,36,Female,Singapore,Free,2021-07-06
7286,70,Male,South Africa,Standard,2024-04-11
7287,20,Male,Japan,Basic,2023-04-09
7288,48,Male,United States,Basic,2019-05-31
7289,37,Female,United Kingdom,Standard,2025-04-24
7290,30,Male,Germany,Premium,2022-11-22
7291,61,Male,Japan,Free,2023-03-31
7292,53,Female,India,Standard,2019-10-29
7293,46,Female,Netherlands,Free,2026-03-21
7294,46,Male,Canada,Standard,2022-05-13
7295,17,Male,Germany,Standard,2022-04-27
7296,70,Male,India,Standard,2025-05-27
7297,27,Female,United States,Free,2024-07-30
7298,69,Female,United States,Free,2025-06-19
7299,31,Male,Singapore,Basic,2026-04-08
7300,35,Male,Australia,Standard,2024-01-18
7301,22,Female,Japan,Basic,2020-06-11
7302,68,Female,United States,Standard,2019-09-23
7303,22,Female,United Kingdom,Premium,2020-04-26
7304,16,Other,UAE,Standard,2023-11-21
7305,68,Male,Australia,Basic,2025-05-30
7306,15,Female,India,Basic,2019-07-20
7307,70,Male,India,Standard,2026-06-24
7308,25,Female,United States,Standard,2026-06-30
7309,57,Female,United States,Standard,2024-07-23
7310,65,Male,India,Basic,2020-07-03
7311,59,Male,India,Premium,2020-03-06
7312,51,Male,Australia,Standard,2025-09-23
7313,40,Male,India,Basic,2021-04-08
7314,55,Male,Canada,Free,2025-04-24
7315,58,Male,Canada,Free,2019-06-01
7316,37,Female,UAE,Free,2021-04-18
7317,38,Male,Singapore,Standard,2025-05-19
7318,62,Female,Brazil,Standard,2025-11-02
7319,26,Male,India,Free,2023-10-05
7320,44,Female,Singapore,Standard,2023-09-01
7321,55,Male,United States,Free,2020-06-19
7322,61,Male,France,Free,2024-01-15
7323,33,Female,Canada,Free,2025-11-20
7324,54,Female,Mexico,Standard,2022-06-11
7325,28,Female,United States,Basic,2025-08-14
7326,45,Female,India,Free,2019-05-28
7327,68,Male,India,Standard,2021-11-07
7328,42,Female,India,Free,2024-07-03
7329,22,Female,Canada,Premium,2025-06-14
7330,27,Male,India,Free,2026-01-12
7331,19,Male,United Kingdom,Basic,2019-06-12
7332,35,Female,United Kingdom,Basic,2024-05-09
7333,38,Male,United States,Free,2023-10-01
7334,59,Male,India,Standard,2025-02-26
7335,46,Male,United Kingdom,Free,2025-04-06
7336,25,Male,Singapore,Basic,2022-04-04
7337,62,Male,United States,Basic,2020-11-07
7338,66,Male,Canada,Free,2026-03-26
7339,44,Female,United States,Premium,2021-09-27
7340,51,Female,Germany,Standard,2023-12-05
7341,38,Female,Australia,Free,2022-08-26
7342,45,Female,United Kingdom,Basic,2025-04-23
7343,20,Male,India,Premium,2022-05-18
7344,28,Male,United States,Free,2024-08-21
7345,59,Male,Germany,Basic,2019-05-10
7346,69,Female,UAE,Basic,2019-07-25
7347,54,Male,India,Standard,2023-04-08
7348,52,Female,United States,Basic,2023-09-07
7349,26,Female,India,Free,2020-02-16
7350,41,Female,UAE,Standard,2019-01-20
7351,66,Female,United States,Free,2025-06-03
7352,63,Male,Brazil,Basic,2022-01-21
7353,32,Female,India,Standard,2019-03-06
7354,34,Male,United Kingdom,Standard,2024-04-25
7355,31,Female,United States,Standard,2020-09-07
7356,22,Female,India,Premium,2019-10-18
7357,47,Female,Australia,Basic,2025-12-24
7358,56,Male,Mexico,Standard,2026-01-14
7359,52,Male,United States,Premium,2021-05-10
7360,48,Male,United Kingdom,Basic,2020-02-17
7361,20,Male,United Kingdom,Premium,2022-05-12
7362,44,Male,India,Free,2023-08-15
7363,33,Female,Singapore,Free,2021-02-06
7364,34,Female,United States,Free,2023-09-01
7365,25,Male,India,Free,2021-08-02
7366,36,Female,Brazil,Basic,2020-11-25
7367,24,Female,Canada,Free,2019-12-08
7368,63,Male,Australia,Free,2023-04-26
7369,39,Female,South Africa,Standard,2022-10-26
7370,68,Female,United States,Free,2026-06-04
7371,18,Male,Brazil,Free,2025-05-26
7372,48,Female,India,Basic,2023-01-04
7373,21,Male,United States,Free,2026-02-03
7374,63,Female,France,Free,2020-11-29
7375,25,Male,India,Free,2019-10-03
7376,39,Female,UAE,Free,2021-11-02
7377,57,Female,United Kingdom,Premium,2022-10-07
7378,32,Male,India,Free,2023-05-25
7379,38,Female,India,Basic,2025-09-12
7380,66,Female,United States,Basic,2022-08-01
7381,50,Male,Australia,Free,2023-03-09
7382,61,Male,India,Free,2022-09-10
7383,26,Female,United States,Free,2019-12-17
7384,67,Female,India,Standard,2026-04-18
7385,33,Male,Canada,Basic,2024-08-25
7386,22,Male,India,Standard,2021-06-05
7387,67,Female,United States,Standard,2025-06-22
7388,52,Male,India,Premium,2023-08-16
7389,35,Male,UAE,Standard,2019-05-06
7390,21,Male,UAE,Free,2025-12-11
7391,47,Female,Germany,Basic,2024-08-23
7392,47,Other,United States,Free,2022-05-02
7393,49,Male,United Kingdom,Basic,2025-09-23
7394,22,Male,United States,Premium,2022-09-01
7395,53,Female,South Africa,Free,2022-01-23
7396,59,Female,India,Premium,2022-07-07
7397,27,Female,Germany,Basic,2019-04-15
7398,21,Male,India,Free,2020-07-16
7399,28,Male,United States,Premium,2020-11-30
7400,30,Male,United Kingdom,Premium,2019-02-20
7401,61,Male,UAE,Premium,2021-10-28
7402,40,Male,United States,Standard,2026-01-23
7403,30,Other,India,Premium,2022-07-06
7404,30,Female,Italy,Premium,2020-10-12
7405,30,Female,United States,Free,2024-01-10
7406,45,Male,United States,Free,2021-03-21
7407,56,Other,Mexico,Standard,2025-01-01
7408,46,Female,UAE,Basic,2023-06-07
7409,45,Male,Italy,Standard,2024-08-06
7410,46,Female,India,Basic,2022-10-16
7411,26,Female,Japan,Free,2021-09-14
7412,68,Male,India,Standard,2019-10-27
7413,16,Female,Japan,Standard,2024-07-12
7414,24,Male,United States,Premium,2022-11-12
7415,32,Male,United States,Premium,2023-11-25
7416,62,Female,Netherlands,Basic,2021-04-29
7417,52,Male,Netherlands,Basic,2021-08-16
7418,52,Female,Germany,Free,2026-05-17
7419,21,Female,India,Premium,2025-06-19
7420,27,Female,Australia,Premium,2026-01-10
7421,25,Female,United States,Standard,2024-10-14
7422,16,Male,Netherlands,Premium,2022-01-28
7423,26,Female,India,Premium,2024-02-14
7424,64,Female,India,Basic,2023-02-13
7425,52,Male,Japan,Standard,2025-06-27
7426,52,Male,India,Free,2021-10-18
7427,34,Female,Germany,Free,2024-04-06
7428,69,Other,India,Basic,2019-01-26
7429,61,Female,South Africa,Premium,2025-05-08
7430,33,Female,Canada,Standard,2023-06-25
7431,27,Female,United States,Basic,2023-08-26
7432,23,Female,India,Premium,2022-08-25
7433,52,Male,Canada,Standard,2025-03-12
7434,32,Female,India,Free,2023-02-27
7435,52,Male,India,Standard,2021-02-12
7436,60,Male,United States,Free,2022-04-19
7437,21,Female,India,Standard,2020-03-25
7438,62,Female,South Africa,Free,2023-08-10
7439,46,Male,India,Free,2023-10-23
7440,29,Male,United States,Basic,2022-10-04
7441,61,Male,India,Free,2020-08-06
7442,24,Male,India,Premium,2024-06-17
7443,68,Female,Brazil,Premium,2019-06-11
7444,60,Male,Mexico,Standard,2021-06-05
7445,55,Female,India,Basic,2023-12-13
7446,19,Female,Singapore,Standard,2026-05-02
7447,61,Female,India,Premium,2022-06-12
7448,58,Male,Germany,Standard,2020-07-23
7449,67,Male,UAE,Basic,2022-07-23
7450,52,Male,France,Basic,2021-06-09
7451,19,Male,Canada,Premium,2021-09-04
7452,21,Female,Netherlands,Basic,2020-10-25
7453,30,Male,United States,Standard,2025-07-09
7454,31,Female,India,Free,2024-12-21
7455,21,Female,India,Standard,2022-05-04
7456,50,Female,Germany,Standard,2019-07-02
7457,23,Male,India,Free,2021-11-01
7458,16,Female,United States,Free,2021-12-08
7459,42,Male,Australia,Basic,2023-12-31
7460,56,Female,India,Standard,2022-02-27
7461,51,Female,United States,Premium,2019-02-14
7462,28,Female,Italy,Free,2026-03-23
7463,34,Female,India,Standard,2022-06-10
7464,34,Male,India,Free,2019-07-04
7465,66,Male,Japan,Free,2019-02-19
7466,55,Male,India,Free,2023-02-09
7467,36,Other,United States,Free,2019-07-13
7468,61,Male,Italy,Free,2020-06-07
7469,58,Male,Italy,Basic,2024-03-16
7470,23,Female,United Kingdom,Standard,2019-11-11
7471,60,Female,Brazil,Premium,2025-04-09
7472,52,Female,Germany,Premium,2024-02-03
7473,46,Male,France,Premium,2019-09-18
7474,28,Female,United States,Free,2021-05-22
7475,53,Female,United Kingdom,Basic,2025-11-22
7476,44,Female,Brazil,Free,2024-09-06
7477,45,Male,India,Free,2021-11-01
7478,35,Male,United Kingdom,Premium,2019-12-13
7479,56,Female,United States,Standard,2022-02-23
7480,22,Female,UAE,Free,2025-06-28
7481,57,Male,United States,Standard,2021-10-12
7482,55,Female,India,Premium,2022-07-30
7483,47,Male,India,Basic,2025-01-18
7484,55,Male,Australia,Standard,2019-05-16
7485,38,Female,Japan,Basic,2021-08-22
7486,52,Male,India,Basic,2021-10-27
7487,16,Female,India,Free,2023-09-19
7488,44,Male,Italy,Standard,2026-02-13
7489,19,Female,India,Basic,2022-02-17
7490,26,Male,UAE,Free,2026-04-11
7491,37,Female,France,Standard,2021-12-29
7492,33,Female,Japan,Basic,2024-10-15
7493,60,Female,United States,Basic,2024-08-23
7494,70,Female,Italy,Basic,2020-11-05
7495,56,Female,France,Premium,2020-03-09
7496,63,Female,France,Basic,2020-07-26
7497,58,Female,South Africa,Free,2025-12-08
7498,34,Female,Italy,Premium,2020-12-12
7499,33,Male,Germany,Free,2024-07-07
7500,49,Female,UAE,Free,2019-04-05
7501,59,Other,United Kingdom,Basic,2019-12-02
7502,48,Male,Mexico,Free,2023-11-11
7503,23,Female,United States,Premium,2024-07-31
7504,18,Female,Canada,Basic,2019-12-03
7505,22,Female,Italy,Basic,2024-03-24
7506,64,Male,India,Free,2019-07-12
7507,59,Male,India,Standard,2019-04-30
7508,44,Male,United States,Free,2023-09-30
7509,64,Female,Netherlands,Premium,2026-05-16
7510,31,Female,Japan,Free,2021-05-25
7511,55,Female,India,Premium,2024-10-03
7512,21,Female,United States,Basic,2024-08-10
7513,52,Female,India,Standard,2020-10-20
7514,33,Male,India,Basic,2020-03-07
7515,58,Male,India,Basic,2022-03-27
7516,30,Male,India,Free,2023-01-03
7517,59,Male,United States,Basic,2020-05-25
7518,25,Male,Canada,Premium,2024-04-28
7519,18,Male,India,Premium,2024-02-29
7520,32,Male,Japan,Free,2023-04-11
7521,66,Female,India,Premium,2022-09-16
7522,28,Male,United States,Premium,2020-09-26
7523,28,Male,Japan,Free,2026-02-22
7524,19,Male,Japan,Premium,2026-03-06
7525,23,Male,India,Free,2023-07-05
7526,56,Female,India,Free,2020-06-10
7527,26,Male,Germany,Free,2026-04-03
7528,70,Male,South Africa,Standard,2021-09-27
7529,62,Female,Japan,Basic,2020-07-11
7530,35,Female,India,Standard,2020-03-21
7531,58,Male,Brazil,Basic,2025-11-08
7532,34,Male,India,Standard,2019-12-16
7533,49,Male,Japan,Free,2023-12-02
7534,63,Female,Singapore,Basic,2020-09-23
7535,40,Female,Germany,Basic,2019-09-03
7536,49,Male,Singapore,Basic,2026-05-14
7537,34,Other,India,Free,2021-03-09
7538,37,Female,Canada,Standard,2024-09-24
7539,18,Female,Mexico,Standard,2026-01-18
7540,36,Female,India,Basic,2022-10-08
7541,16,Female,United Kingdom,Free,2024-07-29
7542,60,Female,India,Standard,2026-01-26
7543,67,Male,India,Free,2022-04-22
7544,23,Male,India,Standard,2024-07-09
7545,46,Female,India,Premium,2025-05-05
7546,39,Male,Canada,Free,2023-10-16
7547,33,Female,India,Free,2025-05-16
7548,49,Female,South Africa,Free,2025-02-15
7549,42,Male,France,Basic,2023-02-04
7550,66,Male,United States,Free,2025-04-22
7551,37,Female,Singapore,Standard,2023-04-05
7552,16,Female,India,Free,2021-11-07
7553,16,Male,Singapore,Free,2022-12-21
7554,61,Male,United States,Free,2023-11-14
7555,18,Female,Netherlands,Premium,2021-06-30
7556,24,Female,France,Basic,2023-12-09
7557,51,Male,Mexico,Free,2020-03-02
7558,60,Male,India,Standard,2019-08-21
7559,28,Male,India,Standard,2025-07-22
7560,34,Male,Australia,Basic,2024-12-15
7561,31,Female,Mexico,Basic,2025-06-05
7562,37,Male,South Africa,Basic,2024-08-07
7563,52,Female,Canada,Standard,2022-10-08
7564,66,Male,Germany,Premium,2025-12-27
7565,37,Female,France,Premium,2020-12-10
7566,43,Female,France,Basic,2022-03-25
7567,58,Female,Australia,Free,2020-03-12
7568,48,Male,Singapore,Premium,2022-02-20
7569,16,Male,Canada,Free,2026-06-19
7570,23,Male,India,Basic,2022-01-13
7571,60,Male,Australia,Premium,2022-02-13
7572,61,Female,United States,Free,2019-11-27
7573,25,Female,India,Free,2020-05-17
7574,16,Male,Mexico,Standard,2020-06-21
7575,49,Female,India,Basic,2026-04-15
7576,33,Female,United States,Free,2024-11-24
7577,60,Female,United States,Premium,2023-09-17
7578,46,Female,India,Free,2021-05-10
7579,35,Female,India,Standard,2026-03-01
7580,44,Male,Brazil,Standard,2024-10-31
7581,28,Female,Brazil,Basic,2019-11-23
7582,67,Female,India,Free,2023-04-03
7583,15,Female,France,Free,2021-03-04
7584,55,Female,Mexico,Standard,2023-04-28
7585,51,Female,United States,Standard,2022-11-07
7586,28,Female,India,Premium,2024-05-05
7587,30,Male,India,Free,2025-04-14
7588,51,Female,India,Basic,2019-05-05
7589,57,Female,Netherlands,Free,2025-12-25
7590,28,Female,United States,Standard,2021-07-21
7591,21,Other,Canada,Premium,2022-02-01
7592,20,Female,United Kingdom,Free,2020-10-16
7593,58,Female,Australia,Premium,2025-10-20
7594,55,Female,Germany,Basic,2023-08-15
7595,49,Female,India,Free,2020-09-09
7596,26,Male,Australia,Basic,2020-10-03
7597,63,Male,Canada,Standard,2022-02-17
7598,37,Male,Canada,Basic,2022-08-17
7599,51,Male,India,Free,2019-11-05
7600,67,Male,Australia,Standard,2025-12-30
7601,48,Female,Mexico,Free,2023-01-17
7602,43,Female,India,Free,2019-02-26
7603,67,Female,United Kingdom,Free,2023-11-13
7604,70,Male,Canada,Premium,2024-03-19
7605,36,Male,Mexico,Standard,2020-05-13
7606,29,Female,India,Basic,2025-02-15
7607,42,Female,United States,Standard,2024-06-07
7608,35,Male,United Kingdom,Premium,2019-01-21
7609,52,Male,France,Free,2019-06-26
7610,33,Female,UAE,Free,2021-10-13
7611,40,Male,India,Free,2023-12-30
7612,26,Female,Mexico,Free,2020-05-26
7613,33,Female,India,Free,2021-07-14
7614,56,Female,Brazil,Free,2019-07-08
7615,58,Female,India,Basic,2020-03-10
7616,46,Female,India,Free,2022-04-26
7617,53,Female,Singapore,Premium,2020-03-12
7618,42,Female,South Africa,Standard,2023-03-27
7619,43,Male,India,Basic,2025-04-11
7620,58,Female,United States,Basic,2023-01-14
7621,49,Male,India,Free,2019-12-19
7622,18,Male,Japan,Basic,2026-03-10
7623,24,Other,India,Free,2024-01-08
7624,54,Male,Canada,Basic,2022-07-22
7625,28,Male,India,Premium,2022-02-15
7626,51,Male,Japan,Basic,2021-12-25
7627,37,Female,Canada,Premium,2021-11-25
7628,30,Other,United States,Free,2023-12-09
7629,15,Male,United Kingdom,Basic,2023-05-13
7630,37,Male,United Kingdom,Basic,2023-06-02
7631,65,Female,Netherlands,Premium,2025-08-11
7632,23,Female,Japan,Standard,2021-06-22
7633,57,Other,France,Basic,2021-05-03
7634,36,Female,India,Free,2024-06-04
7635,26,Other,India,Free,2019-04-21
7636,50,Female,United States,Basic,2025-06-17
7637,37,Female,India,Free,2022-06-03
7638,26,Male,United States,Free,2025-07-05
7639,49,Female,Singapore,Premium,2022-09-28
7640,46,Female,India,Standard,2019-07-09
7641,59,Female,India,Premium,2022-01-05
7642,19,Female,Italy,Standard,2023-07-20
7643,36,Female,India,Basic,2023-11-12
7644,61,Female,India,Premium,2025-10-02
7645,69,Male,France,Basic,2019-04-24
7646,62,Female,India,Free,2024-08-04
7647,32,Female,India,Free,2021-09-08
7648,30,Female,India,Free,2022-02-11
7649,61,Female,France,Standard,2022-06-19
7650,33,Male,United Kingdom,Free,2026-02-21
7651,67,Female,United States,Basic,2024-02-21
7652,42,Male,India,Free,2024-05-11
7653,60,Female,United States,Free,2022-08-24
7654,31,Other,Japan,Basic,2020-05-14
7655,48,Male,Brazil,Standard,2022-06-13
7656,19,Male,United Kingdom,Free,2021-08-15
7657,55,Male,India,Standard,2024-08-22
7658,47,Male,United States,Standard,2025-05-31
7659,26,Male,India,Free,2021-06-15
7660,51,Female,Japan,Basic,2020-10-14
7661,22,Male,Brazil,Free,2020-05-18
7662,28,Female,India,Standard,2022-03-31
7663,60,Male,United Kingdom,Premium,2022-12-09
7664,41,Male,Brazil,Free,2026-06-24
7665,32,Male,Mexico,Basic,2023-04-05
7666,39,Male,United States,Basic,2021-08-02
7667,51,Male,India,Standard,2022-06-24
7668,38,Male,United States,Premium,2026-06-26
7669,43,Female,United States,Free,2024-04-24
7670,61,Male,United States,Free,2023-06-03
7671,17,Female,India,Basic,2022-11-01
7672,69,Female,Canada,Free,2022-08-06
7673,26,Male,United States,Free,2025-12-27
7674,49,Female,United Kingdom,Basic,2024-08-15
7675,46,Other,United States,Free,2022-02-03
7676,24,Male,United States,Standard,2025-03-19
7677,38,Female,United States,Basic,2025-09-02
7678,67,Female,Brazil,Free,2024-11-25
7679,42,Female,India,Free,2024-05-15
7680,23,Male,Singapore,Basic,2025-07-20
7681,17,Male,Brazil,Free,2021-10-09
7682,18,Male,United Kingdom,Free,2025-05-10
7683,67,Female,India,Free,2019-11-20
7684,21,Female,Brazil,Basic,2019-03-29
7685,40,Male,United Kingdom,Free,2024-11-12
7686,46,Male,India,Free,2020-09-20
7687,51,Male,United States,Free,2023-08-15
7688,53,Male,India,Basic,2024-11-13
7689,28,Male,Mexico,Premium,2025-02-15
7690,27,Female,United States,Premium,2026-05-13
7691,30,Male,Italy,Premium,2025-12-04
7692,42,Other,India,Premium,2025-01-31
7693,60,Female,United States,Premium,2025-01-09
7694,42,Female,India,Standard,2020-07-30
7695,35,Female,United States,Free,2020-05-17
7696,53,Female,Canada,Free,2023-11-06
7697,23,Male,United States,Basic,2026-02-09
7698,45,Male,Mexico,Basic,2023-05-31
7699,66,Female,Mexico,Free,2023-11-03
7700,48,Female,Japan,Basic,2025-08-13
7701,44,Male,United Kingdom,Standard,2025-10-19
7702,18,Male,Singapore,Free,2024-07-18
7703,67,Male,France,Standard,2025-12-15
7704,35,Female,France,Premium,2019-02-06
7705,27,Female,Australia,Free,2020-06-10
7706,22,Female,Brazil,Basic,2025-06-01
7707,17,Female,UAE,Standard,2023-04-17
7708,25,Female,Japan,Standard,2023-09-05
7709,59,Male,India,Free,2023-10-07
7710,41,Male,Brazil,Basic,2022-12-16
7711,17,Female,India,Standard,2023-04-19
7712,23,Male,Germany,Free,2022-02-06
7713,15,Male,Australia,Free,2025-09-04
7714,63,Female,India,Standard,2020-10-15
7715,18,Male,India,Free,2022-11-20
7716,18,Female,United States,Standard,2025-09-24
7717,28,Female,India,Free,2019-08-10
7718,69,Female,Mexico,Basic,2024-03-22
7719,16,Male,India,Free,2021-04-08
7720,20,Male,Canada,Basic,2020-01-30
7721,57,Female,India,Free,2021-09-16
7722,23,Female,United Kingdom,Basic,2021-06-22
7723,46,Male,United States,Basic,2019-09-23
7724,43,Male,United States,Premium,2022-10-14
7725,35,Male,South Africa,Free,2020-02-03
7726,26,Female,United States,Free,2021-10-08
7727,52,Male,Brazil,Standard,2020-06-06
7728,53,Male,United States,Free,2020-07-22
7729,19,Male,Mexico,Free,2021-11-09
7730,68,Female,Australia,Basic,2023-11-24
7731,25,Male,Singapore,Basic,2025-11-15
7732,56,Female,United Kingdom,Premium,2024-01-03
7733,45,Male,Germany,Standard,2019-10-14
7734,68,Male,Singapore,Premium,2021-06-24
7735,43,Female,Germany,Free,2023-12-14
7736,37,Female,Canada,Standard,2022-07-14
7737,44,Female,India,Free,2021-01-10
7738,20,Female,India,Premium,2021-02-04
7739,26,Male,South Africa,Free,2026-04-30
7740,61,Female,Canada,Free,2022-02-04
7741,68,Male,United States,Premium,2023-05-26
7742,32,Male,India,Free,2025-04-26
7743,66,Female,Canada,Free,2020-10-02
7744,59,Female,South Africa,Free,2019-08-19
7745,44,Female,India,Premium,2023-12-14
7746,40,Female,India,Free,2024-09-14
7747,18,Female,United Kingdom,Premium,2024-01-01
7748,49,Male,United Kingdom,Free,2021-06-13
7749,27,Female,United States,Free,2019-06-28
7750,52,Male,India,Basic,2026-02-10
7751,23,Male,France,Basic,2024-05-03
7752,43,Female,India,Free,2023-08-20
7753,22,Male,United Kingdom,Free,2024-03-09
7754,56,Male,India,Standard,2026-02-25
7755,28,Male,Germany,Standard,2022-12-19
7756,56,Female,Brazil,Basic,2024-12-04
7757,33,Female,Brazil,Free,2023-08-10
7758,62,Male,India,Free,2021-04-15
7759,35,Other,France,Standard,2024-10-09
7760,38,Male,France,Premium,2023-06-10
7761,51,Female,United States,Standard,2023-01-18
7762,52,Male,Brazil,Free,2026-03-08
7763,64,Female,India,Free,2022-07-13
7764,24,Male,Japan,Standard,2024-10-13
7765,31,Female,India,Basic,2021-01-23
7766,23,Male,France,Free,2024-05-19
7767,52,Female,Japan,Free,2026-03-11
7768,23,Male,United States,Free,2019-10-15
7769,33,Male,United States,Free,2021-01-27
7770,54,Female,India,Free,2024-06-16
7771,24,Male,United Kingdom,Free,2025-12-14
7772,64,Male,Australia,Free,2021-02-18
7773,53,Male,Canada,Free,2019-12-23
7774,60,Other,Australia,Premium,2025-05-14
7775,40,Female,United Kingdom,Free,2023-11-07
7776,58,Female,Canada,Free,2025-10-07
7777,18,Female,United States,Premium,2026-05-24
7778,57,Male,United Kingdom,Basic,2025-12-29
7779,16,Male,Italy,Basic,2022-06-26
7780,34,Male,Netherlands,Free,2022-06-18
7781,59,Female,United States,Standard,2019-01-20
7782,58,Other,Australia,Free,2023-08-01
7783,47,Male,Germany,Free,2019-03-09
7784,48,Male,Canada,Free,2026-02-06
7785,42,Male,United States,Free,2023-04-07
7786,51,Female,India,Standard,2020-08-07
7787,35,Male,Japan,Basic,2026-02-01
7788,34,Female,UAE,Premium,2025-10-17
7789,60,Male,Italy,Standard,2022-01-12
7790,44,Male,Brazil,Standard,2021-11-03
7791,55,Male,Singapore,Basic,2023-06-18
7792,21,Male,India,Premium,2025-09-21
7793,61,Female,India,Free,2023-03-31
7794,70,Female,India,Standard,2023-05-01
7795,63,Female,United Kingdom,Basic,2024-04-12
7796,54,Other,India,Free,2021-11-09
7797,16,Female,Germany,Standard,2026-04-16
7798,58,Female,United States,Basic,2023-10-16
7799,54,Female,United States,Free,2026-06-25
7800,34,Male,Singapore,Premium,2021-07-22
7801,59,Female,Singapore,Basic,2025-02-08
7802,16,Male,Canada,Free,2024-04-04
7803,41,Female,Brazil,Basic,2021-04-13
7804,46,Other,Canada,Standard,2026-01-31
7805,54,Female,India,Standard,2020-10-08
7806,25,Female,India,Free,2020-01-28
7807,47,Female,India,Free,2020-09-19
7808,30,Female,United States,Free,2021-03-09
7809,30,Female,United States,Standard,2021-06-07
7810,58,Male,Brazil,Basic,2020-12-27
7811,20,Male,India,Free,2025-02-27
7812,53,Female,United Kingdom,Free,2020-04-05
7813,26,Female,Canada,Premium,2021-09-30
7814,21,Female,United States,Basic,2023-06-22
7815,51,Female,India,Standard,2020-03-06
7816,56,Female,Netherlands,Standard,2024-03-11
7817,39,Female,Japan,Premium,2020-12-14
7818,33,Female,United Kingdom,Free,2021-06-14
7819,65,Female,UAE,Basic,2023-03-07
7820,19,Male,Germany,Free,2025-12-09
7821,22,Male,Italy,Free,2025-03-12
7822,43,Male,United Kingdom,Basic,2021-02-02
7823,17,Female,India,Basic,2026-05-14
7824,61,Female,India,Premium,2021-04-07
7825,33,Female,Canada,Free,2021-04-19
7826,25,Male,Australia,Free,2023-03-15
7827,70,Female,Germany,Free,2019-11-08
7828,49,Male,Germany,Standard,2021-02-04
7829,60,Male,India,Free,2019-06-25
7830,25,Male,India,Basic,2025-04-29
7831,37,Female,India,Premium,2021-05-31
7832,25,Female,United Kingdom,Free,2019-12-08
7833,40,Male,India,Standard,2024-04-02
7834,65,Female,United Kingdom,Standard,2025-09-14
7835,15,Male,India,Free,2023-06-15
7836,70,Male,India,Basic,2019-03-06
7837,25,Male,Canada,Free,2024-06-02
7838,58,Female,Mexico,Free,2019-04-05
7839,33,Female,India,Standard,2019-11-14
7840,53,Female,Brazil,Free,2022-11-04
7841,16,Male,Brazil,Free,2021-11-28
7842,47,Male,United Kingdom,Basic,2024-06-27
7843,43,Male,Brazil,Basic,2023-11-22
7844,43,Female,India,Free,2026-05-07
7845,61,Male,India,Basic,2022-01-21
7846,57,Male,India,Premium,2021-08-09
7847,35,Male,UAE,Free,2020-10-31
7848,43,Male,Australia,Premium,2021-09-19
7849,61,Male,India,Free,2025-02-19
7850,30,Male,United States,Free,2020-10-07
7851,19,Female,India,Basic,2021-03-11
7852,69,Male,India,Premium,2025-09-09
7853,17,Male,India,Free,2022-07-13
7854,19,Male,United States,Standard,2022-01-23
7855,69,Female,Brazil,Standard,2024-03-02
7856,18,Female,India,Free,2023-12-07
7857,51,Male,United Kingdom,Basic,2021-03-10
7858,55,Female,India,Premium,2021-11-08
7859,68,Male,France,Basic,2022-06-15
7860,55,Male,Germany,Premium,2025-01-30
7861,57,Female,Canada,Premium,2020-02-13
7862,63,Female,India,Premium,2023-07-25
7863,46,Female,United States,Basic,2019-10-19
7864,52,Female,India,Basic,2019-04-29
7865,21,Female,Canada,Standard,2024-01-17
7866,42,Male,India,Premium,2024-03-26
7867,63,Female,India,Free,2021-04-22
7868,50,Male,Germany,Free,2021-07-31
7869,34,Male,Singapore,Basic,2026-05-15
7870,23,Male,India,Free,2025-12-03
7871,37,Female,Australia,Free,2022-01-01
7872,48,Female,United States,Free,2024-08-18
7873,46,Male,United States,Free,2025-10-25
7874,27,Male,France,Standard,2026-01-12
7875,16,Male,UAE,Free,2025-11-13
7876,30,Female,United States,Basic,2025-10-19
7877,66,Female,Brazil,Free,2022-03-17
7878,32,Male,United States,Basic,2021-08-10
7879,35,Female,United States,Standard,2020-06-20
7880,60,Male,India,Standard,2023-09-02
7881,57,Male,India,Premium,2024-04-22
7882,30,Male,Netherlands,Free,2021-08-19
7883,69,Male,India,Free,2020-10-09
7884,18,Female,United States,Free,2022-01-11
7885,64,Male,India,Premium,2020-01-12
7886,38,Male,India,Premium,2022-11-07
7887,26,Other,United States,Basic,2024-12-03
7888,50,Male,UAE,Free,2024-02-25
7889,17,Male,India,Free,2020-04-25
7890,62,Female,Australia,Free,2022-01-14
7891,70,Male,India,Free,2024-03-28
7892,36,Male,Canada,Free,2025-05-14
7893,36,Male,India,Standard,2019-11-28
7894,55,Female,Germany,Free,2026-01-05
7895,64,Male,India,Free,2023-02-12
7896,19,Male,India,Premium,2023-07-29
7897,32,Female,Australia,Free,2021-10-27
7898,57,Male,India,Basic,2024-08-14
7899,43,Male,United States,Free,2021-05-28
7900,56,Female,Canada,Premium,2023-03-15
7901,63,Female,Japan,Free,2019-01-09
7902,18,Male,Brazil,Free,2026-04-20
7903,19,Female,India,Free,2025-05-18
7904,26,Female,UAE,Free,2024-03-21
7905,67,Female,India,Free,2021-03-16
7906,19,Male,United Kingdom,Free,2023-07-15
7907,34,Female,India,Basic,2026-03-06
7908,58,Female,United States,Free,2021-04-22
7909,62,Male,Japan,Free,2022-01-05
7910,55,Male,United States,Standard,2025-08-15
7911,39,Male,India,Standard,2025-09-02
7912,55,Male,France,Premium,2025-10-22
7913,21,Female,India,Premium,2019-09-19
7914,48,Female,Canada,Standard,2019-06-01
7915,39,Male,United States,Standard,2021-12-26
7916,43,Male,Canada,Free,2020-11-05
7917,35,Male,France,Free,2023-08-29
7918,17,Male,India,Free,2024-05-22
7919,25,Female,Japan,Basic,2024-09-25
7920,29,Female,India,Free,2025-03-19
7921,40,Female,India,Standard,2025-02-22
7922,33,Male,India,Basic,2023-06-07
7923,63,Male,Canada,Basic,2024-01-29
7924,47,Female,India,Premium,2026-04-05
7925,19,Male,India,Free,2021-11-20
7926,40,Male,United States,Standard,2020-11-25
7927,30,Female,United Kingdom,Basic,2022-12-20
7928,52,Male,United Kingdom,Premium,2022-08-12
7929,62,Female,Singapore,Free,2022-08-18
7930,57,Male,United States,Premium,2024-06-29
7931,59,Female,United Kingdom,Basic,2019-04-28
7932,36,Male,United States,Basic,2025-09-26
7933,56,Female,Japan,Free,2023-11-15
7934,16,Male,Germany,Free,2023-02-20
7935,52,Male,India,Standard,2020-02-28
7936,35,Male,India,Standard,2025-05-22
7937,18,Other,United States,Standard,2019-04-15
7938,70,Male,United States,Basic,2023-08-06
7939,54,Female,United States,Standard,2025-12-03
7940,41,Male,United States,Basic,2023-05-28
7941,16,Female,United States,Free,2020-12-03
7942,20,Male,United Kingdom,Free,2020-11-07
7943,57,Male,United States,Standard,2020-03-01
7944,48,Male,Brazil,Premium,2022-11-15
7945,52,Male,United Kingdom,Premium,2025-10-20
7946,55,Male,United States,Free,2020-10-07
7947,66,Male,India,Standard,2025-08-16
7948,36,Male,United States,Premium,2023-01-24
7949,64,Female,United States,Free,2021-10-29
7950,50,Female,Brazil,Free,2020-09-25
7951,36,Male,India,Free,2025-03-06
7952,68,Male,United States,Basic,2026-03-07
7953,18,Male,United Kingdom,Free,2020-11-26
7954,69,Male,United Kingdom,Standard,2020-12-18
7955,54,Male,Germany,Standard,2023-10-20
7956,35,Female,India,Basic,2024-07-26
7957,31,Female,Canada,Premium,2025-11-30
7958,18,Male,Japan,Standard,2022-10-22
7959,32,Male,India,Basic,2020-01-03
7960,36,Female,India,Free,2020-08-10
7961,41,Female,United States,Premium,2021-06-25
7962,68,Female,United States,Standard,2021-04-06
7963,58,Female,Singapore,Free,2021-10-11
7964,36,Male,India,Free,2020-06-19
7965,61,Male,India,Free,2024-09-24
7966,37,Male,United States,Free,2021-12-15
7967,41,Male,United Kingdom,Basic,2024-07-24
7968,27,Male,United Kingdom,Standard,2022-12-01
7969,53,Female,India,Free,2024-09-10
7970,17,Male,Germany,Basic,2024-05-24
7971,20,Female,Brazil,Free,2021-10-01
7972,27,Other,France,Standard,2019-09-08
7973,47,Female,India,Free,2026-04-16
7974,34,Male,Australia,Premium,2019-08-11
7975,57,Male,India,Basic,2021-03-26
7976,20,Male,South Africa,Basic,2020-10-10
7977,58,Female,India,Free,2023-08-29
7978,46,Female,France,Basic,2024-02-18
7979,65,Male,India,Basic,2024-02-12
7980,39,Male,United States,Free,2019-08-27
7981,28,Male,Italy,Free,2022-09-17
7982,66,Female,India,Free,2020-03-30
7983,21,Female,India,Basic,2025-06-09
7984,35,Male,India,Free,2025-12-07
7985,61,Female,India,Free,2026-04-27
7986,20,Male,Germany,Premium,2022-06-29
7987,56,Female,United States,Standard,2024-03-17
7988,16,Male,India,Basic,2023-09-27
7989,15,Male,India,Free,2026-02-02
7990,22,Female,India,Standard,2024-05-09
7991,42,Male,Mexico,Premium,2023-09-17
7992,33,Female,India,Premium,2026-05-31
7993,23,Male,Singapore,Premium,2024-02-01
7994,30,Male,Canada,Free,2025-05-10
7995,35,Female,South Africa,Free,2026-06-23
7996,17,Male,France,Standard,2023-01-19
7997,47,Female,United States,Standard,2020-10-20
7998,38,Female,United Kingdom,Basic,2025-04-10
7999,53,Female,Canada,Premium,2025-08-11
8000,34,Female,United States,Free,2022-09-29
8001,54,Female,France,Standard,2022-02-05
8002,35,Female,United States,Premium,2022-05-07
8003,42,Male,United States,Free,2025-07-20
8004,15,Male,India,Free,2022-05-26
8005,70,Male,Singapore,Premium,2024-11-25
8006,39,Female,United States,Free,2019-02-08
8007,65,Male,Canada,Standard,2025-09-19
8008,58,Male,India,Premium,2022-05-18
8009,39,Male,India,Premium,2021-07-24
8010,42,Female,France,Premium,2019-07-02
8011,62,Male,United Kingdom,Free,2022-06-22
8012,57,Male,United Kingdom,Standard,2026-02-14
8013,46,Male,Germany,Basic,2021-10-13
8014,21,Male,India,Free,2024-06-19
8015,52,Female,Brazil,Standard,2023-04-28
8016,32,Male,United States,Free,2022-11-15
8017,33,Female,Germany,Standard,2026-06-23
8018,70,Male,India,Basic,2023-06-25
8019,46,Female,United Kingdom,Premium,2022-12-25
8020,58,Male,UAE,Free,2024-09-12
8021,19,Male,France,Free,2022-08-24
8022,38,Female,Germany,Free,2023-09-22
8023,41,Female,Canada,Free,2019-06-26
8024,51,Male,Mexico,Free,2021-10-24
8025,41,Female,United States,Premium,2022-07-08
8026,22,Female,India,Premium,2021-06-16
8027,28,Female,United States,Free,2020-06-23
8028,31,Female,Mexico,Basic,2023-03-09
8029,40,Female,India,Free,2020-08-18
8030,56,Female,UAE,Basic,2022-07-01
8031,50,Female,Germany,Free,2024-06-14
8032,50,Male,United Kingdom,Standard,2024-09-09
8033,55,Female,United States,Free,2025-05-30
8034,42,Female,India,Free,2026-01-12
8035,18,Male,India,Basic,2021-01-20
8036,26,Female,Japan,Standard,2023-09-25
8037,31,Male,India,Free,2024-05-31
8038,33,Male,South Africa,Standard,2020-03-29
8039,46,Male,Italy,Standard,2020-01-06
8040,51,Female,Singapore,Free,2026-04-22
8041,16,Female,United States,Free,2023-05-10
8042,15,Male,India,Free,2023-08-20
8043,27,Male,United States,Basic,2022-12-16
8044,46,Male,United States,Standard,2020-11-11
8045,64,Female,United States,Free,2022-05-05
8046,15,Female,Germany,Free,2020-10-14
8047,45,Male,India,Free,2024-11-15
8048,26,Female,United States,Standard,2023-04-10
8049,28,Female,United States,Standard,2021-07-28
8050,65,Male,United States,Free,2024-10-09
8051,59,Female,India,Free,2025-01-21
8052,15,Female,United States,Standard,2025-07-14
8053,36,Female,Netherlands,Premium,2026-06-01
8054,19,Female,India,Basic,2026-06-15
8055,70,Male,India,Standard,2020-11-01
8056,47,Female,United States,Standard,2019-05-03
8057,66,Female,Australia,Basic,2023-05-30
8058,29,Male,France,Basic,2024-05-20
8059,26,Female,Australia,Free,2022-08-29
8060,52,Female,United States,Free,2024-07-05
8061,54,Male,India,Standard,2022-02-13
8062,16,Female,United Kingdom,Free,2026-02-05
8063,59,Male,France,Standard,2020-09-28
8064,60,Male,United States,Standard,2024-01-10
8065,59,Male,United States,Free,2026-01-30
8066,36,Male,Brazil,Standard,2021-10-19
8067,18,Male,United Kingdom,Basic,2024-02-12
8068,65,Male,Germany,Standard,2022-09-12
8069,24,Male,Singapore,Free,2025-01-28
8070,53,Male,United States,Standard,2025-09-21
8071,47,Male,United Kingdom,Free,2019-01-17
8072,60,Male,India,Basic,2023-12-15
8073,46,Male,Canada,Free,2019-12-14
8074,41,Female,United States,Standard,2020-07-17
8075,47,Female,India,Free,2023-05-04
8076,21,Female,Australia,Standard,2025-04-27
8077,57,Female,UAE,Premium,2025-04-23
8078,34,Female,India,Standard,2021-02-16
8079,57,Female,Japan,Standard,2022-08-03
8080,44,Female,Brazil,Basic,2023-06-07
8081,19,Female,India,Basic,2023-11-25
8082,36,Female,India,Standard,2019-05-20
8083,60,Female,Singapore,Standard,2025-08-31
8084,37,Female,France,Basic,2020-08-03
8085,28,Female,Australia,Standard,2023-02-02
8086,63,Female,India,Standard,2020-04-24
8087,52,Female,India,Basic,2019-05-06
8088,41,Male,Canada,Free,2021-07-30
8089,41,Male,United Kingdom,Basic,2023-12-01
8090,23,Male,India,Premium,2021-07-04
8091,55,Female,United Kingdom,Basic,2019-10-01
8092,25,Male,South Africa,Basic,2023-06-11
8093,69,Male,Italy,Basic,2019-03-13
8094,27,Female,India,Standard,2024-08-23
8095,29,Other,United States,Basic,2019-01-04
8096,44,Female,Canada,Standard,2022-11-24
8097,40,Female,United States,Standard,2021-03-04
8098,52,Male,United States,Free,2023-05-21
8099,67,Male,Canada,Free,2021-10-26
8100,61,Female,Canada,Standard,2022-10-31
8101,32,Other,UAE,Standard,2024-07-21
8102,62,Other,Germany,Free,2022-12-20
8103,48,Other,United States,Free,2020-10-20
8104,36,Male,India,Premium,2020-12-22
8105,42,Female,United States,Free,2024-07-21
8106,64,Female,India,Free,2022-09-04
8107,48,Male,India,Free,2022-04-18
8108,39,Male,United States,Standard,2019-02-23
8109,17,Male,South Africa,Standard,2019-05-24
8110,43,Male,United Kingdom,Free,2023-05-27
8111,43,Female,Germany,Basic,2024-07-25
8112,33,Male,United States,Basic,2025-06-08
8113,55,Other,United Kingdom,Free,2021-05-12
8114,21,Female,United States,Basic,2024-08-01
8115,19,Female,India,Free,2019-02-24
8116,37,Male,Mexico,Basic,2021-11-02
8117,56,Female,India,Basic,2020-02-29
8118,20,Other,Canada,Free,2022-12-18
8119,53,Male,France,Basic,2020-11-11
8120,57,Female,India,Free,2025-05-02
8121,43,Female,France,Basic,2021-07-23
8122,63,Female,India,Basic,2024-01-08
8123,58,Male,United States,Premium,2019-05-29
8124,55,Male,India,Standard,2025-06-22
8125,35,Female,Japan,Premium,2022-06-22
8126,16,Female,Canada,Standard,2024-04-10
8127,50,Male,United States,Free,2026-04-26
8128,27,Male,India,Free,2021-09-05
8129,25,Female,Canada,Free,2025-12-28
8130,70,Female,United States,Free,2023-04-26
8131,63,Male,United Kingdom,Premium,2024-04-16
8132,22,Male,United States,Free,2022-08-27
8133,22,Male,Japan,Free,2024-04-08
8134,47,Male,United States,Standard,2023-07-21
8135,68,Male,India,Free,2026-06-16
8136,50,Female,India,Free,2021-07-21
8137,18,Female,United Kingdom,Premium,2023-12-24
8138,35,Female,India,Free,2025-12-31
8139,63,Female,India,Standard,2021-05-06
8140,41,Male,United States,Basic,2020-03-29
8141,53,Female,India,Standard,2024-04-17
8142,57,Female,United States,Free,2024-03-21
8143,19,Male,United States,Basic,2023-08-24
8144,45,Female,Germany,Free,2022-06-20
8145,35,Male,United States,Free,2023-12-22
8146,61,Male,Brazil,Standard,2024-10-23
8147,49,Male,Singapore,Free,2023-09-14
8148,56,Female,Canada,Premium,2020-04-05
8149,67,Female,Mexico,Standard,2020-02-26
8150,67,Male,France,Basic,2021-10-19
8151,65,Male,Singapore,Free,2024-02-27
8152,42,Male,United States,Premium,2026-04-12
8153,38,Male,United States,Premium,2024-12-19
8154,15,Other,United Kingdom,Basic,2021-05-08
8155,19,Female,India,Basic,2019-09-05
8156,26,Female,United States,Premium,2019-07-31
8157,30,Female,India,Standard,2022-11-10
8158,39,Male,India,Free,2025-01-22
8159,51,Male,United States,Premium,2023-01-12
8160,23,Male,United States,Free,2019-11-12
8161,35,Female,Singapore,Standard,2024-12-12
8162,55,Male,India,Basic,2026-03-05
8163,27,Female,Italy,Premium,2020-08-18
8164,44,Male,India,Basic,2023-05-16
8165,64,Male,South Africa,Basic,2026-02-01
8166,39,Female,United States,Standard,2024-05-25
8167,41,Female,India,Premium,2021-06-02
8168,55,Male,India,Basic,2026-04-22
8169,32,Male,France,Standard,2021-01-29
8170,41,Female,Canada,Premium,2020-05-18
8171,65,Female,India,Basic,2022-02-23
8172,20,Female,Germany,Free,2021-07-02
8173,23,Female,Germany,Premium,2023-05-24
8174,26,Male,Germany,Free,2020-01-24
8175,47,Male,United States,Free,2025-01-17
8176,54,Male,United Kingdom,Basic,2021-09-06
8177,20,Male,India,Premium,2022-11-22
8178,40,Male,India,Premium,2024-08-30
8179,24,Male,India,Standard,2025-11-13
8180,15,Male,United States,Standard,2025-02-17
8181,39,Male,India,Standard,2024-08-25
8182,52,Female,Australia,Free,2020-08-28
8183,64,Female,United States,Basic,2020-12-08
8184,69,Female,UAE,Free,2022-04-11
8185,55,Male,United States,Free,2024-11-15
8186,67,Female,United Kingdom,Free,2025-06-19
8187,25,Female,United Kingdom,Free,2025-09-15
8188,65,Female,India,Basic,2026-06-14
8189,28,Male,India,Free,2019-03-09
8190,69,Female,United States,Free,2020-10-07
8191,62,Male,UAE,Basic,2019-02-28
8192,30,Female,Germany,Basic,2025-10-29
8193,18,Female,Brazil,Standard,2026-06-27
8194,46,Male,India,Free,2021-09-08
8195,31,Female,Germany,Premium,2019-05-22
8196,29,Female,India,Premium,2020-02-06
8197,39,Male,Brazil,Basic,2020-08-11
8198,48,Male,Japan,Free,2022-04-03
8199,63,Male,Australia,Basic,2023-03-30
8200,24,Male,Canada,Free,2020-03-02
8201,55,Male,United States,Basic,2019-05-30
8202,39,Female,Brazil,Standard,2026-05-26
8203,65,Male,Singapore,Premium,2022-04-28
8204,41,Female,Australia,Basic,2025-11-13
8205,57,Male,United Kingdom,Basic,2020-03-09
8206,67,Female,UAE,Free,2022-07-03
8207,32,Male,India,Free,2024-07-06
8208,49,Female,United States,Basic,2021-06-23
8209,69,Female,UAE,Basic,2019-08-18
8210,70,Male,Germany,Free,2021-05-16
8211,64,Female,India,Free,2021-11-07
8212,69,Female,United States,Standard,2026-03-15
8213,15,Female,France,Basic,2023-03-16
8214,16,Male,Australia,Free,2022-11-18
8215,55,Female,India,Basic,2023-12-26
8216,21,Male,United States,Premium,2026-05-15
8217,27,Female,United Kingdom,Free,2024-02-08
8218,51,Female,United States,Standard,2019-09-28
8219,25,Female,Brazil,Basic,2020-11-10
8220,33,Female,Canada,Free,2021-01-06
8221,47,Female,UAE,Free,2026-05-01
8222,26,Male,Canada,Premium,2022-12-21
8223,23,Male,United States,Free,2019-01-15
8224,22,Other,India,Basic,2020-11-11
8225,36,Other,Singapore,Standard,2024-05-08
8226,62,Male,Germany,Free,2025-09-24
8227,19,Male,Canada,Free,2021-10-08
8228,67,Other,France,Free,2020-11-20
8229,46,Male,United States,Free,2021-09-08
8230,50,Male,Italy,Free,2021-08-08
8231,45,Female,United States,Free,2025-07-20
8232,52,Male,Japan,Basic,2022-12-30
8233,62,Female,India,Premium,2024-11-11
8234,41,Female,Japan,Free,2023-08-13
8235,56,Male,India,Basic,2024-10-11
8236,35,Female,United States,Free,2022-01-20
8237,57,Female,United Kingdom,Free,2025-07-22
8238,16,Female,India,Free,2021-05-15
8239,44,Female,India,Basic,2024-06-02
8240,31,Male,United States,Standard,2025-05-15
8241,21,Female,United States,Basic,2021-10-26
8242,69,Female,India,Standard,2022-12-31
8243,40,Female,UAE,Standard,2024-12-10
8244,40,Male,Mexico,Standard,2024-05-15
8245,33,Female,Canada,Basic,2019-01-21
8246,43,Male,United States,Standard,2022-04-11
8247,69,Female,United States,Free,2019-01-28
8248,50,Male,India,Basic,2025-08-30
8249,28,Female,India,Standard,2020-06-27
8250,65,Female,Mexico,Basic,2019-01-20
8251,34,Male,India,Free,2023-07-06
8252,16,Male,Canada,Standard,2024-06-01
8253,43,Male,Germany,Basic,2025-04-15
8254,33,Female,Mexico,Free,2020-02-09
8255,42,Male,United States,Free,2022-07-14
8256,24,Male,Australia,Free,2022-10-17
8257,30,Female,UAE,Free,2024-10-11
8258,29,Female,India,Free,2025-12-31
8259,63,Other,India,Free,2023-06-15
8260,17,Female,United Kingdom,Free,2021-01-10
8261,53,Female,Japan,Premium,2022-04-03
8262,60,Female,India,Free,2025-10-03
8263,46,Female,United States,Premium,2022-01-20
8264,61,Female,Germany,Standard,2024-03-12
8265,17,Male,Canada,Basic,2025-06-16
8266,41,Male,India,Free,2023-05-14
8267,70,Male,United States,Basic,2025-11-01
8268,39,Male,South Africa,Standard,2021-10-24
8269,16,Male,India,Premium,2025-01-26
8270,69,Female,India,Free,2019-03-24
8271,33,Female,Germany,Basic,2022-07-09
8272,42,Female,India,Free,2024-04-24
8273,69,Female,India,Free,2024-08-21
8274,57,Female,United States,Basic,2019-10-07
8275,58,Female,Mexico,Basic,2020-02-18
8276,39,Male,United States,Free,2021-10-09
8277,34,Female,India,Free,2022-09-21
8278,43,Other,South Africa,Basic,2020-03-28
8279,24,Male,Brazil,Standard,2025-02-27
8280,68,Male,Italy,Standard,2025-07-31
8281,68,Male,Japan,Standard,2025-12-30
8282,56,Female,United Kingdom,Premium,2020-11-05
8283,31,Female,Germany,Free,2023-07-15
8284,16,Female,India,Standard,2022-11-25
8285,58,Other,Brazil,Premium,2021-03-02
8286,44,Female,India,Standard,2021-05-28
8287,44,Female,India,Basic,2023-02-18
8288,51,Male,United Kingdom,Basic,2020-05-19
8289,42,Female,Japan,Free,2020-01-27
8290,32,Female,India,Free,2022-01-18
8291,17,Female,United States,Free,2021-09-03
8292,64,Female,India,Standard,2022-07-03
8293,64,Male,Brazil,Basic,2020-10-12
8294,52,Male,France,Free,2025-04-20
8295,47,Female,United States,Standard,2020-09-22
8296,44,Female,France,Free,2025-08-08
8297,60,Female,Japan,Basic,2023-03-16
8298,22,Female,Australia,Basic,2021-03-09
8299,66,Male,Australia,Premium,2022-02-03
8300,43,Female,United States,Premium,2024-03-05
8301,68,Female,Italy,Standard,2021-09-23
8302,57,Female,India,Free,2022-08-14
8303,27,Other,France,Free,2026-04-06
8304,60,Female,Brazil,Standard,2024-07-22
8305,44,Male,United States,Standard,2019-01-09
8306,64,Female,United States,Premium,2019-03-24
8307,31,Male,South Africa,Free,2019-08-30
8308,17,Male,India,Free,2023-06-14
8309,69,Female,United States,Basic,2019-01-03
8310,43,Male,India,Basic,2024-04-03
8311,21,Male,India,Premium,2019-02-07
8312,41,Female,Brazil,Free,2024-02-22
8313,25,Female,Canada,Free,2022-04-19
8314,28,Female,Australia,Basic,2023-07-26
8315,44,Male,Mexico,Free,2023-12-01
8316,17,Male,United States,Free,2019-10-22
8317,40,Female,Netherlands,Basic,2022-07-28
8318,47,Male,United States,Premium,2020-05-31
8319,36,Male,Japan,Free,2024-03-29
8320,47,Male,Australia,Standard,2023-11-21
8321,54,Male,Germany,Free,2022-12-08
8322,17,Female,India,Premium,2021-08-31
8323,31,Male,Australia,Premium,2021-07-16
8324,20,Female,India,Standard,2019-08-16
8325,67,Female,United States,Basic,2023-07-21
8326,35,Male,India,Free,2026-02-13
8327,26,Male,Australia,Standard,2023-08-15
8328,51,Male,United States,Standard,2024-08-12
8329,62,Male,India,Basic,2019-02-19
8330,38,Female,India,Premium,2024-10-28
8331,17,Female,United States,Free,2021-07-04
8332,39,Female,United States,Basic,2026-04-30
8333,50,Male,United States,Standard,2020-06-30
8334,41,Male,India,Basic,2022-11-25
8335,57,Male,United Kingdom,Free,2020-10-02
8336,54,Female,India,Free,2024-07-11
8337,66,Male,India,Standard,2022-11-08
8338,58,Female,Japan,Premium,2025-02-15
8339,52,Male,India,Premium,2025-04-18
8340,40,Female,Singapore,Free,2023-10-31
8341,16,Male,Australia,Free,2022-11-17
8342,19,Male,United Kingdom,Standard,2025-08-02
8343,70,Female,Germany,Free,2025-07-24
8344,27,Male,United Kingdom,Basic,2021-06-11
8345,19,Female,India,Standard,2021-12-30
8346,63,Female,Brazil,Free,2026-04-01
8347,16,Female,Australia,Basic,2020-10-15
8348,22,Male,India,Standard,2023-06-13
8349,32,Female,India,Free,2023-11-03
8350,64,Male,India,Free,2021-12-07
8351,64,Male,France,Basic,2019-01-10
8352,21,Male,Germany,Free,2023-12-19
8353,19,Female,United Kingdom,Free,2025-03-25
8354,53,Female,Australia,Free,2022-05-22
8355,50,Female,South Africa,Basic,2020-05-04
8356,66,Male,United States,Free,2025-09-29
8357,30,Male,India,Premium,2022-08-18
8358,47,Female,Canada,Premium,2022-09-12
8359,69,Female,Netherlands,Free,2020-05-09
8360,32,Male,India,Standard,2019-04-14
8361,36,Other,United Kingdom,Standard,2019-07-17
8362,36,Male,Mexico,Free,2026-03-12
8363,48,Female,Australia,Standard,2025-08-19
8364,52,Male,India,Free,2021-08-24
8365,19,Male,Germany,Basic,2023-09-09
8366,16,Female,Italy,Free,2022-04-05
8367,42,Other,Japan,Standard,2020-08-13
8368,47,Male,Germany,Standard,2022-11-21
8369,51,Female,India,Standard,2019-07-31
8370,44,Female,India,Basic,2025-04-12
8371,65,Female,Canada,Standard,2022-08-07
8372,53,Male,India,Free,2025-06-28
8373,24,Male,India,Standard,2021-11-29
8374,62,Male,United States,Standard,2024-07-22
8375,60,Female,India,Basic,2022-12-22
8376,46,Female,South Africa,Basic,2021-05-14
8377,16,Male,Canada,Free,2019-08-23
8378,34,Male,United Kingdom,Standard,2023-06-11
8379,33,Female,United States,Free,2024-12-04
8380,39,Male,France,Premium,2022-08-15
8381,27,Female,India,Free,2021-07-15
8382,16,Male,India,Free,2025-03-13
8383,46,Male,India,Free,2020-02-09
8384,28,Female,Canada,Standard,2023-01-27
8385,46,Male,United Kingdom,Free,2019-02-24
8386,59,Male,United Kingdom,Basic,2022-07-03
8387,17,Female,United States,Basic,2022-02-17
8388,68,Male,Australia,Basic,2022-12-16
8389,51,Female,United Kingdom,Basic,2019-03-04
8390,42,Female,United States,Basic,2020-12-29
8391,38,Female,Canada,Standard,2024-02-21
8392,42,Female,India,Basic,2021-08-24
8393,20,Female,United States,Free,2021-11-07
8394,22,Female,Canada,Basic,2022-11-11
8395,36,Female,United States,Basic,2019-05-15
8396,25,Female,Brazil,Standard,2020-07-03
8397,47,Male,Singapore,Basic,2019-04-20
8398,41,Male,India,Premium,2019-03-14
8399,23,Female,Australia,Basic,2021-12-31
8400,44,Male,United States,Free,2020-01-27
8401,68,Female,Germany,Basic,2019-05-06
8402,62,Male,Mexico,Standard,2020-05-21
8403,67,Female,Japan,Standard,2024-04-03
8404,69,Female,India,Basic,2026-03-05
8405,46,Female,India,Basic,2026-02-12
8406,23,Female,Germany,Free,2026-06-04
8407,70,Male,India,Free,2021-10-22
8408,30,Female,Japan,Free,2019-03-15
8409,65,Male,United Kingdom,Basic,2024-05-02
8410,65,Female,United States,Free,2022-03-03
8411,24,Male,India,Free,2025-11-27
8412,23,Male,India,Premium,2024-07-10
8413,45,Male,India,Basic,2023-01-23
8414,43,Female,India,Premium,2026-05-20
8415,66,Female,Singapore,Free,2020-02-13
8416,33,Female,United States,Free,2023-03-31
8417,27,Female,Canada,Free,2024-12-28
8418,46,Female,United Kingdom,Free,2019-03-06
8419,63,Female,Australia,Basic,2026-01-07
8420,59,Female,Brazil,Free,2026-06-10
8421,47,Female,United States,Standard,2019-08-18
8422,39,Female,Mexico,Standard,2025-08-12
8423,26,Female,India,Basic,2019-08-12
8424,24,Other,Mexico,Free,2019-11-29
8425,69,Male,Australia,Basic,2025-08-22
8426,33,Male,Netherlands,Basic,2024-11-21
8427,57,Female,United Kingdom,Standard,2024-10-17
8428,65,Male,Germany,Standard,2019-11-18
8429,70,Male,Canada,Basic,2022-04-05
8430,64,Female,Italy,Basic,2019-09-22
8431,22,Female,United States,Basic,2021-07-29
8432,55,Male,Australia,Free,2022-02-24
8433,44,Male,United Kingdom,Basic,2023-07-01
8434,58,Male,South Africa,Basic,2022-12-17
8435,33,Female,Canada,Basic,2024-07-14
8436,58,Male,India,Basic,2026-01-12
8437,55,Male,Singapore,Free,2019-06-30
8438,50,Female,India,Standard,2020-02-04
8439,62,Male,United Kingdom,Basic,2023-09-01
8440,53,Male,India,Free,2024-06-23
8441,35,Female,India,Premium,2019-06-25
8442,51,Female,United States,Basic,2019-02-27
8443,57,Female,India,Free,2022-12-17
8444,47,Female,UAE,Free,2026-05-23
8445,26,Female,Germany,Basic,2025-08-10
8446,40,Male,Germany,Free,2022-05-03
8447,67,Female,Singapore,Premium,2022-11-15
8448,22,Male,Canada,Free,2022-09-21
8449,19,Male,India,Premium,2021-04-22
8450,63,Female,United States,Premium,2024-03-12
8451,38,Female,Germany,Basic,2021-05-21
8452,31,Female,Brazil,Free,2022-10-03
8453,49,Female,United States,Free,2019-10-13
8454,15,Male,Australia,Basic,2020-01-13
8455,31,Male,South Africa,Free,2026-01-15
8456,26,Female,India,Standard,2019-12-16
8457,57,Other,Canada,Basic,2021-12-18
8458,40,Male,Germany,Basic,2024-07-30
8459,68,Female,United States,Standard,2020-01-05
8460,44,Male,Mexico,Free,2021-08-01
8461,38,Male,United Kingdom,Standard,2019-07-26
8462,28,Male,France,Free,2025-06-04
8463,38,Female,UAE,Free,2023-12-30
8464,61,Female,United States,Free,2019-02-13
8465,45,Other,France,Standard,2026-06-01
8466,46,Male,Germany,Standard,2022-05-03
8467,66,Male,United States,Premium,2023-08-28
8468,62,Female,Mexico,Free,2023-04-01
8469,20,Male,Germany,Standard,2021-04-18
8470,57,Male,Mexico,Free,2025-06-05
8471,40,Male,Italy,Basic,2023-06-04
8472,59,Male,India,Premium,2019-06-06
8473,52,Male,Australia,Standard,2023-05-30
8474,40,Male,India,Standard,2021-04-02
8475,39,Male,South Africa,Standard,2019-08-09
8476,37,Female,United States,Free,2024-09-21
8477,44,Female,Italy,Standard,2026-04-08
8478,18,Female,Japan,Basic,2020-01-06
8479,28,Female,United States,Premium,2021-03-11
8480,70,Female,France,Standard,2026-01-28
8481,30,Female,United States,Free,2026-01-18
8482,25,Female,Canada,Basic,2025-02-06
8483,40,Male,United States,Free,2023-01-16
8484,34,Female,Canada,Standard,2024-04-26
8485,20,Other,Germany,Premium,2023-04-23
8486,53,Female,Mexico,Free,2025-02-27
8487,26,Other,Mexico,Free,2026-05-14
8488,23,Female,India,Standard,2020-03-05
8489,28,Other,United States,Basic,2024-04-13
8490,67,Male,India,Free,2023-11-15
8491,63,Female,United Kingdom,Free,2024-08-08
8492,45,Male,India,Basic,2019-10-04
8493,48,Male,Germany,Basic,2019-09-16
8494,61,Female,Brazil,Standard,2024-04-21
8495,42,Female,UAE,Free,2025-09-23
8496,25,Male,Germany,Free,2020-06-15
8497,59,Female,United Kingdom,Standard,2023-11-26
8498,27,Male,Australia,Standard,2025-02-18
8499,64,Female,India,Premium,2021-08-22
8500,37,Female,United Kingdom,Basic,2025-11-13
8501,46,Male,France,Free,2025-09-17
8502,56,Male,United Kingdom,Free,2024-11-25
8503,57,Male,France,Free,2022-02-08
8504,58,Male,India,Standard,2024-10-30
8505,30,Male,India,Premium,2025-03-05
8506,37,Female,India,Basic,2025-01-20
8507,45,Male,France,Standard,2022-12-07
8508,63,Male,Germany,Basic,2026-04-18
8509,15,Male,India,Free,2026-03-13
8510,50,Female,Japan,Basic,2024-07-07
8511,66,Other,India,Basic,2025-08-06
8512,28,Male,Japan,Standard,2023-10-15
8513,39,Male,United States,Basic,2023-05-11
8514,63,Male,Mexico,Free,2023-12-25
8515,43,Male,Canada,Premium,2021-03-24
8516,45,Female,Singapore,Free,2023-10-29
8517,25,Female,Canada,Free,2019-01-03
8518,26,Male,India,Basic,2026-03-01
8519,46,Male,Netherlands,Free,2020-11-05
8520,22,Female,India,Premium,2019-01-16
8521,31,Male,France,Free,2024-05-12
8522,70,Female,Canada,Free,2019-11-08
8523,32,Male,Canada,Basic,2023-08-06
8524,39,Male,United Kingdom,Standard,2022-07-22
8525,52,Male,United Kingdom,Basic,2022-05-05
8526,46,Other,India,Basic,2021-04-19
8527,54,Male,United Kingdom,Free,2024-01-19
8528,66,Male,France,Standard,2022-11-19
8529,56,Female,United States,Free,2026-01-31
8530,54,Female,Mexico,Free,2025-09-27
8531,39,Male,United States,Standard,2022-08-04
8532,26,Male,India,Basic,2022-02-11
8533,30,Male,India,Free,2024-09-10
8534,32,Female,United States,Free,2019-10-25
8535,65,Female,Australia,Premium,2025-04-24
8536,68,Female,United States,Basic,2025-01-12
8537,69,Other,India,Free,2025-09-01
8538,17,Female,India,Free,2025-08-10
8539,15,Male,United States,Free,2021-07-31
8540,39,Male,United States,Free,2025-05-12
8541,19,Female,India,Premium,2022-04-04
8542,41,Male,Australia,Premium,2020-02-27
8543,23,Male,India,Premium,2019-08-15
8544,64,Other,United States,Free,2023-03-04
8545,65,Male,Germany,Basic,2024-04-18
8546,35,Female,Japan,Standard,2019-03-24
8547,51,Male,Japan,Basic,2020-05-06
8548,53,Male,India,Basic,2024-06-25
8549,63,Female,Australia,Basic,2025-03-11
8550,24,Female,Brazil,Premium,2024-03-19
8551,69,Female,India,Basic,2024-04-04
8552,44,Male,Australia,Basic,2021-10-09
8553,70,Male,United States,Free,2024-08-08
8554,57,Female,United Kingdom,Standard,2022-10-04
8555,15,Female,France,Standard,2022-04-12
8556,32,Other,Australia,Basic,2020-07-29
8557,53,Male,Mexico,Premium,2019-04-22
8558,58,Male,South Africa,Basic,2021-01-15
8559,59,Female,United States,Free,2024-10-17
8560,25,Male,United States,Free,2025-12-19
8561,34,Female,France,Basic,2020-05-10
8562,19,Male,United States,Basic,2023-12-17
8563,25,Male,Australia,Basic,2025-08-14
8564,65,Female,United Kingdom,Standard,2024-09-03
8565,57,Female,India,Free,2022-07-15
8566,63,Male,United Kingdom,Free,2021-03-12
8567,62,Male,Canada,Basic,2023-11-27
8568,48,Male,Canada,Free,2024-02-01
8569,62,Female,India,Free,2021-02-16
8570,69,Male,Canada,Basic,2019-09-23
8571,64,Male,India,Free,2021-09-19
8572,50,Male,India,Premium,2024-06-03
8573,70,Female,Mexico,Free,2025-05-20
8574,67,Female,India,Free,2025-06-07
8575,25,Male,India,Free,2021-09-15
8576,15,Female,United States,Free,2019-05-25
8577,68,Female,United States,Free,2023-07-30
8578,50,Male,South Africa,Free,2023-10-08
8579,64,Female,United Kingdom,Free,2023-12-20
8580,25,Male,United States,Free,2023-08-22
8581,17,Female,United States,Free,2022-12-04
8582,51,Male,Brazil,Standard,2022-09-01
8583,33,Male,India,Premium,2026-03-01
8584,57,Female,United Kingdom,Standard,2022-12-20
8585,15,Male,India,Standard,2024-12-23
8586,56,Female,United Kingdom,Free,2026-01-17
8587,49,Female,Brazil,Basic,2020-09-11
8588,28,Male,United Kingdom,Standard,2024-04-19
8589,55,Male,United Kingdom,Free,2020-04-12
8590,16,Female,India,Free,2024-03-27
8591,62,Female,Brazil,Basic,2020-04-23
8592,40,Male,United Kingdom,Free,2020-04-14
8593,20,Male,United States,Free,2023-11-24
8594,20,Male,India,Standard,2023-12-10
8595,57,Female,India,Free,2022-07-01
8596,36,Female,India,Basic,2025-08-02
8597,23,Male,United States,Basic,2025-05-26
8598,54,Female,South Africa,Free,2025-10-22
8599,65,Male,India,Basic,2022-11-27
8600,62,Female,UAE,Standard,2019-06-16
8601,58,Male,Australia,Free,2021-06-10
8602,40,Male,India,Free,2023-01-26
8603,35,Female,South Africa,Free,2019-06-07
8604,48,Female,India,Free,2022-04-30
8605,70,Female,India,Free,2026-02-18
8606,70,Female,Australia,Standard,2023-07-03
8607,59,Male,Canada,Standard,2019-05-23
8608,31,Male,Canada,Premium,2025-02-25
8609,16,Male,Italy,Premium,2025-03-03
8610,70,Female,Brazil,Basic,2026-02-01
8611,25,Female,India,Free,2025-06-14
8612,39,Male,United States,Basic,2024-08-18
8613,43,Male,United Kingdom,Free,2025-08-13
8614,47,Other,UAE,Premium,2024-12-24
8615,50,Male,UAE,Free,2026-01-10
8616,49,Male,Canada,Standard,2025-02-28
8617,21,Male,India,Free,2021-12-05
8618,41,Male,India,Basic,2020-04-02
8619,24,Female,India,Free,2023-12-13
8620,40,Female,United States,Free,2020-10-24
8621,65,Female,UAE,Free,2024-08-02
8622,65,Female,Canada,Free,2022-02-21
8623,38,Male,India,Basic,2024-09-01
8624,54,Female,India,Premium,2026-04-24
8625,29,Male,United States,Basic,2023-10-04
8626,17,Female,India,Premium,2019-12-04
8627,31,Female,Brazil,Basic,2023-09-06
8628,36,Male,India,Standard,2023-02-24
8629,26,Male,India,Free,2026-05-25
8630,47,Female,India,Premium,2023-08-24
8631,62,Female,France,Free,2019-12-20
8632,57,Female,Canada,Premium,2021-06-16
8633,61,Female,United Kingdom,Free,2024-09-03
8634,46,Female,India,Basic,2025-02-20
8635,66,Male,India,Free,2022-08-25
8636,62,Male,UAE,Standard,2023-09-04
8637,15,Female,United Kingdom,Standard,2020-05-10
8638,34,Male,Japan,Premium,2019-01-14
8639,65,Male,Germany,Free,2021-02-22
8640,33,Male,United States,Free,2025-03-31
8641,27,Male,Mexico,Standard,2019-12-28
8642,28,Female,Mexico,Premium,2023-01-14
8643,37,Male,India,Standard,2022-01-23
8644,23,Female,Australia,Standard,2024-05-25
8645,36,Male,United States,Basic,2026-02-28
8646,18,Female,India,Premium,2020-12-05
8647,59,Male,India,Free,2023-05-22
8648,27,Male,India,Standard,2026-05-13
8649,54,Male,United Kingdom,Free,2021-10-13
8650,24,Male,India,Free,2020-09-25
8651,41,Male,United States,Standard,2023-12-04
8652,33,Male,Canada,Premium,2024-09-14
8653,70,Male,Australia,Free,2023-04-26
8654,49,Other,Australia,Basic,2022-04-20
8655,52,Female,Italy,Free,2025-10-22
8656,54,Male,India,Basic,2022-11-20
8657,55,Female,India,Premium,2023-07-10
8658,41,Female,Germany,Basic,2019-01-19
8659,58,Male,United States,Basic,2023-12-04
8660,56,Female,Brazil,Free,2019-11-06
8661,40,Male,Germany,Standard,2020-03-15
8662,45,Male,India,Free,2019-06-18
8663,28,Female,United Kingdom,Free,2020-02-22
8664,56,Male,Italy,Premium,2020-01-28
8665,47,Male,United States,Free,2019-02-16
8666,25,Male,India,Free,2020-05-03
8667,70,Female,United Kingdom,Standard,2025-11-22
8668,56,Female,Mexico,Free,2022-12-19
8669,32,Female,Australia,Free,2024-06-05
8670,49,Female,United States,Free,2019-12-21
8671,70,Male,Brazil,Free,2023-03-27
8672,64,Male,United Kingdom,Standard,2021-08-23
8673,60,Male,India,Free,2020-08-01
8674,41,Female,Australia,Standard,2022-06-27
8675,70,Female,United Kingdom,Basic,2020-08-15
8676,36,Male,Brazil,Premium,2020-08-22
8677,70,Female,United States,Basic,2021-09-29
8678,36,Male,United States,Free,2024-12-08
8679,33,Male,United States,Basic,2025-11-18
8680,52,Female,Australia,Free,2025-11-24
8681,48,Male,Canada,Basic,2026-03-16
8682,37,Male,Mexico,Basic,2023-09-10
8683,38,Male,United Kingdom,Basic,2020-01-16
8684,63,Male,South Africa,Standard,2020-11-02
8685,22,Male,United States,Free,2021-03-13
8686,18,Female,Italy,Free,2022-02-23
8687,63,Male,India,Basic,2025-10-04
8688,24,Male,India,Standard,2026-06-16
8689,40,Male,Brazil,Basic,2026-02-03
8690,26,Other,Mexico,Basic,2024-10-04
8691,67,Male,Australia,Basic,2024-12-28
8692,68,Female,India,Free,2024-03-06
8693,29,Female,UAE,Premium,2020-09-17
8694,53,Female,India,Free,2024-02-01
8695,57,Female,Italy,Free,2019-06-02
8696,22,Male,Germany,Standard,2025-03-05
8697,58,Female,UAE,Basic,2023-02-15
8698,33,Male,India,Basic,2022-06-29
8699,38,Female,United States,Free,2024-05-01
8700,67,Female,Japan,Free,2022-01-09
8701,63,Male,United States,Premium,2024-11-13
8702,30,Male,United States,Premium,2026-04-14
8703,38,Female,India,Premium,2025-02-06
8704,30,Female,United States,Free,2024-08-09
8705,62,Male,India,Basic,2021-02-10
8706,22,Male,India,Basic,2019-11-15
8707,65,Male,United States,Basic,2024-08-11
8708,15,Male,India,Free,2023-03-16
8709,58,Male,United States,Free,2019-07-19
8710,20,Male,India,Premium,2021-03-29
8711,28,Male,India,Premium,2020-11-12
8712,26,Female,United States,Standard,2021-04-28
8713,19,Other,France,Free,2023-05-02
8714,40,Female,India,Free,2020-01-23
8715,33,Male,United Kingdom,Free,2020-03-07
8716,15,Male,India,Basic,2025-10-02
8717,65,Female,United States,Premium,2021-10-21
8718,17,Male,India,Standard,2025-06-03
8719,38,Male,India,Premium,2019-02-17
8720,15,Female,France,Free,2023-12-12
8721,66,Female,Australia,Free,2023-09-05
8722,29,Male,United States,Basic,2023-11-06
8723,30,Male,India,Free,2019-04-26
8724,24,Female,Brazil,Premium,2023-03-22
8725,45,Other,India,Basic,2023-10-01
8726,16,Male,Canada,Premium,2023-02-09
8727,43,Male,India,Standard,2025-07-03
8728,17,Male,India,Free,2020-09-11
8729,23,Female,Singapore,Basic,2025-12-06
8730,69,Female,Germany,Standard,2022-11-25
8731,25,Male,India,Basic,2024-11-10
8732,54,Female,Japan,Basic,2020-04-17
8733,40,Female,United Kingdom,Free,2024-05-09
8734,21,Male,Mexico,Free,2021-11-23
8735,25,Female,India,Free,2024-08-13
8736,34,Other,UAE,Premium,2023-12-06
8737,28,Male,Germany,Free,2019-11-01
8738,62,Male,Japan,Standard,2020-01-14
8739,51,Female,India,Basic,2025-09-11
8740,35,Male,Mexico,Standard,2025-02-01
8741,37,Male,Japan,Free,2019-01-31
8742,22,Female,Brazil,Premium,2023-07-10
8743,20,Male,United States,Free,2019-05-31
8744,22,Male,India,Free,2021-06-26
8745,69,Male,Mexico,Basic,2026-04-16
8746,20,Male,India,Free,2022-07-26
8747,45,Female,United States,Standard,2021-11-29
8748,15,Male,Canada,Standard,2026-04-16
8749,62,Female,India,Free,2023-06-22
8750,61,Male,UAE,Basic,2020-08-31
8751,69,Male,India,Premium,2021-04-22
8752,32,Female,India,Premium,2019-10-13
8753,68,Male,Singapore,Basic,2022-04-09
8754,57,Male,United States,Free,2024-12-03
8755,24,Male,Mexico,Free,2023-10-09
8756,33,Male,India,Free,2024-09-24
8757,31,Male,India,Standard,2025-09-13
8758,66,Male,Australia,Free,2020-09-01
8759,30,Male,Germany,Free,2020-08-24
8760,19,Female,United Kingdom,Basic,2022-08-23
8761,27,Female,India,Premium,2022-01-12
8762,52,Female,India,Free,2022-08-18
8763,56,Female,India,Standard,2021-05-23
8764,45,Other,South Africa,Free,2021-07-05
8765,56,Female,Australia,Standard,2021-09-18
8766,55,Male,Germany,Premium,2025-02-03
8767,53,Female,India,Basic,2023-10-21
8768,51,Female,France,Basic,2023-03-20
8769,18,Male,Brazil,Basic,2019-02-26
8770,32,Male,Germany,Basic,2022-02-13
8771,55,Male,United States,Basic,2021-09-02
8772,32,Female,United States,Standard,2026-04-28
8773,69,Female,India,Standard,2024-05-11
8774,17,Male,United States,Standard,2020-10-01
8775,68,Female,Japan,Free,2024-06-04
8776,66,Female,India,Premium,2025-04-27
8777,28,Male,India,Standard,2024-10-24
8778,35,Female,United Kingdom,Standard,2022-01-05
8779,56,Male,Australia,Free,2019-03-29
8780,35,Female,Australia,Free,2025-09-19
8781,37,Female,Canada,Basic,2024-12-13
8782,32,Male,India,Free,2019-07-23
8783,40,Female,France,Basic,2026-02-14
8784,26,Male,United States,Basic,2020-01-06
8785,53,Male,India,Standard,2026-02-19
8786,68,Female,United States,Standard,2024-10-01
8787,56,Female,Canada,Basic,2024-12-22
8788,62,Female,India,Basic,2021-04-04
8789,20,Female,India,Standard,2020-04-27
8790,44,Female,United States,Free,2025-03-20
8791,24,Female,UAE,Free,2019-11-30
8792,26,Male,United Kingdom,Free,2019-01-10
8793,67,Female,Japan,Basic,2022-11-10
8794,63,Female,India,Free,2024-03-01
8795,59,Male,Italy,Free,2022-02-17
8796,65,Male,Australia,Basic,2020-08-12
8797,27,Male,United Kingdom,Standard,2021-11-07
8798,26,Female,India,Premium,2020-09-10
8799,15,Female,India,Basic,2021-09-03
8800,45,Male,United States,Basic,2019-09-26
8801,54,Female,India,Free,2026-06-06
8802,36,Other,India,Premium,2022-09-13
8803,29,Female,UAE,Standard,2019-01-09
8804,70,Female,United States,Standard,2025-02-20
8805,46,Female,Brazil,Standard,2021-07-05
8806,40,Male,Brazil,Basic,2024-02-29
8807,52,Male,India,Basic,2026-01-11
8808,21,Male,Germany,Premium,2020-06-06
8809,52,Male,India,Free,2026-05-26
8810,55,Male,Australia,Free,2019-05-01
8811,45,Male,United States,Standard,2019-07-01
8812,26,Female,United States,Basic,2024-11-21
8813,68,Female,India,Standard,2020-02-29
8814,25,Male,Japan,Free,2021-07-23
8815,69,Male,India,Basic,2021-10-18
8816,48,Female,UAE,Premium,2024-04-27
8817,18,Female,France,Standard,2022-05-31
8818,28,Female,Japan,Free,2019-02-18
8819,48,Other,Canada,Basic,2024-10-27
8820,28,Male,India,Free,2020-04-02
8821,42,Female,France,Free,2023-03-20
8822,56,Male,India,Premium,2025-09-07
8823,28,Male,United States,Basic,2019-11-02
8824,43,Female,United States,Standard,2025-02-08
8825,50,Female,Brazil,Basic,2021-03-19
8826,43,Female,Netherlands,Basic,2021-08-05
8827,49,Male,India,Free,2019-09-08
8828,57,Male,India,Free,2023-02-09
8829,35,Male,United States,Basic,2019-03-04
8830,15,Male,India,Free,2026-04-16
8831,47,Female,Singapore,Premium,2025-03-10
8832,61,Male,India,Basic,2026-06-28
8833,50,Female,Canada,Standard,2024-10-20
8834,35,Male,Mexico,Standard,2024-12-31
8835,32,Female,Canada,Basic,2020-11-10
8836,36,Female,France,Free,2019-10-15
8837,38,Male,India,Free,2021-08-19
8838,28,Female,United States,Free,2023-08-11
8839,41,Female,United Kingdom,Basic,2026-06-06
8840,59,Male,Brazil,Free,2020-02-14
8841,51,Female,India,Basic,2020-01-18
8842,21,Other,Canada,Free,2021-06-21
8843,16,Female,United Kingdom,Standard,2021-02-18
8844,31,Female,India,Basic,2019-11-13
8845,44,Male,Mexico,Basic,2026-01-28
8846,56,Male,United States,Standard,2025-07-06
8847,23,Female,UAE,Free,2023-02-28
8848,48,Male,United States,Standard,2023-05-22
8849,26,Female,United States,Standard,2020-06-04
8850,34,Male,India,Basic,2020-08-26
8851,38,Female,South Africa,Free,2023-10-06
8852,36,Female,Canada,Basic,2022-10-05
8853,60,Female,United States,Premium,2023-12-12
8854,54,Female,India,Standard,2020-10-12
8855,62,Female,Australia,Basic,2026-06-02
8856,53,Male,India,Standard,2022-08-07
8857,15,Female,United Kingdom,Basic,2023-08-25
8858,49,Female,Mexico,Standard,2022-02-11
8859,35,Male,Mexico,Basic,2025-01-15
8860,64,Male,France,Free,2021-01-29
8861,17,Other,India,Premium,2026-02-17
8862,38,Female,Italy,Premium,2026-06-20
8863,35,Male,Brazil,Free,2025-04-29
8864,65,Male,India,Free,2024-08-03
8865,66,Male,France,Standard,2019-05-26
8866,16,Male,UAE,Premium,2019-11-18
8867,34,Female,United States,Basic,2019-08-02
8868,39,Female,India,Free,2021-11-09
8869,65,Female,Mexico,Free,2024-10-27
8870,31,Male,India,Free,2022-04-18
8871,17,Male,Germany,Free,2023-01-09
8872,31,Female,United States,Standard,2022-04-26
8873,61,Other,Brazil,Free,2023-01-19
8874,41,Male,Netherlands,Basic,2025-10-14
8875,24,Female,United States,Free,2023-12-22
8876,42,Male,Italy,Basic,2024-04-11
8877,53,Male,India,Premium,2020-04-04
8878,25,Female,India,Standard,2022-12-16
8879,26,Female,United States,Basic,2020-04-26
8880,38,Female,Canada,Free,2020-03-21
8881,36,Female,United States,Standard,2019-10-17
8882,64,Female,India,Basic,2022-01-29
8883,45,Female,United Kingdom,Standard,2026-06-01
8884,39,Female,Japan,Standard,2020-02-20
8885,55,Male,Italy,Free,2020-10-02
8886,59,Male,Canada,Basic,2019-08-26
8887,25,Male,Italy,Free,2024-09-19
8888,31,Female,India,Basic,2022-03-04
8889,38,Female,Australia,Basic,2021-01-07
8890,31,Female,India,Standard,2021-07-22
8891,26,Female,Brazil,Premium,2021-09-18
8892,70,Male,India,Premium,2022-02-16
8893,64,Female,Germany,Standard,2020-10-05
8894,64,Female,France,Free,2025-06-11
8895,20,Female,India,Standard,2024-12-11
8896,51,Other,India,Free,2026-05-29
8897,34,Male,Singapore,Premium,2021-11-10
8898,40,Male,Italy,Basic,2026-03-24
8899,62,Male,France,Standard,2024-07-17
8900,50,Male,Mexico,Standard,2024-05-13
8901,40,Female,Germany,Basic,2021-11-09
8902,69,Female,South Africa,Basic,2019-07-05
8903,35,Male,Singapore,Free,2025-04-24
8904,21,Female,United States,Basic,2025-01-13
8905,51,Male,United States,Standard,2023-11-07
8906,42,Female,United States,Free,2025-11-06
8907,20,Female,Canada,Premium,2020-11-01
8908,39,Female,India,Basic,2026-04-10
8909,54,Male,United States,Premium,2024-07-25
8910,69,Female,India,Standard,2023-09-19
8911,63,Female,United States,Free,2026-01-17
8912,38,Female,United States,Standard,2025-08-18
8913,56,Female,Netherlands,Basic,2026-06-02
8914,34,Female,Brazil,Basic,2024-05-25
8915,67,Other,India,Free,2024-01-19
8916,69,Female,Mexico,Free,2023-02-04
8917,62,Male,India,Free,2022-03-01
8918,31,Female,India,Standard,2025-12-18
8919,59,Female,United Kingdom,Basic,2022-08-19
8920,23,Male,Netherlands,Free,2021-11-24
8921,32,Female,United Kingdom,Free,2022-10-11
8922,60,Female,United States,Premium,2023-08-07
8923,28,Male,United States,Free,2021-01-22
8924,15,Female,Netherlands,Free,2025-05-04
8925,36,Female,Brazil,Standard,2020-10-19
8926,45,Female,United States,Basic,2020-08-08
8927,45,Male,United States,Basic,2025-03-28
8928,46,Male,Germany,Basic,2022-01-21
8929,68,Female,India,Premium,2023-10-13
8930,67,Male,India,Premium,2025-11-04
8931,49,Male,Australia,Standard,2023-11-18
8932,58,Female,India,Free,2025-09-23
8933,67,Female,India,Standard,2019-07-09
8934,18,Other,Canada,Free,2020-02-25
8935,42,Male,United States,Premium,2024-03-27
8936,58,Female,India,Basic,2023-09-17
8937,33,Female,India,Free,2021-03-01
8938,58,Male,United States,Premium,2024-04-12
8939,66,Male,Canada,Free,2020-02-10
8940,39,Female,United States,Basic,2024-12-11
8941,18,Female,United Kingdom,Free,2024-05-12
8942,57,Male,United Kingdom,Free,2022-06-15
8943,67,Female,India,Free,2024-05-21
8944,34,Male,Japan,Basic,2020-12-20
8945,63,Female,Australia,Free,2019-01-16
8946,20,Female,Germany,Basic,2025-11-06
8947,54,Male,Australia,Free,2022-05-15
8948,41,Female,India,Free,2020-03-14
8949,49,Male,United States,Basic,2020-01-22
8950,31,Male,United States,Free,2019-12-03
8951,56,Male,Brazil,Standard,2025-04-24
8952,67,Female,Netherlands,Premium,2025-10-04
8953,39,Other,Germany,Basic,2021-11-05
8954,24,Male,Mexico,Free,2021-02-12
8955,50,Female,France,Free,2022-03-21
8956,25,Female,India,Free,2024-05-17
8957,30,Male,United Kingdom,Standard,2019-08-08
8958,62,Male,Japan,Standard,2024-01-12
8959,45,Female,Germany,Free,2024-02-03
8960,51,Male,India,Free,2019-07-10
8961,68,Male,India,Basic,2025-12-03
8962,53,Male,Singapore,Standard,2022-06-04
8963,58,Female,United Kingdom,Standard,2020-08-11
8964,40,Female,Germany,Standard,2024-06-19
8965,52,Female,France,Premium,2024-11-26
8966,51,Female,Singapore,Free,2020-12-03
8967,69,Female,United States,Free,2024-06-20
8968,45,Male,Brazil,Free,2025-11-30
8969,20,Male,India,Free,2020-11-08
8970,53,Male,Australia,Standard,2022-07-08
8971,26,Female,India,Standard,2024-06-13
8972,29,Male,United Kingdom,Free,2022-03-16
8973,16,Male,Germany,Free,2020-02-23
8974,51,Male,Canada,Standard,2021-10-18
8975,65,Female,United States,Premium,2021-01-07
8976,42,Male,United Kingdom,Free,2025-12-15
8977,40,Male,United States,Free,2025-07-13
8978,28,Male,UAE,Standard,2019-05-05
8979,22,Female,United Kingdom,Free,2023-12-20
8980,68,Male,Singapore,Standard,2024-05-08
8981,18,Female,France,Standard,2026-06-13
8982,59,Male,Canada,Free,2024-01-22
8983,38,Male,India,Basic,2021-08-13
8984,15,Male,India,Premium,2023-12-29
8985,28,Male,India,Basic,2026-02-08
8986,57,Male,Japan,Premium,2020-02-05
8987,57,Female,India,Free,2020-10-02
8988,19,Female,Italy,Basic,2020-10-09
8989,70,Male,France,Premium,2019-03-05
8990,15,Male,India,Free,2022-01-10
8991,69,Female,United States,Basic,2020-12-01
8992,56,Male,India,Premium,2021-10-19
8993,36,Female,India,Free,2024-04-13
8994,20,Male,United Kingdom,Premium,2019-05-14
8995,34,Male,India,Free,2021-09-19
8996,19,Female,Canada,Free,2026-01-12
8997,41,Male,Italy,Basic,2025-09-25
8998,64,Male,UAE,Premium,2024-07-18
8999,46,Female,United States,Standard,2021-11-17
9000,47,Female,United States,Free,2024-04-18
9001,37,Male,India,Free,2023-06-30
9002,70,Male,India,Basic,2021-12-15
9003,57,Female,United Kingdom,Standard,2024-07-08
9004,36,Female,Singapore,Standard,2020-10-14
9005,46,Female,India,Free,2025-04-19
9006,50,Female,India,Free,2025-03-28
9007,16,Female,Canada,Standard,2022-09-14
9008,37,Female,India,Free,2024-07-07
9009,62,Female,Singapore,Free,2019-07-11
9010,31,Male,India,Premium,2022-02-16
9011,62,Male,Italy,Free,2020-08-16
9012,62,Male,Brazil,Free,2025-01-15
9013,18,Female,Japan,Free,2020-05-22
9014,29,Male,United Kingdom,Basic,2020-12-25
9015,41,Female,Singapore,Premium,2023-12-25
9016,17,Male,India,Basic,2025-04-26
9017,57,Female,India,Premium,2019-01-23
9018,43,Other,Australia,Free,2026-04-30
9019,15,Male,United Kingdom,Premium,2021-06-19
9020,42,Male,United States,Standard,2021-07-13
9021,53,Female,Brazil,Free,2020-03-05
9022,58,Male,India,Premium,2019-12-09
9023,35,Male,Brazil,Basic,2019-11-26
9024,59,Female,United States,Standard,2020-03-30
9025,60,Female,UAE,Free,2024-01-13
9026,45,Female,India,Free,2023-02-15
9027,38,Male,India,Basic,2024-06-02
9028,45,Female,United States,Basic,2020-01-14
9029,53,Female,Brazil,Free,2021-08-10
9030,34,Female,India,Free,2026-02-14
9031,52,Female,India,Free,2020-12-24
9032,62,Male,United Kingdom,Free,2023-09-28
9033,68,Male,Italy,Standard,2019-08-11
9034,48,Female,India,Standard,2019-07-04
9035,37,Female,Brazil,Standard,2024-03-20
9036,55,Female,United States,Standard,2024-12-24
9037,70,Female,India,Standard,2020-11-07
9038,36,Female,Brazil,Free,2021-06-04
9039,41,Male,India,Basic,2019-06-06
9040,24,Male,Japan,Free,2019-10-14
9041,69,Male,Australia,Standard,2026-05-01
9042,40,Female,United States,Free,2023-03-03
9043,36,Female,UAE,Basic,2022-07-26
9044,22,Male,UAE,Standard,2023-11-20
9045,60,Male,Netherlands,Basic,2022-11-23
9046,49,Female,South Africa,Standard,2023-04-30
9047,69,Other,India,Free,2023-03-19
9048,47,Female,South Africa,Standard,2025-12-09
9049,24,Male,Singapore,Free,2025-03-01
9050,16,Male,India,Basic,2025-04-09
9051,66,Female,Japan,Standard,2026-04-14
9052,70,Female,South Africa,Standard,2025-01-03
9053,27,Female,India,Free,2019-08-18
9054,18,Female,United States,Free,2022-04-14
9055,47,Male,Italy,Premium,2025-04-27
9056,29,Female,France,Free,2019-09-11
9057,29,Female,United States,Standard,2023-08-24
9058,15,Female,Canada,Premium,2026-01-19
9059,46,Female,United States,Basic,2021-09-30
9060,45,Male,Brazil,Free,2024-03-29
9061,54,Other,Australia,Premium,2025-03-21
9062,67,Male,India,Free,2024-06-24
9063,56,Female,India,Standard,2023-10-09
9064,31,Male,Netherlands,Free,2019-07-15
9065,35,Female,Brazil,Premium,2020-04-29
9066,54,Female,Mexico,Premium,2022-09-07
9067,34,Female,UAE,Basic,2019-01-01
9068,49,Male,United Kingdom,Free,2020-10-17
9069,47,Male,United States,Free,2020-11-01
9070,37,Male,India,Free,2020-07-27
9071,49,Male,United States,Free,2019-08-18
9072,22,Male,India,Basic,2020-01-12
9073,66,Male,United Kingdom,Standard,2022-11-16
9074,15,Female,India,Premium,2025-12-24
9075,62,Female,Singapore,Basic,2019-12-26
9076,47,Male,France,Standard,2020-02-22
9077,23,Male,Germany,Standard,2024-07-10
9078,31,Female,India,Free,2023-03-11
9079,19,Male,Canada,Premium,2021-05-21
9080,28,Female,India,Basic,2026-01-03
9081,24,Female,United States,Basic,2025-07-19
9082,31,Male,United Kingdom,Standard,2021-04-11
9083,17,Female,India,Free,2021-04-14
9084,53,Male,Italy,Free,2021-03-24
9085,41,Female,United States,Free,2020-05-19
9086,28,Male,Canada,Free,2019-12-21
9087,23,Female,United Kingdom,Standard,2025-05-13
9088,29,Female,United States,Free,2021-02-15
9089,42,Male,Italy,Free,2021-03-09
9090,20,Female,UAE,Premium,2025-09-07
9091,65,Male,Mexico,Basic,2020-04-25
9092,38,Male,United Kingdom,Free,2020-03-21
9093,33,Male,India,Standard,2020-03-17
9094,49,Male,United Kingdom,Basic,2023-08-10
9095,64,Male,Italy,Standard,2020-06-11
9096,27,Male,India,Standard,2021-09-12
9097,67,Male,United Kingdom,Basic,2021-09-07
9098,21,Female,United States,Standard,2022-08-21
9099,16,Female,Germany,Free,2019-03-08
9100,31,Male,Brazil,Free,2025-02-15
9101,42,Female,United States,Free,2019-06-14
9102,66,Female,India,Free,2020-10-18
9103,44,Male,France,Basic,2023-10-14
9104,27,Male,India,Free,2024-06-11
9105,27,Female,Japan,Standard,2020-08-26
9106,27,Male,Singapore,Basic,2019-05-02
9107,20,Female,Netherlands,Basic,2022-04-21
9108,44,Female,Australia,Basic,2020-02-11
9109,48,Female,United States,Free,2025-04-26
9110,47,Female,Singapore,Standard,2023-08-23
9111,68,Male,United States,Premium,2020-12-13
9112,47,Female,India,Basic,2025-06-09
9113,39,Male,United States,Premium,2023-06-23
9114,69,Female,Germany,Basic,2020-10-15
9115,46,Female,United States,Premium,2023-02-22
9116,25,Female,India,Free,2019-04-06
9117,42,Female,India,Basic,2020-07-03
9118,25,Female,India,Basic,2024-02-13
9119,53,Male,India,Free,2019-09-13
9120,48,Male,United Kingdom,Free,2025-02-14
9121,69,Male,France,Free,2024-12-13
9122,44,Female,India,Standard,2022-01-17
9123,49,Male,India,Premium,2022-07-27
9124,49,Male,Germany,Premium,2026-02-11
9125,23,Male,India,Free,2024-08-27
9126,59,Male,Germany,Standard,2023-08-27
9127,34,Male,South Africa,Basic,2025-06-25
9128,45,Female,United States,Basic,2024-12-15
9129,46,Female,India,Standard,2023-12-29
9130,48,Male,Italy,Standard,2021-09-14
9131,43,Male,United States,Premium,2024-11-24
9132,48,Female,India,Premium,2022-09-28
9133,65,Female,United Kingdom,Premium,2020-02-08
9134,30,Female,United States,Standard,2022-03-08
9135,67,Male,Italy,Standard,2022-10-17
9136,39,Other,India,Basic,2022-02-02
9137,61,Male,India,Free,2025-02-08
9138,25,Male,France,Free,2026-04-13
9139,70,Female,United States,Free,2024-12-02
9140,34,Female,South Africa,Basic,2022-01-28
9141,60,Female,India,Free,2020-04-15
9142,36,Male,India,Premium,2020-07-22
9143,22,Female,Germany,Basic,2022-07-20
9144,68,Male,Australia,Free,2022-11-08
9145,57,Female,India,Free,2023-09-25
9146,40,Male,Canada,Basic,2019-08-13
9147,44,Male,Netherlands,Basic,2025-11-27
9148,32,Male,Australia,Free,2021-11-30
9149,21,Male,India,Standard,2021-08-13
9150,50,Male,United Kingdom,Free,2021-08-27
9151,54,Male,India,Basic,2025-10-17
9152,48,Male,India,Basic,2021-11-01
9153,42,Female,France,Free,2023-08-16
9154,42,Other,India,Free,2023-03-08
9155,46,Male,United Kingdom,Basic,2022-07-02
9156,27,Female,South Africa,Standard,2025-07-02
9157,25,Male,United Kingdom,Basic,2019-01-17
9158,56,Male,India,Free,2023-10-19
9159,41,Female,Singapore,Basic,2019-05-29
9160,52,Female,India,Basic,2019-05-29
9161,51,Female,India,Free,2020-03-11
9162,42,Male,Japan,Basic,2022-08-16
9163,34,Male,United States,Standard,2019-06-08
9164,18,Male,UAE,Premium,2023-06-27
9165,23,Female,Singapore,Standard,2026-04-19
9166,59,Male,Japan,Premium,2022-07-13
9167,26,Female,India,Standard,2025-03-02
9168,51,Female,UAE,Standard,2021-03-19
9169,18,Female,Mexico,Free,2023-08-14
9170,40,Male,Brazil,Free,2020-03-10
9171,17,Female,India,Basic,2026-06-28
9172,40,Female,India,Free,2024-07-19
9173,20,Male,South Africa,Free,2020-08-24
9174,37,Male,India,Free,2020-08-27
9175,44,Other,UAE,Free,2022-06-24
9176,68,Female,United States,Standard,2022-10-18
9177,23,Female,Germany,Premium,2019-09-07
9178,69,Male,India,Basic,2024-07-01
9179,58,Female,India,Premium,2019-03-02
9180,25,Female,Germany,Premium,2021-02-26
9181,60,Female,UAE,Basic,2024-08-03
9182,36,Male,Australia,Basic,2022-07-20
9183,51,Female,India,Free,2019-10-13
9184,58,Male,United States,Premium,2024-12-08
9185,62,Female,South Africa,Standard,2019-07-23
9186,66,Female,United States,Premium,2021-08-04
9187,16,Female,India,Premium,2020-07-02
9188,53,Female,United States,Free,2026-03-20
9189,64,Male,India,Standard,2020-08-18
9190,52,Female,United States,Basic,2023-10-22
9191,46,Female,France,Premium,2019-08-09
9192,33,Other,UAE,Premium,2020-06-14
9193,31,Female,Brazil,Standard,2025-12-15
9194,45,Male,Singapore,Standard,2024-09-19
9195,28,Female,India,Basic,2019-02-11
9196,41,Male,UAE,Standard,2019-11-02
9197,16,Male,Canada,Basic,2022-04-09
9198,26,Female,India,Basic,2019-09-28
9199,39,Female,India,Free,2020-06-02
9200,42,Male,United States,Basic,2019-07-26
9201,70,Female,India,Basic,2019-01-08
9202,36,Female,United States,Basic,2019-12-29
9203,38,Female,Japan,Standard,2021-07-25
9204,31,Female,United States,Free,2020-04-24
9205,56,Male,Brazil,Free,2021-12-22
9206,32,Male,Singapore,Standard,2024-10-06
9207,64,Male,Singapore,Free,2021-09-07
9208,52,Male,Australia,Free,2024-01-17
9209,49,Female,Australia,Free,2022-08-28
9210,54,Male,United States,Premium,2020-05-20
9211,24,Female,India,Free,2019-10-20
9212,26,Male,Australia,Free,2026-05-27
9213,47,Male,India,Standard,2025-03-17
9214,47,Female,Brazil,Basic,2024-02-10
9215,18,Female,United States,Free,2019-04-13
9216,54,Male,Australia,Free,2023-07-06
9217,23,Male,India,Basic,2021-01-04
9218,31,Female,Singapore,Premium,2021-04-08
9219,23,Male,United States,Free,2024-07-24
9220,53,Female,India,Basic,2024-05-25
9221,47,Female,Brazil,Standard,2021-09-16
9222,43,Female,United Kingdom,Basic,2022-09-08
9223,25,Female,Australia,Basic,2025-12-21
9224,42,Female,India,Basic,2020-03-21
9225,66,Female,United States,Free,2025-07-29
9226,49,Female,Netherlands,Premium,2024-01-27
9227,60,Female,India,Free,2020-08-24
9228,62,Female,India,Standard,2022-12-12
9229,21,Male,France,Free,2024-05-26
9230,33,Male,Brazil,Standard,2024-07-16
9231,21,Male,United States,Free,2021-04-18
9232,19,Other,United States,Premium,2021-07-21
9233,19,Female,India,Free,2024-07-20
9234,36,Female,Singapore,Basic,2023-09-29
9235,62,Male,United States,Free,2019-07-27
9236,24,Male,India,Free,2019-06-27
9237,25,Female,United States,Standard,2025-04-25
9238,37,Female,Japan,Standard,2024-03-15
9239,18,Female,United States,Basic,2022-08-26
9240,29,Female,Australia,Premium,2023-09-24
9241,27,Male,Germany,Free,2021-06-02
9242,46,Female,United States,Basic,2020-11-29
9243,61,Female,Australia,Premium,2020-11-18
9244,60,Female,Mexico,Free,2023-04-26
9245,64,Male,United States,Basic,2025-11-07
9246,45,Male,India,Standard,2022-11-26
9247,25,Female,France,Free,2024-07-08
9248,23,Female,India,Free,2025-10-04
9249,27,Female,United States,Standard,2021-10-25
9250,56,Female,Brazil,Standard,2025-08-28
9251,60,Female,Australia,Free,2025-06-11
9252,63,Female,United States,Basic,2021-04-09
9253,50,Male,Italy,Premium,2020-07-31
9254,64,Female,Mexico,Free,2022-12-24
9255,43,Female,India,Basic,2024-12-02
9256,36,Male,United States,Free,2020-03-25
9257,49,Male,India,Premium,2019-05-06
9258,27,Male,United Kingdom,Basic,2019-03-19
9259,45,Male,India,Free,2023-03-09
9260,41,Male,South Africa,Basic,2023-07-07
9261,61,Male,United States,Free,2020-01-13
9262,61,Male,Germany,Free,2019-01-07
9263,64,Male,Netherlands,Free,2023-03-04
9264,36,Male,Germany,Basic,2023-09-14
9265,69,Female,Brazil,Premium,2023-01-25
9266,62,Male,India,Free,2026-03-18
9267,45,Male,United States,Standard,2022-10-14
9268,15,Male,United States,Free,2020-09-14
9269,30,Male,Canada,Free,2023-10-12
9270,63,Female,India,Standard,2026-02-19
9271,16,Female,Japan,Standard,2022-10-01
9272,29,Female,UAE,Free,2019-02-21
9273,35,Male,Singapore,Free,2025-02-02
9274,53,Male,United Kingdom,Basic,2026-02-13
9275,68,Male,Canada,Free,2025-06-15
9276,66,Female,India,Premium,2024-05-15
9277,22,Female,India,Free,2023-06-16
9278,53,Male,United States,Premium,2019-08-25
9279,36,Female,India,Free,2026-05-14
9280,68,Female,Singapore,Basic,2025-10-29
9281,42,Female,India,Basic,2022-03-13
9282,41,Male,Canada,Basic,2019-07-19
9283,50,Male,Canada,Standard,2020-09-01
9284,24,Female,Mexico,Free,2024-10-02
9285,57,Female,United Kingdom,Free,2024-04-05
9286,43,Female,United Kingdom,Premium,2020-09-19
9287,31,Female,United States,Basic,2024-12-15
9288,62,Male,Germany,Premium,2024-01-05
9289,31,Female,India,Standard,2019-02-20
9290,70,Female,India,Standard,2019-09-23
9291,35,Male,Japan,Basic,2022-12-24
9292,16,Male,Netherlands,Premium,2021-06-04
9293,39,Male,India,Standard,2019-09-26
9294,68,Male,United States,Standard,2019-09-28
9295,32,Male,India,Basic,2022-04-18
9296,63,Female,United States,Basic,2020-05-02
9297,56,Male,India,Standard,2019-08-18
9298,51,Male,Australia,Standard,2021-06-06
9299,57,Male,UAE,Basic,2021-08-23
9300,45,Other,India,Free,2026-05-01
9301,68,Female,United States,Basic,2019-11-02
9302,60,Male,Brazil,Standard,2019-04-18
9303,32,Female,Canada,Free,2022-06-04
9304,33,Female,India,Free,2025-02-15
9305,19,Male,Canada,Free,2021-11-10
9306,24,Female,Canada,Free,2026-01-07
9307,19,Female,Germany,Basic,2024-12-30
9308,53,Male,Australia,Standard,2023-10-11
9309,58,Male,United States,Premium,2019-10-25
9310,68,Male,Singapore,Basic,2026-03-01
9311,42,Female,United States,Free,2024-03-26
9312,58,Male,Canada,Free,2019-01-09
9313,41,Female,United States,Basic,2019-05-03
9314,36,Female,France,Free,2020-09-21
9315,32,Other,India,Basic,2024-05-18
9316,46,Female,Canada,Standard,2024-06-06
9317,26,Male,India,Free,2021-03-19
9318,20,Male,France,Basic,2023-08-22
9319,20,Male,Canada,Basic,2020-12-30
9320,64,Male,United States,Free,2024-04-01
9321,41,Male,Mexico,Basic,2025-08-12
9322,68,Male,United Kingdom,Free,2023-01-26
9323,19,Female,India,Free,2023-07-11
9324,29,Male,Mexico,Standard,2020-08-16
9325,43,Female,United Kingdom,Standard,2019-08-13
9326,49,Male,United States,Standard,2023-09-28
9327,47,Male,Canada,Standard,2023-02-27
9328,31,Male,India,Basic,2021-01-14
9329,20,Male,Australia,Free,2022-07-07
9330,56,Female,United States,Basic,2020-02-13
9331,58,Other,Singapore,Free,2025-12-25
9332,49,Female,United States,Free,2021-10-14
9333,25,Female,India,Free,2024-08-27
9334,63,Male,United Kingdom,Free,2022-08-02
9335,25,Female,India,Premium,2021-06-21
9336,24,Male,India,Free,2021-04-17
9337,51,Male,France,Standard,2023-11-07
9338,35,Female,India,Free,2021-03-19
9339,29,Male,India,Standard,2022-08-27
9340,64,Male,United Kingdom,Premium,2022-06-02
9341,65,Female,Canada,Free,2024-05-03
9342,69,Female,India,Free,2023-02-05
9343,62,Male,United States,Free,2021-02-14
9344,70,Female,United States,Standard,2020-10-06
9345,55,Female,Singapore,Premium,2021-06-10
9346,39,Male,India,Free,2020-06-28
9347,67,Female,United States,Standard,2026-06-14
9348,20,Other,Netherlands,Free,2019-03-24
9349,19,Male,India,Free,2024-01-15
9350,62,Male,Brazil,Standard,2020-01-26
9351,68,Female,India,Premium,2024-05-06
9352,36,Female,Singapore,Basic,2023-09-23
9353,28,Female,India,Premium,2025-08-14
9354,52,Female,India,Free,2022-09-25
9355,30,Female,United Kingdom,Basic,2019-11-05
9356,66,Male,India,Standard,2021-07-02
9357,57,Female,United States,Standard,2024-01-30
9358,59,Female,Japan,Standard,2024-06-16
9359,65,Female,India,Free,2020-04-11
9360,25,Female,South Africa,Free,2020-11-23
9361,24,Male,Italy,Standard,2022-02-23
9362,64,Male,India,Free,2020-06-22
9363,52,Female,France,Free,2024-10-21
9364,18,Male,United Kingdom,Premium,2023-03-21
9365,17,Female,United States,Basic,2026-04-25
9366,27,Female,India,Free,2023-04-24
9367,57,Female,India,Standard,2025-11-29
9368,24,Male,India,Basic,2023-03-28
9369,15,Male,India,Basic,2024-07-22
9370,65,Female,France,Free,2026-04-20
9371,27,Female,United States,Basic,2026-04-21
9372,56,Female,South Africa,Free,2019-05-22
9373,58,Female,Canada,Free,2021-05-27
9374,35,Male,United Kingdom,Basic,2019-01-07
9375,58,Other,United Kingdom,Basic,2024-10-26
9376,39,Female,United Kingdom,Free,2019-01-15
9377,44,Male,Canada,Free,2021-04-16
9378,60,Male,India,Premium,2024-09-25
9379,16,Female,United States,Basic,2024-09-01
9380,33,Male,Brazil,Free,2024-06-21
9381,23,Female,Japan,Free,2024-07-17
9382,46,Female,India,Basic,2021-07-05
9383,64,Female,Germany,Free,2024-08-27
9384,18,Female,India,Premium,2021-09-12
9385,17,Female,Netherlands,Basic,2024-06-22
9386,36,Female,United States,Standard,2021-12-06
9387,26,Male,India,Standard,2019-05-15
9388,19,Female,Japan,Basic,2024-03-10
9389,25,Female,Germany,Standard,2021-07-24
9390,21,Male,Italy,Free,2023-12-11
9391,34,Male,India,Free,2021-05-20
9392,21,Male,United Kingdom,Free,2019-03-11
9393,34,Male,India,Free,2022-07-13
9394,48,Female,India,Free,2022-07-24
9395,54,Female,India,Free,2021-12-07
9396,22,Male,India,Basic,2023-06-12
9397,20,Female,Canada,Free,2022-11-10
9398,29,Male,India,Premium,2019-10-12
9399,44,Female,Japan,Standard,2019-09-21
9400,29,Male,Australia,Free,2025-02-03
9401,56,Male,India,Basic,2019-05-12
9402,26,Male,Canada,Premium,2020-01-08
9403,68,Female,India,Premium,2022-02-09
9404,39,Female,India,Standard,2023-07-09
9405,17,Female,United Kingdom,Premium,2020-10-03
9406,17,Female,India,Free,2025-05-29
9407,50,Male,France,Premium,2022-12-08
9408,29,Male,India,Free,2023-07-06
9409,60,Male,India,Premium,2019-05-27
9410,34,Female,Canada,Free,2020-05-04
9411,46,Male,Singapore,Free,2019-11-02
9412,66,Female,United States,Free,2026-05-17
9413,23,Male,United States,Free,2025-07-30
9414,68,Female,Brazil,Free,2019-01-01
9415,45,Male,Australia,Free,2025-05-11
9416,55,Female,United States,Free,2025-04-26
9417,18,Male,United States,Standard,2024-10-20
9418,38,Female,India,Basic,2025-08-05
9419,35,Female,India,Free,2025-03-13
9420,34,Male,India,Free,2023-01-16
9421,17,Male,United States,Basic,2026-04-09
9422,22,Male,United States,Premium,2019-03-14
9423,29,Female,Brazil,Premium,2023-02-25
9424,70,Female,United Kingdom,Standard,2022-04-04
9425,39,Female,India,Free,2020-02-05
9426,47,Male,Australia,Basic,2020-07-29
9427,28,Male,India,Premium,2020-03-06
9428,53,Female,Mexico,Free,2019-03-06
9429,68,Female,Singapore,Standard,2019-05-13
9430,44,Other,India,Premium,2025-06-27
9431,25,Male,UAE,Basic,2022-12-22
9432,66,Male,United States,Premium,2026-04-06
9433,25,Female,Germany,Premium,2026-01-13
9434,33,Other,France,Standard,2022-11-17
9435,42,Female,France,Basic,2026-03-02
9436,46,Female,India,Free,2019-01-15
9437,31,Female,Mexico,Premium,2019-11-26
9438,16,Female,United States,Standard,2021-07-20
9439,33,Female,France,Free,2022-04-08
9440,65,Male,Italy,Premium,2024-04-05
9441,22,Female,Canada,Basic,2022-04-25
9442,36,Male,Singapore,Free,2023-02-17
9443,37,Male,United Kingdom,Free,2020-08-17
9444,55,Female,India,Basic,2025-07-14
9445,37,Male,India,Free,2021-11-07
9446,23,Female,Germany,Basic,2021-04-12
9447,41,Female,India,Standard,2019-04-12
9448,51,Female,India,Free,2026-03-26
9449,48,Male,Germany,Standard,2023-12-16
9450,17,Male,India,Free,2022-04-25
9451,22,Female,Brazil,Free,2020-12-11
9452,38,Male,United States,Premium,2026-05-30
9453,57,Male,India,Free,2023-09-22
9454,26,Other,United Kingdom,Premium,2022-11-19
9455,34,Female,United Kingdom,Free,2019-05-10
9456,21,Male,Italy,Basic,2019-05-29
9457,37,Female,India,Free,2020-04-10
9458,43,Male,India,Standard,2025-11-07
9459,62,Male,Australia,Free,2025-02-02
9460,25,Female,United States,Standard,2022-12-20
9461,42,Female,India,Free,2023-04-17
9462,33,Male,France,Standard,2024-05-18
9463,39,Male,United Kingdom,Free,2020-11-25
9464,36,Female,United Kingdom,Premium,2019-08-26
9465,62,Female,Australia,Premium,2022-06-06
9466,30,Female,Japan,Basic,2025-05-02
9467,24,Male,UAE,Premium,2025-06-29
9468,25,Female,India,Free,2022-11-11
9469,55,Male,Japan,Free,2024-12-05
9470,58,Female,United States,Free,2019-02-15
9471,30,Male,South Africa,Premium,2025-01-27
9472,63,Male,Japan,Free,2020-05-15
9473,70,Female,Brazil,Basic,2022-11-30
9474,26,Female,India,Basic,2019-06-24
9475,69,Female,India,Premium,2024-06-25
9476,29,Female,France,Basic,2019-08-06
9477,29,Female,United Kingdom,Free,2023-10-31
9478,55,Male,Brazil,Basic,2019-09-24
9479,52,Female,India,Free,2019-02-22
9480,69,Female,India,Basic,2025-10-01
9481,37,Other,India,Premium,2022-06-09
9482,37,Female,India,Standard,2025-08-18
9483,22,Female,India,Basic,2023-11-13
9484,45,Male,Australia,Free,2026-02-08
9485,35,Female,United States,Basic,2025-10-27
9486,35,Female,United States,Free,2023-03-25
9487,26,Female,India,Standard,2021-06-13
9488,25,Other,Mexico,Basic,2019-06-25
9489,27,Female,Australia,Free,2026-06-24
9490,17,Male,United States,Free,2020-03-23
9491,31,Male,India,Free,2024-01-11
9492,40,Female,Singapore,Free,2025-06-22
9493,64,Female,United States,Standard,2019-12-18
9494,56,Female,United States,Premium,2026-01-13
9495,20,Female,United States,Free,2022-01-02
9496,26,Female,United States,Free,2021-10-22
9497,61,Female,United States,Basic,2019-10-03
9498,28,Other,United Kingdom,Free,2022-03-22
9499,19,Male,Singapore,Basic,2020-05-03
9500,66,Male,Canada,Basic,2019-09-25
9501,21,Female,India,Free,2020-11-29
9502,16,Male,India,Basic,2021-07-26
9503,61,Male,India,Standard,2022-08-18
9504,37,Female,United States,Free,2021-03-05
9505,19,Female,Brazil,Basic,2022-08-31
9506,52,Male,United States,Basic,2019-03-19
9507,15,Female,Australia,Premium,2022-01-04
9508,29,Female,India,Free,2026-06-28
9509,38,Male,France,Premium,2023-07-16
9510,38,Female,India,Basic,2019-07-13
9511,58,Female,India,Free,2025-12-17
9512,17,Female,Germany,Free,2023-07-06
9513,66,Female,United Kingdom,Standard,2023-11-06
9514,19,Male,India,Free,2025-02-10
9515,44,Male,Brazil,Standard,2019-11-17
9516,31,Female,Germany,Basic,2021-02-17
9517,43,Female,Brazil,Basic,2021-04-05
9518,48,Female,India,Free,2026-04-16
9519,29,Male,UAE,Basic,2021-07-30
9520,32,Female,Australia,Basic,2024-06-30
9521,41,Male,India,Basic,2025-04-16
9522,59,Other,United Kingdom,Free,2021-08-15
9523,61,Male,India,Standard,2026-02-16
9524,46,Female,Brazil,Free,2019-11-04
9525,38,Male,India,Basic,2023-02-04
9526,59,Female,India,Premium,2019-12-28
9527,27,Male,India,Free,2021-09-03
9528,30,Female,India,Standard,2024-11-04
9529,44,Male,India,Basic,2025-09-14
9530,15,Male,United States,Standard,2021-10-24
9531,48,Female,India,Standard,2021-10-13
9532,52,Male,United Kingdom,Free,2024-12-15
9533,47,Female,United States,Basic,2025-09-30
9534,56,Female,UAE,Basic,2019-08-26
9535,64,Female,India,Premium,2021-01-22
9536,65,Male,Mexico,Free,2023-10-10
9537,51,Male,Canada,Free,2023-09-24
9538,52,Female,India,Premium,2020-12-15
9539,17,Male,Australia,Standard,2023-08-25
9540,21,Female,India,Basic,2020-10-14
9541,29,Other,Japan,Free,2025-03-13
9542,16,Male,Canada,Free,2019-06-03
9543,20,Male,Netherlands,Standard,2025-04-18
9544,15,Male,United States,Premium,2020-10-11
9545,17,Other,India,Basic,2022-03-13
9546,50,Male,United Kingdom,Basic,2021-05-26
9547,67,Male,Australia,Basic,2019-10-15
9548,45,Female,Brazil,Free,2024-01-26
9549,44,Other,India,Basic,2021-02-10
9550,54,Female,Germany,Basic,2021-09-10
9551,41,Female,Singapore,Free,2023-01-13
9552,64,Male,India,Basic,2025-02-25
9553,31,Female,Mexico,Basic,2021-09-25
9554,58,Male,France,Standard,2023-09-02
9555,64,Male,Singapore,Free,2021-06-25
9556,36,Female,United Kingdom,Basic,2024-11-18
9557,38,Female,Germany,Free,2022-10-21
9558,47,Male,India,Premium,2024-10-02
9559,59,Male,India,Basic,2025-05-05
9560,25,Male,Canada,Premium,2019-06-03
9561,33,Male,India,Free,2022-12-10
9562,68,Female,United Kingdom,Free,2020-05-08
9563,45,Female,India,Free,2025-08-04
9564,50,Female,India,Free,2020-03-20
9565,61,Male,India,Standard,2021-05-03
9566,63,Male,India,Free,2024-09-11
9567,67,Female,India,Free,2021-11-12
9568,20,Female,United States,Premium,2025-02-26
9569,15,Female,United States,Free,2020-05-07
9570,15,Female,Brazil,Free,2025-08-28
9571,44,Female,India,Basic,2024-08-19
9572,28,Female,India,Free,2020-06-07
9573,54,Male,India,Basic,2023-02-12
9574,52,Male,United States,Free,2023-07-11
9575,38,Male,United States,Basic,2024-11-05
9576,39,Male,India,Free,2019-02-14
9577,58,Female,United Kingdom,Standard,2019-01-14
9578,65,Male,India,Premium,2022-07-12
9579,45,Male,Germany,Standard,2022-03-08
9580,22,Male,United States,Standard,2023-11-03
9581,39,Female,United States,Premium,2019-10-01
9582,57,Male,Netherlands,Basic,2023-07-21
9583,16,Female,India,Free,2023-03-15
9584,39,Female,Germany,Free,2019-12-13
9585,33,Male,France,Premium,2023-05-05
9586,70,Female,United States,Basic,2023-01-22
9587,31,Male,India,Basic,2022-01-04
9588,64,Other,United States,Free,2021-08-22
9589,70,Female,India,Basic,2025-10-26
9590,60,Female,United States,Basic,2019-07-25
9591,49,Female,Singapore,Standard,2020-04-17
9592,47,Male,United States,Basic,2022-03-27
9593,21,Male,India,Basic,2021-07-02
9594,34,Female,India,Free,2023-05-18
9595,22,Female,Singapore,Premium,2025-11-13
9596,18,Female,India,Standard,2025-10-23
9597,28,Female,Canada,Standard,2022-04-20
9598,28,Female,India,Free,2021-03-19
9599,32,Other,Germany,Free,2023-12-06
9600,53,Female,India,Free,2021-01-29
9601,36,Male,Brazil,Premium,2025-03-31
9602,46,Male,India,Free,2021-05-09
9603,41,Male,Singapore,Premium,2023-12-16
9604,59,Male,Germany,Free,2019-08-04
9605,33,Male,United States,Basic,2023-04-05
9606,46,Female,Brazil,Standard,2026-03-21
9607,27,Female,Germany,Free,2025-09-29
9608,39,Male,United States,Basic,2024-04-15
9609,35,Male,United States,Premium,2020-06-25
9610,16,Female,United States,Free,2019-04-08
9611,25,Female,Australia,Standard,2022-05-06
9612,28,Female,France,Free,2025-08-05
9613,43,Male,India,Free,2023-05-11
9614,39,Female,Brazil,Basic,2024-09-04
9615,53,Other,United States,Premium,2024-10-28
9616,64,Male,United States,Basic,2019-11-19
9617,34,Male,Germany,Free,2019-06-06
9618,62,Female,Australia,Basic,2022-02-26
9619,65,Male,United States,Free,2019-08-07
9620,43,Male,United States,Free,2020-09-08
9621,45,Female,India,Basic,2021-10-31
9622,44,Female,India,Basic,2019-08-13
9623,44,Male,India,Basic,2025-11-07
9624,22,Female,United States,Free,2024-01-13
9625,49,Male,United Kingdom,Premium,2021-07-24
9626,35,Male,Mexico,Basic,2020-04-16
9627,58,Female,United Kingdom,Basic,2024-12-31
9628,46,Female,India,Standard,2023-01-07
9629,16,Male,Canada,Standard,2021-06-01
9630,68,Female,Australia,Premium,2023-06-01
9631,43,Female,Mexico,Premium,2024-05-12
9632,59,Female,Brazil,Standard,2021-09-29
9633,20,Female,United States,Basic,2024-10-25
9634,40,Male,United States,Basic,2024-11-30
9635,41,Male,UAE,Standard,2025-04-19
9636,40,Male,United Kingdom,Free,2021-03-21
9637,24,Female,United States,Free,2025-11-23
9638,48,Male,India,Free,2023-06-13
9639,38,Female,India,Basic,2019-05-05
9640,64,Male,United States,Free,2021-10-14
9641,67,Male,Canada,Free,2020-02-27
9642,23,Male,United States,Free,2025-01-24
9643,56,Male,India,Free,2024-12-15
9644,54,Male,India,Basic,2024-12-21
9645,15,Female,Brazil,Basic,2019-03-18
9646,37,Male,United States,Free,2026-02-05
9647,37,Male,United States,Basic,2019-06-11
9648,17,Female,Canada,Premium,2021-02-09
9649,20,Female,United States,Standard,2019-03-01
9650,32,Female,India,Free,2024-02-12
9651,35,Female,India,Standard,2024-03-08
9652,42,Female,Italy,Free,2020-12-15
9653,45,Male,South Africa,Premium,2025-05-26
9654,62,Female,Brazil,Free,2022-09-08
9655,42,Female,Canada,Premium,2019-03-23
9656,20,Female,India,Free,2023-06-01
9657,39,Male,Singapore,Standard,2020-12-18
9658,51,Female,South Africa,Standard,2019-08-06
9659,61,Male,India,Free,2024-12-29
9660,34,Male,Australia,Premium,2024-06-17
9661,30,Female,Australia,Free,2020-07-29
9662,28,Male,Netherlands,Free,2023-01-22
9663,33,Male,India,Standard,2019-09-10
9664,29,Female,United Kingdom,Standard,2023-08-12
9665,44,Female,United States,Free,2019-08-01
9666,19,Female,Mexico,Standard,2025-12-04
9667,26,Female,United Kingdom,Basic,2022-05-14
9668,58,Male,United States,Free,2026-03-08
9669,31,Female,United States,Standard,2023-10-27
9670,23,Female,United Kingdom,Premium,2026-04-02
9671,15,Female,Netherlands,Free,2021-10-13
9672,65,Female,United Kingdom,Premium,2024-02-06
9673,65,Male,India,Standard,2021-11-19
9674,64,Male,Germany,Basic,2024-08-22
9675,70,Female,India,Standard,2025-01-03
9676,23,Female,India,Free,2022-07-15
9677,64,Male,Germany,Free,2019-09-01
9678,40,Female,Australia,Basic,2020-03-21
9679,21,Female,Brazil,Free,2025-08-21
9680,44,Male,United States,Free,2019-01-05
9681,29,Male,United Kingdom,Free,2021-07-22
9682,63,Female,India,Premium,2020-06-07
9683,50,Male,United States,Standard,2019-09-08
9684,52,Other,Brazil,Standard,2021-05-13
9685,21,Female,Mexico,Free,2024-04-18
9686,50,Female,India,Premium,2021-02-12
9687,52,Male,India,Standard,2026-02-09
9688,61,Female,India,Free,2025-12-25
9689,25,Female,India,Premium,2023-02-01
9690,64,Female,Germany,Premium,2023-04-17
9691,67,Male,United Kingdom,Basic,2023-03-02
9692,39,Female,France,Basic,2021-06-18
9693,68,Other,India,Free,2025-07-05
9694,64,Male,India,Basic,2022-12-09
9695,20,Other,United Kingdom,Free,2023-12-28
9696,50,Male,South Africa,Standard,2024-12-08
9697,69,Male,Japan,Free,2021-01-07
9698,61,Female,United Kingdom,Basic,2024-10-24
9699,27,Male,Singapore,Basic,2025-04-22
9700,42,Female,Australia,Basic,2024-11-10
9701,33,Male,Brazil,Standard,2019-03-14
9702,68,Male,India,Premium,2020-10-06
9703,57,Male,France,Basic,2019-01-15
9704,28,Female,United States,Premium,2026-03-01
9705,47,Male,United Kingdom,Standard,2019-08-07
9706,65,Female,Singapore,Standard,2019-05-22
9707,46,Male,Netherlands,Premium,2019-07-06
9708,31,Male,UAE,Premium,2024-03-10
9709,33,Male,India,Free,2021-11-29
9710,49,Male,Netherlands,Free,2020-11-18
9711,17,Male,Australia,Free,2022-01-06
9712,15,Female,India,Free,2024-06-04
9713,20,Female,Australia,Standard,2019-01-02
9714,22,Male,India,Free,2023-06-17
9715,46,Female,Canada,Premium,2019-10-22
9716,62,Male,Brazil,Free,2020-05-28
9717,42,Male,Australia,Premium,2023-08-28
9718,57,Male,United Kingdom,Premium,2024-06-24
9719,59,Female,United States,Basic,2023-09-18
9720,38,Male,Germany,Free,2021-10-12
9721,21,Female,UAE,Standard,2021-02-28
9722,15,Female,India,Free,2026-02-16
9723,70,Female,India,Free,2025-05-18
9724,17,Male,Mexico,Free,2023-04-19
9725,39,Female,India,Premium,2025-03-02
9726,39,Male,India,Basic,2026-06-10
9727,30,Male,United Kingdom,Free,2022-05-16
9728,39,Female,India,Free,2020-04-18
9729,17,Male,Brazil,Free,2024-02-04
9730,56,Male,UAE,Basic,2025-12-08
9731,25,Male,India,Free,2019-09-03
9732,44,Male,Canada,Basic,2021-11-19
9733,45,Female,Mexico,Basic,2019-07-10
9734,61,Male,India,Free,2022-11-13
9735,64,Male,United States,Premium,2023-10-22
9736,62,Male,Australia,Basic,2023-02-02
9737,43,Female,UAE,Standard,2021-07-10
9738,40,Female,Singapore,Free,2025-08-09
9739,63,Female,India,Basic,2025-10-06
9740,20,Female,India,Basic,2025-12-06
9741,60,Female,Japan,Free,2024-06-01
9742,48,Male,Germany,Basic,2020-10-26
9743,28,Female,United Kingdom,Free,2021-05-26
9744,27,Male,India,Free,2025-02-08
9745,26,Male,United States,Free,2019-04-07
9746,24,Male,Brazil,Free,2021-12-08
9747,43,Male,Japan,Standard,2023-11-14
9748,66,Male,Germany,Premium,2021-05-13
9749,48,Male,India,Basic,2020-07-31
9750,67,Other,India,Free,2022-11-30
9751,47,Male,United States,Premium,2023-05-10
9752,29,Female,Singapore,Basic,2019-08-05
9753,65,Female,South Africa,Basic,2026-02-23
9754,55,Male,UAE,Basic,2023-10-25
9755,59,Male,India,Free,2019-03-26
9756,34,Male,Singapore,Free,2022-07-28
9757,58,Female,United States,Basic,2020-01-15
9758,21,Male,India,Basic,2020-03-08
9759,15,Female,UAE,Premium,2026-05-25
9760,70,Male,United States,Basic,2021-08-12
9761,38,Male,United States,Premium,2024-06-05
9762,27,Female,United States,Free,2024-01-26
9763,63,Male,United States,Basic,2026-03-26
9764,42,Male,Netherlands,Standard,2020-02-18
9765,33,Male,India,Premium,2022-06-27
9766,42,Female,United States,Basic,2022-04-10
9767,26,Male,United States,Basic,2023-04-05
9768,49,Female,Canada,Standard,2024-05-29
9769,66,Female,Germany,Basic,2019-12-29
9770,39,Female,United States,Free,2020-10-21
9771,57,Female,Australia,Standard,2019-05-04
9772,21,Male,France,Premium,2022-12-16
9773,60,Female,India,Basic,2026-03-31
9774,66,Male,Australia,Standard,2025-12-18
9775,54,Female,France,Basic,2021-06-30
9776,24,Male,Australia,Basic,2024-07-05
9777,24,Male,Canada,Free,2020-01-10
9778,38,Female,Australia,Premium,2022-11-12
9779,58,Female,Singapore,Free,2024-08-30
9780,64,Male,United States,Premium,2025-07-02
9781,58,Other,UAE,Free,2021-01-28
9782,50,Female,United Kingdom,Free,2023-08-01
9783,40,Male,Japan,Premium,2019-04-20
9784,51,Female,United States,Free,2024-11-08
9785,28,Male,India,Standard,2021-04-18
9786,41,Male,United States,Free,2024-11-09
9787,46,Male,Australia,Standard,2021-10-16
9788,33,Female,India,Standard,2020-01-21
9789,60,Male,United States,Free,2025-01-07
9790,46,Female,India,Basic,2022-03-17
9791,46,Male,Canada,Free,2023-05-20
9792,48,Male,United States,Basic,2025-10-10
9793,61,Female,India,Standard,2020-03-02
9794,41,Female,Canada,Basic,2025-03-29
9795,34,Male,United Kingdom,Free,2020-07-26
9796,43,Male,India,Free,2021-02-05
9797,36,Female,India,Standard,2025-04-14
9798,44,Male,United States,Free,2021-11-15
9799,66,Male,United States,Premium,2021-10-30
9800,31,Female,United States,Free,2021-01-15
9801,69,Female,United States,Standard,2023-07-01
9802,48,Female,Mexico,Free,2025-08-24
9803,26,Male,United States,Basic,2021-10-10
9804,38,Female,India,Basic,2022-09-04
9805,31,Female,India,Basic,2022-09-01
9806,15,Female,United States,Premium,2021-11-30
9807,58,Male,United Kingdom,Free,2023-08-31
9808,41,Male,United States,Free,2021-07-14
9809,49,Female,India,Basic,2019-07-10
9810,46,Female,India,Free,2022-03-18
9811,49,Male,South Africa,Standard,2021-11-15
9812,38,Male,Japan,Standard,2025-01-25
9813,49,Male,Singapore,Standard,2023-02-02
9814,66,Male,India,Basic,2022-12-16
9815,34,Male,Brazil,Free,2026-03-25
9816,64,Female,India,Standard,2022-04-14
9817,58,Female,Singapore,Basic,2026-05-29
9818,58,Female,Australia,Standard,2024-09-05
9819,67,Female,Mexico,Free,2021-10-22
9820,33,Female,UAE,Free,2020-02-10
9821,23,Male,India,Premium,2024-06-29
9822,59,Male,United States,Basic,2022-10-16
9823,27,Female,Canada,Standard,2020-01-29
9824,58,Male,India,Basic,2021-10-30
9825,15,Female,India,Free,2025-01-12
9826,53,Female,India,Basic,2023-07-07
9827,31,Female,Canada,Standard,2022-08-27
9828,50,Female,India,Standard,2021-09-30
9829,44,Male,United States,Standard,2026-03-06
9830,35,Female,Italy,Basic,2020-11-21
9831,30,Female,United States,Basic,2023-08-23
9832,17,Other,United Kingdom,Free,2025-02-05
9833,16,Female,India,Basic,2025-03-09
9834,47,Male,Germany,Free,2022-09-22
9835,27,Male,India,Premium,2024-11-15
9836,62,Male,India,Standard,2026-01-12
9837,24,Male,France,Free,2024-02-04
9838,19,Male,Singapore,Free,2023-10-04
9839,51,Female,Mexico,Free,2025-08-14
9840,44,Male,Australia,Free,2023-02-09
9841,32,Male,Singapore,Standard,2025-06-27
9842,50,Male,India,Standard,2020-06-03
9843,44,Female,Canada,Free,2025-08-31
9844,34,Female,Mexico,Standard,2023-08-02
9845,28,Male,Brazil,Free,2025-07-19
9846,25,Female,United States,Basic,2026-02-21
9847,67,Female,Australia,Free,2022-08-19
9848,37,Female,India,Free,2021-07-29
9849,30,Male,Japan,Basic,2024-02-09
9850,69,Other,UAE,Basic,2021-12-11
9851,40,Female,Australia,Standard,2020-02-04
9852,42,Male,Canada,Free,2025-03-23
9853,46,Male,India,Basic,2025-08-01
9854,41,Male,Germany,Basic,2019-08-22
9855,65,Female,Singapore,Premium,2022-05-04
9856,19,Male,Canada,Basic,2020-10-04
9857,56,Male,United States,Standard,2024-09-11
9858,54,Female,Germany,Free,2021-12-14
9859,49,Male,India,Premium,2020-05-10
9860,45,Female,United Kingdom,Free,2024-10-14
9861,34,Female,United Kingdom,Basic,2019-06-25
9862,68,Male,Singapore,Basic,2025-03-13
9863,64,Female,United States,Standard,2019-04-01
9864,46,Female,Netherlands,Standard,2025-04-02
9865,55,Female,United States,Standard,2019-11-26
9866,51,Female,India,Free,2026-05-17
9867,57,Other,United States,Standard,2026-05-17
9868,54,Male,United States,Standard,2023-03-11
9869,70,Female,United Kingdom,Standard,2025-02-19
9870,32,Male,Canada,Free,2020-03-01
9871,36,Female,Canada,Free,2021-05-14
9872,39,Female,India,Free,2025-12-17
9873,56,Other,India,Basic,2019-06-02
9874,15,Male,South Africa,Free,2019-06-12
9875,40,Female,United States,Free,2022-01-08
9876,64,Male,Australia,Free,2024-04-21
9877,59,Female,India,Free,2024-05-16
9878,46,Male,United States,Premium,2019-08-11
9879,58,Female,United States,Free,2025-01-06
9880,53,Male,Canada,Premium,2019-08-21
9881,17,Female,Japan,Free,2026-03-10
9882,44,Male,Brazil,Free,2019-02-28
9883,67,Male,Brazil,Free,2020-09-22
9884,25,Male,United States,Premium,2024-05-06
9885,37,Male,India,Standard,2023-11-08
9886,50,Female,France,Premium,2024-05-20
9887,39,Male,United States,Standard,2022-11-22
9888,23,Male,United States,Free,2023-04-23
9889,49,Male,France,Basic,2023-04-24
9890,32,Other,United Kingdom,Basic,2026-05-18
9891,40,Male,Italy,Basic,2021-07-07
9892,17,Male,India,Free,2023-07-18
9893,56,Male,Japan,Free,2023-12-27
9894,54,Female,India,Free,2026-01-10
9895,47,Male,United States,Free,2020-04-29
9896,59,Female,United States,Free,2023-04-29
9897,28,Female,United Kingdom,Basic,2022-10-03
9898,56,Male,India,Free,2023-06-02
9899,56,Male,United Kingdom,Basic,2023-01-30
9900,56,Female,United States,Free,2020-12-30
9901,51,Female,India,Free,2026-04-06
9902,24,Male,Canada,Basic,2024-03-07
9903,61,Male,United Kingdom,Premium,2023-03-26
9904,43,Female,United States,Premium,2021-03-04
9905,39,Male,India,Basic,2019-01-11
9906,70,Female,United States,Free,2020-02-11
9907,31,Male,United States,Standard,2024-04-10
9908,31,Other,India,Basic,2024-05-19
9909,39,Female,United Kingdom,Basic,2024-09-02
9910,41,Male,Australia,Free,2024-11-26
9911,57,Female,United States,Free,2022-07-19
9912,48,Female,United Kingdom,Free,2025-12-07
9913,41,Female,India,Free,2024-01-06
9914,68,Female,India,Standard,2022-08-08
9915,27,Female,India,Basic,2023-02-26
9916,35,Female,United Kingdom,Free,2026-01-17
9917,66,Female,South Africa,Premium,2025-12-19
9918,38,Female,Italy,Basic,2025-06-05
9919,35,Male,Singapore,Free,2020-11-29
9920,41,Female,India,Basic,2021-09-17
9921,43,Female,India,Basic,2021-09-17
9922,37,Female,United States,Free,2021-08-24
9923,63,Female,India,Basic,2020-12-07
9924,27,Male,United States,Basic,2021-01-11
9925,33,Male,Japan,Free,2020-02-21
9926,64,Male,India,Standard,2022-01-10
9927,64,Male,India,Standard,2025-09-11
9928,23,Female,United States,Free,2019-08-13
9929,24,Male,United States,Basic,2019-05-17
9930,23,Female,India,Premium,2019-01-12
9931,64,Female,United Kingdom,Free,2022-04-30
9932,32,Male,India,Basic,2021-01-13
9933,56,Other,UAE,Free,2021-05-02
9934,30,Female,United States,Free,2023-07-11
9935,55,Male,Brazil,Standard,2024-07-21
9936,17,Female,United States,Free,2019-12-28
9937,32,Female,Mexico,Free,2022-12-08
9938,69,Female,United States,Basic,2023-04-11
9939,47,Male,India,Standard,2026-05-23
9940,34,Female,India,Free,2020-08-03
9941,67,Female,India,Free,2024-04-11
9942,24,Female,India,Premium,2023-01-15
9943,66,Female,India,Standard,2019-11-11
9944,22,Other,Canada,Free,2023-02-06
9945,56,Female,Canada,Basic,2026-02-12
9946,25,Male,India,Basic,2023-03-13
9947,41,Female,UAE,Premium,2021-07-12
9948,29,Male,Mexico,Basic,2024-09-16
9949,38,Female,India,Standard,2025-03-29
9950,31,Female,Canada,Standard,2022-05-01
9951,48,Female,Canada,Free,2022-11-15
9952,60,Male,Germany,Free,2021-04-09
9953,48,Male,Australia,Standard,2020-05-30
9954,40,Female,India,Standard,2019-02-11
9955,34,Male,UAE,Free,2020-02-25
9956,44,Female,India,Basic,2023-05-24
9957,37,Female,United Kingdom,Standard,2026-02-09
9958,62,Male,United States,Basic,2023-06-14
9959,70,Female,Singapore,Standard,2020-06-29
9960,25,Male,India,Free,2021-09-10
9961,16,Male,India,Free,2020-03-06
9962,70,Male,United States,Basic,2020-02-17
9963,62,Female,United States,Free,2025-08-20
9964,20,Female,Brazil,Free,2022-05-18
9965,60,Male,India,Standard,2025-02-20
9966,40,Male,Japan,Free,2025-03-18
9967,41,Female,South Africa,Standard,2022-01-09
9968,15,Female,India,Free,2022-09-13
9969,34,Male,India,Basic,2020-11-30
9970,33,Male,India,Standard,2019-08-17
9971,15,Male,India,Basic,2025-10-08
9972,25,Female,Germany,Free,2021-08-23
9973,36,Male,Canada,Basic,2020-01-28
9974,60,Female,United States,Standard,2025-10-10
9975,35,Other,India,Premium,2023-08-10
9976,26,Female,UAE,Standard,2022-01-30
9977,41,Female,Brazil,Free,2025-01-10
9978,63,Other,Singapore,Premium,2024-02-21
9979,52,Female,India,Free,2022-01-31
9980,15,Female,India,Basic,2025-09-13
9981,18,Male,UAE,Free,2019-08-13
9982,23,Female,India,Free,2022-10-01
9983,42,Male,France,Basic,2024-06-29
9984,62,Female,Brazil,Basic,2025-08-04
9985,24,Male,Japan,Standard,2025-06-01
9986,45,Female,Singapore,Free,2021-01-16
9987,59,Male,Mexico,Free,2022-02-18
9988,42,Male,India,Free,2020-10-19
9989,48,Female,India,Standard,2019-12-05
9990,27,Female,South Africa,Free,2020-10-31
9991,28,Male,Netherlands,Free,2024-06-10
9992,58,Male,Canada,Standard,2019-06-23
9993,61,Female,Netherlands,Free,2020-12-04
9994,34,Male,India,Basic,2020-09-26
9995,31,Female,United States,Standard,2024-11-09
9996,57,Female,Canada,Basic,2021-07-17
9997,70,Female,United States,Free,2020-10-02
9998,59,Other,Germany,Free,2024-02-24
9999,32,Male,South Africa,Premium,2025-03-14
10000,67,Female,UAE,Premium,2021-04-28
