watch_id,user_id,movie_id,watch_date,watch_time_minutes,completion_percentage,liked,recommendation_score
1,2703,6849,2025-06-12,39,42.38,0,19.75
2,7777,8397,2026-06-04,41,51,0,20.88
3,9591,7016,2021-01-25,12,15.35,0,13.09
4,7158,6665,2025-08-11,47,44.74,0,30.72
5,6037,381,2025-01-29,31,74.36,1,73.17
6,7425,2640,2026-05-22,89,73.12,1,57.61
7,609,7700,2026-04-13,17,24.25,1,43.93
8,9516,1163,2021-10-25,92,56.45,0,27.89
9,2395,8779,2025-11-10,40,29.91,0,14.31
10,7938,6334,2025-01-31,2,3.66,1,26.52
11,8127,47,2026-06-27,14,7.94,0,0
12,9977,5221,2025-05-05,12,18.89,0,18.01
13,5446,5679,2025-11-10,16,25.33,1,41.47
14,7025,6142,2022-08-22,105,68.65,0,50.36
15,6669,2673,2026-02-05,64,59.46,1,53.19
16,4051,4029,2026-04-28,75,56.62,0,39.45
17,7917,941,2025-04-09,5,6.17,0,0
18,4073,2796,2023-12-21,8,7.88,0,0
19,2478,7848,2022-06-19,40,25.97,0,15.16
20,3475,5993,2025-04-06,153,88.26,0,52.65
21,7813,5046,2022-07-11,49,53.9,1,56.76
22,6265,2063,2024-09-08,28,27.18,0,23.34
23,9574,6900,2024-12-18,38,68.63,1,53.07
24,1540,3059,2022-10-13,36,64.53,1,51.1
25,4610,2074,2023-04-13,56,54.33,1,60.36
26,2722,2975,2026-02-21,61,85.89,1,72.53
27,757,9895,2026-04-29,17,50.98,0,20.74
28,7601,1041,2025-04-10,49,76.63,0,40.64
29,9916,5139,2026-01-27,15,25.23,1,43.15
30,4834,8244,2026-05-10,43,94.87,1,68.12
31,9745,5308,2025-01-22,57,31.71,0,20.24
32,1045,5337,2022-04-04,37,36.17,0,20.11
33,1247,1202,2026-02-21,13,51,0,34.71
34,7715,8478,2025-10-05,48,39.55,1,34.23
35,7110,689,2022-09-21,48,28.28,0,21.44
36,7471,3874,2025-10-30,56,39.16,1,51.79
37,1400,614,2025-11-07,21,18.11,0,18.68
38,7369,9923,2024-04-14,37,25.29,0,17.47
39,8590,105,2024-09-08,32,31.95,0,23.5
40,1486,9065,2026-04-19,9,8.87,0,2.83
41,7576,1774,2025-05-13,51,70.69,0,39.85
42,9531,3094,2023-03-31,2,9.12,0,0.56
43,2514,8308,2024-07-23,22,24.6,0,7.9
44,6434,7651,2024-03-08,78,44.25,0,29.94
45,6302,4464,2025-10-10,15,19.66,1,38
46,6025,312,2020-01-25,15,50.62,1,49.2
47,7367,3936,2021-01-16,54,94.21,1,72.71
48,7441,6072,2020-08-18,20,37.63,0,30.82
49,7081,8674,2026-06-02,4,5.87,0,11.17
50,4003,3689,2025-04-26,136,80.44,0,55.94
51,289,9537,2020-04-12,6,8.96,1,25.32
52,8628,9938,2026-02-24,87,62.41,0,40.97
53,2502,4420,2026-04-25,35,35.96,0,11.76
54,1164,1109,2021-03-20,35,51.66,1,48.04
55,2656,609,2026-06-05,61,50.01,1,42.09
56,5876,8824,2025-05-03,29,41.43,0,25.35
57,1284,5319,2025-02-05,7,22.16,0,15.43
58,2853,345,2025-02-01,53,37.48,1,49.51
59,309,4581,2024-12-25,12,6.51,0,12.08
60,5087,6393,2025-01-24,106,94.24,1,73.58
61,4345,9949,2021-07-11,46,75.81,1,74.98
62,8201,6760,2021-09-23,35,23.41,0,19.56
63,5937,1357,2023-06-21,27,41.15,1,48.13
64,5935,9387,2026-05-20,127,99.42,0,64.76
65,3455,1754,2024-01-13,142,92.84,1,85.53
66,4852,2013,2024-05-16,32,24.76,0,14.15
67,8106,3126,2026-04-28,15,22.01,0,10.77
68,8022,7819,2024-06-19,7,5.01,0,8.79
69,5507,9609,2026-04-30,44,80.47,0,58.15
70,6175,2332,2023-12-28,7,4.24,0,9.19
71,7502,3227,2025-03-22,38,23.5,0,13.76
72,901,444,2025-09-01,49,91.72,1,74.26
73,6381,9218,2024-07-11,17,45.35,0,32.24
74,6143,4103,2025-11-25,56,79.5,1,64.36
75,1266,5046,2026-06-28,36,63.73,0,46.94
76,1708,4847,2025-08-11,16,22.6,1,38.98
77,8114,3570,2024-09-02,72,68.95,0,41.82
78,151,3167,2022-04-03,25,29.09,0,15.73
79,2020,9861,2025-10-22,41,51.59,0,29.83
80,8203,8807,2025-05-25,10,38.02,0,20.13
81,5676,6584,2026-05-06,61,44.93,0,28.68
82,7195,3809,2026-01-06,116,85.37,0,56.72
83,9553,1422,2023-09-01,31,49.52,1,45.13
84,5380,4904,2022-11-13,131,96.49,1,70.93
85,2590,2509,2022-07-26,34,55.53,1,45.63
86,6640,2004,2024-12-11,15,21.11,0,4.37
87,3974,3598,2026-04-25,47,57.23,1,55.87
88,8527,149,2025-03-03,31,30.96,0,22.32
89,6845,563,2026-06-04,62,50.34,0,31.8
90,2985,622,2026-02-10,8,8.9,0,9.73
91,8694,2687,2024-11-23,50,34.75,0,18.64
92,4801,876,2022-02-18,13,29.44,0,24.08
93,2261,2448,2023-06-28,15,31.53,1,42.46
94,3795,804,2026-01-19,96,74.83,1,57.02
95,7760,3572,2025-06-24,23,72.84,1,59.79
96,5409,7126,2025-08-01,19,77.27,1,60.37
97,520,3567,2023-07-30,18,17.37,1,35.89
98,7377,4075,2024-10-02,62,53.32,1,56.01
99,2976,6041,2025-11-23,17,15.19,0,16.04
100,2389,4715,2025-02-26,72,88.02,1,68.89
101,9173,6223,2022-07-10,20,72.43,1,58.92
102,4375,3472,2026-06-15,78,98.46,1,86.52
103,3445,6177,2022-03-16,76,50.43,1,43.59
104,7055,6239,2025-07-11,49,92.93,1,66.73
105,66,1517,2023-09-02,65,45.98,1,50.32
106,1824,2894,2023-10-23,79,58.71,0,31.05
107,6419,9079,2025-10-01,6,28.65,0,23.89
108,4214,7591,2025-07-17,79,90.85,0,47.21
109,5653,5774,2025-08-12,27,63.58,1,63.82
110,60,5578,2025-03-19,19,17.52,0,10.6
111,692,477,2023-09-27,53,33.16,1,32.46
112,5284,2768,2025-12-15,34,76.32,1,70.43
113,6756,4142,2025-11-08,27,22.44,0,19.36
114,4856,673,2026-04-19,24,30.61,1,37.03
115,3103,1373,2025-08-18,31,46.63,1,50.29
116,823,6239,2026-04-20,15,9.39,0,13.82
117,2735,8992,2025-02-18,14,62.01,0,27.83
118,5073,8537,2024-05-27,14,72.45,1,54.72
119,7221,1475,2026-01-09,72,41.34,0,30.56
120,8004,4346,2023-06-11,44,57.01,1,62.75
121,2331,2614,2024-06-20,106,65.72,1,56.48
122,8804,1902,2025-08-27,18,53.79,0,35.1
123,3937,7539,2026-02-03,72,47.79,0,31.83
124,7753,4581,2026-05-07,34,20.29,0,14.49
125,7920,8755,2025-10-20,66,75.5,1,58.89
126,8861,8653,2026-03-31,7,10.38,0,11.23
127,6939,9778,2025-01-29,22,25.6,1,37.46
128,1897,4803,2024-09-05,70,96.84,0,51.51
129,184,8364,2026-06-27,45,55.87,0,37.49
130,6500,4277,2026-04-01,10,43.69,0,35.58
131,6846,3227,2022-03-06,113,93.22,1,77.66
132,3785,978,2026-01-16,28,25.94,0,15.84
133,4321,2631,2024-04-24,40,86.51,1,77.84
134,3712,2804,2026-04-05,31,18.1,0,19.24
135,9908,1384,2024-06-22,137,95.71,0,58.79
136,2986,2762,2026-06-29,39,40.29,0,15.01
137,2717,2393,2022-07-10,110,93.71,1,75.18
138,6616,6279,2024-09-21,9,12.7,0,14.2
139,1627,1857,2024-03-26,6,4.92,0,0
140,6575,7820,2025-07-11,11,9.32,1,30.91
141,8589,9436,2023-02-01,24,15.55,0,5.71
142,1662,7477,2026-04-12,56,41.77,0,30.29
143,935,6741,2025-07-05,21,64.79,0,43.69
144,9412,4347,2026-06-01,42,47.75,0,29.84
145,3810,7123,2026-06-14,61,89.42,1,80.47
146,4657,4639,2026-04-10,19,45.18,0,18.5
147,1924,8159,2025-09-15,42,32.62,1,34.12
148,4253,1240,2020-08-01,7,18.53,1,33.69
149,8682,8991,2025-12-06,75,49.6,0,22.66
150,6540,8081,2025-02-06,33,42.19,1,51.67
151,306,2756,2023-02-17,11,6.08,0,7.57
152,3240,9297,2021-09-06,85,92.8,0,62.2
153,4413,595,2025-11-17,62,75.86,0,51.46
154,6931,5656,2023-12-26,54,38.01,0,18.25
155,321,8837,2022-02-09,6,4.26,0,4.34
156,5162,7601,2023-01-24,52,58.49,0,38.82
157,4293,5202,2025-03-17,6,19.23,1,33.49
158,2770,9325,2024-07-25,124,82.97,0,47.55
159,8566,3689,2026-06-07,1,3.49,0,5.98
160,1429,8590,2026-01-04,55,38.69,0,18.23
161,7959,5574,2022-09-27,57,53.77,1,45.4
162,7816,6472,2025-10-26,27,17.27,1,39.96
163,1176,2357,2022-09-04,8,26.8,1,44.32
164,9430,3665,2026-02-26,66,92.26,1,72.68
165,7914,5142,2019-12-26,46,86.63,1,67.63
166,4587,4895,2026-05-27,29,39.19,0,25.52
167,5585,9010,2022-12-14,77,87.78,1,67.84
168,8882,9466,2026-05-08,72,41.33,1,37.9
169,147,9925,2023-04-10,79,57.84,1,58.16
170,7428,8602,2025-06-08,127,83.32,1,73.69
171,3733,2423,2026-02-23,133,87.4,1,69.27
172,1952,9152,2024-05-22,38,43.2,1,38.41
173,294,4291,2026-04-01,21,31.21,1,35.41
174,5643,7262,2022-04-23,129,98.32,1,85.4
175,3643,8390,2025-11-03,80,97.53,1,78.32
176,9988,1302,2025-01-08,20,17.98,0,16.94
177,9280,4785,2026-03-19,128,90.69,1,70.72
178,3247,6200,2023-10-22,44,57.54,1,60.33
179,6124,4904,2025-04-30,138,79.86,1,61.39
180,3,6362,2026-03-05,28,45.22,0,31.61
181,510,3391,2022-11-21,91,69.81,1,64.17
182,6512,2601,2026-04-01,28,21.16,1,24.27
183,8037,6662,2026-02-17,6,4.47,0,10.7
184,3243,2258,2025-08-23,13,65.39,0,40.55
185,5651,2111,2024-07-21,57,31.74,0,24.24
186,8426,1572,2025-09-21,21,18.53,0,2.47
187,9692,4255,2025-10-05,76,56.34,1,62.62
188,671,7112,2022-11-09,52,97.98,1,78.45
189,7521,1276,2024-05-02,102,65.04,1,63.27
190,8712,1479,2025-05-14,85,86.08,1,66.92
191,6956,1571,2024-07-28,1,1.88,0,10.43
192,271,2335,2026-02-06,16,31.93,0,11.22
193,5747,984,2026-02-21,10,15.14,1,37.38
194,9834,7311,2025-07-30,17,12.81,0,0.88
195,596,5913,2020-09-17,40,44.02,0,29.31
196,1175,3517,2024-07-27,35,23.81,0,10.77
197,7932,4654,2025-10-28,56,84.64,1,76.12
198,7049,9951,2024-12-10,3,3.3,0,0
199,6386,6301,2025-10-28,27,44.35,0,32.51
200,3823,1411,2026-06-04,62,45.6,1,48.66
201,4936,1947,2025-10-03,10,21.17,1,22.77
202,5536,684,2026-06-13,122,76,0,46.19
203,8321,2045,2024-02-21,54,30.72,0,8.51
204,7469,2158,2025-06-06,3,3.79,0,9.69
205,3214,7253,2023-07-10,16,28.24,0,9.74
206,4895,6092,2025-11-09,85,56.9,1,44.73
207,9137,2005,2026-04-19,42,25.26,0,14.09
208,5883,2665,2024-01-06,68,46.15,0,33.25
209,8047,2938,2025-03-17,63,37.59,1,45.2
210,8677,2115,2021-10-17,44,66.23,1,55.13
211,5429,9854,2026-03-30,42,74.18,0,50.61
212,8846,4537,2025-12-15,103,67.04,1,50.77
213,6786,7654,2026-01-16,17,11,0,16.14
214,5304,577,2024-09-11,42,45.87,1,39.12
215,3890,457,2022-03-12,5,13.56,1,32.46
216,7471,9628,2025-09-12,112,91.74,0,53.14
217,7070,2562,2021-01-22,156,87.53,1,66.51
218,9681,1488,2025-01-09,28,25.67,1,39.69
219,546,1177,2026-03-08,27,23.09,0,22.69
220,4002,5322,2025-01-26,36,68.36,1,52.41
221,7116,3814,2024-09-09,25,54.73,1,52.67
222,7342,1475,2025-06-03,19,60.44,0,26.28
223,2798,1894,2026-01-08,35,60.69,0,41.11
224,4883,4963,2026-02-17,105,74.76,1,73.25
225,100,9519,2026-04-15,51,28.92,0,18.55
226,9962,9363,2024-02-28,98,92.55,1,74.99
227,9249,9060,2024-07-31,49,86.81,1,68.79
228,1400,5491,2025-08-11,16,16.59,0,10.85
229,1461,9166,2024-07-25,62,77.36,1,66.31
230,6126,9637,2020-08-23,13,18.94,0,1.81
231,6394,3053,2019-12-19,137,97.65,1,77.15
232,9398,6795,2021-10-04,24,46.57,1,44.03
233,6513,3624,2023-01-27,43,93.85,1,82.43
234,3003,883,2020-07-24,35,19.96,0,3.39
235,4130,4396,2025-09-28,78,70.43,1,61.6
236,2705,9112,2021-03-31,19,29.21,0,8.72
237,2263,7714,2025-11-28,9,6.93,0,0
238,1633,4675,2022-06-01,110,74.66,0,36.85
239,7785,2569,2024-05-22,149,83.74,0,51.54
240,3183,5367,2025-04-22,95,80.92,0,57.8
241,387,955,2025-05-22,12,50.77,1,49.21
242,7583,9006,2026-02-02,31,17.7,1,29.52
243,8624,7670,2026-05-17,84,75.61,1,64.67
244,2033,2385,2026-02-08,171,95.21,1,80.71
245,1806,856,2026-04-30,10,23.03,0,10.8
246,991,9099,2023-08-30,90,77.27,0,55.19
247,1333,2062,2022-01-21,93,85.9,0,44.97
248,2965,5272,2024-11-06,35,58.45,0,41.36
249,841,9947,2024-03-01,1,2.7,0,3.71
250,1999,6947,2026-05-14,73,86.91,1,67.49
251,506,3582,2025-04-23,66,99.58,1,89.56
252,3100,7280,2026-02-20,30,36.7,0,20.97
253,6256,6120,2022-01-21,101,56.69,0,31.1
254,1557,5862,2025-11-16,81,48.13,1,47.91
255,2124,3624,2025-03-22,124,72.29,1,59.68
256,1077,7437,2026-01-25,50,65.43,0,47.62
257,3283,3785,2024-12-26,28,74.61,1,67.3
258,1156,443,2026-01-02,117,86.86,1,74.87
259,6906,6383,2022-06-01,106,87.69,1,81.49
260,3717,9086,2024-07-07,12,11.06,0,4.84
261,4500,9672,2026-01-22,12,20.88,0,4.74
262,1837,9441,2025-12-12,59,91.84,1,76.33
263,1180,498,2025-07-02,92,57.09,0,38.48
264,2591,7886,2025-02-12,161,96.22,1,86.03
265,8625,5438,2024-04-22,67,43.62,0,27.68
266,8814,199,2022-11-23,117,66.28,0,48.61
267,54,7763,2026-05-13,4,6.98,0,0
268,7430,9238,2023-08-16,47,44.05,1,37.5
269,5228,8502,2026-05-21,11,16.98,0,14.73
270,8554,7330,2024-12-28,118,79.8,1,60.09
271,173,4558,2024-11-23,59,34.37,1,48.68
272,5532,2747,2023-05-26,170,99.55,1,83.63
273,1432,8813,2025-05-13,92,52.06,1,55.37
274,2771,2463,2026-03-18,39,57.53,1,46.47
275,7301,5304,2023-12-11,24,68.51,0,50.33
276,5075,6661,2025-04-26,53,59.06,1,56.36
277,4711,7832,2023-11-02,135,83.06,1,62.69
278,5005,3034,2022-04-29,7,7.37,0,11.94
279,1177,7464,2025-05-05,144,93.27,1,84.59
280,8301,3569,2022-04-13,9,7.9,1,20.85
281,6623,6725,2023-09-15,44,25.32,1,29.66
282,3401,6984,2026-06-02,28,43.05,0,26.21
283,5905,1377,2025-10-08,37,58.25,0,41.97
284,4402,367,2024-03-29,41,39.89,0,27.84
285,5274,2311,2026-04-04,122,88.88,1,67.84
286,7389,4412,2026-04-04,25,23.84,1,33.74
287,6395,1382,2026-04-24,47,97.14,1,83.61
288,8323,7431,2025-02-08,41,90.28,1,69.68
289,9648,8604,2021-07-13,27,65.19,0,36.18
290,9699,5368,2025-09-30,22,70.51,1,57.76
291,1211,1165,2025-12-07,22,29.88,0,24.31
292,8849,759,2026-06-09,143,83,1,67.63
293,4675,4465,2021-03-31,28,19.78,0,6.34
294,2106,4520,2026-01-10,45,89.27,1,70.86
295,4489,2729,2026-04-08,15,11.5,0,16.16
296,3055,1202,2025-08-16,38,27.3,0,15.06
297,9545,1488,2024-05-13,43,41.69,1,52.11
298,7281,9110,2024-07-26,11,37.88,0,14.87
299,3579,1819,2025-01-01,15,48.8,1,52.16
300,3857,4465,2026-06-30,18,16.69,0,18.06
301,4496,9827,2020-10-06,44,27.18,0,9.49
302,9449,7368,2025-01-27,6,12.67,0,2.84
303,1511,442,2025-09-12,6,20.16,0,2.52
304,9199,9457,2024-09-12,57,95.58,1,72.58
305,1347,4112,2024-04-22,124,93.08,0,48.38
306,3020,1652,2026-04-30,5,3.61,0,8.26
307,3726,4171,2024-02-29,32,81.79,0,57.38
308,8017,9499,2026-06-23,5,2.56,0,9.63
309,6310,3878,2024-04-20,87,75.46,1,71.09
310,9048,9718,2026-02-16,26,43.24,0,23.82
311,8122,7081,2026-02-20,62,98.31,1,79.48
312,2444,1616,2023-04-06,39,56.71,0,38.88
313,8633,2786,2024-11-15,93,55.8,0,26.51
314,1332,8819,2026-01-17,51,65.93,1,59.77
315,3427,4753,2026-05-06,85,51.54,0,22.44
316,4037,689,2025-07-18,96,75.86,1,66.23
317,9056,6158,2021-02-25,53,46.76,1,50.51
318,9069,5906,2021-03-12,119,81.44,1,65.83
319,4081,1660,2023-07-26,33,23.93,1,39.5
320,1870,5991,2023-02-06,105,88.3,1,72.27
321,3075,3860,2021-06-22,120,82.77,1,64.05
322,8088,2881,2022-07-17,28,39.6,1,38.67
323,6631,7203,2026-04-14,147,92.31,0,60.15
324,5825,189,2023-09-10,44,24.52,0,18.88
325,1310,706,2026-05-24,148,96.5,0,57.55
326,2163,6545,2025-11-28,118,75.33,0,35.48
327,1166,7608,2024-04-19,9,39,0,20.15
328,6027,6640,2024-08-21,32,54.95,1,48.47
329,7241,5866,2024-12-13,33,76.59,1,71.53
330,8011,7994,2024-05-06,58,56.79,1,51.24
331,2182,2339,2026-04-28,146,94.04,1,76.11
332,5027,8082,2025-05-07,16,62.65,1,61
333,9690,9710,2024-07-30,96,73.55,1,65.92
334,8271,7089,2025-09-19,112,75.72,1,61.08
335,8175,1452,2026-06-19,41,80.46,1,76.65
336,9652,8845,2024-04-16,81,70.34,1,58.97
337,7687,8835,2023-12-10,95,97.51,1,78.37
338,2952,5217,2022-01-19,13,43.68,1,46.84
339,3344,1653,2026-06-17,125,77.34,1,72.41
340,8625,6089,2025-08-10,15,45.74,0,31.67
341,2510,2108,2024-01-23,27,55.27,0,40.19
342,5228,4451,2021-05-20,24,88.65,0,46
343,4057,9570,2024-05-23,46,80.83,1,72.96
344,9292,7694,2021-11-19,12,14.06,0,4.49
345,5655,1318,2022-05-04,117,89.94,1,69.54
346,8195,718,2023-04-20,41,34.95,0,25.16
347,1557,2341,2025-10-19,106,75.64,0,48.6
348,6364,3592,2026-03-12,17,12.94,0,1.43
349,4820,2369,2026-06-15,4,11.76,0,10.15
350,1945,6112,2020-08-01,33,44.51,0,31.39
351,468,6973,2024-02-15,58,92.83,0,62.5
352,7477,8771,2023-06-18,44,34.88,1,42.27
353,5767,1904,2023-12-20,92,83.64,1,75.32
354,6103,3247,2025-01-04,34,83.8,1,63.85
355,6651,2162,2023-04-09,92,78.33,1,73.54
356,6252,8385,2023-01-23,34,39.11,0,20.27
357,2217,926,2025-06-22,11,7.81,0,11.96
358,9060,8693,2024-08-15,22,60.84,1,53.73
359,3467,9690,2025-06-02,94,53.74,0,23.39
360,2298,353,2026-02-25,51,68.42,1,52.04
361,123,6005,2026-06-05,18,60.4,1,57.16
362,7568,7765,2022-05-07,9,42.03,1,46.38
363,4769,3680,2025-08-29,10,23.84,0,15.52
364,5794,2577,2024-12-16,112,64.61,1,59.29
365,320,5181,2026-04-16,3,2.16,0,5.12
366,9324,841,2022-07-01,111,69.92,1,61.11
367,3563,4547,2025-11-15,30,20.81,1,39.61
368,291,3940,2023-11-24,17,66.79,0,34.1
369,2174,6685,2026-03-31,116,83.42,0,55.08
370,1381,7889,2025-05-28,1,3.07,0,9.82
371,9729,4440,2025-02-24,13,7.76,0,0
372,7119,9918,2025-04-29,49,39.46,0,23.13
373,7521,6388,2023-09-10,90,51.75,0,37.57
374,2528,6838,2025-07-09,5,4.3,0,0
375,4677,4410,2025-06-28,9,31.22,0,20.11
376,9562,2824,2023-05-08,147,86.75,1,67.93
377,7713,5325,2025-12-20,11,6.65,0,8.96
378,2294,1434,2022-08-04,91,69.41,1,64.73
379,3742,8124,2025-11-26,46,60.15,0,43.69
380,1778,2552,2025-07-28,7,5.59,0,1.45
381,764,4648,2025-07-20,60,71.38,1,66.02
382,9063,201,2023-11-12,11,40.8,0,18.7
383,7501,7774,2022-03-18,30,25.89,0,5.88
384,7527,8872,2026-06-16,30,25.5,1,34.33
385,9048,7574,2026-05-14,76,99.27,1,75.9
386,8124,4686,2025-12-03,38,25.89,1,42.87
387,5679,9036,2026-03-06,29,25.3,1,28.43
388,8346,6346,2026-05-17,5,20.97,0,10.5
389,6756,6402,2026-03-24,113,63.49,1,57.78
390,1657,5421,2022-09-26,12,6.58,0,11.46
391,5273,6615,2025-09-01,61,36.33,1,44.2
392,557,1010,2026-05-17,44,59.25,1,58.49
393,8338,5604,2025-08-12,51,50.98,1,45.48
394,5991,4093,2026-04-19,1,3.19,0,7.51
395,7582,5543,2023-09-01,17,15.57,0,9.27
396,9927,780,2026-06-11,3,2.1,0,0.57
397,4170,7184,2023-12-14,63,83.34,1,64.94
398,3116,1460,2026-06-16,64,93.92,1,73.26
399,3989,7659,2026-03-05,32,21,1,36.92
400,674,9953,2025-09-25,91,71.29,0,39.15
401,7420,4548,2026-02-19,22,16.78,0,13.41
402,9830,7098,2025-08-22,61,43.02,1,41.25
403,3734,7544,2025-05-23,73,43.22,0,21.81
404,5221,204,2026-02-11,18,82.52,1,72.44
405,8185,3666,2025-12-31,38,41.72,1,48.85
406,7819,5558,2025-12-12,41,23.71,0,5.73
407,7587,1637,2025-10-28,117,77.14,0,52.23
408,8365,8805,2024-01-31,124,96.26,1,68.18
409,1822,3545,2026-03-13,17,68.77,0,43.25
410,6241,2673,2026-01-24,64,97.59,1,82.29
411,5741,1525,2025-08-18,80,57.44,1,63.17
412,4755,2369,2024-12-16,6,29.92,0,24.06
413,4739,1706,2024-08-23,60,93.03,1,74.69
414,3779,8694,2026-06-20,111,64.06,1,59.82
415,5415,7282,2021-02-20,8,15.49,0,4.18
416,4741,3966,2022-05-06,6,16.14,0,12.12
417,4157,9929,2025-09-20,6,4.32,0,5.95
418,9104,3967,2025-12-26,9,21.34,0,5.93
419,7493,5421,2024-08-26,25,41.74,0,19.32
420,6412,896,2026-01-16,17,19.17,1,30.68
421,6275,8023,2026-01-01,6,25.83,0,6.19
422,6056,7789,2021-06-23,7,4.08,0,0
423,9209,4628,2025-07-31,20,38.16,0,12.94
424,811,2161,2024-09-13,8,38.37,0,22.34
425,1428,8400,2026-06-14,71,94.77,1,77.06
426,4846,5138,2024-06-11,11,14.61,0,12.9
427,661,2606,2026-03-20,13,58.61,0,40.57
428,5177,4709,2023-05-01,18,20.72,1,24.11
429,915,1721,2024-08-11,100,86.33,1,78.54
430,5994,9996,2025-08-04,51,46.01,1,52.07
431,2350,9131,2023-03-25,96,73.06,0,38.52
432,2391,7483,2026-06-29,11,16.05,0,8.93
433,403,8193,2026-05-06,40,72.31,1,66.28
434,607,3600,2026-06-30,38,43.17,0,31.14
435,9596,6126,2026-01-24,24,18.07,0,8.46
436,9603,9059,2024-07-07,26,54.54,0,26.29
437,3877,3533,2022-01-05,2,2.25,0,0
438,8685,8577,2026-03-21,36,27.73,0,21.58
439,9874,4208,2024-05-21,33,71.45,0,37.01
440,5842,2245,2025-02-03,46,46.09,1,41.49
441,9442,9556,2026-06-08,25,39.35,1,36.11
442,2774,5277,2021-12-27,37,29.12,0,25.88
443,6552,6312,2021-06-17,90,60.85,0,46.36
444,3348,7747,2023-02-22,21,36.06,1,48.7
445,1464,7641,2025-01-07,42,24.66,1,25.05
446,5143,9099,2021-12-17,19,75.79,1,59.69
447,1636,4626,2026-01-14,104,64.68,0,32.45
448,696,15,2026-01-07,26,14.94,0,8.62
449,2922,9108,2021-12-03,5,7.45,1,21.93
450,2018,2100,2025-07-27,15,15.81,1,29.04
451,1758,5103,2023-03-09,115,72.94,0,40.3
452,5629,916,2024-07-22,5,16.35,0,17.19
453,1297,8688,2026-04-04,36,29.31,0,18.03
454,4682,7967,2024-07-03,110,92.2,1,77.82
455,647,6180,2025-05-22,150,92,1,79.88
456,8713,6599,2024-02-22,13,14.84,0,11.7
457,8290,5579,2022-08-24,23,72.05,1,70.89
458,917,9461,2022-01-07,7,9.64,0,0
459,4974,2007,2024-06-20,46,26.37,0,16.45
460,1048,2023,2026-04-01,36,29.76,0,26.12
461,9894,6023,2026-06-23,39,25.61,0,23.56
462,8758,5421,2022-10-11,6,11.41,0,3.56
463,7364,1624,2023-09-22,32,22.17,1,34.4
464,9035,4182,2025-03-06,17,50.12,1,56.46
465,5727,9071,2026-04-16,147,91.61,1,83.52
466,920,4329,2026-06-11,127,93.96,0,55.16
467,7149,9562,2023-03-29,126,73.12,1,57.63
468,3838,3590,2025-11-15,145,88.77,1,78.38
469,8656,5723,2023-05-07,2,3.46,0,8.8
470,1523,7080,2024-06-12,16,62.24,1,55.72
471,8919,5809,2025-07-25,64,47.71,0,26.85
472,1842,1815,2025-10-01,24,94.09,1,81.86
473,1747,726,2024-02-29,102,64.87,1,50.07
474,7350,3540,2021-06-01,3,2.23,1,13.7
475,1795,6139,2026-04-20,57,60.52,0,45.16
476,4501,628,2022-11-23,10,52.03,1,45.99
477,2721,4685,2024-06-27,61,36.72,1,38.36
478,8857,3820,2026-05-21,37,44.22,1,40.64
479,8176,3648,2025-05-10,63,49.79,0,34.57
480,3631,9516,2020-02-15,76,98.29,1,87.63
481,1497,771,2026-05-31,106,96.44,1,71.34
482,2516,3040,2023-07-25,76,88.06,0,44.72
483,6785,329,2021-05-22,34,67.11,1,66.16
484,6630,2268,2026-05-29,89,93.51,1,68.59
485,3900,828,2025-11-20,98,95.97,1,80.29
486,1742,9190,2025-11-11,11,24.71,0,17.22
487,9871,7853,2023-09-22,96,99.19,1,81.92
488,9625,5308,2026-01-18,32,30.96,0,22.56
489,6843,4438,2020-12-11,170,98.66,1,77.39
490,9328,5568,2026-03-28,6,8.03,0,2.5
491,7668,807,2026-06-29,49,59.96,1,61.22
492,5169,425,2026-06-12,14,32.19,0,13.22
493,4725,5992,2025-08-16,14,8.21,0,11.37
494,2194,2820,2024-06-08,68,93.68,1,80.76
495,2208,797,2025-03-26,130,79.05,1,63.67
496,3897,9247,2021-07-27,25,84.14,1,63.57
497,7023,1263,2024-08-27,108,82.86,1,71.03
498,3240,8313,2023-10-19,16,64.55,1,64.96
499,5027,5527,2026-05-02,6,17.25,1,34.63
500,7718,5165,2025-02-04,42,25.27,0,12.21
501,5278,2031,2025-07-31,19,29.12,1,31.32
502,8129,6250,2026-03-19,140,97.67,1,86.51
503,6736,4238,2026-01-25,36,39.21,1,38.94
504,8569,5286,2025-05-15,18,65.85,0,38.02
505,9899,2443,2023-11-24,115,83.9,1,65.16
506,7311,6703,2021-08-20,25,74.34,1,67.08
507,1600,4861,2025-01-07,36,27.7,0,18.47
508,9787,8537,2022-03-02,78,72.97,1,65.2
509,8675,239,2021-07-08,42,97.72,1,86.52
510,221,773,2025-02-08,2,3.48,0,11.41
511,2203,3591,2026-05-08,47,40.31,0,31.48
512,7924,9646,2026-06-13,5,14.24,0,1.18
513,8183,1883,2021-12-07,15,25.51,0,11.98
514,6915,6879,2024-11-02,82,79.5,1,73.58
515,2861,2160,2025-10-19,18,38.1,0,23.67
516,6697,6829,2025-10-11,24,96.47,1,76.41
517,2255,6106,2025-09-22,57,64.29,0,44.32
518,7863,8832,2025-12-12,69,50.53,1,51.62
519,8926,4400,2022-11-03,39,93.96,1,81.74
520,7577,332,2025-01-25,27,41.81,1,43.22
521,5800,4836,2024-05-16,39,83.06,1,71.5
522,6429,7014,2025-08-23,49,40.82,0,21.34
523,374,8769,2023-10-11,24,16.16,0,18.02
524,5772,8752,2023-08-27,68,44.4,0,18.66
525,7251,4937,2022-06-16,153,96.01,1,67.7
526,2287,9161,2026-05-14,40,28.8,1,43.52
527,3917,4237,2026-03-12,1,2.26,0,0
528,1323,8756,2025-03-29,15,32.87,1,47.43
529,9855,7785,2025-02-21,50,43.85,1,47.45
530,8329,4859,2024-11-26,109,75.88,1,74.37
531,8704,8934,2026-05-14,18,24.61,1,28.68
532,7290,2270,2023-07-23,12,51.15,0,40.05
533,519,5887,2025-10-13,5,6.91,0,0
534,606,6383,2025-12-02,96,71.36,1,56.69
535,623,1853,2020-11-26,38,46.76,0,31.14
536,6638,8181,2023-04-22,9,8.86,0,14.27
537,8892,6255,2024-03-14,144,91.93,1,72.32
538,9400,4118,2025-04-05,2,2.94,0,0
539,4671,7765,2025-04-20,33,19.05,0,12.11
540,6717,4516,2022-12-20,6,5.58,0,7.69
541,4244,3760,2025-12-31,105,79.33,1,63.18
542,4518,4601,2023-08-29,75,80.27,1,75.19
543,868,6124,2021-11-08,46,29.41,0,13.26
544,6354,6345,2026-04-01,50,39.12,1,41.45
545,4333,84,2023-09-27,11,31.03,1,45.88
546,7933,5815,2026-02-22,64,48.29,0,29.11
547,4520,9283,2024-05-16,109,98.53,1,86.63
548,2145,4513,2024-02-24,50,40.77,0,30.31
549,6697,1867,2024-06-08,18,63.71,0,40.21
550,4115,5024,2025-10-27,16,18.75,0,12.81
551,1147,3856,2026-02-01,35,38.16,0,22.21
552,1655,6402,2025-04-29,30,20.44,0,21.1
553,6091,3343,2025-09-30,33,74.3,1,57.75
554,355,4688,2026-01-11,109,64.01,1,54.81
555,7557,5114,2026-02-19,21,38.08,1,50.39
556,2290,616,2025-03-24,12,23.83,0,18.44
557,7277,4912,2026-02-25,28,97.77,1,68.72
558,2966,3958,2023-02-05,100,90.14,1,76.66
559,569,1402,2026-03-02,1,1.66,0,10.05
560,4913,444,2023-04-25,25,27.37,0,18.91
561,2090,2463,2024-12-07,33,27.31,1,43.43
562,9795,5552,2023-10-03,45,63.87,0,30.05
563,1066,7485,2022-07-07,3,6.09,0,2.66
564,9147,2882,2026-05-16,21,12.43,0,0
565,667,7540,2026-02-04,3,2.06,0,6.01
566,9132,6698,2025-08-27,2,1.25,0,3.84
567,6721,3167,2023-03-13,38,38.5,1,41.67
568,8425,6396,2026-03-13,72,40.21,1,48.64
569,8921,6226,2024-07-13,12,44.08,1,53.24
570,4016,3366,2026-06-06,157,90.15,1,73.78
571,7734,9708,2025-02-06,28,61.76,1,63.13
572,2388,1582,2022-01-15,42,26.55,0,21.55
573,7596,1345,2023-11-25,4,7.69,1,23.11
574,9715,5521,2022-09-03,11,6.88,0,7.22
575,5388,493,2026-06-30,71,60.49,0,42.97
576,5173,7507,2021-05-06,27,18.77,1,40.58
577,7763,8099,2025-03-09,96,76.46,0,55.25
578,9268,7867,2023-11-16,59,49.06,0,37.56
579,3098,8603,2024-06-01,4,4.84,0,0
580,4511,3387,2025-08-09,35,39.24,1,52.06
581,3766,3626,2025-03-01,106,76.37,0,48.3
582,9294,6862,2021-10-01,14,67.73,0,34.24
583,3258,3607,2025-04-29,6,12.25,1,24.63
584,4189,1529,2026-04-21,147,86.72,0,48.3
585,1376,6960,2024-09-11,94,78.92,1,61.9
586,1334,8358,2026-04-07,73,83.8,0,49.86
587,5491,8246,2025-09-01,89,76.51,1,58.89
588,9662,5333,2025-01-16,2,2.88,0,9.51
589,758,6577,2026-05-27,70,39.95,0,14.49
590,1394,217,2025-08-11,72,42.4,0,22.39
591,1723,2201,2025-01-13,59,50.73,0,39.91
592,5426,653,2025-02-04,23,55.28,0,27.96
593,1944,5448,2026-05-29,112,91.53,1,83.32
594,7236,1034,2026-01-29,6,5.92,0,0
595,263,4013,2024-04-14,23,88.06,1,80.86
596,5036,5372,2023-02-03,21,13.09,1,28.5
597,6719,9447,2025-10-05,40,84.81,0,47.14
598,3971,5674,2020-04-22,102,63.2,0,32.99
599,682,3507,2026-06-27,30,26.74,1,28.19
600,3772,9902,2026-06-22,77,69.64,1,67.96
601,972,6487,2026-04-13,73,94.34,1,83.41
602,6853,6016,2025-11-12,166,92.33,0,52.02
603,5763,4586,2025-11-15,5,16.21,1,37.21
604,5965,3378,2026-02-12,16,65.44,0,39.01
605,4300,2766,2025-05-14,77,46.92,1,57.04
606,2225,2355,2025-03-12,103,83.58,1,64.27
607,4788,1546,2024-08-08,7,9.7,0,3.73
608,383,2270,2024-05-26,103,60.58,1,50.76
609,6167,3597,2022-10-31,25,33.91,1,47.52
610,9913,3352,2025-08-11,95,57.6,1,59.91
611,2479,9705,2025-03-14,44,30.39,0,19.81
612,4165,320,2022-08-10,16,55.9,0,30.05
613,5652,5080,2025-04-06,33,82.38,0,52.3
614,1436,7950,2025-05-18,19,12.24,0,3.41
615,9910,5827,2025-12-09,10,29.93,0,23.67
616,5988,7997,2026-04-14,38,47.74,1,44.2
617,233,1752,2022-01-05,12,49.45,1,53.18
618,4446,215,2026-02-06,130,91.89,1,85.07
619,1210,7347,2023-09-08,79,59.38,0,40.89
620,6987,6577,2024-08-09,107,62.36,0,41.41
621,7109,9562,2025-03-26,133,78.89,1,57.77
622,8891,5234,2023-07-27,41,25.53,0,15.61
623,390,6469,2024-03-08,80,88.99,1,79.5
624,3753,6834,2024-12-10,119,92.04,1,75.83
625,4286,9869,2026-05-17,5,17.6,1,25.16
626,1500,3136,2026-06-06,92,73.55,1,68.6
627,61,3111,2025-11-10,54,56.52,1,60.74
628,9099,893,2025-04-10,69,70.69,0,35.41
629,4667,5517,2026-02-06,36,52.16,0,24.89
630,4105,9137,2021-04-22,16,42.53,1,52.53
631,2406,9530,2026-03-29,13,14.71,0,7.75
632,7758,5782,2021-11-09,124,87.75,1,77.62
633,2250,9691,2026-05-29,9,35.35,0,30.02
634,2464,974,2024-09-11,13,17.39,1,30.63
635,4339,1793,2021-09-25,4,4.46,0,0.28
636,5433,1034,2024-02-04,143,84.88,1,69.89
637,1672,4295,2023-10-29,15,20.8,0,6.87
638,8346,6166,2026-06-25,7,29.43,0,23.93
639,2526,7089,2026-05-01,13,26.85,0,6.24
640,5523,2026,2019-07-01,42,79.9,0,55.28
641,616,4077,2026-05-31,82,48.58,0,32.42
642,6940,1202,2025-12-23,41,34.37,0,29.18
643,7158,9124,2022-08-01,39,34.28,0,16.15
644,7815,6503,2025-07-03,28,91.35,1,71.48
645,314,2894,2024-06-04,50,52.75,0,32.41
646,9660,3978,2024-10-18,76,61.65,0,31.07
647,367,1726,2021-10-13,82,58.3,0,43.15
648,4012,4679,2025-08-02,28,65.94,1,50.31
649,7406,6044,2024-11-16,35,77.45,1,61.48
650,9564,9940,2020-10-17,98,99.8,1,88.36
651,9343,795,2024-04-13,10,10.86,1,34.75
652,9982,7485,2023-02-18,110,84.64,1,70.85
653,7059,5199,2021-08-15,47,30.83,0,18.5
654,2567,8589,2025-09-23,3,2.87,0,0
655,485,2388,2025-04-08,68,58.32,0,26.76
656,1337,4542,2022-09-03,121,76.65,1,71.54
657,6030,7655,2022-03-30,17,14.63,0,3.21
658,9192,6206,2020-07-09,11,7.85,0,3.38
659,7873,7834,2026-05-25,3,11.71,0,11.88
660,3987,794,2024-05-21,11,18.48,0,18.49
661,6058,8437,2026-04-17,57,50.12,1,49.14
662,6561,5028,2026-05-24,68,42.77,1,53.84
663,810,9306,2026-04-22,48,99.74,1,88.76
664,6015,8217,2019-07-16,32,18.1,0,18.55
665,7268,3086,2022-01-08,102,85,1,67.88
666,5114,1657,2022-04-29,18,18.49,0,7.89
667,507,4780,2024-02-01,1,1.64,0,0
668,9739,8406,2026-01-05,154,86.18,1,70.37
669,6777,6058,2025-03-22,107,79.67,1,68.03
670,103,9865,2025-11-29,4,5.58,0,0
671,1732,7330,2026-02-26,48,47.37,1,48.11
672,4696,7303,2026-06-30,37,23.34,0,9.31
673,8698,2,2024-04-13,56,52.8,0,33.43
674,95,3776,2026-05-20,129,82.58,1,67.47
675,484,4626,2026-03-10,27,81.27,0,54.49
676,1945,1670,2022-05-29,1,2.48,0,8.73
677,893,6332,2023-09-30,37,28.72,0,13.33
678,8392,4487,2023-03-22,5,3.18,1,26.59
679,5482,6619,2025-03-12,50,71.38,1,53.32
680,4167,9354,2020-05-21,59,65.76,1,63.99
681,4542,36,2026-01-26,34,35.86,1,37.52
682,1181,3091,2025-12-13,9,6.52,0,6.37
683,5786,6938,2025-05-02,15,17.42,0,10.85
684,7368,9254,2023-12-16,43,35.04,1,45.78
685,5542,1484,2025-11-09,56,37.18,0,17.76
686,7258,5579,2021-05-17,6,5.71,0,8.03
687,3171,6874,2026-06-27,95,71.26,1,57.94
688,9099,1551,2023-11-10,56,68.49,0,50.82
689,7248,7752,2022-07-01,24,33.27,0,15.28
690,694,35,2024-02-27,20,41.91,0,16.6
691,4156,7303,2022-12-17,11,57.09,1,58.17
692,5509,6947,2025-01-20,46,42.42,1,40.91
693,475,8590,2025-01-01,26,93.4,0,63.19
694,258,4931,2025-09-08,1,3.59,1,23.94
695,4532,5114,2026-03-16,6,11.28,0,1.91
696,38,9998,2022-01-03,97,80.09,1,66.4
697,1670,2696,2024-04-10,3,5.25,0,0
698,9597,533,2022-12-12,72,84.77,1,74.18
699,5895,7728,2025-03-28,54,70.64,0,35.47
700,3407,139,2026-01-09,36,22.38,1,36.21
701,8086,6977,2025-12-30,47,64.52,1,54.45
702,3788,8266,2023-12-28,11,7.87,0,7.2
703,7885,3138,2025-04-06,25,22.39,0,6.74
704,7645,772,2020-04-22,13,12.83,1,26.67
705,7805,3383,2022-05-11,9,23.14,0,18.25
706,6254,793,2026-01-02,49,30,0,20.11
707,9197,7102,2023-05-11,12,50.22,1,42.13
708,7055,5770,2024-10-12,57,37.55,1,43.04
709,4831,6142,2024-02-08,25,14.89,1,22.59
710,5266,3245,2022-10-14,32,27.89,1,46.28
711,1741,2563,2025-09-24,58,50.06,1,47.86
712,9317,9108,2024-09-02,106,90.46,1,65.43
713,9888,2437,2024-02-16,61,53.81,1,51.41
714,7717,5536,2023-08-02,10,13.66,0,0
715,2322,1362,2026-04-08,51,70.21,1,70.92
716,5205,7874,2026-06-27,73,45,0,24.78
717,9898,5603,2025-05-05,40,59.97,0,36.33
718,6194,1158,2025-03-10,59,61.87,1,56.8
719,9658,4265,2023-04-16,38,95.21,0,49.58
720,8208,6918,2026-04-03,52,87.8,0,46.88
721,3834,5779,2025-01-04,69,58.58,0,34.86
722,6744,5908,2023-05-25,20,36.76,1,43.52
723,597,5319,2022-07-24,69,73.72,1,58.79
724,3406,4259,2023-05-04,149,82.86,0,47.75
725,7380,269,2023-03-19,18,27.57,0,11.3
726,1580,6628,2024-09-01,26,19.15,0,16.57
727,2359,1766,2024-12-22,136,78.25,1,69.41
728,290,5341,2025-11-18,131,77.78,0,49.87
729,338,6734,2023-11-08,18,11.48,0,11.91
730,8609,8922,2026-03-10,16,14.13,0,7.1
731,8292,2461,2025-05-27,99,59.14,1,52.9
732,9885,1000,2026-02-10,25,15.75,0,15.55
733,5686,6194,2022-10-02,12,11.64,0,5.1
734,5283,1799,2022-04-14,20,35.64,0,26.04
735,257,8315,2024-12-28,7,7.83,0,0.58
736,2867,2184,2024-03-14,66,45.37,0,25.27
737,9404,493,2024-10-06,75,44.55,0,21.18
738,4691,7248,2022-05-15,20,75.94,0,51.92
739,6117,2696,2026-05-04,52,40.78,1,37.74
740,5344,2785,2026-04-01,149,88.63,1,80.98
741,3410,5655,2024-06-02,111,91.43,0,56.14
742,1939,6760,2024-01-29,31,22.56,1,30.19
743,5579,1759,2025-12-25,22,12.71,0,14.53
744,9794,627,2025-05-03,29,92.11,1,69.18
745,6440,9826,2025-11-04,73,55.87,0,39.89
746,2042,3322,2023-01-09,27,78.41,0,38.5
747,12,1200,2025-04-02,8,31.12,0,27.5
748,280,734,2025-11-15,127,85.86,1,66.02
749,8947,7848,2023-03-07,8,26.29,0,14.46
750,4091,419,2022-12-17,85,50.2,0,34.16
751,6229,4630,2026-02-25,35,92.89,0,52.99
752,2172,4274,2025-06-15,16,74.22,0,38.84
753,6169,4888,2025-09-19,86,47.6,1,45.59
754,9561,7050,2024-04-17,8,11,0,0
755,8043,9756,2025-10-29,79,89.77,1,76.11
756,8994,3894,2020-09-14,82,46.82,0,20.81
757,5127,1665,2025-05-08,6,12.78,1,26.67
758,6175,9109,2024-07-26,102,65.16,1,50.47
759,3658,8685,2024-11-25,3,5.57,0,1.76
760,9417,2462,2025-10-04,14,54.24,1,45.9
761,8015,1794,2025-11-27,130,87.53,1,65.66
762,891,6347,2024-02-23,37,47.18,1,56.3
763,6632,8418,2023-09-24,42,46.3,1,52.88
764,8759,7075,2025-07-13,112,97.7,1,70.18
765,535,4698,2024-01-25,13,50.1,1,42.88
766,9120,9791,2025-12-28,49,85.95,1,62.44
767,7687,878,2026-01-08,10,29.24,0,16.95
768,8340,4270,2024-09-14,5,6.66,0,0
769,4602,274,2025-12-30,16,58.19,1,47.56
770,4364,202,2026-04-20,26,47.07,0,36.34
771,7783,2445,2026-03-03,78,55.42,1,54.17
772,2058,1961,2024-02-01,40,23.3,1,25.36
773,3188,2458,2026-05-07,15,14.17,0,0
774,7379,8770,2026-03-18,32,60.11,0,42.74
775,2205,9248,2019-03-12,115,99.88,1,87.97
776,7843,1197,2024-12-23,72,78.31,1,65.08
777,6197,2075,2025-07-09,33,52.04,1,55.11
778,3349,5209,2022-12-26,9,43.5,1,54.74
779,3486,2971,2024-02-22,32,19.41,0,13.35
780,861,7777,2026-04-24,44,79.85,1,75.79
781,2636,9673,2025-01-10,43,50.93,1,43.38
782,7908,5778,2025-10-27,143,92.66,1,70.79
783,6224,1362,2025-05-04,10,28.3,0,10.3
784,1877,1571,2025-10-20,87,70.91,1,62.55
785,4886,4624,2024-01-29,5,2.86,0,0
786,2349,7293,2026-03-01,30,59.17,1,46.3
787,1098,2685,2024-11-28,20,85.75,0,54.77
788,8745,3149,2026-05-21,13,23.15,0,6.57
789,593,3932,2024-07-08,48,48.01,0,37.45
790,4965,1439,2025-10-27,45,33.94,0,14.93
791,4717,7710,2024-11-14,13,16.9,0,15.76
792,5763,3158,2023-05-02,57,43.45,0,22.05
793,5533,8773,2024-08-29,41,79.66,1,68.01
794,896,2066,2023-08-13,40,32.65,0,13.08
795,7929,1847,2025-03-21,27,45.16,0,32.14
796,9654,8272,2023-07-03,8,10.53,0,0
797,2689,794,2025-04-16,121,96.71,0,66.32
798,9313,7735,2021-03-23,27,42.3,0,27.9
799,630,4354,2023-10-05,33,32.55,0,16.03
800,3456,5866,2026-04-26,135,84.64,1,73.01
801,610,9022,2023-04-18,25,38.4,0,21.44
802,6945,179,2023-07-19,115,85.37,1,62.41
803,7986,9986,2022-11-11,119,76.35,0,41.99
804,2883,5505,2025-04-22,7,11.85,0,15.53
805,4841,6732,2025-01-21,19,33.51,1,46.65
806,6082,5258,2023-03-13,18,28.38,0,21.57
807,5471,8988,2023-06-11,17,59.65,1,55.38
808,3411,7891,2024-04-21,46,68.37,1,68.69
809,2778,3341,2026-06-28,23,97.39,0,55.67
810,1378,3356,2021-03-27,111,72.73,1,70.76
811,4941,8891,2022-06-30,12,30.74,0,16.66
812,4822,2598,2026-06-27,59,65.35,0,33.94
813,3414,3820,2026-01-05,95,53.19,1,43.59
814,2611,1144,2026-03-21,11,34.83,0,17.38
815,9328,9379,2025-06-25,9,6.4,0,12.92
816,2084,2655,2023-10-14,38,33.28,0,24.06
817,5635,9729,2026-06-25,61,34.35,1,45.9
818,2815,4597,2026-06-28,66,44.87,0,24.74
819,5104,48,2024-10-14,3,4.44,0,7.8
820,9923,6931,2023-02-27,24,53.93,1,53.4
821,2155,9518,2025-12-04,18,12.01,0,15.69
822,3735,4782,2025-08-09,83,92.18,1,81.74
823,4878,7252,2024-12-28,88,90.38,1,68.59
824,860,2409,2025-12-21,102,85.32,1,66.96
825,6727,67,2022-02-19,87,75.38,0,36.59
826,3272,6544,2023-06-19,12,9.92,0,3.36
827,2150,5963,2019-10-06,59,44.79,0,17.09
828,7903,4404,2025-11-13,103,93.4,1,82.84
829,8230,8830,2023-05-01,18,10.49,0,11.5
830,7710,7780,2025-04-10,32,28.21,0,11.97
831,9674,7693,2025-10-10,27,37.77,0,23.89
832,9874,5896,2020-05-24,32,25.91,0,13.7
833,2199,4408,2023-08-22,57,46.35,0,19.27
834,7097,5532,2025-06-28,108,62.94,0,40.26
835,8383,5023,2026-04-07,25,55.09,1,58.83
836,940,3438,2026-01-13,31,17.81,0,15.19
837,7089,1400,2023-05-16,165,95.34,0,61.86
838,150,5875,2024-06-07,20,17.56,0,7.48
839,9165,8066,2026-06-22,51,92.92,1,73.91
840,1577,9507,2024-12-15,23,28.83,0,19.34
841,9440,2882,2026-02-24,34,45.58,1,51.85
842,466,9520,2024-12-04,53,96.81,1,75.55
843,872,527,2024-04-06,24,21.91,1,27.76
844,6324,5789,2026-02-19,39,26.49,0,14.17
845,5085,2277,2025-09-25,11,52.15,0,40.04
846,7210,5583,2025-08-24,57,49.91,1,53.31
847,161,1627,2026-04-13,35,58.83,1,53.82
848,9598,8002,2023-08-07,61,50.52,1,46.42
849,1782,2369,2025-07-16,84,56.13,0,38.25
850,4422,9575,2024-09-21,40,35.4,0,22.23
851,2281,8424,2026-01-01,84,77.44,0,50.27
852,1991,55,2023-12-17,8,32.96,0,14.81
853,5840,5008,2025-06-26,101,89,0,48.97
854,357,1619,2025-03-27,80,44.62,0,20.68
855,1665,4590,2024-01-07,65,68.01,1,63.12
856,9227,2808,2023-12-04,50,95.4,1,76.85
857,6480,6955,2020-03-09,56,49.09,1,56.85
858,3109,6973,2025-04-10,24,39.96,0,24.53
859,5822,6258,2022-04-22,18,17.11,0,9.11
860,3731,6591,2026-06-04,103,98.82,1,73.77
861,7473,1862,2024-04-26,43,48.87,1,50.5
862,8647,785,2025-05-12,153,96.88,0,55.66
863,6226,9721,2026-04-21,31,17.96,0,15.43
864,9081,4991,2026-05-02,82,58.96,1,64.77
865,6202,1855,2023-03-07,106,72.74,0,47.15
866,2527,6884,2025-03-30,56,39.9,0,23.94
867,6200,1672,2026-06-24,110,61.04,0,45.01
868,5782,8533,2025-06-11,30,24.24,0,15.07
869,6433,46,2023-08-18,25,33.37,1,41.46
870,3597,1761,2026-04-07,31,65.52,1,55.42
871,5149,5488,2026-06-08,21,41.46,1,44.5
872,4003,1880,2026-04-29,22,61.63,0,27.69
873,8571,6130,2022-11-22,28,39.14,0,29.88
874,9176,5358,2022-12-22,77,56.42,1,46.57
875,5670,5759,2021-04-19,2,6.49,1,14
876,3998,4164,2025-11-24,131,74.17,1,74.06
877,3105,4739,2026-01-15,11,8.44,0,0
878,7177,8037,2025-09-27,115,84.03,1,74.83
879,3024,3361,2023-12-19,24,26.55,1,26.66
880,2999,7295,2025-11-09,12,48.26,0,36.57
881,5239,5281,2025-12-14,12,28.7,0,11.46
882,5061,2614,2022-10-05,62,69.81,1,62.57
883,1301,8904,2026-01-26,15,10.19,0,9.24
884,4736,4870,2024-01-19,12,38.51,0,16.58
885,2853,54,2021-03-30,14,40.02,1,53.27
886,3024,7359,2026-02-19,128,75.55,1,64.85
887,2490,95,2026-06-11,16,65.93,0,40.12
888,5896,2692,2026-05-31,20,82.46,0,39.78
889,4266,8494,2023-11-15,137,78.6,1,76.89
890,5577,4603,2025-04-12,79,60.8,1,60.12
891,5537,1941,2021-10-02,47,54.2,1,55.24
892,7167,683,2026-04-09,44,24.32,0,12
893,1629,3655,2026-06-23,10,13.39,0,8.5
894,4947,346,2024-11-20,6,4.89,0,5.77
895,9733,6563,2020-12-29,49,42.23,0,21.73
896,5218,4173,2022-07-19,167,96.03,1,77.32
897,53,996,2024-12-01,42,24.99,0,21.82
898,1127,7846,2025-10-12,19,93.31,1,85.14
899,3355,6313,2022-06-03,60,42.73,1,44.9
900,9204,8843,2024-06-21,45,58.06,0,42.76
901,2368,1408,2026-05-03,20,26.34,0,7.5
902,9214,6102,2026-05-13,79,52.22,1,52.44
903,6997,1704,2025-12-29,8,7.87,0,9.94
904,1273,7463,2026-04-23,7,29.82,1,38.59
905,5690,1804,2024-06-23,112,93.78,1,81.44
906,710,2326,2022-03-02,17,9.25,0,10.73
907,3183,1806,2025-10-02,10,31.16,0,27.4
908,8987,4136,2023-04-29,81,97.7,1,72.74
909,5482,1881,2021-11-03,119,93.07,1,73.27
910,1344,6810,2026-05-18,64,67.07,0,30.9
911,9827,6032,2024-11-19,8,5.71,0,0
912,3896,7259,2024-05-03,29,42.57,0,25.6
913,114,1421,2026-05-28,8,29.99,1,32.64
914,3646,5401,2024-05-28,54,40.87,0,22.75
915,9650,4907,2025-10-31,76,59.12,0,44.28
916,7521,5714,2026-03-24,29,31.01,0,26.97
917,6610,230,2025-12-20,12,9.96,0,0
918,7734,4066,2024-01-10,39,32.87,0,23.71
919,2023,1219,2025-04-02,61,35.53,1,44.08
920,8199,5695,2024-03-08,132,96.89,1,71.66
921,115,613,2025-12-18,52,37,1,37.18
922,5352,7816,2026-04-30,42,48.19,1,49.28
923,6234,8565,2026-05-21,16,25.52,0,11.9
924,4965,4614,2026-05-21,102,97.61,1,88.18
925,5802,6699,2024-04-10,37,50.19,0,39
926,2746,1385,2025-02-03,30,17.99,0,19.98
927,2405,6263,2020-10-15,41,44.5,0,33.38
928,4637,5057,2026-06-08,19,15.02,0,15.54
929,6323,2677,2026-03-14,109,93.27,1,75.53
930,3025,6283,2026-03-21,95,83,0,56.77
931,7873,5556,2025-11-26,22,18.27,0,5.78
932,4447,797,2025-05-18,64,36.99,1,47.75
933,6983,5529,2025-12-02,117,85.17,1,65.97
934,1552,595,2025-03-04,5,7.82,1,20.45
935,9371,6722,2026-05-18,17,51.18,1,42.5
936,8895,6032,2025-05-01,27,66.54,0,42.57
937,5155,1881,2023-12-19,71,56.59,1,62.2
938,9285,6066,2025-07-06,18,69.21,1,56.32
939,1692,4054,2023-06-01,12,13.05,1,32.52
940,7351,8260,2025-09-11,101,58.22,0,30.27
941,6341,7899,2024-04-25,17,64.06,1,57.46
942,9092,4984,2020-09-18,48,56,0,28.6
943,5134,2472,2022-01-29,19,36.15,0,30.75
944,1952,5050,2021-07-27,164,95.43,1,73.67
945,2172,1645,2025-02-06,26,54.05,1,48.16
946,6584,9290,2025-02-12,144,80.1,0,44.9
947,166,8676,2026-04-01,112,83.29,0,42.25
948,1852,4119,2026-04-11,17,74.66,0,35.02
949,127,8604,2023-06-05,27,50.67,1,41.09
950,2350,9342,2022-03-05,56,47.28,1,43.66
951,9828,2952,2024-11-19,32,30.58,0,9
952,1046,9619,2023-09-18,23,26.88,0,13.69
953,6142,6134,2024-12-04,34,95.22,1,82.3
954,7740,8611,2023-05-22,113,87.3,1,68.12
955,3579,736,2025-04-27,54,74.75,1,64.54
956,2764,4876,2026-04-08,129,88.93,1,78.22
957,1048,5293,2023-01-06,129,80.46,1,74.8
958,3896,982,2024-10-31,74,87.92,1,69.93
959,1329,4837,2024-01-22,6,10.26,0,16.06
960,2361,4645,2024-11-22,5,3.26,0,0.45
961,9582,9243,2025-08-09,40,33.4,0,13.6
962,4534,5477,2026-03-22,39,23.91,0,16.47
963,4095,1812,2026-06-11,55,68.7,1,67.49
964,2000,694,2023-02-10,60,41.49,1,38.23
965,4639,6472,2026-03-16,54,67.35,0,44.54
966,490,2970,2026-03-08,53,39.59,1,37.47
967,3250,46,2025-08-30,72,60.77,0,37.07
968,2472,5808,2024-03-28,7,7.24,0,8.65
969,3941,3629,2025-08-08,75,85.08,0,46.64
970,8922,3268,2024-10-18,65,50.88,1,57.03
971,4609,4856,2025-07-11,33,59.39,1,63.38
972,2633,5274,2026-01-31,23,29.77,0,20.83
973,5066,4120,2026-01-30,34,45.05,1,46.85
974,8593,1985,2025-12-25,106,88.25,1,76.98
975,1915,9418,2026-06-27,100,56.86,1,48.22
976,591,5567,2025-02-19,118,70.5,1,68.09
977,9951,6473,2025-06-16,19,20.91,0,6.37
978,9011,9644,2022-07-02,57,40.14,0,23.55
979,5504,2351,2026-06-08,12,33.94,0,12.36
980,5225,6627,2021-12-01,24,39.94,1,46.11
981,7746,607,2026-06-29,54,35.29,0,13.51
982,4948,7807,2025-12-11,12,16.16,0,3.73
983,3720,7252,2025-09-01,55,49.19,1,55.11
984,8636,7893,2025-04-10,93,67.05,1,58.71
985,996,9861,2023-09-11,28,78.36,1,59.72
986,7964,1312,2025-08-04,29,42.21,1,37.42
987,6125,8393,2022-09-10,54,64.46,0,42.29
988,3951,2204,2023-12-17,34,95.82,1,79.88
989,8168,4780,2026-05-16,27,66.45,1,69.16
990,6009,886,2022-03-16,143,95.21,1,83.79
991,2646,6909,2023-11-22,14,24.67,0,20.21
992,5240,5447,2026-03-20,18,42.79,1,36.98
993,647,3894,2024-03-16,26,85.61,0,57.04
994,1960,4343,2019-08-23,33,23.19,0,23.67
995,2201,5366,2025-11-25,41,68.69,1,64.1
996,1365,4545,2026-01-29,86,56.46,1,51.05
997,3320,3519,2026-03-03,54,42.49,1,49.16
998,671,4060,2026-06-15,9,9.7,0,0
999,6320,9568,2023-09-02,51,94.12,1,72.88
1000,7711,9782,2026-03-10,8,40.14,0,18.83
1001,5186,9993,2021-12-01,2,9.3,1,28.44
1002,5349,5398,2022-12-30,135,86.94,1,69.13
1003,1960,3220,2022-06-28,55,77.95,1,58.08
1004,4810,7873,2024-10-02,6,3.8,0,1.47
1005,40,1699,2025-10-02,99,58.29,1,55.11
1006,120,998,2026-06-08,140,97.12,1,73.93
1007,4061,2346,2025-09-29,17,45.84,0,31.65
1008,6934,6624,2025-07-04,16,24.83,1,29.22
1009,5441,5990,2024-01-26,36,29.66,0,9.54
1010,313,3384,2025-04-25,34,64.51,0,33.22
1011,6746,3220,2023-12-31,125,77.44,1,60.05
1012,3,9698,2026-01-28,68,93.93,0,49.79
1013,1207,199,2025-09-07,96,60.1,1,46.96
1014,8476,3840,2026-05-14,85,90.97,0,52.19
1015,3958,4106,2021-10-01,26,76.84,1,60.77
1016,9347,931,2026-06-26,19,36.33,1,51.66
1017,3376,2794,2023-11-23,134,78.33,1,59.98
1018,6389,8516,2024-05-24,126,77.13,1,57.07
1019,1395,5431,2023-04-01,23,60.57,1,64.62
1020,7399,6268,2024-07-07,7,22.78,0,13.88
1021,8718,5782,2026-04-12,53,77.33,1,61.9
1022,8516,5514,2025-08-24,5,12.16,0,9.14
1023,6916,9107,2023-06-01,51,81.87,1,67.08
1024,5368,5879,2025-09-16,29,87.06,1,78.11
1025,1811,775,2026-06-25,147,92.56,1,73.98
1026,4287,2469,2024-08-14,60,74.97,0,39.71
1027,8248,5035,2025-10-04,5,13.43,0,15.12
1028,2721,5748,2025-06-22,54,47,1,50.13
1029,1823,7432,2023-04-11,103,65.86,0,30.49
1030,6962,3135,2024-01-02,88,51.75,1,55.81
1031,7089,5128,2024-11-02,32,96.71,1,84.07
1032,8083,590,2025-09-01,18,15.41,0,1.65
1033,6605,6894,2022-05-30,2,1.12,0,0
1034,3147,1902,2026-04-10,58,41.06,0,22.45
1035,1756,9619,2024-01-08,69,60.88,1,63.78
1036,261,8482,2020-04-29,32,70.54,1,55.6
1037,9753,2477,2026-06-18,46,46,0,34.17
1038,1448,5438,2025-08-05,102,90.33,1,80.45
1039,6956,1863,2025-07-23,58,68.68,0,49.83
1040,4457,7173,2023-04-03,19,62.36,1,53.17
1041,8783,2562,2026-05-19,26,31.89,1,34.36
1042,5695,3759,2025-12-31,80,50.32,0,34.8
1043,8576,8773,2024-01-27,57,50.38,0,20.99
1044,7212,1568,2026-05-07,63,57.9,0,32.84
1045,680,1182,2022-08-27,49,87.12,1,69.39
1046,2046,4835,2022-12-24,86,65.98,1,60.69
1047,4631,5550,2019-11-12,73,67.41,1,57.93
1048,5494,5178,2026-03-31,24,30.29,0,9.81
1049,8637,7001,2021-10-04,98,96.93,0,56.8
1050,8383,9613,2023-04-30,26,40.68,1,35.07
1051,1732,3328,2026-02-12,7,5.36,0,3
1052,9976,4949,2026-06-29,83,67.23,1,66.49
1053,3328,1385,2025-10-20,59,49.08,0,33.1
1054,165,2741,2023-04-23,21,36.97,0,23.41
1055,476,3454,2025-06-29,14,63.11,1,65.34
1056,450,8737,2024-04-17,21,18.23,0,14.4
1057,4943,9404,2025-10-04,3,2.92,0,0
1058,4389,1670,2024-03-02,12,50.13,0,21.25
1059,5442,4956,2025-08-22,2,4.96,0,0
1060,5744,4078,2026-03-09,20,24.4,1,25.84
1061,9359,6664,2020-12-15,53,61.93,1,54.28
1062,3539,5512,2025-11-30,29,24.23,0,20.06
1063,5431,76,2025-02-04,36,66.33,1,50.73
1064,7076,8968,2022-10-31,48,26.79,0,8.51
1065,7610,1075,2024-03-02,11,32.41,1,34.02
1066,4613,2265,2026-01-15,85,65.87,1,68.06
1067,591,5850,2025-12-25,24,33.61,1,40.75
1068,2049,9906,2025-01-22,4,10.68,1,25.32
1069,9264,3823,2023-09-19,100,71.62,1,64.66
1070,3959,956,2020-09-30,4,4.24,0,10.53
1071,2579,3705,2025-06-12,26,25.86,1,35.1
1072,499,4601,2024-01-03,31,31.9,0,17.52
1073,2125,8281,2023-01-10,107,65.8,1,58.06
1074,1135,3306,2026-04-22,92,51.67,1,56.97
1075,7787,1198,2026-06-01,26,63.08,0,33.57
1076,1667,6678,2026-06-25,30,44.28,1,47.95
1077,5117,1216,2025-05-16,31,98.33,1,75.6
1078,6938,5851,2025-06-30,4,20.2,1,40.58
1079,4710,1017,2022-06-21,2,5.94,0,10.04
1080,6373,1858,2019-09-30,16,10.26,0,0
1081,7668,5232,2026-06-29,40,66.12,1,64.41
1082,7736,619,2024-07-06,103,69.37,0,51.2
1083,3896,6324,2024-06-22,40,54.86,1,49.6
1084,2899,3699,2026-06-22,100,95.49,1,72.27
1085,722,6361,2023-10-17,4,3.92,0,9.99
1086,7591,7156,2025-11-23,45,75.01,1,62.85
1087,9253,2889,2026-05-06,11,23.02,0,17.81
1088,346,6127,2023-03-26,121,90.5,1,78.47
1089,9566,8359,2024-09-13,12,20.5,1,38.51
1090,6224,1030,2024-03-01,95,58.5,0,26.17
1091,1711,316,2026-03-17,105,81.14,1,70.79
1092,3561,7086,2026-06-09,63,45.16,0,27.13
1093,6031,8095,2023-06-22,18,32.54,0,16.06
1094,715,6103,2022-11-16,4,16.09,0,6.62
1095,8034,6615,2026-01-16,22,99.87,1,86.06
1096,7756,3497,2025-12-28,58,43.98,1,51.1
1097,3589,2786,2024-08-02,31,34.93,1,48.27
1098,3068,1700,2025-07-15,13,44.25,1,41.14
1099,8185,6410,2026-06-19,18,41.12,0,20.6
1100,7141,4482,2024-08-29,1,5.07,0,7.08
1101,5296,5001,2026-05-11,15,50.15,0,34.24
1102,8766,4864,2026-05-31,22,74.3,1,61.54
1103,861,9119,2026-05-01,84,57.57,1,45.13
1104,3118,2481,2025-02-02,74,67.22,1,60.44
1105,8534,5839,2023-05-26,104,66.99,1,59.37
1106,4970,4250,2021-08-12,78,79.99,1,72.83
1107,7766,6967,2024-11-27,22,53.55,1,45.72
1108,5880,7971,2023-03-20,112,99.35,1,85.78
1109,3588,6375,2025-07-18,19,14.72,1,21.76
1110,9144,1614,2025-10-12,14,55.74,1,43.93
1111,2112,2692,2023-05-29,10,12.47,0,8.93
1112,6899,6550,2024-01-06,111,97.01,1,73.33
1113,7305,2730,2025-07-23,4,2.74,0,0.5
1114,6257,5336,2022-10-30,24,31.48,1,47.43
1115,6302,4701,2025-12-21,89,95.18,0,62.27
1116,8870,2679,2024-12-11,66,69.67,1,70.37
1117,5885,2431,2026-03-26,13,58.15,1,64.74
1118,2213,7376,2025-06-04,20,42.93,0,28.03
1119,2871,4710,2025-08-01,4,12.01,0,8.18
1120,8374,6634,2026-06-06,32,19.76,0,18.08
1121,9886,3192,2025-02-14,38,65.25,0,36.97
1122,5257,572,2022-12-05,34,74.75,1,67.62
1123,6511,8523,2025-06-07,19,30.07,1,41.02
1124,6797,2314,2025-03-21,73,44.33,0,18.71
1125,7383,7999,2026-05-31,99,96.95,0,53.88
1126,8966,1295,2024-09-10,12,28.7,0,18.44
1127,6477,6699,2023-08-17,26,57.12,1,55.89
1128,2275,44,2025-07-23,76,71.36,1,56.71
1129,6773,5835,2024-12-02,16,65.27,0,46.21
1130,1532,4823,2023-06-10,54,60.86,1,64.09
1131,398,5642,2025-12-28,91,57.44,0,41.86
1132,6318,4391,2026-02-06,135,74.87,0,52.83
1133,2100,3028,2024-04-23,5,14.71,0,15.01
1134,1750,3280,2024-09-09,75,62.36,1,64.69
1135,6245,9829,2025-11-17,30,77.64,1,66.35
1136,1086,5822,2026-03-19,111,80.39,1,69.49
1137,2844,9669,2022-12-30,38,24.57,1,42.36
1138,9770,1411,2024-07-05,17,32.8,0,19.44
1139,1255,271,2026-05-22,153,97.49,0,56.33
1140,8063,5767,2021-03-08,46,66.58,1,59.59
1141,7064,8109,2024-05-15,78,85.29,1,69.56
1142,7124,4470,2024-12-17,62,40.19,0,18.77
1143,2165,4282,2021-11-15,83,88.03,0,48.79
1144,5528,7838,2026-05-11,7,11.65,1,35.74
1145,4327,135,2024-10-15,17,11.27,0,6.22
1146,2038,2899,2023-09-26,150,97.13,1,77.95
1147,3967,4802,2025-07-02,164,94.56,1,71.81
1148,9383,3421,2024-12-04,75,44.95,0,26.06
1149,3670,3235,2022-11-13,86,84.4,0,48.11
1150,2895,2252,2024-10-08,9,23.32,0,14.83
1151,9191,3029,2025-10-31,12,7.78,0,11.91
1152,9302,5155,2026-06-08,43,85.03,1,74.4
1153,9935,3143,2025-05-26,13,22.65,0,22.89
1154,3570,2912,2026-05-23,24,40.33,1,45.64
1155,4162,5319,2026-05-29,20,72.68,1,69.15
1156,5058,9210,2026-06-22,6,13.23,0,15
1157,9855,9622,2024-10-03,145,85.24,1,78.9
1158,1354,3020,2025-01-09,4,4.02,0,0
1159,3810,8331,2026-06-03,37,39.55,1,50.94
1160,3029,3358,2024-05-31,146,93.47,1,80.05
1161,1879,2118,2025-12-11,48,87.76,1,63.05
1162,6074,9389,2026-06-04,44,59.18,1,59.51
1163,4642,755,2026-01-14,108,64.52,0,28.75
1164,5116,8626,2021-10-08,44,71.37,0,35.05
1165,5065,5598,2025-05-13,57,34.63,0,22.13
1166,8069,890,2025-08-31,100,56.74,1,62.97
1167,2622,3329,2026-05-13,24,19.29,0,7.9
1168,1197,2933,2025-11-01,39,48.31,0,24.8
1169,1320,5141,2024-06-08,49,37.11,0,14.2
1170,9527,143,2025-01-23,28,28.31,0,8.93
1171,9984,9775,2025-12-31,10,14.86,0,10.64
1172,9283,6384,2022-07-28,19,92.28,1,66.26
1173,5866,5073,2025-03-30,14,13.09,0,9.56
1174,3900,6627,2025-12-29,3,5.7,0,0
1175,7676,7556,2025-12-20,38,56.97,1,60.53
1176,6646,4225,2026-03-29,100,57.94,0,31.87
1177,5387,5549,2026-04-12,27,42.03,0,32.65
1178,6021,6286,2023-01-20,40,41.87,1,39.63
1179,6595,6486,2024-04-25,51,38.71,0,14.12
1180,4314,949,2024-05-26,120,83.97,0,54.32
1181,1634,4348,2023-09-10,19,13.16,0,17.67
1182,4150,9848,2023-02-02,111,62.4,1,49.82
1183,222,6236,2025-11-14,8,22.17,0,17.55
1184,7922,9662,2025-04-15,63,79.18,1,70.92
1185,4585,4514,2022-09-20,127,88.07,1,67.2
1186,5168,9825,2022-06-01,64,96.93,1,79.67
1187,4135,9312,2022-10-09,34,28.39,0,18.09
1188,8695,3872,2022-10-28,6,5.41,1,27.96
1189,5155,225,2025-03-30,19,64.8,1,67.48
1190,7789,7541,2025-04-24,59,82.1,1,69.35
1191,8434,8504,2024-03-13,13,16.82,0,11.17
1192,8889,259,2024-07-17,80,57.79,0,44.47
1193,4975,5654,2021-01-28,5,6.34,0,0
1194,5534,653,2026-06-14,97,68.77,1,55.06
1195,4231,2545,2022-11-02,149,95.57,1,86.6
1196,5043,8412,2024-05-27,43,25.77,0,20.08
1197,9704,8992,2026-05-07,38,59.3,0,44.56
1198,7048,5233,2026-06-01,66,91.27,1,71.54
1199,2469,8714,2025-04-06,57,78.46,1,60.92
1200,2672,2148,2025-05-12,55,47.23,0,21.93
1201,1027,9332,2020-12-30,62,65.61,1,62.03
1202,6775,4421,2026-05-21,2,8.5,0,0
1203,8946,4121,2026-03-18,104,64.4,1,51.86
1204,3913,5803,2026-06-21,43,32.26,0,18.32
1205,9371,342,2026-04-28,13,36.88,0,22.89
1206,3886,8818,2026-06-17,83,57.35,1,51.83
1207,3831,7373,2025-11-17,10,25.09,1,31.8
1208,8899,7920,2025-08-17,31,48.43,0,35.44
1209,9664,3946,2026-04-09,96,75.56,1,58.79
1210,8118,4220,2025-07-11,73,80.29,1,62.26
1211,3651,4290,2026-05-31,84,67.6,1,61.75
1212,5351,4338,2024-09-30,7,25.41,0,18.87
1213,2930,3250,2026-04-19,42,28.8,0,23.82
1214,1924,2619,2021-09-16,16,36.64,0,23.03
1215,7745,3217,2025-04-04,5,3.68,0,0
1216,1991,7586,2026-02-07,111,90.6,1,71.62
1217,8302,8341,2026-03-19,29,84.49,1,76.13
1218,7621,4059,2021-05-05,52,38.53,1,49.95
1219,2471,4650,2025-11-20,14,12.54,0,9.54
1220,9876,9028,2024-08-16,37,54.17,0,40.53
1221,530,5333,2026-02-08,92,68.66,0,49.98
1222,8780,3790,2026-06-08,32,23.81,0,17.91
1223,8663,571,2023-02-27,38,85.12,1,79.95
1224,3457,9046,2026-05-23,12,48.31,1,54.59
1225,4842,9851,2026-01-19,14,45.21,1,44.08
1226,5368,6366,2025-07-03,56,40.33,0,30.78
1227,9434,21,2024-04-06,57,74.31,1,72.9
1228,1773,766,2026-04-30,40,31.42,0,12.29
1229,5556,8173,2026-03-04,37,75.3,1,71.64
1230,82,3490,2026-01-11,74,93.43,1,74.22
1231,5893,5964,2022-07-21,132,99.54,1,86.3
1232,8423,5811,2021-04-04,23,62.58,1,51.6
1233,7822,1222,2021-02-27,34,46.5,0,30.62
1234,6731,5218,2025-02-18,34,39.52,0,32.2
1235,957,3678,2026-03-04,70,78.49,0,47.2
1236,5428,5813,2023-06-19,142,85.39,1,73.46
1237,2706,9317,2022-04-05,26,82.97,1,62.92
1238,6733,8812,2025-07-06,53,40.03,1,49.22
1239,8815,337,2025-01-08,57,31.41,0,22.72
1240,3689,1043,2023-11-17,10,13.18,0,13.25
1241,3581,1744,2026-04-22,106,99.86,0,59.64
1242,1712,5084,2025-12-22,11,43.8,0,17.04
1243,4445,132,2024-01-19,155,93.96,1,82.76
1244,9309,2922,2022-10-19,93,99.17,1,72.56
1245,4232,8909,2025-07-05,118,97.65,1,80.84
1246,1976,1301,2026-06-14,50,73.1,0,42.94
1247,6167,1804,2026-01-13,16,36.26,0,12.73
1248,7023,4533,2024-02-15,6,5.27,0,10.77
1249,3728,9391,2021-01-14,69,54.63,0,40.24
1250,4935,2759,2026-06-11,104,71.39,0,40.13
1251,8202,5968,2026-06-07,114,99.08,0,64.23
1252,874,6039,2026-02-14,80,75.78,1,75.38
1253,1350,547,2026-01-21,2,1.24,0,8.09
1254,6065,1227,2026-04-08,29,26.61,1,30.01
1255,4398,8712,2026-02-26,60,33.82,1,40.17
1256,3309,1798,2026-06-03,7,4.91,0,0
1257,1249,88,2024-10-31,125,70.99,0,34.66
1258,8638,3324,2024-10-04,14,26.99,0,19.81
1259,7771,8395,2025-12-28,20,28.39,0,24.16
1260,565,9103,2024-06-02,22,41.82,0,15.23
1261,1110,4381,2023-10-08,49,29.28,0,9.48
1262,6794,7187,2019-04-13,45,29.95,0,26.5
1263,4508,7309,2025-04-05,3,2.18,0,0
1264,3065,5204,2026-01-19,11,40.89,1,43.12
1265,8271,1753,2022-10-19,5,16.28,1,36.31
1266,7165,4952,2026-04-03,29,69.88,0,38.76
1267,1755,3221,2026-05-29,60,37.31,0,13.21
1268,1269,5259,2021-12-05,47,81.87,1,64.71
1269,119,9207,2021-04-26,9,5.56,0,0
1270,9414,4356,2022-11-05,80,72.94,1,71.36
1271,1325,8026,2026-02-26,120,77.53,1,73.68
1272,7945,4304,2025-10-29,101,75.65,0,36.11
1273,7430,965,2025-05-12,124,80.22,0,45.44
1274,968,4716,2025-09-09,106,79.88,1,72.12
1275,6918,7253,2022-12-02,18,15.37,0,15.4
1276,7180,1186,2025-05-18,73,55.03,1,62.64
1277,872,4298,2025-11-24,1,1.6,0,10.22
1278,8489,4554,2025-02-12,24,93.09,1,80.44
1279,9142,1695,2021-12-29,16,43.25,0,30.22
1280,9680,6691,2023-02-09,28,20.82,0,20.11
1281,8063,7509,2023-10-26,14,40.14,1,36.32
1282,6485,8475,2026-05-24,89,80,0,57.52
1283,1306,9858,2025-01-18,33,18.57,0,3.61
1284,3668,5251,2026-01-12,45,29.35,0,26.61
1285,58,6900,2025-04-25,63,80.26,0,40.74
1286,1458,7090,2024-06-21,76,42.51,1,43.22
1287,8393,5614,2023-11-26,28,20.62,0,15.57
1288,4353,3934,2024-07-13,16,47.24,1,51.88
1289,9575,5306,2025-05-08,145,90.49,0,54.73
1290,3182,7749,2026-06-30,156,92.53,0,65.11
1291,5708,9477,2024-05-05,7,23.54,1,38.43
1292,7279,112,2022-11-24,117,81.09,0,58.36
1293,1060,9889,2026-06-01,8,11.59,0,3.21
1294,6132,8143,2025-08-16,79,62.08,0,33.12
1295,3639,4821,2024-02-20,101,83.07,1,78.31
1296,7981,4938,2026-06-02,42,41.44,1,45.08
1297,1442,6447,2025-09-01,4,17.81,0,6.06
1298,5309,3689,2022-10-05,29,74.82,1,73.79
1299,9801,2056,2025-01-12,54,53.29,0,32.77
1300,2017,9131,2026-04-21,15,9.74,0,11.11
1301,2041,1379,2023-10-23,40,23.26,1,27.92
1302,3711,9936,2026-01-04,57,87.24,1,65.74
1303,9640,966,2026-01-20,135,86.21,1,75
1304,3462,9531,2026-03-08,111,66.6,0,35.4
1305,4715,8967,2025-07-31,94,66.43,0,31.3
1306,7834,986,2025-11-17,22,15.88,1,21.9
1307,5891,1442,2025-11-20,11,6.23,1,28.63
1308,8258,8875,2026-05-21,56,63.39,1,63.62
1309,1380,9508,2024-03-29,78,46.07,0,32.55
1310,7674,7464,2025-11-06,30,21.71,0,12.94
1311,9694,6679,2024-03-26,9,15.75,0,10.55
1312,3778,5364,2026-06-11,4,17.13,0,10.53
1313,3102,9058,2024-02-02,14,33.71,1,31.75
1314,8243,2667,2026-06-19,98,92.11,1,73.85
1315,5918,2624,2026-06-13,62,37.59,0,31.41
1316,6073,2296,2024-02-03,46,28.58,1,27.26
1317,5184,4550,2021-08-17,15,55.26,0,28.49
1318,4796,6778,2026-04-18,63,94.51,1,70.19
1319,2261,5045,2020-02-28,5,3.05,0,10.55
1320,5391,4648,2021-06-21,3,5.84,0,0
1321,8889,8885,2021-03-11,62,48.39,1,55.21
1322,1733,7818,2020-07-10,5,5.85,0,5.09
1323,9321,8001,2025-09-18,58,67.27,1,59.59
1324,3860,954,2023-07-14,60,84.04,1,79.6
1325,2546,8449,2020-02-21,54,36.01,1,44.83
1326,2207,4272,2024-07-17,37,30.55,0,8.86
1327,5844,7842,2026-03-14,19,64.22,1,49.31
1328,4333,85,2023-02-09,15,19.29,0,9.26
1329,8704,7038,2025-03-17,60,44.25,1,56.03
1330,3599,6918,2025-04-24,7,10.36,0,12.28
1331,1920,3468,2025-03-17,28,57.27,0,28.32
1332,999,8100,2023-03-12,25,18.73,1,29.81
1333,3945,4054,2026-02-17,66,66.33,1,60.8
1334,3110,3582,2025-12-07,12,9.07,1,29.21
1335,8555,3849,2023-10-18,10,46.24,0,32.71
1336,8033,7074,2025-09-28,60,35.46,1,35.54
1337,2405,1696,2024-02-25,55,37.41,1,44.03
1338,986,1086,2023-03-10,65,69.74,1,63.06
1339,308,5768,2022-07-23,75,72.65,1,72.55
1340,8686,9607,2022-04-15,1,1,0,1.21
1341,2639,1139,2026-01-25,23,48.01,0,25.38
1342,2467,142,2025-12-26,49,32.8,1,31.98
1343,3194,7205,2022-12-14,63,94.41,0,47.51
1344,3651,3034,2026-03-28,1,1.3,0,0
1345,5465,6698,2025-01-01,111,95.49,1,75.76
1346,2067,3074,2020-07-29,27,88.36,1,81.34
1347,3603,4705,2025-12-19,21,14.32,1,34.89
1348,647,2377,2023-01-25,27,34.55,1,38.41
1349,4345,668,2022-09-26,45,36.03,0,23.4
1350,128,8982,2024-03-08,85,94,1,72.95
1351,4082,6755,2021-08-23,33,55.79,1,61.48
1352,9168,3562,2023-04-16,68,92.56,1,68.18
1353,744,7383,2024-04-29,29,52.21,0,24.19
1354,9490,2469,2026-02-24,30,54.53,1,52.69
1355,1484,3495,2026-02-25,18,14.5,0,0
1356,4594,8128,2023-09-29,64,72.14,1,56.7
1357,713,4651,2026-03-14,11,16.22,0,6.98
1358,2275,9260,2025-04-26,112,74.89,1,69.92
1359,2346,5307,2024-02-09,13,14.43,1,20.67
1360,9516,4676,2022-03-19,13,15.57,0,11.07
1361,72,5177,2024-02-13,64,38.31,0,13
1362,1345,8504,2025-04-13,23,48.3,1,49.44
1363,5220,7067,2023-09-02,100,92.22,1,82.41
1364,1913,993,2025-09-30,28,25.67,1,34.74
1365,2576,8879,2026-05-06,22,47.16,0,23.17
1366,1226,3325,2025-07-22,23,99.53,1,75.23
1367,4255,6835,2026-05-29,155,98.68,1,81.2
1368,9683,6379,2023-01-28,38,83.07,0,58.24
1369,4845,3014,2026-01-26,18,11.07,1,18.57
1370,5633,4501,2025-02-18,53,50.64,1,51.72
1371,3641,2813,2022-01-14,6,11.63,0,1.32
1372,4674,171,2025-01-01,43,46.85,0,35.22
1373,5319,9551,2022-09-13,42,95.28,1,75.75
1374,9787,5794,2025-12-29,109,72.44,0,49.84
1375,1653,6684,2024-09-10,96,85.32,1,76.37
1376,3052,6427,2026-03-26,104,89.83,1,70.17
1377,2582,1418,2025-06-11,14,31.25,1,44.09
1378,3614,2115,2021-11-22,23,20.76,1,24.37
1379,1234,3026,2024-07-14,8,9.73,0,0
1380,7927,8165,2023-05-01,14,30.79,1,41.9
1381,2502,1523,2026-05-16,7,11.18,0,0
1382,5607,3587,2025-08-30,47,28.48,0,19.03
1383,6726,3057,2025-11-25,16,13.82,0,5.27
1384,1697,9097,2025-09-28,77,53.5,1,56.11
1385,9609,3175,2026-06-07,5,15.96,1,34.82
1386,9751,229,2024-04-03,26,54.8,0,24.57
1387,3079,5115,2025-09-08,16,41.15,1,53.23
1388,959,4246,2023-10-19,44,33.37,0,21.57
1389,8150,3166,2025-01-18,23,74.59,1,62.18
1390,8125,1568,2025-03-02,26,62.65,1,59.32
1391,7190,3227,2025-08-25,6,9.68,1,35.42
1392,1808,1252,2025-03-11,73,88.98,1,67.24
1393,9419,2449,2026-04-29,156,99.99,1,87.57
1394,4362,6364,2024-10-22,97,57.06,1,62.58
1395,3731,834,2026-05-08,48,64.64,1,54.8
1396,360,8326,2022-10-19,37,78.85,1,67.26
1397,7510,5582,2025-06-16,4,4.02,0,4.19
1398,8289,7455,2025-01-31,22,22.25,0,7.72
1399,9077,3598,2025-07-15,75,83.38,1,76.99
1400,1878,6799,2020-08-23,140,97.9,1,86
1401,4730,1983,2025-05-16,6,28.6,0,19.9
1402,5515,3511,2025-05-17,38,72.45,0,39.06
1403,8024,4784,2023-01-31,14,28.74,0,14.61
1404,9820,313,2021-10-31,5,3.41,0,2.24
1405,6197,2330,2025-06-19,29,18.66,1,31.06
1406,5852,3070,2026-05-04,24,19.7,0,8.51
1407,1541,6697,2021-03-22,98,85.98,1,70.93
1408,7213,8245,2025-04-06,61,59.92,1,47.53
1409,2768,3033,2024-10-23,72,57.72,1,47.47
1410,3219,3423,2026-03-22,60,67.75,1,53.81
1411,7391,6305,2025-05-23,31,30.31,0,22.97
1412,8194,3695,2026-06-29,53,54.01,0,30.84
1413,1341,2256,2024-12-14,10,6,0,0
1414,4373,8032,2026-04-12,14,70.27,1,54.63
1415,7625,363,2024-11-03,55,57.47,1,49.4
1416,2022,6999,2024-11-24,14,43.01,0,25.64
1417,2841,5602,2025-11-01,58,70.79,1,62.41
1418,8039,2778,2025-07-08,21,74.2,0,35.41
1419,3467,4681,2024-11-09,33,39.93,0,30.48
1420,7319,913,2025-04-28,78,48.03,1,56.1
1421,8025,4586,2025-01-15,8,9.68,0,0
1422,8123,8001,2026-01-14,139,90.34,1,76.99
1423,5903,5239,2023-10-17,144,96.57,1,79.55
1424,1910,4955,2026-03-20,46,31.62,0,18.94
1425,2878,8068,2021-05-05,29,97.86,1,87.34
1426,2805,4618,2025-04-11,44,51.12,0,35.32
1427,5086,5682,2024-01-13,21,22.81,1,33.66
1428,6894,3895,2025-09-15,39,63.26,1,50.11
1429,3071,3276,2026-04-28,40,75.17,1,59.1
1430,8011,2533,2024-07-16,48,40.92,1,43.72
1431,9684,6207,2023-03-29,59,73.39,0,34.71
1432,5244,7454,2022-06-20,160,96.48,1,86.21
1433,6018,1274,2020-05-27,89,77.15,0,52.22
1434,4529,7048,2021-02-03,56,64.58,1,61.34
1435,48,9145,2025-04-11,48,63.04,1,57.2
1436,827,5954,2025-08-25,69,45.96,0,30.64
1437,2803,8646,2026-01-06,1,1.07,0,0
1438,9744,1499,2026-05-11,10,17.75,0,11.19
1439,6345,2805,2026-02-08,24,53.79,0,33.28
1440,8412,5482,2025-06-14,137,77.15,0,52.72
1441,9329,1524,2026-03-17,11,43.88,1,43.01
1442,6311,4041,2024-03-21,60,68.71,1,68.34
1443,6786,7242,2026-05-24,49,54.31,1,50.89
1444,3969,2746,2024-07-17,60,60.31,1,56.01
1445,5526,9472,2026-06-14,10,13.33,0,7.13
1446,620,4414,2025-11-27,28,37.62,1,45.55
1447,2541,2907,2026-06-27,15,32.93,0,12.55
1448,2821,3916,2025-01-14,138,80.99,1,75.33
1449,2663,3775,2023-08-12,66,57.98,1,57.82
1450,7072,4488,2025-10-29,75,43.34,0,22.4
1451,2774,1672,2026-05-03,80,51.31,0,31.04
1452,510,8672,2023-06-09,116,76.37,1,70.13
1453,4120,3774,2024-02-26,5,4.76,0,0
1454,9607,4965,2026-04-12,24,14.49,0,16.14
1455,1504,2322,2026-03-05,38,92.59,1,71.99
1456,9203,3877,2022-03-26,42,26.79,0,18.85
1457,9620,3643,2024-10-05,1,1.59,0,0
1458,9506,3011,2020-01-12,35,47.97,1,46.22
1459,712,6101,2026-06-16,20,78.82,0,49.04
1460,1716,1011,2025-09-21,16,29.11,0,13.42
1461,9457,4043,2025-12-19,100,77.78,1,63.37
1462,326,4227,2023-02-07,2,6.25,1,17.46
1463,8108,535,2021-01-30,110,82.68,1,65.06
1464,3713,2473,2024-11-23,21,56.47,1,58.06
1465,9373,8137,2026-05-15,18,12.68,1,20.64
1466,8260,8578,2023-04-18,70,42.74,0,35.26
1467,3675,4834,2022-06-24,23,35.23,0,13.71
1468,1938,7858,2024-08-23,19,15.15,0,16.55
1469,4662,1250,2022-11-11,52,41.15,1,41.85
1470,5909,320,2024-12-11,16,15,0,3.63
1471,7072,9670,2026-06-17,29,98.78,1,88.42
1472,7856,7589,2023-12-15,30,63.88,0,35.31
1473,6576,7730,2025-02-11,47,83.87,1,80.11
1474,1946,50,2026-01-12,77,73.09,1,58.29
1475,4198,2173,2025-03-15,14,34.41,0,19.47
1476,4619,8291,2024-06-29,89,57.45,1,46.5
1477,8713,5527,2025-12-22,68,93.95,1,80.09
1478,8857,6535,2026-02-01,3,11.77,0,0
1479,9279,6724,2026-05-29,13,48.86,1,56.71
1480,4575,2303,2024-07-15,31,54.09,1,43.77
1481,5349,6452,2024-12-10,40,37.99,1,41.85
1482,9729,9327,2024-06-24,75,56.91,1,59.61
1483,5157,2502,2022-10-13,75,69.85,1,54.79
1484,1908,5344,2026-01-24,8,36.5,1,42.31
1485,7119,2370,2025-06-03,54,49.75,1,44
1486,168,3484,2026-04-22,7,30.9,0,17.13
1487,9981,4306,2020-02-11,34,57.03,1,61.37
1488,1511,9400,2024-05-09,18,84.94,1,76.37
1489,2766,1580,2026-04-09,114,91.55,1,82.17
1490,9494,9401,2026-04-06,17,47.21,0,23.24
1491,6890,3677,2023-03-04,62,73.87,1,61.66
1492,1867,796,2023-09-06,52,42.47,0,29.76
1493,9419,3502,2026-04-05,58,88.79,1,80.66
1494,8480,4238,2026-04-26,41,93.38,0,59.98
1495,8144,1012,2022-08-12,29,92.02,0,54.68
1496,8908,806,2026-05-20,24,49.72,0,21.96
1497,1238,746,2026-06-08,14,10.29,1,33.61
1498,7033,1359,2024-12-13,46,53.6,0,38.04
1499,7252,6486,2023-04-22,53,52.2,1,42.03
1500,9265,1939,2026-06-26,10,24.27,0,13.42
1501,8053,1255,2026-06-29,17,9.64,0,1.18
1502,3840,2490,2026-04-14,71,58.52,1,62.44
1503,1059,3296,2020-04-18,40,54.23,0,37.58
1504,5649,4231,2024-08-01,77,56.6,0,39.81
1505,4269,9960,2025-07-26,26,90.04,1,68.33
1506,9832,7430,2025-03-13,41,58.25,1,48.33
1507,3365,68,2021-05-27,12,24.38,0,8.58
1508,9191,5480,2020-05-04,5,12.89,0,1.63
1509,20,6721,2024-04-21,114,65.04,0,41.82
1510,1146,2322,2026-05-18,82,61.9,1,59.5
1511,8018,7034,2025-09-02,68,40.74,0,16.16
1512,9624,8200,2025-06-28,49,70.52,1,58.93
1513,7472,8297,2025-10-07,69,70.99,0,45.95
1514,7372,2535,2025-06-21,60,42.55,0,16.99
1515,4067,6720,2026-04-30,38,27.83,0,19.58
1516,6755,3918,2022-07-13,4,4.88,0,0
1517,6082,25,2023-05-25,39,29.04,0,14.72
1518,5054,4294,2023-01-18,146,83.65,0,46.26
1519,9645,1054,2019-11-16,3,5.51,0,5.13
1520,8432,1752,2022-07-07,14,22.22,0,3.52
1521,9690,7310,2025-06-12,42,46.08,1,41.14
1522,2079,1915,2026-02-11,14,17.09,0,3.15
1523,9401,718,2023-08-28,32,33.16,1,40.65
1524,4059,9225,2026-02-23,38,51.93,1,50.51
1525,5693,6198,2021-11-25,75,48.68,1,47
1526,3132,2786,2024-08-08,145,81.52,0,43.46
1527,2981,5933,2022-12-11,5,9.34,1,19.24
1528,7415,8395,2025-07-07,117,66.51,1,54.47
1529,9867,9982,2026-06-17,146,98.56,1,69.38
1530,4367,2546,2026-02-21,65,40.29,1,43.68
1531,9194,4312,2026-05-09,31,21.79,1,41.52
1532,708,7951,2024-06-21,83,80.37,0,58.16
1533,2827,2060,2025-04-28,24,57.85,0,34.89
1534,9334,8074,2024-02-27,2,4.04,1,13.67
1535,5790,6149,2025-11-02,79,86.86,1,81.94
1536,7108,9950,2025-06-03,2,3,0,1.37
1537,8563,2827,2025-11-02,72,65.1,0,46.37
1538,768,3771,2025-08-10,37,43.69,1,43.39
1539,2202,7546,2025-07-31,142,83.87,1,64.48
1540,1265,2612,2021-01-08,47,33.34,1,31.04
1541,1314,5879,2023-03-23,13,13.74,0,13.76
1542,6490,456,2024-11-26,70,55.32,1,47.91
1543,3532,3077,2026-03-29,107,98.95,1,80.24
1544,5492,588,2025-01-29,32,92.35,1,77.51
1545,3426,5213,2023-01-16,8,16.38,0,2.4
1546,6879,2917,2023-10-14,3,3.99,0,1.1
1547,7139,1395,2024-05-07,88,59.78,1,59.63
1548,1631,9719,2023-11-15,39,28.38,0,10.9
1549,6399,7702,2026-05-31,91,74.35,0,43.97
1550,2087,8945,2025-09-13,35,44.58,0,19.32
1551,3765,51,2026-05-31,22,17.39,1,40.31
1552,9167,1752,2025-12-07,145,87.79,0,54.18
1553,8033,4372,2026-01-03,26,18.84,0,12.03
1554,5889,2706,2026-06-10,42,44.44,1,38.26
1555,4015,8993,2023-10-10,14,19.08,0,12.56
1556,6773,1437,2023-08-11,85,67.54,0,45.74
1557,9681,8363,2025-04-13,58,67.43,0,48.26
1558,107,9630,2021-11-03,67,73.25,1,60.5
1559,1055,8801,2024-02-23,33,21.98,0,5.69
1560,8784,2503,2020-11-13,46,67.22,1,63.63
1561,6969,739,2022-12-23,37,47.12,0,20.44
1562,3252,456,2026-06-28,4,4.81,0,12.04
1563,1964,7184,2020-06-22,48,69.02,1,59.76
1564,6902,8559,2024-03-03,13,42.74,1,49.65
1565,8624,4719,2026-06-12,17,37.65,0,16.89
1566,7794,7806,2025-06-26,38,61.82,0,36.89
1567,8207,5655,2026-02-25,21,39.35,0,14.33
1568,6225,4251,2022-12-20,71,39.9,0,27.52
1569,949,1617,2024-12-15,28,18.02,0,4.26
1570,9752,8141,2022-10-26,18,61.26,0,37.27
1571,3198,3754,2024-09-09,72,44.68,1,48.55
1572,9755,1540,2024-08-07,7,16.37,1,39.79
1573,6993,5302,2025-03-26,38,63.01,0,47.6
1574,9868,1573,2023-12-15,141,93.67,1,68.63
1575,969,5931,2026-06-22,52,93.45,1,70.6
1576,5576,9291,2025-01-16,64,65.07,1,61.87
1577,4677,6639,2023-06-11,72,46.89,0,32.78
1578,1768,9773,2026-02-23,17,12.69,0,2.39
1579,7673,4809,2026-02-25,9,4.91,0,1.61
1580,1673,131,2025-08-05,61,44.61,1,41.56
1581,1083,538,2026-02-02,50,32.31,0,21.57
1582,4538,9742,2023-01-27,15,17.17,0,14.57
1583,239,7296,2024-10-03,23,36.14,0,20.46
1584,6418,7262,2025-10-04,20,20.77,0,18.58
1585,7779,4555,2023-08-12,26,38.6,0,29.95
1586,7270,7282,2024-09-11,140,85.53,0,57.85
1587,1069,3105,2025-09-27,56,45.42,0,23.76
1588,2391,9910,2025-06-06,118,67.56,1,65.87
1589,5043,5235,2023-11-08,1,1.92,0,6.19
1590,221,9535,2024-11-30,73,42.93,0,31.73
1591,4179,5744,2023-10-11,69,91.47,1,72.8
1592,3456,1915,2026-01-30,32,20.95,0,3.7
1593,8935,6893,2025-08-07,24,21.39,1,36.01
1594,4035,3712,2023-09-01,80,54.25,1,55.59
1595,9245,8843,2026-06-08,92,77.79,1,62.34
1596,6862,3639,2025-11-26,94,66.93,1,54.11
1597,796,1300,2026-02-09,13,12.19,0,11.34
1598,8747,8353,2026-01-17,93,59.64,0,31.78
1599,1114,4748,2026-04-21,19,15.25,1,21.05
1600,6414,4692,2024-07-05,39,33.03,0,11.31
1601,7099,4801,2025-09-04,31,35.93,1,39.28
1602,3748,6102,2025-11-24,46,51.72,1,52.17
1603,8452,4893,2025-08-28,49,30.11,0,19.24
1604,1979,6057,2023-07-18,133,77.17,0,51.3
1605,1353,9114,2026-01-01,33,20.68,1,41.24
1606,8228,7452,2026-02-18,49,49.24,0,24.32
1607,7805,4963,2023-11-13,81,93.04,0,46.97
1608,1417,5765,2025-09-16,15,17.27,1,37.28
1609,6000,7451,2021-03-11,89,57.2,0,32.58
1610,1207,1356,2025-03-12,12,15.99,0,2.27
1611,2902,6955,2026-03-18,33,28.46,1,40.68
1612,2378,4214,2024-03-13,21,53.47,0,32.17
1613,9678,8437,2024-10-20,116,92.45,1,83.72
1614,3049,687,2026-03-29,6,15.53,1,37.11
1615,8017,1143,2026-06-26,19,14.16,0,3.52
1616,9453,5736,2025-11-28,2,2.36,1,14.72
1617,5014,2393,2024-09-19,1,1.63,0,7.23
1618,500,6764,2022-03-09,64,40.27,0,16.24
1619,2072,8385,2024-12-15,63,65.25,1,66.97
1620,4641,3636,2024-01-22,73,52.28,0,34.17
1621,792,4878,2026-04-30,2,4.27,1,31.66
1622,2572,9827,2025-08-10,58,81.27,1,65.21
1623,299,9605,2025-08-29,131,75.49,1,62
1624,6099,4901,2025-06-16,50,83.42,1,78.71
1625,9344,433,2025-11-03,29,35.43,1,33.18
1626,9141,3680,2025-06-15,105,83.3,1,71.6
1627,7031,7419,2023-08-24,89,72.11,0,46.28
1628,6018,4407,2026-04-03,47,32.73,0,29.01
1629,9442,7480,2026-06-07,34,99.57,1,88.85
1630,3318,7066,2026-02-19,25,76.53,0,50.19
1631,4413,844,2023-10-21,16,10.55,0,15.97
1632,5965,8253,2026-03-19,144,82.9,1,68.87
1633,8400,6323,2022-09-25,164,97.1,1,71.42
1634,1288,6670,2025-09-20,46,37.8,1,46.26
1635,3071,6563,2026-05-12,119,95.49,1,85.07
1636,4434,6067,2025-10-15,45,60.58,0,31.89
1637,1275,7700,2026-02-15,3,6.21,1,30.39
1638,1546,7965,2024-12-05,30,49.68,0,21.47
1639,3026,5518,2025-04-17,136,86.82,1,64.62
1640,3136,8945,2024-02-28,88,58.9,0,45.06
1641,8910,3683,2024-08-27,33,60.68,0,43.72
1642,7676,6449,2025-11-06,165,96.96,1,78.39
1643,3590,8774,2024-02-13,66,58.66,1,55.17
1644,9192,6777,2024-05-04,105,88.83,1,73.93
1645,9113,4561,2024-02-25,18,26.17,0,7.18
1646,9971,7078,2026-01-03,45,91.13,0,51.03
1647,7836,876,2022-10-08,65,88.11,1,81.18
1648,8256,1643,2026-04-15,1,3.56,0,0
1649,9101,8434,2020-04-11,51,38.93,0,32.88
1650,1087,2326,2024-06-24,30,51.15,0,34.5
1651,5463,7307,2026-06-03,23,36,0,14.8
1652,9517,35,2024-05-18,55,41.97,1,43.17
1653,6350,914,2020-06-28,6,4.61,1,21.75
1654,7033,4606,2025-03-26,78,55.08,0,39.96
1655,1122,800,2021-11-07,43,41.78,0,28.14
1656,1482,5327,2025-10-06,25,32.71,0,14.27
1657,2267,2034,2024-09-27,78,55.46,1,59.49
1658,7271,2333,2024-12-28,126,84.32,1,80.13
1659,5108,6997,2023-09-12,11,7.73,1,33.8
1660,3777,8861,2026-06-25,38,56.23,0,33.14
1661,9081,5096,2025-09-25,64,35.49,0,12.77
1662,3735,5371,2024-02-16,127,94.59,1,80.52
1663,4330,4574,2026-05-18,52,60.07,1,63.86
1664,9591,9447,2025-11-03,27,32,1,49.07
1665,9613,7124,2024-06-18,42,33.91,0,11.24
1666,237,1828,2025-05-19,134,94.79,1,84.56
1667,7743,3401,2024-02-06,119,98.06,1,72.37
1668,7682,4232,2025-10-04,113,68.27,1,69.47
1669,915,5590,2025-11-30,57,97.74,1,76.18
1670,3281,9848,2019-07-25,4,3.26,0,0
1671,3485,1150,2021-03-29,12,10.46,1,27.2
1672,9623,8742,2026-06-20,161,93.52,1,76.49
1673,5458,671,2022-10-31,22,39.82,0,32.79
1674,8426,1193,2025-09-05,29,89.51,1,82.28
1675,4319,8198,2023-12-14,22,74.97,1,67.43
1676,3652,5564,2022-11-17,69,80.72,1,63
1677,4870,6470,2021-11-03,3,12.97,1,21.96
1678,432,8181,2026-01-23,54,66.41,0,39.06
1679,9517,7095,2026-04-09,74,50.93,1,48.89
1680,4529,4788,2026-04-23,32,20.35,0,10.48
1681,5429,5072,2025-12-11,30,58.8,0,35.43
1682,1565,7181,2025-10-31,12,11.67,0,0
1683,4747,3193,2023-04-20,86,65.34,0,34.52
1684,491,8430,2024-11-11,24,28.04,0,15.27
1685,6849,4808,2023-12-25,6,9.17,0,9.35
1686,2100,5886,2019-08-24,26,26.56,0,25.65
1687,282,8386,2026-06-28,56,36.29,0,15.2
1688,8179,3629,2026-02-14,103,75.88,1,71.65
1689,2927,3468,2026-04-21,22,18.81,0,1.56
1690,22,569,2023-09-16,135,90.3,0,45.66
1691,6675,1691,2025-09-17,59,52.86,0,34.5
1692,3789,8830,2025-08-29,29,42.33,1,44.86
1693,2605,6536,2025-02-10,117,96.08,1,68.59
1694,8016,1451,2024-03-20,41,86.16,1,74.18
1695,5618,3304,2024-10-10,82,51.62,0,37.86
1696,2854,394,2025-02-03,101,96.52,1,80.28
1697,6229,1673,2025-05-01,47,83.09,1,73.19
1698,7486,4215,2022-04-02,147,99.17,0,54.78
1699,9861,89,2024-11-21,71,97.14,1,80.85
1700,5326,5258,2026-06-30,6,8.83,0,0
1701,796,7617,2020-01-08,43,28.72,0,13.46
1702,1357,8707,2026-04-06,71,51.74,0,40.53
1703,1065,9005,2024-03-12,58,50.53,0,38.45
1704,951,9657,2022-09-02,23,17.88,0,4.82
1705,3925,8367,2024-10-28,13,34.95,1,37.69
1706,167,9276,2024-02-06,17,84.37,1,71.35
1707,7769,8303,2025-01-16,100,73.56,0,38.65
1708,592,7877,2025-01-05,12,6.59,0,11.43
1709,3796,5313,2025-09-03,21,89.35,1,66.72
1710,7499,3157,2025-10-13,39,78.31,1,70.07
1711,6709,2022,2024-07-29,33,26.99,0,6.41
1712,9340,664,2022-12-19,41,78.99,0,53.44
1713,3440,9074,2026-03-03,5,9.09,1,16.14
1714,1697,5407,2025-10-12,5,13.44,0,7.34
1715,6893,4176,2024-12-02,134,90.71,1,83.27
1716,8327,3818,2024-06-05,12,58.03,0,41.68
1717,9625,5850,2022-11-27,7,12.99,1,30.62
1718,4930,6292,2023-10-20,61,43.31,0,26.49
1719,8138,6659,2026-02-11,89,99.27,1,88.23
1720,8607,8151,2019-10-10,131,85.38,1,72.2
1721,8906,154,2026-05-20,7,16.87,0,18.43
1722,391,2733,2025-04-08,22,20.26,0,13.83
1723,2055,7586,2024-11-30,68,81.47,1,65.2
1724,5843,5294,2021-12-01,58,33.64,1,40.87
1725,9583,9059,2024-01-05,42,48.93,0,23.36
1726,7968,4951,2024-06-02,41,60.08,0,30.67
1727,1742,1936,2025-12-23,13,65.87,1,55.4
1728,5336,6696,2025-04-01,17,55.27,0,26.07
1729,1379,5430,2023-09-13,96,92.61,0,50.38
1730,9071,318,2019-12-18,139,89.72,0,55.63
1731,3872,8441,2024-12-27,54,66.89,0,41.64
1732,1694,8541,2023-05-26,31,24.48,0,6.63
1733,6632,2111,2025-08-01,2,5.67,0,3.29
1734,8672,6712,2025-12-30,22,29.83,0,14.57
1735,2248,5581,2023-01-21,24,33,0,12.57
1736,7747,1316,2025-11-28,54,67.77,0,35.96
1737,670,6679,2025-09-30,142,89.47,1,70.2
1738,7850,9505,2023-03-20,1,4.56,0,4.99
1739,5988,5536,2025-03-21,33,31.16,0,19.33
1740,332,2365,2024-07-24,34,64.77,0,29
1741,8478,857,2025-01-27,87,65.66,1,57.86
1742,2684,4554,2024-05-23,30,31.37,0,12.41
1743,3474,1624,2026-06-19,11,31.28,1,47.5
1744,366,6264,2025-07-31,11,36.37,1,49.25
1745,1048,5568,2022-02-19,33,47.48,1,50.05
1746,227,3545,2026-04-03,24,55.04,1,44.88
1747,2392,1179,2021-09-02,113,90.14,0,60.3
1748,6181,3957,2023-01-07,57,75.25,1,57.03
1749,9360,5407,2025-03-28,47,81.36,0,54.37
1750,9662,5461,2023-02-14,16,11,0,0
1751,409,9760,2025-08-31,39,25.96,1,34.06
1752,6141,7434,2023-05-11,41,24.34,0,13.64
1753,3439,8884,2024-11-13,23,16.72,0,6.93
1754,6713,8607,2022-06-30,135,97.93,1,74.55
1755,4873,2536,2020-07-09,40,40.89,1,36.57
1756,7778,1841,2026-05-25,35,21.02,0,14
1757,4508,4857,2024-12-03,28,89.3,0,47.41
1758,4655,771,2023-07-09,14,8.26,0,10.59
1759,2031,1382,2026-02-17,123,78.22,0,53.49
1760,7887,706,2025-09-17,46,29.97,0,22.8
1761,9821,6958,2026-01-02,123,79.89,0,55.97
1762,9691,7616,2024-01-31,88,97.24,1,87.42
1763,4084,5890,2024-12-31,144,90.6,1,68.96
1764,5490,3711,2025-12-08,72,85.43,1,70.88
1765,8088,3837,2021-12-16,7,30.57,1,43.96
1766,5984,4182,2021-01-29,57,44.14,1,52.74
1767,5910,7423,2026-06-18,117,73.32,1,63.77
1768,7057,375,2026-06-30,41,55.09,0,36.58
1769,1213,2318,2025-04-17,8,5.64,0,4.02
1770,5376,5282,2024-06-17,8,35.56,0,23.28
1771,3147,7791,2025-11-22,29,57.41,1,57.48
1772,4496,5731,2022-08-14,103,64.9,0,40.7
1773,2118,2135,2026-03-15,29,23.64,0,19.1
1774,6299,2123,2026-02-24,99,88.46,1,64.46
1775,4013,9484,2025-08-15,2,6.2,0,1.63
1776,2262,9089,2026-01-22,34,46.29,1,52.65
1777,6999,6669,2025-09-21,20,18.72,0,17.17
1778,129,5002,2024-07-24,18,68.47,1,61.65
1779,987,2400,2025-04-07,36,51.37,1,49.67
1780,3157,1088,2025-07-03,59,78.14,1,57.17
1781,3645,5058,2026-01-27,1,1.35,0,0
1782,4672,2415,2022-05-19,33,43.81,1,49.2
1783,6398,1338,2025-02-23,25,24.26,1,26.98
1784,5542,5769,2025-06-10,30,16.89,0,4.84
1785,1595,7723,2025-08-18,4,9.89,0,13.68
1786,1922,4279,2021-07-05,52,38.06,0,20.58
1787,454,7339,2023-10-18,134,86.73,1,73.73
1788,424,3569,2025-01-05,11,19.36,0,18.63
1789,4743,5454,2023-03-06,130,77.11,1,71.77
1790,2913,2737,2025-03-10,20,18.34,0,11.11
1791,305,1092,2023-05-08,3,5.75,0,9.78
1792,346,3535,2026-02-07,78,55.76,0,25.46
1793,2611,4621,2025-11-27,8,32.02,0,23.82
1794,5763,2277,2023-06-01,19,21.78,0,9.95
1795,5020,7945,2026-02-20,150,83.08,0,50.55
1796,420,8546,2026-05-08,23,98.28,1,83.69
1797,1391,3599,2022-02-14,67,42.62,1,36.89
1798,524,1952,2026-05-17,101,66.41,0,38.91
1799,3261,7687,2024-02-22,46,40.55,0,27.79
1800,1334,6266,2026-06-28,104,76.2,0,49.51
1801,7997,9894,2021-03-15,95,97,1,80.62
1802,8364,6502,2024-10-08,19,17.26,1,31.72
1803,2989,7118,2026-02-07,66,90.1,1,73.25
1804,4957,4396,2026-01-18,32,73.72,1,69.92
1805,1516,1505,2023-05-17,35,55.85,0,40.07
1806,6048,5871,2023-09-27,17,27.53,0,14.61
1807,5847,4751,2026-04-19,106,64.33,0,45.15
1808,570,3615,2025-05-06,55,40.38,1,43.31
1809,4869,6972,2022-09-22,112,87.11,1,73.55
1810,4008,3559,2026-02-19,109,96.02,1,73.57
1811,8035,5921,2022-11-01,36,26.78,0,9.34
1812,4886,3115,2024-12-12,7,6.82,0,3.62
1813,4957,5113,2023-12-08,12,57.24,0,27.46
1814,5694,1638,2022-03-20,98,69.52,1,66.7
1815,5847,1730,2024-09-17,107,79.26,0,57.27
1816,9629,1236,2022-06-06,43,54.09,1,53.26
1817,666,4860,2026-03-01,34,69.91,1,70.42
1818,6485,2846,2026-04-20,11,13.51,1,21.08
1819,2781,1094,2024-07-27,93,55.53,1,48.96
1820,6998,6345,2021-06-03,34,37.14,1,34.43
1821,8606,5123,2023-07-16,128,80.2,1,73.55
1822,9422,3239,2021-01-16,83,62.05,0,41.2
1823,4599,6302,2026-01-09,37,65.2,1,58.71
1824,5665,7166,2026-01-11,108,89.65,1,78.41
1825,9492,9122,2026-03-06,5,3.25,0,0
1826,297,3573,2024-07-19,78,48.95,1,51.95
1827,5921,7671,2026-06-29,53,36.83,1,39.13
1828,5103,5812,2026-05-10,5,4.91,0,0
1829,5608,9553,2023-04-05,39,36.54,1,49.53
1830,917,925,2020-12-08,41,27.79,1,33.01
1831,3267,5166,2025-06-20,47,77.88,0,46.02
1832,5680,768,2021-08-22,102,81.72,1,68.52
1833,3498,8592,2024-09-30,4,4.58,1,23.24
1834,2253,5715,2026-03-23,40,51.63,1,49.08
1835,5907,3461,2023-02-27,17,35.33,0,16.23
1836,9477,8360,2026-02-06,27,85.38,1,68.44
1837,6407,7474,2026-06-20,36,75.04,1,65.66
1838,9870,7977,2021-01-05,12,58.33,0,38.86
1839,6429,5822,2025-01-01,58,85.3,1,80.92
1840,7677,6570,2026-03-16,35,24.43,0,10.15
1841,9166,5051,2024-09-08,16,64.92,1,63.35
1842,6249,4796,2022-11-28,52,39.7,0,19.33
1843,8985,1430,2026-03-09,141,88.22,1,77.87
1844,3785,6030,2025-02-17,37,77.99,0,52.34
1845,5929,4343,2026-04-15,103,89.38,0,59.52
1846,6851,3008,2022-09-24,36,57.58,1,46.19
1847,2996,2629,2025-03-07,105,69.27,1,65.04
1848,5826,4971,2022-12-24,46,74.87,1,64.95
1849,9156,7999,2026-03-03,58,55.08,0,41.76
1850,1317,7955,2026-03-08,28,76.54,1,64.69
1851,8671,5928,2025-11-23,85,68.9,0,44.08
1852,7993,5782,2026-02-06,56,34.31,0,13.64
1853,7617,7135,2021-05-13,52,80.74,1,67.89
1854,3764,3831,2023-07-02,35,32,0,16.03
1855,8467,1444,2025-10-05,125,76.36,1,69.29
1856,4465,3377,2026-06-12,122,86.18,1,78.07
1857,211,9689,2023-05-01,34,95.44,0,56.71
1858,5725,5672,2026-03-09,16,43.38,1,43.34
1859,8107,7989,2022-10-27,21,36.64,1,39.96
1860,2831,3972,2026-05-26,115,91.1,1,66.6
1861,8600,9344,2025-03-15,66,46.55,0,32.45
1862,3333,8354,2026-01-14,80,94.63,1,85.59
1863,6429,4057,2024-10-13,19,69.99,0,50.49
1864,5620,828,2025-12-21,3,5.85,0,0
1865,2925,4846,2026-01-21,12,43.62,1,55.66
1866,2390,6482,2026-05-13,112,92.88,1,70.16
1867,9245,8036,2026-03-02,41,41.63,0,28.82
1868,7218,802,2025-03-27,144,99.54,1,84.69
1869,1992,1599,2024-05-18,39,28.81,0,26.71
1870,1537,4149,2025-09-23,45,26.14,0,20.58
1871,7653,9828,2025-12-24,26,98.79,1,79.3
1872,6342,3995,2021-05-31,31,37.32,0,25.25
1873,9658,3217,2025-02-25,58,64.76,1,68.79
1874,6514,3264,2021-11-21,1,1.71,0,5.51
1875,9190,9982,2025-12-03,19,17.41,1,20.65
1876,7690,7155,2026-05-31,21,19.49,0,12.79
1877,5632,530,2025-10-02,8,12.19,1,36.75
1878,7223,7597,2025-06-04,86,86.98,1,67.02
1879,7485,7544,2022-12-18,16,14.54,0,6.87
1880,6462,44,2025-11-05,42,71.15,1,65.87
1881,4289,103,2025-11-04,16,13.19,0,0.59
1882,7802,1696,2025-11-27,67,41.26,0,28.49
1883,8259,6321,2024-03-15,16,66.62,0,36.65
1884,9456,1115,2023-04-17,119,74.1,0,43.35
1885,2451,2615,2024-03-31,19,22.88,1,32.35
1886,9003,8213,2024-09-06,46,60.07,0,33.16
1887,5466,9097,2026-03-14,83,53.87,1,50.78
1888,3305,4278,2023-02-18,7,6.18,0,10.5
1889,5444,4942,2024-02-21,14,37.24,1,44.06
1890,2096,8021,2024-12-08,6,12.52,0,0
1891,1329,5992,2023-08-14,30,21.1,0,13.11
1892,6248,5024,2024-11-09,4,3.34,0,11.13
1893,9795,3108,2021-05-03,96,56.62,0,39.5
1894,4060,8712,2022-09-10,94,86.68,0,43.07
1895,9639,5856,2019-07-11,4,4.68,0,1.21
1896,6571,3850,2025-06-09,114,69.55,1,60.6
1897,823,7694,2023-08-25,4,3.82,1,21.97
1898,3982,9440,2025-11-29,9,14.01,0,11.35
1899,265,4161,2024-06-28,38,82.02,1,64.39
1900,1074,2489,2026-06-25,9,30.35,1,38.87
1901,7245,7858,2024-07-05,5,13.67,0,1.31
1902,3454,7669,2025-08-19,41,98.12,1,71.24
1903,6305,4197,2025-09-15,3,2.7,0,0
1904,6948,6526,2023-11-27,21,85.14,1,71.5
1905,4836,1379,2024-12-23,13,46.32,0,35.62
1906,412,409,2026-03-29,98,78.58,1,73.04
1907,4025,3595,2025-09-11,8,7.17,0,0
1908,9046,4891,2026-06-12,92,56.61,1,50.26
1909,9614,7271,2024-10-27,78,56.35,1,51.51
1910,5478,9898,2025-06-27,39,31.53,0,21.46
1911,1023,8991,2021-11-04,20,81.6,0,58.27
1912,4618,4429,2026-01-13,79,44.62,0,20.51
1913,8515,8624,2023-04-12,104,78.73,0,43.29
1914,3843,3535,2026-02-22,40,55.1,0,37.39
1915,4602,4326,2026-02-20,19,58.31,1,53.35
1916,6941,9702,2026-03-10,26,52.37,1,61.41
1917,418,1254,2022-01-25,72,66.85,0,34.74
1918,3085,5934,2024-11-21,29,20,0,11.5
1919,4647,7763,2022-05-06,95,95.63,1,71.55
1920,3910,7291,2025-11-17,52,43.07,0,32.61
1921,3670,1217,2025-12-08,54,76.41,1,63.09
1922,8496,963,2023-11-22,122,72.71,1,61.11
1923,2918,8323,2025-07-31,25,47.14,1,44.52
1924,1368,781,2021-06-07,21,31.58,0,27.85
1925,4943,1463,2023-04-23,11,24.44,1,30.45
1926,931,4521,2024-04-24,128,79.82,1,67.53
1927,2211,6501,2026-02-13,25,16.74,0,16.53
1928,2039,6861,2026-06-02,63,80.3,1,74.28
1929,4279,4201,2024-08-06,35,35.29,0,29.92
1930,6161,8037,2026-02-12,10,6.18,0,9.79
1931,4308,8108,2026-04-04,59,95.97,1,74.29
1932,3416,6920,2025-08-14,51,32.73,0,16.07
1933,8830,4681,2026-06-22,63,90.63,1,76.52
1934,9159,8104,2023-03-31,82,61.5,1,55.24
1935,7707,6166,2024-05-10,115,88.84,1,80.28
1936,6275,6432,2020-10-29,86,54.6,0,34.27
1937,2958,1640,2024-02-26,40,49.28,0,24.39
1938,7687,7965,2024-07-18,8,10.27,0,8.85
1939,9230,8340,2024-11-28,43,57.85,1,50.37
1940,9847,7317,2023-05-27,11,8.2,0,0
1941,5232,6437,2023-06-23,40,56.16,0,26.48
1942,8936,7939,2023-10-27,50,66.91,1,63.87
1943,8271,6708,2024-06-15,16,70.3,1,69.58
1944,7030,5853,2026-06-20,20,19.52,0,5.89
1945,5387,5470,2022-07-17,16,17.93,1,35.25
1946,2591,1900,2023-12-08,25,39.21,1,34.02
1947,7470,2220,2024-06-15,56,59.63,1,58.93
1948,2977,9620,2021-07-22,94,93.33,1,84.85
1949,5430,9074,2025-12-29,67,59.45,1,51.39
1950,7736,4215,2023-04-02,37,40.21,0,16.17
1951,9116,488,2022-10-03,12,16.15,0,6.29
1952,2167,6319,2024-11-03,18,33.24,0,21.95
1953,3168,135,2023-03-29,45,42.2,0,20.47
1954,2894,8026,2022-12-29,50,51.22,1,53.28
1955,9529,9359,2026-01-25,65,84.74,1,78.42
1956,7643,6320,2024-06-13,2,7.28,0,13.91
1957,4464,651,2025-06-15,4,19.56,0,5.69
1958,5141,2914,2025-06-04,41,29.32,1,31.93
1959,5960,2860,2023-07-29,23,62.94,0,28.62
1960,1985,4653,2020-08-08,63,48.75,1,42.2
1961,6706,2648,2026-02-06,78,70.05,1,57.61
1962,6272,4782,2020-02-09,156,98.16,1,75.93
1963,4204,4576,2023-03-18,34,22.3,0,20.44
1964,6535,7987,2024-02-04,35,47.71,0,24.33
1965,8709,8075,2024-12-25,30,27.84,1,33.89
1966,4826,5215,2022-08-30,20,46.09,1,52.65
1967,7905,9885,2025-01-28,23,70.65,0,47.36
1968,7980,1182,2020-10-09,49,96.13,1,68.86
1969,1128,5242,2022-06-07,56,44.74,0,24.81
1970,9925,8477,2025-05-29,13,32.16,1,48.86
1971,896,8363,2022-06-27,26,20.98,1,31.02
1972,551,3179,2024-01-25,15,12.41,0,7.22
1973,5738,5555,2025-09-18,55,62.17,1,65.44
1974,9119,7680,2022-12-16,22,31.19,0,15.55
1975,4255,6703,2020-03-10,7,5.32,0,0.78
1976,674,4140,2026-02-05,16,10.42,0,6.11
1977,13,5645,2024-02-26,25,44.65,0,22.52
1978,9153,7947,2024-05-06,29,28.46,1,37.88
1979,5862,1269,2023-12-26,51,91.34,0,63.38
1980,4490,2315,2026-06-29,20,24.94,0,19.47
1981,2538,3818,2025-02-06,17,22.46,0,17.62
1982,3514,4571,2022-08-21,45,37.65,1,33.52
1983,841,2038,2026-05-21,20,15.29,0,1.95
1984,6025,6539,2020-02-06,128,72.45,0,37.87
1985,8620,2226,2023-09-09,28,25.97,0,22.2
1986,8430,2336,2025-10-21,9,39.34,1,44.13
1987,3745,7862,2026-06-05,2,9.19,1,26.78
1988,903,2184,2021-03-21,67,58.88,1,50.9
1989,7835,578,2026-06-20,10,12.46,1,35.61
1990,8718,501,2026-04-03,70,84.5,1,62.05
1991,6512,7040,2024-12-06,7,13.8,0,4.63
1992,667,813,2023-07-23,17,16.4,0,3.96
1993,8590,8282,2025-02-20,47,31.21,1,36.54
1994,7665,7190,2024-07-27,97,66.6,0,43.44
1995,9758,5787,2025-11-16,19,76.97,1,69.83
1996,582,4531,2021-10-21,3,3.36,0,0
1997,1048,8369,2021-10-24,19,22.08,0,10.64
1998,6343,7380,2022-01-22,53,56.47,0,29.25
1999,2740,5712,2024-08-19,103,66.26,0,49.45
2000,5808,3363,2026-04-26,138,86.1,1,78.95
2001,564,4706,2026-03-16,37,71.99,0,50.28
2002,2729,6833,2020-10-13,8,4.56,1,30.36
2003,4168,8037,2026-06-24,39,69.94,1,69.68
2004,7003,1493,2026-06-15,15,18.04,0,3.69
2005,9695,4279,2026-01-22,26,18.77,0,14.86
2006,8303,1671,2026-06-07,42,25.05,1,34.32
2007,3838,6548,2026-03-01,47,28.87,0,22.76
2008,4592,3120,2025-11-30,20,78.43,1,72.04
2009,8372,6061,2026-03-04,59,77.79,0,53.79
2010,9672,4978,2025-02-18,26,27.73,0,13.57
2011,2488,5261,2026-06-09,20,18.61,0,18.68
2012,8538,1289,2026-01-24,95,72.27,1,62.14
2013,3324,3577,2024-12-20,26,44.94,1,54.41
2014,8893,2280,2021-03-01,22,31.72,1,47.91
2015,971,925,2025-11-19,26,44.36,1,45.03
2016,6860,7910,2024-11-15,52,84.6,0,52.8
2017,7408,679,2024-03-10,20,13.71,0,8.21
2018,9869,8868,2025-06-13,70,99.44,1,75.23
2019,764,8997,2025-10-18,7,5.42,0,0.53
2020,1191,7262,2025-11-21,62,38.51,0,28.99
2021,5524,8183,2026-03-12,57,46.08,1,57.21
2022,8603,8030,2026-06-16,143,80.91,1,66.15
2023,3579,3400,2026-06-19,77,81.1,0,53.4
2024,3147,5529,2025-10-05,28,49.62,0,29.12
2025,8060,8786,2025-07-29,26,66.23,0,33.6
2026,2761,3163,2024-11-11,17,19.81,1,32.7
2027,2078,6175,2021-11-07,10,9.69,1,16.3
2028,3186,2599,2024-10-08,49,44.05,0,33.56
2029,4268,886,2025-09-11,133,74.12,1,57.26
2030,8066,8821,2023-10-01,10,11.59,1,31.06
2031,6733,7790,2020-06-04,129,82.44,1,78.66
2032,9285,4286,2024-09-01,12,13.49,1,28.46
2033,7470,6906,2024-07-21,75,95.86,1,78.19
2034,1577,4973,2025-12-30,118,79.51,0,55.35
2035,2662,4337,2025-09-24,56,83.76,1,67.46
2036,7449,8985,2025-06-20,69,89.4,1,75.26
2037,9117,2738,2022-10-01,75,60.39,0,27.94
2038,5808,8167,2026-05-08,44,44,1,47.71
2039,9142,1800,2021-09-28,35,36.57,0,24.19
2040,5905,4867,2026-04-06,62,58.92,1,57.3
2041,6262,4497,2026-04-10,58,40.28,1,42.67
2042,8976,9298,2026-02-05,45,61.96,1,65.65
2043,5150,6071,2023-12-18,24,23.57,0,20.34
2044,2531,1587,2021-04-04,25,38.96,0,13.83
2045,6248,2916,2025-07-26,44,41.19,1,35
2046,3363,5223,2026-04-15,13,24.16,1,29.31
2047,427,4377,2023-08-31,75,43.08,1,37.31
2048,342,6794,2020-11-15,78,79.44,1,66.16
2049,4103,6647,2021-06-21,96,75.82,1,71.96
2050,989,101,2025-08-13,32,21.49,1,39.4
2051,5013,8336,2023-08-05,133,97.85,1,69.78
2052,3465,9469,2023-11-20,53,83.6,1,72.71
2053,2301,9288,2025-10-04,3,8.7,0,9.83
2054,4567,5875,2025-04-07,159,89.79,1,66.62
2055,9969,735,2022-05-02,122,85.97,0,45.25
2056,4489,4205,2026-03-14,43,53.89,0,31.68
2057,2603,4966,2020-10-21,4,2.61,0,0
2058,912,2041,2026-02-19,39,84.6,1,72.34
2059,4198,1276,2025-10-04,118,72.64,1,62.75
2060,9200,5597,2023-07-07,20,59.12,1,47.8
2061,4908,7016,2022-07-12,9,8.83,0,13.03
2062,3611,7520,2024-05-05,63,82.42,1,78.37
2063,6862,1256,2024-07-24,34,28.91,0,18.15
2064,3928,4123,2023-03-28,28,74.98,1,66.07
2065,1725,3253,2026-04-02,39,82.43,1,66.47
2066,9149,7184,2025-06-27,68,57.9,0,35.58
2067,4571,8324,2023-02-14,56,73.34,1,69.96
2068,8631,4970,2026-03-18,24,72.69,0,33.75
2069,5705,9972,2026-03-30,63,37.63,1,37.41
2070,9779,8694,2026-06-20,55,33.29,0,24.71
2071,4019,1792,2023-12-05,55,36.02,0,23.63
2072,8973,6515,2026-06-20,60,57.8,1,54.24
2073,7065,939,2022-01-13,55,61.36,0,45.47
2074,7799,6323,2026-06-27,57,82.71,1,75.31
2075,8931,3853,2024-10-03,22,69.63,1,54.72
2076,8450,6133,2026-06-18,123,75.51,1,60.76
2077,6630,808,2026-04-01,5,11.11,0,12.89
2078,3759,1160,2025-01-17,25,46.23,1,39.16
2079,6921,6604,2023-07-24,95,70,1,65.15
2080,9343,6977,2021-06-26,91,63.42,1,63.21
2081,7154,6212,2025-07-21,47,60.51,1,52.71
2082,6884,4267,2026-01-17,136,83.22,1,73.18
2083,1855,1830,2023-06-01,26,24.44,1,37.3
2084,7696,2142,2024-01-01,34,74.23,1,66.79
2085,607,7945,2026-06-27,77,65.16,1,67.09
2086,3469,8190,2025-09-14,123,98.25,1,70.4
2087,7430,4493,2024-04-13,46,52.79,0,21.71
2088,5740,4006,2026-02-21,75,55.7,1,57.29
2089,8824,8238,2025-05-27,31,18.79,0,10.07
2090,8571,1301,2023-06-02,8,7.58,0,9.29
2091,6365,5187,2022-01-06,84,87.9,0,45.69
2092,367,9609,2024-05-03,67,50.71,0,38.56
2093,3265,535,2024-04-06,7,8.32,0,4.71
2094,3256,3538,2024-04-12,14,65.71,0,45.79
2095,7739,9509,2026-06-19,46,43.4,0,32.38
2096,9973,639,2023-04-02,36,40.53,0,32.95
2097,7114,940,2023-12-25,92,64.18,0,35.29
2098,1029,416,2021-05-02,17,26.61,1,28.52
2099,260,8447,2022-04-26,5,8.17,0,0.27
2100,7687,896,2024-07-16,3,1.89,1,30.22
2101,6994,4162,2025-10-11,2,1.4,0,0
2102,7262,5649,2025-02-20,34,19.79,0,12.07
2103,16,6563,2025-08-16,27,21.07,0,4.74
2104,5309,3691,2024-03-28,61,33.88,1,37.59
2105,1573,339,2021-09-22,14,18.21,1,40.68
2106,7652,3796,2025-09-28,49,41.68,0,31.17
2107,7493,2573,2025-07-06,93,82.76,1,75.89
2108,7566,2959,2023-09-22,94,64.11,1,54.49
2109,7235,9255,2024-10-03,47,45.86,0,18.58
2110,4325,6717,2024-12-22,82,73.49,1,69.52
2111,4840,4943,2026-06-18,20,44.45,1,40.28
2112,9745,7026,2026-05-03,142,98.58,0,63.05
2113,1581,6810,2025-05-02,32,90.43,1,70.75
2114,8696,6164,2025-04-18,42,81.39,1,68.6
2115,4714,8892,2025-09-04,146,90.4,1,74.11
2116,4024,6412,2021-08-08,3,11.47,0,5.47
2117,3590,2496,2024-12-26,41,22.83,0,8.17
2118,2888,3113,2026-05-18,25,52.77,0,33.41
2119,7197,740,2022-08-24,81,61.51,1,60.15
2120,5804,5104,2025-12-01,114,79.72,1,59.61
2121,3457,2246,2026-05-07,139,96.6,1,87.37
2122,1826,9359,2025-07-02,9,28.57,1,33.95
2123,9888,4871,2025-05-19,108,82.19,0,39.59
2124,8098,5665,2025-02-04,52,38.79,0,24.88
2125,6070,5602,2025-12-31,2,2.45,0,0
2126,2280,9927,2023-04-15,113,71.75,1,57.96
2127,6067,8354,2026-03-18,109,62.02,1,58.6
2128,8701,7237,2025-05-08,35,25.37,0,9.73
2129,9254,9699,2023-07-18,46,74.41,0,36.79
2130,5574,7532,2023-11-29,70,45.81,1,55.4
2131,2492,1730,2022-01-12,48,79.91,1,66.3
2132,8550,6077,2025-09-20,27,29.32,0,22.21
2133,7787,359,2026-04-21,15,57.24,1,51.19
2134,4363,32,2026-05-20,2,1.45,0,9.19
2135,6519,8463,2025-03-05,42,57.46,0,30.98
2136,5439,1891,2026-04-21,44,44.65,0,29.06
2137,8432,2597,2024-05-04,9,15.42,0,2.02
2138,3423,4442,2023-06-23,10,5.85,0,4.14
2139,4551,9079,2026-06-18,174,99.81,1,71.26
2140,2089,9353,2025-05-18,6,4.27,1,30.4
2141,8952,9589,2026-02-23,137,81.41,1,64.93
2142,7597,7463,2025-11-17,38,99,1,75.62
2143,475,6521,2024-10-23,135,79.28,1,59.37
2144,143,2337,2026-01-07,12,7.29,1,24.33
2145,5903,9534,2023-12-28,48,62.44,1,47.96
2146,2929,452,2026-05-30,24,13.85,0,10.82
2147,7183,542,2025-08-09,12,18.05,0,20.32
2148,4173,4010,2022-02-26,22,33.12,1,47.13
2149,5211,8070,2020-09-20,85,65.58,1,62.17
2150,3369,1381,2020-10-02,8,37.54,0,31.6
2151,7355,322,2021-12-27,1,1.47,0,8.18
2152,7520,5215,2024-12-23,4,9.13,0,4.44
2153,4144,8516,2022-05-08,3,2.79,0,0
2154,9107,5098,2022-08-21,47,36.68,0,15.08
2155,3771,4398,2024-02-03,6,18.78,0,10.39
2156,2351,9800,2025-02-03,30,27.01,1,42.31
2157,6599,4363,2024-01-22,25,22.4,1,42.91
2158,285,2524,2022-10-16,59,34.36,0,17.66
2159,7686,8502,2024-10-15,43,51.24,0,21.83
2160,3086,8594,2023-07-07,98,88.6,0,49.69
2161,6258,506,2023-11-12,16,22.41,0,22.86
2162,8263,8000,2022-09-09,88,87.58,1,81.3
2163,1122,6805,2024-05-29,85,48.72,0,25.59
2164,6501,2347,2024-06-29,41,48.74,1,50.25
2165,3711,6512,2023-11-27,37,96.14,1,77.55
2166,4682,8965,2024-07-09,77,79.09,1,64.66
2167,3130,985,2025-10-10,37,69.77,0,49.84
2168,3408,8209,2022-06-29,108,65.55,0,47.63
2169,4970,5353,2023-07-11,66,90.77,1,79.78
2170,8410,4287,2022-09-09,13,9.76,0,10.85
2171,8115,7930,2026-02-20,24,31.95,0,26.37
2172,8087,2008,2019-10-16,40,25.3,0,19.81
2173,8301,7474,2025-10-13,108,80.92,1,71.3
2174,3510,1774,2026-04-09,22,69.43,0,42.17
2175,887,1102,2024-10-25,70,59.63,1,46.55
2176,442,1646,2025-12-28,7,20.86,0,16.43
2177,7468,8240,2024-11-06,90,52.47,0,27.99
2178,4191,1301,2026-03-02,64,56.58,1,50.48
2179,6171,8387,2026-02-23,4,4.94,0,0
2180,3579,2808,2024-09-26,6,9.12,1,33.67
2181,9160,1163,2020-11-21,105,92.96,1,73.08
2182,9178,1708,2025-02-08,22,15.36,0,3.73
2183,5797,5646,2025-08-09,69,57.19,1,53.23
2184,3657,1136,2024-04-05,31,49.21,0,19.59
2185,7496,4893,2024-05-13,32,90.12,1,80.69
2186,809,1013,2023-12-15,162,98.05,1,79.27
2187,7084,4418,2025-09-09,72,56.88,1,48.17
2188,9225,8391,2025-11-02,36,22.9,1,33.46
2189,3710,5167,2026-02-03,88,61.35,1,47.35
2190,5619,2018,2025-07-10,86,57.09,0,28.11
2191,3675,9295,2024-02-04,45,47.65,0,28
2192,1767,2867,2025-10-16,81,51.96,0,32.64
2193,6087,5326,2025-01-01,144,95.61,1,72.82
2194,7635,5473,2025-10-12,26,94.61,0,53.51
2195,367,8027,2023-09-06,45,34.02,0,24.89
2196,6826,8863,2026-01-12,52,48.13,0,27.43
2197,1762,277,2024-10-09,147,83.05,0,51.43
2198,8201,3937,2019-09-24,73,68.61,1,63.18
2199,525,4314,2026-06-11,24,28.33,1,31.15
2200,9350,2566,2025-02-15,88,69.25,1,55.02
2201,9816,105,2024-02-27,57,66.98,1,51.22
2202,4792,1704,2024-04-07,13,45.41,0,32.81
2203,8887,1811,2025-11-01,14,22.96,0,19.86
2204,6124,4924,2022-03-30,33,51.85,0,22.88
2205,5793,1602,2022-12-24,77,72.28,0,38.88
2206,4706,7350,2024-08-07,61,37.43,0,30.19
2207,7606,9181,2026-06-03,8,20.61,0,20.33
2208,2698,4803,2023-09-18,1,1.23,0,0
2209,5767,8688,2026-02-11,51,89.35,1,78.95
2210,6257,2429,2023-12-27,51,66.59,1,62.11
2211,1383,1089,2026-01-11,81,59.37,0,28.62
2212,9406,3232,2025-12-11,9,6.87,1,15.46
2213,1766,7434,2024-02-26,7,6.37,0,8.44
2214,3277,5773,2025-09-23,26,29.44,1,28.92
2215,4315,6215,2023-10-27,6,3.92,0,0
2216,3985,5688,2023-10-22,139,93.6,1,67.41
2217,2367,8258,2023-07-09,101,85.03,1,69.45
2218,7422,3878,2022-03-05,11,26.51,1,36.74
2219,6131,1868,2026-06-15,107,60.08,0,39.31
2220,4891,8229,2024-03-18,49,70.53,0,32.88
2221,9862,756,2026-04-09,100,75.8,0,44.38
2222,1428,1116,2024-11-02,89,85.75,1,73.88
2223,9079,925,2023-04-27,19,29.61,1,42.96
2224,7804,2170,2026-03-07,111,92.45,1,75.12
2225,2910,678,2023-02-12,102,86.87,1,78.44
2226,2409,2026,2023-07-11,116,67.18,1,65.6
2227,2166,9553,2023-01-30,36,27.86,0,23.79
2228,4479,4603,2023-04-28,78,59.87,1,53.16
2229,6598,5172,2025-09-20,3,14.24,0,16.22
2230,8558,4838,2024-10-05,44,29.34,1,45.04
2231,2895,6975,2022-02-26,35,20.24,1,25.66
2232,3876,3750,2025-06-06,41,32.84,0,15.18
2233,9641,6654,2024-01-19,94,59.48,1,63.03
2234,8029,345,2024-01-17,9,25.63,1,33.45
2235,3441,4087,2025-06-19,63,46.46,0,35.14
2236,1430,2573,2024-01-06,76,75.88,1,56.05
2237,5805,7361,2025-03-07,14,8.39,0,0
2238,9575,1266,2025-02-23,105,62.77,1,65.86
2239,811,2327,2024-09-20,48,81.18,0,46.9
2240,2072,2134,2025-05-08,55,53.51,1,43.1
2241,1550,9008,2022-08-10,41,28.24,0,26.17
2242,5683,1658,2025-05-25,12,30.62,1,28.91
2243,3744,410,2024-12-26,87,83.95,1,67.53
2244,6207,2395,2024-05-27,50,85.69,0,45.01
2245,2968,3062,2021-11-12,40,23,1,35.08
2246,4569,4888,2024-02-01,80,63.9,0,37.44
2247,7286,2598,2025-04-11,19,11.48,0,6.25
2248,8634,1360,2025-11-27,106,81.5,0,51.31
2249,3866,968,2024-05-27,9,14.26,0,4.32
2250,3675,2083,2024-04-28,6,10.52,0,0
2251,491,3589,2022-01-02,2,3.76,0,0
2252,7328,5875,2024-12-28,5,9.04,0,5.56
2253,2766,9634,2026-05-27,151,95.28,1,83.12
2254,5631,386,2025-09-26,18,11.26,0,9.87
2255,8254,6569,2026-01-05,21,20.01,0,7.09
2256,3831,5117,2024-12-06,10,7.22,0,1.21
2257,4507,5854,2026-02-05,47,26.39,0,6.77
2258,7125,1855,2025-06-19,29,62.41,0,39.69
2259,1974,5486,2022-06-20,31,32.97,1,31.26
2260,1767,9783,2026-02-24,61,45.98,1,38.56
2261,3253,5193,2024-05-20,55,91.27,1,66.12
2262,4176,7952,2019-04-08,27,55.77,1,63.35
2263,9928,258,2021-02-07,101,84.31,1,72.41
2264,6025,1171,2026-01-18,51,53.04,1,48.56
2265,8071,9564,2025-07-29,70,57.04,1,49.61
2266,1011,288,2024-08-24,66,97.3,1,69.68
2267,3934,5533,2026-04-26,8,21.48,1,30.9
2268,4416,164,2023-05-15,21,51.09,1,50.6
2269,7814,2467,2024-01-22,20,45.38,1,41.75
2270,4260,9854,2024-09-04,21,58.62,0,31.38
2271,4655,7810,2026-05-01,145,85.79,0,58.65
2272,7347,5943,2023-11-08,117,65.56,1,53.9
2273,8835,4853,2023-08-25,36,21.72,0,15.66
2274,6176,4569,2022-11-20,85,69.46,1,67.04
2275,7379,1119,2026-04-06,11,15.59,0,8.22
2276,3773,4273,2024-10-11,67,96.95,0,60.24
2277,6245,3727,2026-04-14,25,28.43,0,15.59
2278,2336,2753,2025-07-21,40,44.86,0,31.62
2279,8180,2058,2025-04-13,94,60.05,1,61.15
2280,5984,4573,2021-01-26,70,46.07,1,40.22
2281,9200,4184,2021-08-01,6,8.44,1,30.76
2282,3960,9213,2025-10-11,6,13.67,0,0
2283,1812,9725,2024-10-03,72,56.31,1,44.27
2284,9552,9255,2026-06-28,40,36.09,0,19.48
2285,5480,2421,2026-03-03,50,78.52,1,74.68
2286,7069,5227,2025-12-29,134,82.33,1,64.13
2287,8794,4190,2025-02-14,58,57.65,0,25.61
2288,671,2403,2021-12-31,41,26.37,1,33.18
2289,6137,1134,2024-05-21,80,93.89,1,85.74
2290,8555,459,2024-05-12,160,97.51,1,77.57
2291,6594,9697,2024-10-20,87,49.78,0,31.83
2292,7494,5499,2022-11-25,49,32.04,0,21.92
2293,4993,166,2024-05-22,41,82.84,1,76.61
2294,5394,3251,2021-03-10,18,37.06,1,47.75
2295,5040,5258,2025-12-19,76,58.63,1,58.89
2296,8329,6358,2020-12-28,56,43.02,0,19.66
2297,2521,3051,2026-06-27,63,79.28,1,68.08
2298,5965,6298,2026-03-19,16,24.61,0,24.02
2299,9011,6248,2022-10-05,18,76.28,1,58.57
2300,9424,4526,2024-09-24,56,52.27,1,52.09
2301,2035,2244,2022-12-10,15,11.43,0,1.07
2302,4601,3901,2026-05-07,91,76.49,0,49.93
2303,1848,1698,2025-09-29,73,66.14,0,33.31
2304,1397,2868,2025-01-06,52,57.95,0,41.59
2305,6011,3336,2023-08-28,50,56.55,0,27.6
2306,205,2633,2026-02-23,40,36.27,0,12.22
2307,8427,8768,2025-06-12,19,19.06,0,9.66
2308,8258,7254,2026-05-28,11,16.69,0,14.46
2309,3046,7405,2026-01-25,103,72.64,0,49.56
2310,2426,6870,2024-10-02,19,26.24,1,26.96
2311,1172,8913,2023-04-17,12,30.97,0,11.47
2312,6458,889,2024-09-01,47,66.13,0,37.01
2313,7652,8449,2025-09-21,19,43.56,0,29.04
2314,2902,1867,2026-05-12,18,25.46,1,44.37
2315,2619,6281,2025-04-18,29,35.42,0,23.4
2316,3943,1724,2023-09-04,25,46.15,1,46.51
2317,369,8080,2025-08-21,21,18.69,0,16.73
2318,6170,8114,2025-06-22,49,50.53,0,38.45
2319,4968,6171,2025-10-20,15,26.83,1,31.94
2320,1245,5968,2026-01-19,19,16.58,1,37.65
2321,7420,2165,2026-04-22,27,30.4,0,15.77
2322,2254,4826,2023-04-14,107,97.57,1,78.87
2323,1233,9108,2022-04-02,20,35.3,0,28.6
2324,5492,2788,2026-02-26,34,44.18,0,27.75
2325,9697,3179,2023-01-30,15,11.99,0,2.5
2326,7767,5956,2026-04-06,58,47.54,0,30.67
2327,7189,1517,2023-05-29,21,14.43,0,17.16
2328,9031,6246,2026-02-28,136,95.4,1,69.43
2329,3691,9804,2025-05-21,96,59.66,0,33.69
2330,8130,8735,2026-02-01,13,49,1,54.23
2331,1029,3856,2023-10-29,77,79.56,1,76.34
2332,5834,1757,2025-08-15,22,52.39,1,42.47
2333,3273,7005,2026-01-29,31,20.18,0,7.94
2334,8587,4458,2025-05-27,13,11.94,0,1.3
2335,2125,4853,2026-01-04,20,15.64,0,10.66
2336,2670,3086,2021-05-04,84,74.96,1,70.85
2337,946,6893,2026-02-28,27,28.62,0,13.84
2338,5091,49,2026-04-19,67,67.45,1,68.72
2339,9611,8639,2022-11-28,118,76.1,1,69.78
2340,7795,4289,2026-01-13,30,89.45,1,74.85
2341,8819,4833,2026-04-06,81,71.23,1,59.1
2342,7508,5215,2025-10-17,19,73.19,0,47.42
2343,3731,1601,2026-04-21,7,4.7,0,0
2344,6468,6473,2022-01-18,7,23.12,0,5.95
2345,5811,9060,2025-04-29,149,88.89,0,43.94
2346,9185,9100,2026-02-17,65,71.94,0,35.31
2347,188,451,2023-08-24,70,44.26,0,27.52
2348,9174,9759,2022-09-24,69,58.43,0,30.48
2349,335,7801,2025-08-02,129,93.15,1,70.07
2350,1778,629,2026-05-11,99,67.97,0,40.62
2351,2966,1895,2022-11-15,16,67.06,1,57.55
2352,2408,5837,2025-11-09,147,98.74,1,77.24
2353,2595,7321,2020-06-10,3,1.68,0,0
2354,1269,6934,2025-08-08,1,1.33,1,24.01
2355,3947,5114,2026-05-08,31,83.71,0,43.76
2356,4712,2372,2025-07-17,19,13.28,0,1.03
2357,4457,1904,2025-09-12,37,20.9,1,29.3
2358,6192,5853,2025-09-18,132,99.7,1,85.85
2359,2548,8777,2026-03-31,123,88.84,1,69.08
2360,8564,1307,2025-11-13,42,76.31,1,70.25
2361,1939,4037,2023-12-30,59,67.27,1,60.02
2362,3966,3235,2025-08-19,138,94.44,0,61.97
2363,2636,6166,2024-08-05,7,17.81,0,1.2
2364,9014,1435,2026-02-19,12,17.18,0,2.85
2365,5350,7716,2023-03-17,31,18.62,0,19.96
2366,9858,2406,2026-02-03,31,77.9,1,75.05
2367,2814,8437,2022-10-06,124,76.93,1,68.67
2368,8258,1373,2026-06-01,124,90.18,1,76.51
2369,906,3775,2024-03-31,16,82.48,1,63.7
2370,7811,5843,2025-04-09,6,8.24,1,22.13
2371,5178,3876,2023-06-23,3,5.53,1,24.78
2372,601,4754,2024-12-16,8,38.34,0,25.57
2373,5006,5571,2022-12-16,68,40.03,0,32.19
2374,8625,4848,2026-01-22,23,24.65,0,9.21
2375,6873,2899,2026-01-05,19,30.13,1,29.72
2376,4987,3921,2024-01-16,12,8.05,0,0
2377,2941,6608,2021-08-18,6,18.64,0,20.72
2378,6991,9981,2023-08-23,68,38.26,0,29.93
2379,8714,3410,2021-11-25,95,58.46,1,48.57
2380,1533,9016,2026-03-03,12,42.76,0,21.48
2381,7319,9052,2025-02-14,53,34.78,0,28.89
2382,5177,331,2025-08-15,159,91.73,1,70.39
2383,1998,4862,2025-08-11,4,3.89,0,3.81
2384,1068,6985,2023-04-11,103,81.9,1,76.53
2385,7752,1658,2024-11-01,7,3.85,0,0
2386,8609,9060,2025-04-06,11,13.06,0,6.89
2387,9444,4456,2025-10-13,30,37.21,1,33.41
2388,6558,418,2025-12-20,65,43.02,0,35.06
2389,5850,851,2025-12-06,35,27.04,0,21.68
2390,891,8440,2026-04-24,48,54.53,1,59.91
2391,4879,3673,2025-04-02,53,60.1,1,46.17
2392,3742,1435,2025-12-12,47,71.86,1,63.85
2393,7098,9068,2022-01-26,26,23.61,0,16.1
2394,8873,7623,2024-02-28,60,72.74,1,68.36
2395,3601,5565,2023-11-12,37,71.39,1,53.36
2396,8491,3387,2025-03-10,52,72,1,64.31
2397,9414,3097,2019-12-13,102,66.6,0,42.35
2398,1949,6893,2026-04-05,143,82.45,1,79.46
2399,9900,2260,2023-11-15,48,31.69,0,16.22
2400,5577,6737,2025-11-07,114,77.02,1,58.72
2401,929,536,2026-06-13,11,14.1,0,16.48
2402,1137,9402,2023-07-26,90,79.81,0,46.06
2403,1518,1995,2026-01-03,34,65.86,1,63.09
2404,5444,2651,2025-03-19,79,82.66,1,78.12
2405,129,3845,2024-09-23,18,69.4,0,45.21
2406,6448,4791,2026-05-17,27,98.83,1,70.13
2407,5291,6894,2019-12-11,29,42.64,0,34.65
2408,8921,2730,2024-08-05,63,56.94,1,48.06
2409,3462,7236,2026-05-26,37,64.59,1,55.43
2410,2755,4789,2024-05-20,55,35.34,0,15.56
2411,8936,2360,2023-12-25,3,10.16,0,8.2
2412,1738,2649,2025-04-11,16,11.84,1,36.39
2413,6539,222,2025-09-04,152,87.09,1,73.41
2414,6646,9625,2026-04-08,24,15.34,0,18.79
2415,855,6183,2022-10-14,19,27.85,0,11.53
2416,1604,7673,2024-05-07,47,40.57,0,18.75
2417,7387,3928,2025-11-05,47,37.61,1,35.56
2418,8386,4498,2024-10-10,68,46.18,1,46.52
2419,7039,7456,2025-06-16,40,49.63,0,30.26
2420,4781,4206,2025-08-20,88,56.29,0,25.89
2421,2473,3058,2025-09-25,59,41.33,0,24.21
2422,371,341,2024-07-01,61,87.77,1,67.09
2423,5565,9810,2025-10-19,56,64.09,1,66.85
2424,9960,1506,2025-02-27,89,85.91,1,79.85
2425,2718,2939,2023-02-27,49,67.87,1,55.39
2426,2239,9506,2021-05-13,56,40.78,0,27.52
2427,1855,5262,2026-01-17,65,40.87,1,41.44
2428,7939,2310,2026-04-21,1,1.72,1,24.15
2429,7337,1209,2026-05-23,121,73.97,1,68.6
2430,789,1701,2024-06-04,40,27.41,0,7.89
2431,5502,2979,2025-12-17,90,50.67,0,30.3
2432,7104,3025,2019-10-08,11,13.01,0,14.68
2433,950,181,2022-07-27,20,31.15,0,22.33
2434,8218,9654,2023-10-24,59,56.48,0,29.7
2435,6864,4061,2024-02-12,77,44.48,0,29.01
2436,2741,9314,2024-11-12,89,93.41,1,71.37
2437,8512,6306,2025-05-26,99,62.15,1,61
2438,8543,404,2020-11-14,33,37.05,0,32.13
2439,1053,6339,2024-12-25,38,33.75,0,23.42
2440,5944,8259,2024-02-03,28,39.3,0,15.59
2441,8932,6013,2025-12-02,5,19.51,0,15.18
2442,1807,7098,2025-01-05,11,6.08,0,0
2443,5480,8638,2026-04-25,82,49.31,0,22.01
2444,5814,7189,2026-02-08,42,43.43,0,30.44
2445,3243,3800,2024-10-05,88,52.21,1,53.57
2446,2654,2434,2024-07-06,49,87.64,0,51.38
2447,789,34,2024-11-09,84,81.36,0,48.77
2448,8902,6316,2022-04-09,14,11.65,1,21.34
2449,1669,7797,2021-04-16,6,8.85,0,2.28
2450,936,8015,2024-01-31,30,19.82,1,38.84
2451,8301,6980,2023-11-29,15,11.82,1,24.22
2452,7221,4163,2023-11-08,57,61.91,1,65.52
2453,3359,5541,2024-12-27,23,46.98,1,38.25
2454,6307,8948,2024-08-27,22,18.93,0,10.23
2455,9305,6688,2021-11-24,56,42.85,0,20.29
2456,6731,1460,2025-01-04,96,78.04,0,49.17
2457,6194,3141,2023-08-31,6,11.3,0,9.47
2458,4589,6598,2024-04-18,26,74.14,1,56.34
2459,5696,1803,2026-06-16,127,97.05,1,78.76
2460,7604,3529,2026-02-05,44,37.73,1,45.27
2461,6800,5612,2024-12-13,100,60.98,0,40.58
2462,1416,1597,2026-02-26,42,69.41,0,40.23
2463,9203,1791,2026-01-05,20,13.14,0,16.19
2464,7134,2703,2025-09-01,8,23.23,0,21.89
2465,7089,37,2025-06-19,10,12.66,0,17.1
2466,7601,4781,2025-05-02,44,56.71,1,46.77
2467,2244,7767,2025-12-09,42,50.15,1,45.28
2468,434,5008,2026-06-30,13,34.34,1,44
2469,7040,4367,2025-06-05,81,53.07,0,41.81
2470,4760,7844,2025-04-02,29,34.24,1,36.7
2471,4912,5401,2021-05-01,138,77.08,0,54.88
2472,544,9131,2025-04-03,151,83.76,0,55.9
2473,9840,8966,2025-04-19,69,93.83,1,81.98
2474,31,6652,2024-03-06,22,21.53,0,19.41
2475,1690,2713,2025-04-22,17,69.59,1,63.98
2476,4787,5476,2023-06-15,73,58.76,1,61.43
2477,3313,5003,2025-09-20,97,59.08,0,41.79
2478,775,7928,2020-11-01,34,30.61,1,34.32
2479,6897,1394,2024-05-12,8,13.81,1,25.43
2480,5312,2762,2023-09-16,98,95.48,1,80.89
2481,4275,2310,2024-04-10,12,7.85,1,17.71
2482,1739,2996,2026-06-28,45,24.74,0,11.41
2483,7987,4243,2024-07-14,28,51.31,1,49.41
2484,9506,3581,2019-06-13,71,57.39,0,40.82
2485,9937,3733,2026-06-01,123,75.42,0,50.87
2486,4363,1511,2025-12-22,16,13.21,0,0
2487,8883,8912,2026-06-16,13,17.26,0,1.44
2488,5590,6683,2025-08-04,33,27.87,0,17.97
2489,3530,534,2025-03-21,61,41.76,0,34.01
2490,4022,7167,2026-01-05,32,26.24,0,17.13
2491,7926,8427,2024-11-19,11,36.69,0,28.52
2492,3631,2337,2022-11-06,33,74.35,0,47.59
2493,3540,5600,2026-02-02,19,10.89,0,14.08
2494,6649,5297,2023-03-23,19,33.76,0,26.2
2495,5724,2116,2023-11-16,10,10.24,0,7.53
2496,9897,8888,2026-02-02,55,45.84,0,20.25
2497,4834,9716,2024-12-07,65,44.54,1,39.68
2498,9860,3022,2025-12-16,1,1.08,0,1.71
2499,5097,7726,2026-03-21,20,24.33,1,38.79
2500,850,6818,2024-06-27,30,27.23,1,30.93
2501,8243,8380,2025-10-21,11,6.12,0,0
2502,8904,9919,2025-07-24,4,2.66,0,1.92
2503,539,9497,2024-05-13,81,76.24,1,58.16
2504,24,5257,2025-12-31,139,81.81,0,44.3
2505,5376,3762,2025-04-06,19,36.12,0,12.04
2506,4033,1375,2026-05-23,139,94.4,1,72.02
2507,8900,4442,2026-06-01,20,17.97,0,9.62
2508,7879,1039,2024-02-05,1,5.58,0,3.55
2509,4451,5681,2023-10-17,42,53.92,1,53
2510,5179,1063,2026-06-24,83,62.59,0,29.66
2511,935,7318,2025-09-01,14,68.46,1,56.49
2512,5145,5558,2026-05-19,3,11.38,0,13.86
2513,9252,5859,2026-03-18,13,15.76,0,2.16
2514,5185,2528,2023-11-08,38,26.17,0,15.32
2515,392,295,2023-03-15,63,37.96,1,41.39
2516,6058,9291,2024-01-13,13,65.4,0,41.13
2517,3445,6790,2025-08-10,36,48.92,0,35.16
2518,3073,2333,2024-10-17,39,98.86,1,71.56
2519,6031,4488,2021-07-23,50,92.74,0,64.84
2520,2109,5522,2023-12-20,12,6.86,0,0
2521,1239,3833,2024-11-19,15,8.79,1,25.93
2522,4638,3124,2025-12-01,38,28.27,0,19.51
2523,7821,4590,2025-12-18,60,33.84,0,10.31
2524,1100,6563,2025-12-18,5,6.67,0,0
2525,4031,5050,2025-09-04,13,19.81,1,22.63
2526,6775,7120,2026-05-08,45,28.5,0,11.55
2527,4613,6073,2023-06-25,9,31.46,0,26.62
2528,6946,3863,2026-06-05,96,99.19,1,80.98
2529,5635,2717,2026-04-10,4,2.98,0,0
2530,1696,6405,2025-10-30,100,73.34,1,62.22
2531,6019,1704,2021-02-06,26,29.58,0,11
2532,1200,9679,2024-01-19,105,66.9,1,58.4
2533,2395,2298,2026-02-27,121,82.84,0,59.3
2534,9320,6102,2024-04-06,8,19.55,0,4.64
2535,7858,2585,2025-04-21,92,53.87,1,47.27
2536,5788,9118,2026-06-03,63,59.45,1,52.28
2537,3269,4265,2023-10-12,116,96.82,0,65.75
2538,464,5920,2025-10-26,61,58.4,1,52.29
2539,1791,2546,2025-02-28,131,93.98,1,81.85
2540,9239,2738,2025-04-25,39,76.7,1,63.3
2541,7103,8239,2026-06-09,132,77.29,1,65.09
2542,6619,8235,2026-04-15,5,15.42,1,37.27
2543,6642,9145,2025-12-23,43,50.7,1,44.16
2544,4390,5358,2022-08-01,37,50.43,0,39.94
2545,2447,1999,2025-08-21,56,41.21,0,22.02
2546,7352,8695,2025-12-29,18,20.98,1,30.05
2547,4667,1351,2025-07-21,176,99.82,1,75.39
2548,1409,5175,2025-03-02,61,67.18,1,59.34
2549,5937,8492,2021-05-24,35,72.7,1,67.82
2550,2783,1746,2026-03-23,35,20.67,0,14.42
2551,976,2794,2024-01-04,29,68.23,1,60.47
2552,8772,3611,2026-06-14,14,9.68,1,26.67
2553,8052,2571,2026-02-03,95,56.96,0,40.49
2554,4183,4194,2024-01-25,64,64.63,1,66.38
2555,5924,2174,2022-03-30,91,57.4,0,31.72
2556,2371,2414,2024-10-27,8,33.04,0,11.5
2557,2190,4142,2024-04-30,19,46.92,0,25.41
2558,4097,6106,2025-06-22,92,99.41,0,58.83
2559,1310,8200,2026-04-23,10,6,0,0
2560,6692,9915,2023-11-25,74,69.37,1,59.16
2561,9846,4214,2026-06-11,26,48.63,0,35.31
2562,3796,679,2024-04-22,24,84.43,0,46.46
2563,5639,4051,2020-07-13,58,43.19,1,42.01
2564,5632,317,2026-05-11,82,97.17,1,74.91
2565,975,7485,2024-12-23,1,1.88,0,0
2566,4677,9273,2023-09-05,78,53.74,1,57.23
2567,2427,8359,2024-12-14,121,68.97,0,50.22
2568,8303,8108,2026-05-05,30,37.14,1,49
2569,4075,3639,2024-03-03,101,65.46,0,45
2570,2901,336,2022-03-25,11,16.44,0,1.58
2571,995,1031,2025-09-24,42,48.23,0,21.26
2572,1444,5092,2024-07-20,40,48.14,0,29.64
2573,9961,4901,2022-07-21,19,15.89,0,6.74
2574,3293,14,2025-12-03,84,96.29,1,83.93
2575,3675,3396,2025-05-24,51,37.76,0,26.1
2576,8979,1821,2024-03-21,65,50.82,0,24.32
2577,5409,8330,2026-01-06,29,88.78,1,77.81
2578,5126,4058,2026-04-17,15,17.72,0,6.32
2579,8784,7603,2020-01-22,23,26.17,0,11.5
2580,4677,6774,2020-11-13,100,81.7,0,55.1
2581,8814,7490,2022-10-09,30,17.99,0,16.29
2582,2382,8402,2024-07-02,105,84.42,1,61.27
2583,8769,3316,2025-08-23,35,81.48,1,64.17
2584,9563,5003,2026-06-22,15,18.03,0,2.22
2585,3324,517,2026-06-09,105,94.01,1,66.95
2586,1908,7768,2020-10-16,93,90.45,0,60.32
2587,6357,4751,2026-05-19,4,12.99,0,16.9
2588,1857,9436,2026-03-29,64,35.32,1,41.92
2589,7832,1310,2022-04-04,90,57.9,0,43.92
2590,3823,9291,2026-04-11,57,47.17,1,47.09
2591,6564,6636,2025-03-12,8,21.49,0,7.04
2592,3828,5162,2025-03-12,69,53.69,1,43.73
2593,4299,2224,2024-11-18,54,67.44,1,66.24
2594,8016,4616,2025-02-12,138,78.48,1,58.22
2595,9342,8247,2025-08-18,29,18.98,1,33.93
2596,5949,8715,2024-03-04,122,71.98,1,53.63
2597,6893,6347,2025-05-04,75,99.68,1,80.82
2598,9646,5474,2026-06-25,51,50.74,1,56.45
2599,6896,6821,2021-11-13,19,84.14,0,41.02
2600,6326,8392,2023-03-05,82,79.45,0,41.69
2601,7323,5267,2026-05-08,93,80.2,0,41.72
2602,4543,3582,2026-04-13,62,56.46,0,25.84
2603,3737,734,2025-10-28,51,75.69,1,62.82
2604,4278,4761,2024-09-12,142,93.62,1,82.36
2605,3243,7751,2021-04-18,38,90.83,0,60.29
2606,3256,9276,2023-09-05,128,96.03,1,72.77
2607,3931,5640,2025-04-15,59,58.31,1,48.98
2608,2153,661,2025-02-09,15,10.94,1,25.13
2609,7215,1616,2025-09-20,109,95.97,1,69.02
2610,6112,4677,2025-08-27,57,66.07,1,62.89
2611,158,1167,2025-03-20,113,81.01,1,71.57
2612,6180,8218,2024-05-05,77,67.04,0,43.66
2613,6336,4944,2025-10-22,48,29.98,1,37.38
2614,6576,8257,2022-04-21,21,39.62,1,52.91
2615,5544,3378,2024-02-13,10,30.4,0,21.07
2616,5896,1896,2026-06-20,45,80.03,1,59.07
2617,4640,2107,2024-11-30,125,69.67,0,42.4
2618,5213,193,2026-01-10,135,96.47,1,76.87
2619,1392,9550,2025-06-20,14,71.47,0,43.11
2620,809,852,2026-01-02,17,59.08,0,27.15
2621,4232,3362,2024-10-24,67,84.63,1,68.05
2622,3440,9223,2025-10-31,5,4.55,1,26.45
2623,2769,8439,2022-06-02,43,31.14,1,37.66
2624,9749,487,2024-06-20,6,11.9,0,14.11
2625,7829,6005,2026-06-22,54,93.9,1,70.2
2626,9984,5132,2025-08-23,20,83.82,0,54.17
2627,1027,476,2023-04-30,27,33.35,0,17.03
2628,1878,7300,2024-09-08,67,66.83,1,63.01
2629,2197,1947,2026-01-16,65,49.84,1,44.91
2630,2164,6631,2021-11-19,107,75.67,0,42.26
2631,1657,2203,2025-08-21,49,72.75,1,58.12
2632,5191,4183,2020-10-24,1,2.33,1,17.37
2633,7798,1070,2024-08-08,51,54.48,1,45.2
2634,6778,4537,2025-12-17,21,12.61,0,0
2635,2021,9087,2026-02-19,85,59.69,1,57.46
2636,4628,6887,2024-07-18,16,72.95,1,72.79
2637,1158,9947,2023-08-28,49,34.53,1,36.63
2638,1100,4777,2026-06-05,50,41.03,0,23.91
2639,6597,8964,2023-09-22,53,64.91,1,60.8
2640,6764,3247,2021-07-30,9,23.67,0,7.06
2641,1184,3987,2020-09-06,150,92.03,0,62.61
2642,1067,5542,2024-01-31,66,63.16,0,37.95
2643,3847,3531,2024-01-02,3,10.1,0,0
2644,336,4038,2024-01-24,65,37.87,0,24.81
2645,2224,232,2026-06-17,24,39.91,0,25.74
2646,4067,9559,2026-03-06,25,35.94,1,44.79
2647,1398,4316,2022-02-25,60,74.96,0,51.03
2648,7132,9567,2024-02-17,78,55.38,0,27.26
2649,1080,4297,2025-08-13,56,48.15,0,35.61
2650,4929,5320,2026-06-06,112,95.72,1,73.9
2651,5473,3762,2023-11-06,76,81.9,0,48.58
2652,542,6961,2025-02-07,4,3.56,0,0
2653,3317,3292,2024-02-01,5,3.4,0,0
2654,4010,9164,2022-09-30,43,37.41,0,27.83
2655,2135,3867,2026-03-15,76,60.11,0,42.41
2656,7529,2250,2022-09-20,12,16.96,0,8.48
2657,605,3118,2023-05-06,19,47.38,0,30.05
2658,3592,6438,2022-09-24,45,66.36,0,48.97
2659,4582,5375,2024-02-24,38,46.92,0,37.69
2660,2569,4079,2021-11-16,128,88.88,1,65.3
2661,7018,5843,2026-01-14,78,78.27,0,53.91
2662,1986,6446,2025-09-14,69,72.56,0,44.46
2663,144,7547,2026-02-06,47,37.34,0,20.12
2664,935,8382,2025-08-14,47,83.54,1,77.49
2665,4440,1020,2021-12-09,37,57.05,0,30.07
2666,8642,8847,2023-09-07,70,43.2,0,32.6
2667,4818,627,2025-10-06,23,29.25,1,36.89
2668,5085,2013,2026-01-02,24,57.93,1,60.43
2669,9629,6484,2025-01-17,98,96.72,1,72.51
2670,3593,1076,2022-12-30,111,62.95,0,29.59
2671,1152,7527,2025-09-17,81,68.56,1,66.24
2672,4380,4391,2023-08-25,54,61.54,1,55.49
2673,9441,2411,2024-02-27,21,45.68,0,20.4
2674,4145,4409,2024-11-29,15,66.96,1,62.73
2675,4505,9035,2025-08-24,106,66.07,0,30.53
2676,4584,381,2024-07-25,44,39.65,0,28.92
2677,3307,2715,2026-06-28,55,34.99,0,14.71
2678,5688,6332,2020-06-10,28,37.61,1,51.74
2679,9709,1811,2022-06-18,24,42.78,1,51.52
2680,9361,7319,2024-02-22,109,80.01,1,74.63
2681,4443,3130,2026-01-23,61,65.29,1,56.2
2682,7646,3495,2026-05-13,123,93,1,76.17
2683,789,5715,2025-03-21,126,87.33,1,72.41
2684,3939,391,2026-05-06,50,38.85,1,42.22
2685,3203,4985,2022-01-01,56,39.96,0,31.71
2686,2745,3668,2025-01-30,150,88.9,0,47.04
2687,9937,6171,2023-10-21,2,3.2,0,7.15
2688,1542,2826,2024-01-25,123,99.69,0,57.34
2689,8333,8143,2020-12-08,103,94.94,1,84.5
2690,8800,4980,2022-03-12,153,93.93,1,76.39
2691,8422,8195,2026-04-02,55,91.39,1,79.59
2692,5300,4358,2023-09-20,72,89.4,1,77.94
2693,9836,3597,2026-04-01,45,75.34,0,49.36
2694,2328,373,2024-04-30,24,90.09,1,71.53
2695,3189,4261,2024-12-16,136,92.84,1,75.6
2696,4262,4240,2026-06-29,46,29.77,0,22.06
2697,7504,6487,2025-09-05,48,35.03,0,26.29
2698,2511,4640,2026-01-24,29,27.53,0,24.7
2699,2533,6587,2025-03-24,54,95.12,1,75.68
2700,3042,2950,2025-12-13,90,66.73,0,37.55
2701,3426,9871,2021-06-24,23,50.18,0,29.72
2702,8001,4031,2026-04-29,141,80.63,0,39.1
2703,2963,9349,2026-06-28,59,96.42,1,71.3
2704,1772,9780,2024-03-08,55,53.25,0,41.34
2705,723,4418,2024-04-13,70,59.17,1,59.04
2706,3986,5302,2025-12-12,1,1.02,0,0
2707,4808,360,2021-05-23,77,74.58,1,59.48
2708,7752,9947,2026-03-30,44,99.27,1,87.88
2709,7656,7548,2024-11-25,4,4.34,0,12.04
2710,2128,1037,2024-05-01,84,85.79,0,43.97
2711,9650,4620,2025-04-17,8,36.6,0,16.98
2712,6961,9501,2026-02-19,11,26.08,0,8.72
2713,133,2436,2025-05-08,86,53.02,1,58.05
2714,8553,7828,2024-10-08,92,78.27,1,69.91
2715,4632,6519,2026-06-17,10,13.41,0,10.42
2716,4570,7080,2025-09-30,96,77.82,1,73.37
2717,7715,7578,2023-10-30,5,20.25,0,11.14
2718,4383,9094,2026-06-20,23,15.96,1,26.41
2719,3692,6279,2025-11-11,78,49.73,0,31.05
2720,2839,3051,2026-03-07,12,49.55,0,35.55
2721,5166,8959,2025-11-19,33,78.27,1,62.05
2722,5752,3290,2022-02-08,32,56.29,0,27.94
2723,5313,7118,2026-03-23,76,56.51,0,43.15
2724,654,9187,2025-01-10,14,22.35,0,3.79
2725,5205,1232,2023-09-30,30,31.51,0,22.02
2726,3996,179,2022-09-13,110,72.9,1,58.15
2727,9808,3052,2025-08-23,26,17.52,0,3.37
2728,3267,8744,2022-03-01,47,35.85,1,44.52
2729,8093,1444,2024-07-07,20,18,0,14.39
2730,5381,6292,2026-05-11,31,22.19,0,12.28
2731,3883,8096,2025-03-23,16,35.09,0,27.2
2732,7986,6213,2024-04-14,95,95.27,1,86.62
2733,7662,2025,2023-12-02,26,58.7,1,54.97
2734,8760,5861,2025-04-03,26,44.62,0,22.61
2735,766,1388,2025-10-16,29,18.7,1,26.31
2736,113,6351,2025-01-16,37,92.81,1,65.75
2737,706,4197,2025-07-16,8,18.74,1,22.86
2738,884,2736,2024-02-26,66,48.09,1,57.29
2739,8622,3616,2025-08-30,2,2.83,0,0.72
2740,1188,4710,2026-01-06,53,42.85,1,49.03
2741,1192,5590,2021-01-17,133,89.13,1,73.97
2742,8280,5729,2025-11-05,20,22.28,0,10.28
2743,4576,9437,2026-05-10,21,14.91,0,1.9
2744,7097,96,2024-04-08,68,54.92,0,32.53
2745,3844,4289,2024-12-03,125,70.78,1,56.4
2746,2408,907,2026-01-14,15,30.7,1,44.25
2747,7541,4865,2025-07-30,52,44.45,1,41.34
2748,8475,1701,2025-05-22,94,57.11,1,50.4
2749,8677,4505,2023-09-30,39,33.72,1,31.52
2750,7996,8720,2023-12-26,50,93.99,1,83.74
2751,1691,8580,2025-05-26,11,32.56,0,13.05
2752,7071,8645,2023-06-27,78,55.78,0,26.15
2753,2953,3476,2023-10-09,90,69.51,1,67.01
2754,5794,9984,2025-01-06,110,66,1,68.32
2755,9318,1094,2024-01-16,20,41.44,0,28.24
2756,7795,5285,2025-04-20,29,47.74,1,39.66
2757,3709,3701,2022-10-13,107,79.5,1,77.44
2758,6518,7956,2024-09-07,13,15.61,0,15.11
2759,5911,498,2024-11-04,64,76.74,1,68.16
2760,1774,301,2026-06-26,105,89.15,0,54.82
2761,7549,1462,2025-12-24,129,90.85,1,64.96
2762,674,824,2021-09-02,2,1.07,0,2.13
2763,7965,6051,2025-04-25,48,30.62,1,47.66
2764,111,3111,2021-10-22,30,24.23,0,12.32
2765,5449,1364,2024-07-01,14,21.05,0,22.35
2766,63,3816,2023-07-05,78,97.67,1,77.89
2767,8498,7699,2025-11-13,56,43.41,0,20.36
2768,9812,1569,2025-02-07,67,94.5,0,63.99
2769,4684,2097,2025-12-23,1,3.81,0,0
2770,3095,1035,2025-10-28,74,69.33,1,54.33
2771,3873,1334,2022-03-30,24,59.43,0,37.23
2772,5509,8931,2025-11-09,73,52.42,0,22.03
2773,5773,4965,2026-06-10,68,58.8,0,37.29
2774,5029,7749,2025-10-20,87,52.92,0,27.03
2775,4932,393,2021-02-19,33,76.11,1,69.74
2776,4186,4451,2024-07-03,12,10.88,0,12.73
2777,253,9777,2026-03-22,6,3.67,0,7.4
2778,5713,1276,2025-04-11,97,86.17,0,47.52
2779,5235,9008,2026-04-10,6,4.13,0,0
2780,8220,3925,2023-03-07,42,28.21,0,16.42
2781,6749,2995,2021-11-07,9,25.7,0,13.87
2782,3474,7855,2026-06-30,13,26.95,0,12.29
2783,8958,4761,2026-05-04,168,98.11,1,80.2
2784,5005,7163,2025-12-17,111,61.91,0,34.02
2785,5372,587,2025-03-04,21,16.24,0,9.41
2786,8482,2266,2026-03-24,5,11.32,1,24.85
2787,9662,7431,2026-04-09,57,49.82,0,37.34
2788,8472,7963,2025-12-07,3,2.03,0,0
2789,5789,7329,2020-10-04,62,40.29,0,24.87
2790,9125,6354,2026-05-23,25,73.74,1,57.4
2791,1175,7635,2025-03-27,28,27.49,1,45.29
2792,9531,3708,2022-04-23,19,57.06,0,25.28
2793,4401,4461,2024-04-30,99,71.71,1,56.27
2794,9567,9594,2025-06-17,78,73.89,1,72.1
2795,9330,2031,2022-03-28,8,36.24,0,26
2796,9267,126,2023-12-27,63,48.89,1,42.71
2797,1771,9335,2025-04-12,3,12.46,0,16.36
2798,2878,2442,2023-09-09,20,60.08,0,37.03
2799,3902,3805,2025-11-17,1,2.35,0,0
2800,3811,6526,2023-06-06,30,30.82,1,38.99
2801,976,5887,2022-06-18,26,45.12,1,53.35
2802,9638,5298,2025-03-26,66,80.26,1,76.46
2803,7536,1207,2026-06-11,79,96.93,1,80.89
2804,9641,2698,2025-10-03,66,38.39,0,28.86
2805,3740,3074,2024-10-11,20,10.95,0,3.65
2806,3095,9835,2023-03-24,12,18.6,0,3.43
2807,2865,4342,2023-11-07,42,28.87,1,45.89
2808,1282,7483,2024-03-28,62,66.96,0,35.86
2809,726,2977,2025-12-19,17,11.46,1,35.57
2810,4839,3799,2026-06-25,39,48.52,1,40.62
2811,6878,796,2025-12-15,107,60.3,1,51.86
2812,5489,6038,2026-01-03,136,95.53,1,69.75
2813,1721,89,2020-05-03,62,44.08,0,30.61
2814,8821,4665,2026-04-10,28,32.71,1,43.79
2815,3439,1092,2024-12-03,12,26.45,1,36.04
2816,7274,307,2024-02-07,17,29.71,0,23.73
2817,7640,3837,2024-12-06,5,11.22,0,4.64
2818,3531,5972,2023-11-02,12,15.67,1,35.87
2819,2250,5890,2025-07-16,17,18.18,0,15.19
2820,1315,2357,2024-06-04,9,23.67,1,32.46
2821,3019,2530,2026-02-14,104,85.33,1,72.23
2822,4455,3049,2026-06-01,42,24.93,0,15.33
2823,832,2804,2026-05-20,3,9.32,0,3.61
2824,5779,4951,2026-06-10,47,57.68,1,49.33
2825,3659,5868,2025-06-22,88,66.54,1,64.36
2826,4102,3512,2020-05-29,77,74.48,1,55.91
2827,4207,8351,2025-05-15,15,25.9,0,17.55
2828,6824,874,2026-03-08,133,85.63,0,45.96
2829,6942,2201,2024-08-06,52,42.82,0,20.12
2830,194,6265,2024-01-13,19,37.26,1,37.5
2831,1169,9267,2025-02-10,57,43.16,1,38.46
2832,1360,1979,2024-03-07,16,26.48,0,9.72
2833,9945,6893,2026-02-17,87,84.23,1,73.92
2834,462,1136,2022-02-07,105,62.42,1,51.44
2835,8726,2032,2025-08-22,13,49.5,0,23.05
2836,435,6370,2024-09-04,54,80.87,1,73.01
2837,4494,2841,2025-05-29,121,97.65,1,78.71
2838,9896,304,2026-03-29,79,54.83,0,29.77
2839,2298,53,2026-06-05,91,94.49,1,80.22
2840,7171,7027,2025-01-29,33,38.98,1,40.9
2841,8855,5263,2026-06-04,93,63.92,1,65.93
2842,110,4031,2025-08-14,65,68.07,0,49.79
2843,4648,6132,2026-01-30,105,84.16,1,76.04
2844,9145,1863,2026-05-18,51,31.91,1,31.63
2845,7249,9227,2024-10-18,31,65.44,0,35.15
2846,2358,2995,2021-11-07,22,29.14,1,28.49
2847,9723,246,2025-10-29,115,75.87,1,71.53
2848,3898,4343,2023-11-06,45,34.52,1,47.27
2849,3203,7273,2025-03-14,10,17.45,0,12.44
2850,994,4616,2024-05-14,52,91.3,1,83.87
2851,1158,1856,2023-02-02,75,76.15,1,74.23
2852,9305,6998,2026-02-08,132,95.45,1,78.54
2853,5272,7258,2022-07-21,39,22.8,0,10.5
2854,6292,8756,2025-06-06,32,19.26,0,18.46
2855,4765,4093,2025-09-04,86,58.85,1,49.83
2856,5002,7025,2024-03-09,65,48.64,1,50.43
2857,5086,8404,2020-11-29,3,6.38,0,10.34
2858,8600,565,2025-10-01,12,7.48,0,3.72
2859,6650,3135,2026-02-19,70,48.9,0,33.48
2860,6543,2838,2026-01-02,12,9.5,0,2.02
2861,1117,7875,2026-04-19,64,65.66,0,47.8
2862,1339,6858,2025-07-30,146,92.32,1,77.57
2863,9038,3324,2023-09-19,51,28.07,0,21.9
2864,6070,525,2024-05-04,20,12.01,0,8.91
2865,9251,9629,2026-06-18,20,45.38,0,28.23
2866,1572,767,2025-04-02,19,54.76,1,56.74
2867,8592,703,2023-08-02,25,81.7,1,77.18
2868,3258,8961,2026-05-12,13,12.76,0,13.57
2869,1400,2356,2025-07-24,26,22.19,1,33.33
2870,3310,5084,2026-01-11,37,23.08,0,4.45
2871,6884,1386,2026-04-16,9,8.28,0,0
2872,765,9098,2019-08-15,12,7.4,0,10.89
2873,543,2256,2024-01-20,48,41.24,0,17.76
2874,5082,1211,2025-12-19,22,15.59,0,13.52
2875,7234,7901,2025-07-06,20,68.52,1,54.11
2876,5351,3684,2025-10-19,91,68.01,1,63.15
2877,7263,4069,2026-04-07,91,71.3,1,62.48
2878,3017,6542,2026-04-01,37,76.81,0,52.63
2879,4529,205,2023-11-27,36,31.51,0,11.21
2880,5069,4215,2025-08-22,53,70.33,0,46.27
2881,1620,9700,2025-04-10,73,56.23,0,37
2882,3929,8213,2024-10-15,1,2.72,0,6.95
2883,7292,2898,2021-08-07,124,87.99,0,58.7
2884,4797,1450,2025-06-25,29,33.24,1,35.74
2885,497,1948,2026-06-07,18,10.82,0,6.83
2886,2839,8398,2025-01-25,20,11.23,1,19.97
2887,4680,3872,2025-08-25,63,89.43,1,81.26
2888,1476,4295,2026-01-24,39,63.41,1,52.49
2889,7639,7956,2025-05-03,23,41.06,1,45.87
2890,4212,104,2025-03-10,80,46.76,0,26.48
2891,7213,4977,2026-03-24,24,36.25,0,16.59
2892,7602,2274,2024-09-09,103,99.46,1,83.34
2893,8659,600,2025-02-27,25,81.28,0,52.24
2894,914,8552,2026-02-27,25,19.63,1,34.53
2895,7652,1776,2025-07-24,94,96.91,1,77.03
2896,4920,3204,2026-06-25,134,87.79,1,80.86
2897,3127,8212,2026-06-13,18,48.67,0,30.98
2898,6802,1669,2025-08-12,10,39.48,0,14.71
2899,8206,8981,2025-04-04,74,50.87,1,41.86
2900,3140,4989,2022-11-30,4,6.88,0,0
2901,7857,1489,2024-12-31,90,73.61,1,56.06
2902,2398,5114,2026-06-06,119,93.32,1,81.35
2903,4269,2355,2024-07-31,36,30.56,0,9
2904,9948,6253,2025-10-04,71,43.15,1,38.78
2905,5823,9351,2025-06-25,13,39.09,1,48.24
2906,5801,7742,2025-12-20,42,47.73,0,37.69
2907,1689,6316,2025-05-25,70,44.75,0,19.19
2908,4866,4807,2025-02-27,81,52.16,0,32.75
2909,26,175,2025-04-30,11,46.99,0,26.37
2910,183,4120,2024-01-26,104,64.5,1,48.9
2911,3874,2564,2025-02-26,20,31.55,0,17.44
2912,253,7582,2026-04-07,100,69.25,1,68.63
2913,5556,2780,2026-01-06,60,42.42,0,21.12
2914,6486,8904,2026-03-29,62,62.91,1,48.1
2915,1968,4709,2024-02-08,142,95.31,1,80.02
2916,6814,6620,2023-05-28,18,25.92,0,8.94
2917,6475,7367,2024-06-23,32,19.93,1,34.03
2918,4973,1330,2023-12-08,41,57.94,1,62.61
2919,7240,7313,2024-11-19,70,69.05,1,69.47
2920,4344,8102,2025-01-28,34,89.94,0,59.51
2921,3478,6775,2026-05-17,8,5.14,0,11.18
2922,4215,2674,2022-09-13,3,10.05,1,29.24
2923,4685,9205,2020-01-22,23,83.83,1,60.91
2924,7250,9652,2023-12-28,79,54.06,0,23.76
2925,5688,9169,2024-02-24,30,79.63,0,53.92
2926,9595,9803,2026-01-23,6,7.99,0,2.8
2927,8753,4163,2022-04-15,102,93.15,1,79.45
2928,9673,5328,2022-10-03,25,16.13,0,0
2929,4007,5007,2021-12-11,17,20.26,0,10.49
2930,6935,1875,2019-07-24,4,6.12,0,0
2931,9067,5072,2020-12-26,72,63.89,1,62.63
2932,8478,3159,2020-05-14,160,99.76,0,61.78
2933,7655,725,2022-10-19,80,53.91,1,46.23
2934,4570,7255,2025-03-31,52,39.19,0,20.1
2935,8355,8224,2024-06-03,111,82.43,1,72.16
2936,3319,9456,2026-04-10,13,46.19,0,20.67
2937,9858,6895,2023-07-26,13,44.05,1,44.54
2938,5578,8945,2025-09-18,99,83.52,1,66.63
2939,8716,1715,2025-10-16,115,66.29,1,60.33
2940,1426,9446,2024-07-22,79,85.91,1,72.48
2941,9662,4917,2025-06-10,9,15.28,0,16.15
2942,620,4385,2026-03-02,30,46.57,0,33.25
2943,83,8925,2024-04-03,102,72.02,0,42.02
2944,3025,2975,2026-02-18,29,28.28,0,17.23
2945,7738,9994,2025-01-19,101,78.42,1,69.68
2946,5825,3088,2025-05-18,27,42.49,1,52.58
2947,1764,5707,2022-09-05,79,56.89,1,46.95
2948,2007,7720,2024-09-19,6,5.88,0,0
2949,8229,8100,2023-01-06,36,35.84,0,16.04
2950,197,3466,2026-03-27,6,12.17,0,0.05
2951,1278,8171,2022-06-13,26,21.04,0,21.56
2952,1857,2290,2026-01-18,12,7.48,1,15.36
2953,2824,8367,2022-10-04,15,9.99,1,19.7
2954,6454,9343,2025-05-23,26,36.79,0,23.6
2955,6587,1529,2023-03-21,17,17.65,0,14.33
2956,1991,4423,2025-08-11,67,48.67,0,23.21
2957,6073,2733,2025-06-09,20,78.76,1,71.35
2958,9251,6368,2026-01-16,61,41.74,0,20.93
2959,5760,561,2026-02-09,23,16.57,1,23.94
2960,2869,7468,2025-06-01,61,48.57,0,22.79
2961,6073,156,2024-08-03,17,11.69,0,6.85
2962,6758,3991,2024-11-02,12,8.24,0,7.24
2963,6944,9275,2024-10-28,94,88.3,0,57.83
2964,1462,3153,2025-06-02,26,27.03,1,39.77
2965,7718,6904,2025-10-31,39,53.65,1,55.29
2966,7516,5791,2023-06-19,48,28.28,1,29.45
2967,4953,5953,2026-02-18,36,50.87,0,23.53
2968,2232,4685,2023-11-28,8,34.48,1,41.87
2969,9037,3184,2025-08-04,96,71.27,1,71.11
2970,8016,4655,2026-06-07,7,4.89,0,0
2971,2446,1144,2025-06-10,31,32.9,0,11.08
2972,3091,3244,2026-06-28,24,22.6,1,43.55
2973,4372,7554,2025-03-23,87,62.31,0,33.3
2974,4173,8045,2026-05-09,8,6.07,0,1.55
2975,2868,5246,2021-10-12,78,58.82,1,64.8
2976,1690,997,2025-12-18,92,59.89,1,52.64
2977,2428,2555,2022-04-05,134,81.1,1,68.69
2978,7212,9982,2026-06-19,3,2.63,0,0
2979,8876,989,2026-03-25,17,15.23,0,8.78
2980,913,8046,2026-04-28,121,96.72,1,75.02
2981,3419,4529,2024-04-22,106,89.16,1,64.4
2982,982,1141,2026-02-22,140,94.78,1,67.68
2983,1472,2003,2026-01-30,129,88.37,1,80.77
2984,2806,9931,2022-04-12,94,59.1,0,34.66
2985,2468,7031,2026-06-27,47,83.77,0,59.04
2986,9405,7441,2023-09-29,59,47.02,1,53.17
2987,9571,8814,2024-12-28,119,93.44,1,80.13
2988,7568,2556,2026-06-09,37,56.08,1,62.76
2989,4558,3425,2025-06-20,114,95.97,1,82.62
2990,8947,8386,2025-05-28,8,9.58,0,8.64
2991,4508,5787,2025-07-05,62,47.34,1,54.97
2992,686,9651,2025-10-21,76,56.99,1,50.15
2993,5232,6858,2024-04-02,125,72.57,0,47.19
2994,3336,295,2024-04-04,54,38.77,1,43.45
2995,7272,1887,2025-07-24,56,80.07,0,43.9
2996,6534,7025,2025-02-02,80,59.6,1,48.75
2997,8845,1950,2026-03-13,30,38.21,0,15.85
2998,6469,4291,2024-03-08,34,22.89,0,13.86
2999,6507,6554,2023-12-31,56,96.21,0,51.05
3000,5309,7737,2021-01-16,104,99.58,1,71.77
3001,8320,6975,2025-07-24,85,72.48,1,55.82
3002,8095,7755,2025-05-04,105,78.96,0,53.87
3003,4190,1749,2024-07-14,21,58.96,0,30.26
3004,9787,8279,2025-01-04,50,71.88,1,66.31
3005,9239,1273,2022-11-11,82,73.41,1,57.37
3006,6856,4065,2024-05-27,32,41.37,0,18.56
3007,181,5434,2024-12-13,71,58.45,0,43.31
3008,1083,7903,2025-05-11,29,81.84,1,62.72
3009,786,3541,2025-04-13,6,16.56,1,27.63
3010,5436,140,2025-04-10,75,56.53,1,62.21
3011,557,927,2025-10-19,17,47.83,1,52.96
3012,9613,4462,2024-03-11,28,85.77,1,62.94
3013,8804,6261,2026-02-03,30,33.45,1,34.05
3014,8335,8860,2024-07-08,29,22.79,0,7.14
3015,1791,6999,2024-08-09,54,61.55,1,49.29
3016,3819,8162,2024-02-17,22,27.51,1,34.81
3017,5386,7126,2026-06-01,111,96.45,1,73.22
3018,7866,6531,2025-04-29,36,71.16,1,57.86
3019,148,3488,2026-01-20,100,76.04,1,64.88
3020,3829,6739,2026-06-02,32,22.05,0,18.2
3021,1074,4403,2024-02-26,9,28.85,0,19.05
3022,9176,1411,2025-08-17,43,73.4,0,38.98
3023,4847,3646,2022-02-21,64,44.51,0,20.06
3024,9006,7620,2026-02-21,35,30.35,0,26.27
3025,678,1591,2026-02-01,34,24.37,0,15.2
3026,7748,2700,2022-12-05,29,25.39,1,26.15
3027,8657,8496,2024-05-24,55,50.48,1,52.02
3028,763,3205,2026-04-27,34,34.88,1,32.31
3029,1537,179,2025-12-10,34,51.75,1,51.76
3030,3708,24,2021-10-27,86,88.4,1,68.14
3031,1219,7412,2026-02-07,130,76.86,1,69.89
3032,865,8950,2026-03-30,16,38.73,0,33
3033,2449,1736,2025-07-15,42,82.19,1,66.71
3034,919,3277,2025-11-30,36,66.81,1,50.48
3035,2025,3752,2022-02-05,16,38.69,1,34.89
3036,6914,3202,2025-04-19,24,76.19,0,51.4
3037,1422,1367,2024-02-19,43,31.75,0,10.77
3038,3217,1764,2026-05-26,14,31.11,1,34.7
3039,7828,4519,2021-10-20,22,20.49,0,8.07
3040,8995,2732,2022-06-29,108,63.99,0,36.02
3041,7321,8345,2024-02-07,88,48.94,0,24.58
3042,9225,8457,2026-05-10,2,9.13,0,7.62
3043,7466,2163,2024-11-05,41,64.92,0,38.88
3044,8605,3896,2026-04-22,59,74.63,1,66.17
3045,5311,4076,2025-11-21,72,54.6,1,47.17
3046,9823,4315,2022-02-14,92,75.72,1,61.53
3047,5577,4893,2023-08-27,93,82.02,0,39.68
3048,8671,4058,2025-03-31,37,25.89,1,33.97
3049,8185,3259,2024-12-31,91,61.64,1,51.24
3050,2310,7345,2026-04-28,15,71.72,1,67.66
3051,7062,4358,2024-02-20,47,59.37,0,30.04
3052,2038,7445,2026-03-22,36,62.91,1,62.39
3053,4686,3933,2023-09-19,26,22.89,0,22.94
3054,8641,3864,2020-05-30,101,99.17,1,71.89
3055,8677,1615,2024-02-08,21,30.76,0,20.63
3056,4580,9965,2023-09-19,21,44.92,1,52.53
3057,7526,4627,2023-07-12,49,32.85,0,23.43
3058,6412,3713,2024-03-01,28,42.61,1,44.75
3059,5035,7716,2022-02-01,43,28.93,0,7.57
3060,4515,8981,2023-01-26,28,17.7,0,10.34
3061,1086,3401,2025-12-11,42,73.26,1,71.93
3062,9389,2778,2025-09-08,85,63.13,0,44.07
3063,6563,4616,2023-09-04,168,94.08,1,81.11
3064,7440,923,2025-07-06,53,39.97,0,21.19
3065,6803,9888,2021-11-21,73,56.13,1,59.54
3066,6099,8186,2024-10-01,14,24.73,0,7.29
3067,5122,5728,2023-12-24,78,74.54,1,59.03
3068,6995,1352,2022-12-05,13,65.08,1,57.3
3069,4201,2490,2023-07-18,22,71.69,1,60.61
3070,6094,4398,2023-02-04,2,3.18,0,2.04
3071,9191,8907,2026-01-28,38,65.51,0,36.77
3072,7810,2671,2024-03-25,5,7.07,1,28.97
3073,8486,1930,2025-10-18,1,1.36,1,22.27
3074,7521,7932,2025-05-04,29,56.58,0,34.86
3075,3253,8374,2026-01-28,53,59.27,1,56.56
3076,9897,5667,2025-08-14,130,87.86,1,77.6
3077,1242,439,2026-06-28,114,86.13,1,72.78
3078,5464,4052,2026-05-05,41,82.56,1,61.96
3079,9632,5160,2022-02-23,88,59.32,1,55.53
3080,6204,203,2025-03-09,85,82.32,0,54.38
3081,2401,7928,2025-06-10,43,35.24,0,13.44
3082,9100,1159,2025-11-03,86,80.75,1,59.49
3083,9601,8193,2025-05-14,51,28.98,1,46.96
3084,6705,173,2024-10-23,89,84,1,73.74
3085,145,1709,2025-03-04,102,63.07,0,38.03
3086,2993,9543,2024-12-05,27,17.59,0,13.51
3087,6028,765,2026-06-01,33,22.92,0,18.98
3088,2122,8860,2019-01-29,5,2.84,1,19.2
3089,6561,9076,2025-03-05,35,28.55,0,26.72
3090,277,5964,2024-12-18,97,99.78,1,73.43
3091,7765,9732,2021-05-20,22,29.11,0,10.67
3092,4932,5250,2023-02-08,16,8.71,0,0
3093,4793,4722,2026-05-21,37,97.33,1,80.48
3094,2419,6576,2025-01-03,61,52.36,1,60.84
3095,9801,2766,2026-05-12,1,1.62,0,0
3096,179,4836,2021-03-23,50,57.6,1,46.36
3097,5919,4598,2024-12-26,42,73.6,1,68.39
3098,9912,2787,2026-05-22,112,70.09,1,61.44
3099,100,8803,2025-12-07,141,91.85,0,59.79
3100,7200,4584,2026-05-25,162,94.52,1,77.85
3101,9476,5445,2023-06-10,158,97.15,0,53.22
3102,9303,5854,2026-01-02,21,64.87,0,42.06
3103,8763,7065,2023-09-02,31,34.48,0,24.75
3104,7411,1764,2023-05-03,126,97.59,1,83.95
3105,753,5362,2025-12-28,71,81.21,1,61.36
3106,1675,2992,2025-12-13,33,26.63,0,9.22
3107,9470,1837,2025-08-27,47,53.18,0,36.8
3108,5164,1362,2024-09-10,46,28.34,0,11.81
3109,9653,1971,2025-11-17,12,7.71,0,13.91
3110,6719,3184,2026-04-11,33,65.02,0,34.97
3111,6843,5585,2022-02-02,12,20.75,1,35.02
3112,9687,3298,2026-04-14,10,20.9,0,4.95
3113,9498,3389,2025-02-16,129,83.29,1,67.96
3114,7407,1374,2025-05-10,31,51.42,0,23.93
3115,4850,8123,2024-10-04,59,62.63,1,63.56
3116,788,688,2022-06-20,98,59.95,1,57.16
3117,5747,9447,2026-01-10,150,83.17,1,67.61
3118,4640,1364,2024-05-06,35,44.66,1,50.92
3119,9747,3363,2024-09-05,11,27.65,1,46.18
3120,9069,4860,2026-04-20,74,79.89,0,55.01
3121,6800,5522,2025-06-16,43,45.76,0,28.76
3122,7437,4688,2020-08-16,68,41.82,0,19.21
3123,2965,4294,2025-04-18,50,37.21,0,18.08
3124,4254,4675,2026-04-14,37,39.88,1,38.44
3125,2363,2417,2026-04-14,70,52.07,0,30.32
3126,3531,4829,2021-02-21,77,70.06,1,61.84
3127,2098,4020,2026-05-01,83,83.01,1,74.64
3128,2040,4195,2023-04-03,56,97.01,1,72.2
3129,1157,7034,2021-02-22,58,32.27,1,40.11
3130,6020,2057,2025-10-30,10,44.99,1,44.61
3131,9387,1056,2026-04-24,120,89.32,0,48.75
3132,1079,3941,2026-04-02,23,45.52,0,31.98
3133,5030,2973,2025-12-28,26,22.22,0,22.56
3134,5430,9648,2023-05-24,7,4.29,0,9.05
3135,7601,4767,2025-07-24,44,58.33,1,62.03
3136,9066,5471,2025-11-06,37,64.58,1,66.69
3137,3590,2888,2025-07-02,43,91.65,1,74.2
3138,8751,9935,2025-04-28,11,53.3,1,50.54
3139,4123,4637,2022-07-10,113,66.35,0,47.54
3140,6928,5626,2026-06-30,30,78.38,1,58.28
3141,3643,743,2026-01-31,135,98.03,1,73.12
3142,9720,7811,2024-05-23,30,28.66,0,12.01
3143,4187,8984,2024-07-22,47,34.25,0,28.37
3144,898,7858,2025-02-07,6,3.72,0,1.18
3145,7824,5381,2023-12-08,24,55.51,1,46.31
3146,902,4758,2026-02-14,76,90.98,1,79.55
3147,9476,7045,2023-08-21,87,79.7,1,66.17
3148,272,7935,2026-06-17,29,91.04,1,71.48
3149,647,6653,2026-03-12,7,7.57,1,33.55
3150,7916,5714,2025-11-06,5,4.32,0,1.66
3151,2359,6335,2025-05-15,55,71.89,0,47.21
3152,75,6387,2023-04-01,44,45.4,0,25.67
3153,4984,7374,2022-12-01,92,61.28,1,64.36
3154,1419,2728,2026-03-09,49,87.92,1,67.27
3155,3703,2423,2026-06-16,77,84.38,1,71.97
3156,1655,5987,2022-12-15,112,74.2,1,68.16
3157,7922,9620,2023-08-29,117,69.2,0,46.52
3158,2099,1799,2026-03-04,24,63.7,0,48.19
3159,253,4058,2026-05-30,4,11.94,0,16.23
3160,3773,121,2025-10-29,167,94.17,1,86.23
3161,2197,6415,2023-06-09,21,74.55,1,70.74
3162,461,8394,2026-02-06,101,88.18,1,72.9
3163,991,9934,2026-05-16,66,55.15,1,50.62
3164,9880,8410,2023-10-15,38,51.87,1,42.57
3165,114,862,2026-02-02,2,2.71,1,29.4
3166,3720,7661,2020-08-05,80,77.54,1,64.68
3167,1841,2397,2026-05-08,5,3.59,0,6.57
3168,3367,2005,2026-01-29,17,36.05,1,36.84
3169,6815,8251,2024-05-17,58,88.55,1,74.92
3170,9802,7729,2025-10-30,31,98.42,1,69.4
3171,9069,3519,2021-02-09,81,66.75,0,42.99
3172,8645,4888,2026-04-08,1,1.34,0,3.38
3173,2112,2874,2024-09-16,55,57.64,0,43.33
3174,5779,4410,2025-10-17,27,21.83,0,9.5
3175,7727,6675,2026-06-15,60,44.3,0,27.9
3176,5360,5388,2020-02-02,12,33.77,1,31.12
3177,2333,9061,2025-12-02,98,64.68,0,34.25
3178,6482,4325,2026-05-26,32,75.82,0,42.64
3179,3542,5546,2025-12-19,29,66.73,1,55.37
3180,1695,6702,2024-10-02,141,79.86,0,52.63
3181,7656,7542,2026-06-30,13,10.91,1,33.95
3182,9039,7760,2023-06-04,27,23.61,0,13.21
3183,2986,1948,2023-12-17,8,11.12,0,8.54
3184,4503,7436,2019-08-16,48,61.67,0,36.89
3185,957,6500,2021-06-12,18,34.35,1,36.66
3186,8578,8769,2024-07-12,69,95.13,1,82.39
3187,1772,7445,2026-02-24,99,72.93,0,41.74
3188,7507,1451,2024-11-01,55,90.8,1,66.88
3189,8898,8191,2026-05-16,62,45.61,1,47.06
3190,8350,800,2022-07-04,55,73.33,1,67.02
3191,8567,5555,2024-07-29,22,47.94,1,42.72
3192,1714,3273,2024-01-28,76,59.06,0,39.93
3193,8944,34,2023-04-17,40,27.11,0,18.14
3194,3807,9888,2025-04-24,83,95.32,0,47.95
3195,8283,7663,2025-06-08,54,81.26,0,53.18
3196,6688,8103,2026-05-17,43,25.29,0,15.7
3197,7166,9435,2024-07-23,96,73.06,0,46.43
3198,6560,2489,2024-02-07,12,10.65,0,9.38
3199,6605,1547,2022-08-15,49,86.09,1,70.78
3200,3044,3704,2024-10-20,49,42.57,1,49.57
3201,5998,6402,2025-05-14,101,72.83,1,62.66
3202,5074,4498,2025-12-25,65,44.54,1,52.05
3203,8405,7015,2026-06-25,141,81.84,0,42.66
3204,5888,8953,2025-12-27,74,57.54,1,49.22
3205,2150,873,2021-11-16,61,40.94,1,53.98
3206,942,1094,2023-03-11,4,3.15,0,8.91
3207,3620,4172,2025-03-14,18,26.95,0,18.19
3208,6401,9895,2023-08-13,43,25.49,0,24.46
3209,607,4727,2026-05-24,19,39.45,0,28.33
3210,2438,3595,2025-06-11,66,47.9,1,38.85
3211,7376,80,2023-07-26,15,29.05,0,8.2
3212,3860,412,2023-11-11,73,51.4,0,37.27
3213,5722,3358,2025-12-23,12,23.92,0,17.26
3214,4742,3565,2025-12-03,15,10.16,1,35.71
3215,8865,4833,2021-10-08,12,16.59,0,17.76
3216,2534,6825,2024-02-25,16,10.8,0,5.36
3217,3558,4823,2022-09-08,101,64.06,1,60.44
3218,9009,2557,2026-03-17,3,8.1,1,21.83
3219,9713,5600,2026-04-01,147,99.12,1,72.43
3220,5668,4297,2024-02-26,104,72.55,1,56.45
3221,8234,8871,2025-05-05,51,39.77,0,15.18
3222,4940,7382,2023-04-08,5,4.02,0,6.08
3223,3699,314,2021-07-28,46,49.58,1,50.82
3224,7957,9792,2026-04-03,49,54.03,1,45.37
3225,68,2827,2022-03-14,71,77.51,1,61.99
3226,6421,7013,2026-05-09,132,80.11,1,64.81
3227,6160,5606,2025-04-21,113,66.25,0,32.83
3228,7860,9365,2025-06-01,57,55.11,0,39.98
3229,6236,6717,2025-10-09,90,98.33,1,74
3230,9360,5208,2022-11-28,2,2.25,0,2
3231,5191,7038,2025-03-02,27,29.45,0,12.9
3232,8130,837,2024-12-22,21,21.74,0,11.45
3233,2683,4422,2024-04-28,41,96.28,1,74.14
3234,5156,4183,2025-08-10,36,53.34,0,26.66
3235,4891,3237,2024-04-11,13,13.67,0,1.85
3236,6527,8409,2025-10-19,63,58.35,1,46.1
3237,1615,1708,2025-08-08,102,84.19,1,79.87
3238,6359,9685,2024-01-05,99,58.01,0,26.77
3239,7156,6128,2022-08-01,118,89.5,1,81.44
3240,3815,8047,2026-06-30,8,29.24,0,8.06
3241,6720,3430,2025-06-01,78,54.85,0,23.13
3242,4877,1840,2021-10-09,127,93.4,1,77.68
3243,5351,3102,2021-10-24,6,9.77,0,0
3244,5809,5791,2025-05-07,58,41.01,0,20.12
3245,2393,7996,2026-06-03,15,58.55,0,25.74
3246,1591,2061,2023-05-06,50,29.65,0,27.48
3247,2883,1502,2023-01-17,23,30.92,0,21.18
3248,6965,6294,2024-11-01,42,82.37,1,66.2
3249,7287,2971,2024-09-04,28,19.38,1,33.77
3250,7534,1850,2022-02-28,17,23.43,0,6.67
3251,4194,3240,2026-03-03,130,96.16,1,79.76
3252,1894,4950,2022-11-21,119,78.08,0,54.12
3253,7823,9250,2026-06-20,20,20.8,0,3.68
3254,5434,9541,2025-07-19,8,40.35,1,50.6
3255,8532,4344,2023-05-21,82,87.89,0,52.1
3256,417,1747,2026-06-06,29,45.9,0,23.62
3257,8122,3209,2024-08-16,33,43.33,1,46.19
3258,8496,323,2024-01-18,76,61.83,1,53.86
3259,3758,2479,2026-05-28,54,43.97,0,33.68
3260,1054,9811,2022-08-09,101,75.04,1,61.02
3261,1165,6419,2022-11-27,4,4.83,0,1.62
3262,8493,5144,2020-07-27,30,45.92,0,33.72
3263,9590,6165,2023-09-22,37,23.69,0,17.91
3264,6697,2672,2024-06-27,68,67.43,1,63.97
3265,6627,5501,2025-10-01,12,35.2,1,46.92
3266,1329,4552,2022-12-18,40,76.39,0,50.09
3267,5318,2699,2023-08-22,122,78.57,1,73.25
3268,1130,555,2025-02-04,8,14.72,1,28.15
3269,4293,6608,2023-12-19,33,21.8,0,18.46
3270,6108,2950,2021-11-03,63,87.55,1,71.91
3271,4636,936,2026-06-27,56,37.84,0,23.33
3272,7073,7395,2025-09-22,54,68.13,1,64.18
3273,8361,5839,2020-07-30,65,79.71,1,65.44
3274,6853,2622,2025-08-13,16,10.19,0,15.27
3275,375,8167,2022-07-07,81,85.06,1,65.16
3276,5421,3566,2021-04-14,48,31.04,0,14.98
3277,7964,2463,2022-02-04,17,64.43,0,46.9
3278,3862,5992,2026-04-30,5,4.37,0,0
3279,6144,5125,2026-02-26,2,6.62,0,0
3280,3942,8807,2026-03-14,32,40.03,0,16.25
3281,9869,8264,2025-06-26,39,55.45,1,59.29
3282,8728,7603,2022-05-10,44,68.65,1,54.96
3283,7854,1419,2022-04-17,37,53.53,1,57.68
3284,8526,4158,2024-12-27,18,39.32,0,27.77
3285,6136,4732,2025-08-11,21,66.68,1,54.25
3286,8432,5374,2022-04-20,106,93.91,1,79.74
3287,9607,1690,2026-04-16,10,6.48,1,30.46
3288,9153,4770,2025-09-26,53,76.61,0,43.52
3289,8610,9816,2026-04-02,106,67.47,1,67.64
3290,823,4042,2020-12-20,62,78.97,1,60.04
3291,4669,140,2023-07-29,104,74.8,1,72.76
3292,8281,7023,2026-05-19,168,99.36,1,70.86
3293,4740,9097,2026-03-13,63,59.65,1,59.49
3294,6491,5235,2025-10-31,47,26.04,0,13.83
3295,1570,5989,2025-04-28,49,27.13,0,9.06
3296,2122,7507,2020-07-07,84,61.26,1,57.34
3297,4715,8590,2024-10-23,93,81.94,1,77.12
3298,8917,4788,2026-05-17,107,96.79,0,64.76
3299,9613,4089,2024-03-24,8,17.67,0,19.7
3300,4981,1903,2025-05-14,105,81.91,1,63.25
3301,696,3258,2026-03-29,78,89.22,1,74.08
3302,6367,1107,2024-01-02,24,19.47,0,15.57
3303,8877,2816,2024-12-29,4,9.74,0,3.46
3304,689,7863,2026-04-05,17,19.93,0,13
3305,7933,1051,2025-08-25,9,8.74,0,0
3306,3856,8689,2026-05-16,20,50.67,1,52.56
3307,3620,1964,2023-12-13,59,99.79,1,87.63
3308,3805,209,2024-07-16,22,32.79,0,9.91
3309,8556,8749,2025-07-01,96,56.86,0,43.13
3310,7383,9491,2022-08-14,3,3.43,0,11.35
3311,4331,8115,2026-06-14,29,20.56,1,36.59
3312,3995,6257,2020-01-11,50,70.12,1,65.89
3313,6066,2577,2026-04-13,107,66.97,1,50.99
3314,3248,4388,2025-12-14,8,14.84,1,24.22
3315,5063,7698,2026-05-06,151,97.33,1,73.98
3316,5237,7417,2026-01-05,157,89.79,0,44.37
3317,2398,3995,2024-06-03,9,6.48,0,0
3318,2461,121,2022-05-10,107,71.66,0,44.43
3319,1180,2113,2026-06-20,16,54.25,1,50.86
3320,1233,1795,2023-12-29,23,37.62,1,45.9
3321,4611,8089,2026-02-18,18,67.57,1,52.87
3322,2413,8484,2025-08-23,31,30.56,1,41.83
3323,4874,8844,2024-04-15,10,28.59,0,21.18
3324,110,7454,2023-12-16,120,98.71,1,74.9
3325,7887,1090,2025-06-19,29,17.11,0,4.84
3326,7558,2245,2020-01-02,32,24.79,0,12.03
3327,8767,3322,2024-11-19,47,31.74,0,20.48
3328,9417,2899,2025-02-28,81,73.42,0,34.54
3329,2129,5617,2026-02-27,6,16.35,0,14.58
3330,6960,4618,2025-05-23,10,9.06,0,0
3331,6433,3891,2025-09-27,42,61.26,1,52.13
3332,6996,1403,2026-06-29,45,58.27,1,47.3
3333,4273,4466,2026-02-19,73,85.91,1,62.19
3334,9096,3229,2026-01-16,17,36.06,1,37.72
3335,725,3909,2025-09-13,49,31.27,1,46.69
3336,2152,2128,2026-03-03,48,82.57,0,54.15
3337,3123,8927,2024-12-18,3,1.45,0,2.62
3338,7132,6193,2020-10-01,18,21.38,0,9.93
3339,7116,1526,2025-07-07,16,24.79,1,38.31
3340,6352,8693,2026-04-17,37,38.46,0,29.64
3341,2216,8806,2021-06-10,48,52.89,0,30.95
3342,9806,9389,2023-12-26,90,76.01,1,59.18
3343,3990,7089,2026-01-28,29,52.12,0,25.78
3344,4358,7568,2026-04-13,64,80.62,1,59.1
3345,2858,279,2022-11-23,14,61.68,0,40.96
3346,1332,8192,2026-05-09,27,49.28,1,51.96
3347,6093,8990,2025-03-25,17,18.6,0,20.59
3348,4031,3231,2025-11-22,104,99.58,1,73.04
3349,1072,4644,2022-12-11,18,33.86,1,46.67
3350,8202,1569,2026-05-31,146,89.9,1,69.78
3351,706,2183,2021-01-20,14,9.67,0,11.25
3352,6738,1857,2024-10-20,115,74.12,0,40.88
3353,762,4461,2025-04-15,49,30.25,1,38.21
3354,7716,2010,2025-09-26,52,49.07,0,37.21
3355,8099,1843,2022-04-01,55,76.41,1,69.59
3356,6119,944,2022-09-08,64,50.8,0,33.96
3357,4465,5336,2025-11-19,75,59.26,1,46.27
3358,4874,377,2024-09-16,143,84.48,1,62.14
3359,1652,8669,2025-04-22,76,50.18,0,25.5
3360,91,5299,2022-04-18,22,64.67,0,31.49
3361,2078,9024,2023-12-27,120,89.23,1,66.11
3362,5341,4281,2020-01-18,25,38.11,1,38.27
3363,6934,5036,2025-01-10,14,39.06,0,28.64
3364,8406,7034,2026-06-18,30,21.3,0,8.12
3365,7209,2958,2025-11-02,94,73.28,0,44.04
3366,634,1696,2026-02-22,95,55.81,0,27.44
3367,7484,4848,2019-11-06,14,34.95,1,35.97
3368,7112,5946,2021-06-23,4,19.87,1,22.25
3369,5072,7150,2021-10-05,20,17.29,0,18.46
3370,6521,9330,2026-05-14,5,13.35,0,16.58
3371,7151,7123,2026-03-06,35,91.96,1,77.36
3372,5485,3341,2019-11-06,2,6.4,0,1.4
3373,2393,5982,2026-02-28,148,95.53,1,82.92
3374,7683,9904,2024-07-03,51,90.69,0,56.14
3375,8344,2419,2025-10-02,3,2.28,1,16.74
3376,343,3741,2023-05-11,24,41.16,0,18.81
3377,4855,4241,2026-04-22,84,51.63,1,50.13
3378,9746,6055,2026-02-18,2,7.13,0,12.67
3379,5447,9136,2025-01-20,56,96.27,1,68.06
3380,1123,4608,2025-05-14,22,62.2,1,56.51
3381,1820,698,2026-01-06,14,8.62,0,4.09
3382,3353,4509,2026-03-11,13,34.22,1,37.99
3383,453,4521,2023-08-09,67,83.83,1,76.18
3384,3465,8052,2023-10-20,26,20.26,0,17.79
3385,9691,9956,2025-11-17,49,50.76,0,35.07
3386,9041,8812,2026-06-30,45,84.2,1,64.03
3387,8482,5685,2025-02-18,84,75.66,1,64.45
3388,8959,4417,2025-02-28,29,73.61,0,52.87
3389,5287,8658,2025-11-20,59,53.12,1,46.5
3390,2416,605,2026-02-27,69,91.96,1,83.14
3391,4512,1652,2026-05-22,23,83.67,1,64.11
3392,7052,9747,2024-10-02,24,72.74,0,53.17
3393,9722,9976,2026-05-17,23,20.52,1,40.51
3394,7167,2427,2025-05-21,40,34.93,1,41.15
3395,8543,7657,2020-08-24,14,16.9,1,30.47
3396,5997,9603,2022-02-25,51,61.71,1,47.04
3397,5335,1652,2026-04-19,117,94.98,1,84.92
3398,2616,74,2025-07-03,33,24.43,0,11.67
3399,3205,3409,2026-04-06,10,15.69,1,22.74
3400,4826,4399,2021-09-19,12,14.83,1,31
3401,9837,9281,2025-06-22,33,32.92,1,42.13
3402,4250,9347,2020-11-18,38,68.44,1,60.13
3403,1355,2938,2025-06-09,44,57.73,0,36.31
3404,1028,8690,2022-12-11,12,14.38,0,2.18
3405,3780,4464,2026-05-31,36,35.81,0,13.05
3406,7274,716,2024-08-22,31,47.82,0,21.25
3407,5005,8444,2023-10-02,89,93.7,0,64.02
3408,1597,9270,2026-03-17,138,87.44,1,77.52
3409,9609,5521,2024-02-28,28,83.74,0,48.9
3410,2081,6464,2024-01-31,27,24.5,0,5.93
3411,1988,9749,2026-05-08,77,82.5,0,42.4
3412,4929,4947,2026-05-18,41,51.42,0,30.55
3413,7604,5948,2026-05-30,34,31.03,1,47.83
3414,2914,7932,2025-06-08,14,17.83,0,4.97
3415,5287,7811,2024-04-22,28,48.18,0,38.55
3416,9376,6383,2019-02-05,111,74.03,1,56.2
3417,7824,6653,2022-12-04,28,20.39,1,35.31
3418,6097,39,2021-05-29,22,84.16,1,75.64
3419,7077,5360,2024-04-14,16,39.06,1,52.01
3420,6932,5360,2026-06-29,36,58.07,1,45.8
3421,4161,5523,2026-06-26,50,83.3,0,50.55
3422,2340,7307,2022-06-28,89,87.61,1,76.98
3423,946,8192,2026-06-02,8,8.89,1,23.84
3424,7,8741,2025-10-23,89,82.41,1,65.18
3425,6720,8262,2023-03-21,4,3.39,0,9.07
3426,327,6488,2025-08-11,72,69.42,0,36.14
3427,966,809,2021-09-07,6,17.85,0,1.49
3428,4980,7100,2026-04-30,20,48.1,0,38.56
3429,3588,7448,2022-08-20,72,46.21,1,49.85
3430,4085,7623,2026-06-29,55,38.12,0,20.87
3431,1960,8494,2022-11-07,10,36.14,1,46.2
3432,9833,6825,2025-07-19,106,87.02,1,70.33
3433,6319,7453,2024-12-09,21,12.47,0,5.88
3434,9957,2521,2026-06-26,29,25.76,0,10.48
3435,8476,8772,2024-12-13,26,23.2,0,7.15
3436,170,1159,2024-10-22,7,6.85,1,18.18
3437,8444,945,2026-06-08,24,89.61,0,46.43
3438,3345,3030,2025-06-09,15,8.12,0,8.39
3439,6176,139,2025-06-19,71,86.45,1,79.59
3440,2140,9740,2024-12-16,22,65.66,1,56.27
3441,947,3300,2026-05-23,3,6.14,0,9.18
3442,9541,606,2025-10-31,23,20,0,9.27
3443,8070,8067,2026-05-25,3,13.14,0,4.95
3444,766,4357,2024-11-21,59,96.38,1,85.7
3445,8679,6125,2026-02-14,30,36.01,0,31.26
3446,8185,8087,2026-06-08,21,20.28,0,7.56
3447,5281,3757,2023-02-27,81,50.84,0,37.15
3448,8789,3471,2023-08-31,55,44.74,1,39.31
3449,7195,1931,2024-02-28,41,52.28,0,29.37
3450,9715,814,2020-07-21,66,57.14,1,48.39
3451,1164,2525,2026-03-10,129,86.21,1,68.63
3452,8757,3955,2025-12-12,85,47.95,0,33.13
3453,2782,4224,2025-11-05,8,5.08,0,0.99
3454,9589,5411,2025-11-17,70,63.34,1,52.36
3455,5157,9904,2024-10-05,42,25.62,0,6.55
3456,6078,5655,2024-03-28,41,71.61,1,53.44
3457,9214,4379,2024-09-19,22,25.42,0,9.22
3458,9253,8714,2023-01-05,84,47.77,1,40.62
3459,3181,2040,2025-07-02,28,54.74,1,62.71
3460,6204,3846,2024-06-03,56,70.55,1,71.41
3461,7521,9730,2025-04-12,76,56.16,1,45.23
3462,212,1192,2024-07-25,39,32.1,0,27.39
3463,5257,8047,2024-06-20,79,64.02,0,31.33
3464,2419,8842,2020-06-01,84,73.31,0,47.72
3465,4061,6196,2025-10-11,7,22.46,0,16.88
3466,5058,3101,2022-04-17,65,41.19,1,49.72
3467,4886,8950,2024-07-01,48,73.67,0,40.36
3468,8938,5346,2025-09-16,132,90.71,1,70.35
3469,6471,2186,2026-01-01,9,11.09,0,8.58
3470,9695,3068,2024-07-28,37,26.55,0,20.51
3471,4053,1096,2024-04-07,115,72.7,0,43.64
3472,7244,8080,2025-01-05,100,91.36,0,61.68
3473,9178,1511,2024-10-27,32,35.36,1,50.49
3474,8140,3140,2020-06-15,11,11.86,0,11.69
3475,2219,5251,2020-07-05,42,42.59,1,40.12
3476,9626,7348,2021-07-18,12,15.13,0,3.65
3477,6756,1749,2025-06-21,77,46.14,1,44.94
3478,9581,380,2024-05-20,13,27.76,0,14.74
3479,1503,5240,2024-01-14,14,9.17,0,0
3480,5415,3423,2022-11-21,126,74.3,0,42.01
3481,9604,1718,2019-08-27,120,80.4,0,57.54
3482,3479,2417,2026-06-15,42,56.96,0,24.69
3483,1864,9089,2023-06-01,35,36.87,1,49.52
3484,1885,923,2024-05-21,83,52.22,0,41.18
3485,2271,4828,2024-11-01,68,46.99,1,44.64
3486,5765,4023,2025-08-11,2,2.5,0,9.13
3487,3718,4976,2026-06-18,11,12.92,0,14.73
3488,896,9512,2021-07-07,106,61.71,1,57.81
3489,402,7459,2025-07-06,66,47.09,1,52.15
3490,1861,6877,2025-09-17,10,27.51,1,42.64
3491,4742,9164,2025-08-08,164,91.55,1,65.34
3492,1835,1610,2026-04-28,22,91.55,1,77.08
3493,6127,9756,2025-06-24,88,96.07,1,68.11
3494,6781,7450,2021-07-28,84,49.48,0,22.05
3495,8770,3069,2022-04-01,101,94.7,1,80.6
3496,2093,6063,2022-07-04,16,15.84,0,0.29
3497,5305,8425,2023-02-16,9,27.05,1,27.32
3498,9492,4152,2026-01-05,54,71.88,1,66.98
3499,910,8862,2021-05-18,55,75.72,1,58.67
3500,8025,2167,2024-09-21,151,98.37,1,75.08
3501,1866,44,2023-12-12,127,82.31,1,60.17
3502,7939,2435,2026-04-08,25,81.82,0,46.1
3503,2866,182,2023-01-16,7,31.94,1,41.04
3504,21,4823,2023-02-28,26,95,1,70.64
3505,986,7708,2023-04-04,115,88.96,1,72.96
3506,1590,9520,2023-02-28,40,70.47,0,35.69
3507,4299,8477,2023-12-11,124,87.84,1,76.7
3508,7229,4265,2022-03-13,13,22.14,0,6.24
3509,3090,9872,2026-02-04,33,42.26,0,34.47
3510,3671,1477,2022-01-27,20,13.21,0,6.1
3511,7108,610,2020-04-22,54,66.44,0,37.6
3512,6974,5596,2022-06-06,6,11.21,0,7.2
3513,2018,8659,2025-05-18,116,94.6,1,67.77
3514,7876,3223,2026-05-10,63,76.09,0,51.68
3515,6506,4738,2024-09-22,39,38.77,0,15.09
3516,725,4240,2026-04-22,57,44.36,1,50.16
3517,1173,5487,2023-03-30,7,8.92,0,8.08
3518,3548,1395,2025-06-24,47,36.79,1,42.71
3519,4294,5300,2026-03-26,22,22.34,0,19.71
3520,2268,3882,2025-12-23,11,27.3,0,16.53
3521,4567,4709,2023-11-20,5,4.83,0,0.68
3522,8266,4863,2024-06-09,24,56.74,1,62.38
3523,4965,5401,2025-12-15,9,42.35,1,41.04
3524,1697,7274,2022-12-17,14,14.83,0,12.42
3525,5663,5695,2023-03-07,84,93.19,1,66.05
3526,7188,3709,2024-05-13,23,71.47,1,54.24
3527,106,6572,2020-09-14,18,22.7,1,41.37
3528,3021,5411,2024-11-05,5,11.37,0,6.84
3529,7014,1268,2026-06-03,35,21.64,1,31.42
3530,9090,4552,2025-12-23,151,91.22,1,71.25
3531,9518,2001,2026-06-24,16,51.24,0,39.55
3532,7252,9016,2026-01-20,8,19.01,0,10.19
3533,6847,6037,2025-10-29,27,24.87,1,25.22
3534,7091,8852,2024-12-14,28,87.11,1,73.88
3535,6498,7577,2024-02-11,38,76.68,0,48.42
3536,5134,5989,2024-10-29,72,73.13,1,70.53
3537,2237,1731,2025-08-04,6,6.49,0,5.61
3538,4410,5944,2026-06-23,46,30.77,0,11.9
3539,3648,85,2026-04-28,72,94.79,1,76.36
3540,8460,4022,2021-12-03,26,18.42,0,6.61
3541,6997,5297,2022-11-02,43,26.64,0,6.79
3542,558,7014,2024-12-22,60,63.93,1,67.28
3543,8518,5422,2026-06-24,57,49.17,1,49.26
3544,2215,2573,2026-06-04,9,12.48,0,0
3545,2792,3770,2025-02-04,61,64.8,0,43.24
3546,927,3961,2020-01-12,121,98.3,1,82.81
3547,633,3746,2021-02-15,79,72.8,1,72.8
3548,273,7529,2026-02-02,3,1.71,0,0
3549,7323,4103,2026-03-24,30,20.62,0,5.88
3550,7935,9742,2024-04-01,32,28.57,0,8.11
3551,7768,9880,2023-06-23,71,41.77,1,50.85
3552,5952,2619,2020-01-13,85,74.32,0,35.68
3553,8416,6347,2024-07-09,17,85.08,1,77.82
3554,5312,1372,2024-09-01,10,22.24,0,8.75
3555,9106,384,2021-02-09,30,16.81,0,15.36
3556,6367,90,2024-09-19,47,27.26,0,18.5
3557,4682,7868,2026-03-20,2,2.9,0,6.22
3558,3503,8677,2021-09-29,180,99.88,1,76.3
3559,2972,1586,2026-05-02,114,87.99,1,81.92
3560,6611,2553,2026-04-11,17,13.84,1,19.41
3561,2326,7016,2022-06-01,3,9.68,0,13.74
3562,6493,2099,2021-10-14,30,66.54,1,66.67
3563,4856,4238,2026-04-30,110,82.81,0,46.95
3564,6357,181,2026-06-07,12,24.45,0,12.58
3565,3281,3717,2022-01-25,15,67.23,1,62.15
3566,4896,9869,2026-02-08,45,28.21,0,19.09
3567,7634,5992,2024-08-12,42,56.89,0,27.56
3568,3433,2094,2024-04-15,8,13.16,0,1.08
3569,8576,171,2019-09-02,33,56.05,1,60.21
3570,6146,3498,2021-06-23,33,64.79,0,45.31
3571,4323,578,2026-06-16,2,1.66,0,2.25
3572,2073,580,2020-10-21,38,21.55,0,14.65
3573,7438,1874,2023-11-11,117,93.38,1,82.73
3574,433,6948,2026-01-17,14,55.33,1,56.15
3575,1865,8550,2023-05-10,68,87.19,1,76.29
3576,8021,4989,2026-06-23,66,38.11,1,51.68
3577,4761,1004,2026-05-14,34,83.47,1,78.27
3578,6731,8331,2025-12-13,150,95.02,1,83.76
3579,396,1502,2024-03-29,45,71.64,1,59.5
3580,497,6530,2026-05-18,38,57.01,1,44.96
3581,5911,4933,2026-01-18,3,3.59,0,11.67
3582,3984,674,2023-03-18,14,8,0,6.9
3583,4429,3918,2022-01-11,9,7.98,0,0
3584,6877,1852,2025-03-29,106,80.91,1,71.98
3585,3187,9004,2026-06-21,142,83.65,1,64.74
3586,3719,846,2021-09-03,85,75.7,0,50.87
3587,5241,7998,2019-09-05,52,41.89,1,38.43
3588,8906,2767,2026-06-22,29,34.21,1,41.18
3589,1786,8592,2026-02-01,28,19.31,1,24.15
3590,9214,7331,2025-01-03,28,30.96,1,33.66
3591,2334,8847,2022-11-12,47,44.38,0,32.03
3592,3416,139,2026-06-10,23,41.76,1,37.73
3593,7370,9143,2026-06-13,14,33.67,0,16.26
3594,1902,8345,2023-08-26,57,66.78,1,62.6
3595,2590,9991,2024-07-13,43,59.47,1,46.7
3596,4637,7504,2024-05-08,116,71.4,1,57.66
3597,3822,145,2023-10-21,19,11.69,0,9.43
3598,9411,7683,2024-05-18,39,22.29,0,4.87
3599,3534,5410,2023-07-08,113,70.75,0,34.59
3600,20,823,2025-11-10,22,78.68,1,66.86
3601,464,4650,2025-07-01,10,24,0,10.59
3602,8114,2141,2025-02-16,2,7.24,0,12.14
3603,7280,6341,2024-12-30,85,49.32,1,53.74
3604,3870,7858,2023-07-06,9,6.28,0,0
3605,8970,5257,2025-11-26,12,39.28,0,33.08
3606,9885,4254,2026-03-17,79,47.01,1,42.11
3607,6342,3934,2020-11-28,131,81.57,0,41.91
3608,5644,8903,2026-04-09,34,31.28,0,18.83
3609,1550,5276,2022-03-13,48,81.13,0,49.55
3610,5729,7424,2022-03-31,126,95.49,1,73.98
3611,235,9551,2024-12-30,106,68.5,1,67.87
3612,2412,5913,2024-01-31,19,63.88,0,45.49
3613,2337,2264,2024-04-02,26,22.25,0,8.42
3614,796,3748,2021-06-01,47,76.17,1,69.45
3615,8641,7456,2025-09-07,14,27.61,0,9.03
3616,9189,2982,2026-04-21,11,53.41,1,55.16
3617,3210,7100,2026-03-11,30,36.73,0,15.2
3618,6420,2744,2024-01-11,88,83.93,1,69.76
3619,3316,2234,2025-09-13,26,36.13,1,50.45
3620,7163,1010,2019-12-22,17,33.27,0,17.97
3621,4004,4734,2026-04-17,39,51.22,0,24.92
3622,5688,3132,2025-11-25,124,89.3,1,72.06
3623,2403,3883,2024-01-18,28,54.19,0,33.82
3624,2222,6679,2026-01-17,20,25.87,0,10.3
3625,4970,5926,2024-11-15,3,8.3,0,0.02
3626,4063,2400,2025-05-05,25,17.75,1,22.98
3627,1669,6078,2025-07-29,43,48.35,1,53.15
3628,2900,3712,2024-10-20,36,95.53,0,63.13
3629,4655,5072,2023-06-05,54,59.8,1,56.99
3630,6969,5099,2026-05-11,63,43.3,1,47.73
3631,5043,5947,2025-01-17,80,62.97,1,59.46
3632,6634,8570,2026-03-02,45,45.11,1,54.53
3633,6776,3235,2025-10-03,2,11.84,0,16.45
3634,5693,437,2025-11-04,5,6.01,0,0
3635,4216,9688,2024-12-13,11,16.44,0,13.18
3636,5765,835,2024-02-04,3,10.28,1,25.2
3637,1128,861,2025-03-06,65,45.02,1,52.4
3638,2306,9332,2023-09-06,32,56.85,0,38.19
3639,8493,7890,2025-06-10,5,5.34,0,10.42
3640,4581,2060,2025-05-10,26,80.55,1,69.81
3641,3678,6225,2023-09-17,14,32.3,1,47.06
3642,962,359,2024-11-25,14,20.18,0,15.24
3643,5350,3713,2023-04-26,3,3.15,0,11.74
3644,2930,8482,2026-05-07,88,64.88,1,60.45
3645,4188,1613,2026-04-17,69,60.92,1,60.05
3646,5404,870,2025-10-13,15,61.23,0,36.29
3647,6221,3231,2024-06-23,32,24.34,0,17.87
3648,2807,1347,2025-02-02,57,55.31,1,59.91
3649,62,4569,2025-09-25,9,17.28,0,4.31
3650,4230,1170,2022-09-03,75,43.91,1,41.21
3651,3916,3343,2025-01-16,65,58.34,1,56.29
3652,6355,7070,2022-10-31,18,35.08,0,23.48
3653,9531,2269,2022-02-18,1,1.49,0,0
3654,9534,9509,2022-10-16,77,57.92,1,53.44
3655,3456,7367,2025-05-31,83,62.23,1,57.61
3656,1946,6689,2025-09-02,27,65.61,1,51.2
3657,894,8031,2025-03-20,2,4.3,0,1.77
3658,8370,6151,2026-05-04,10,12.5,0,10.76
3659,4975,8736,2021-12-04,47,88.81,1,67.92
3660,3683,2188,2020-06-03,86,88.65,1,77
3661,8647,7357,2023-05-23,5,6.19,0,4.09
3662,6303,400,2026-06-29,92,75.23,1,57.46
3663,333,8897,2025-08-09,34,34.9,1,45.51
3664,8843,4438,2024-05-26,1,1.64,0,0
3665,993,764,2021-08-08,53,59.22,1,54.14
3666,3492,1106,2026-06-16,55,34.9,1,40.99
3667,3438,2026,2025-05-23,115,71.52,0,37.29
3668,1875,9481,2023-08-03,64,72.89,0,37.28
3669,1354,2587,2024-06-22,24,44.28,0,24.12
3670,3270,3816,2025-01-21,41,26.97,1,28.09
3671,9188,586,2026-04-07,96,86.03,0,49.17
3672,4451,3279,2023-12-24,56,53.32,0,22.05
3673,4626,6906,2025-08-17,31,77.18,0,48.5
3674,2271,6909,2025-11-02,116,87.27,1,64.29
3675,9905,8775,2022-09-30,51,87.22,0,61.5
3676,5413,4841,2025-02-09,37,64.28,1,62.5
3677,4114,552,2025-01-25,33,34.97,1,40.96
3678,3867,9562,2026-06-21,13,9.41,0,0
3679,6087,9042,2025-12-06,84,48,1,49.53
3680,5241,4722,2026-01-23,157,89.25,1,68.18
3681,3128,9266,2021-07-11,27,33.61,0,21.93
3682,1058,3252,2026-06-02,53,75.22,0,54.08
3683,3195,8731,2021-12-12,78,84.29,1,77.64
3684,577,3704,2026-02-11,130,93.18,0,57.12
3685,9214,9426,2025-01-15,85,60.2,0,41.3
3686,4711,7956,2023-05-21,75,51.65,1,57.08
3687,1956,5469,2024-10-13,86,60.32,1,55.22
3688,5086,8625,2026-05-27,50,63.72,0,40.53
3689,6516,7586,2025-10-24,100,72.72,1,57.9
3690,1686,1521,2026-05-09,39,75.53,0,48.95
3691,6095,4561,2024-11-28,57,35.97,1,45.22
3692,3257,3875,2026-03-13,107,80.56,1,76.79
3693,6473,2215,2024-10-01,56,72.34,0,42.19
3694,4962,6090,2026-06-15,75,55.69,1,54.42
3695,4244,851,2025-10-01,15,37.91,0,13.56
3696,7589,9248,2026-06-12,27,27.85,1,43.2
3697,9114,378,2026-02-05,20,50.24,1,46.09
3698,6406,5613,2022-10-20,4,6.24,0,4.57
3699,6449,3667,2026-04-02,37,21.31,0,7.87
3700,2174,5651,2026-05-28,19,10.81,1,27.52
3701,2962,1528,2024-12-14,101,78.55,1,76.9
3702,1721,9036,2026-05-15,73,46.59,0,22.71
3703,7086,5658,2025-05-09,1,2.34,0,0
3704,9283,6787,2022-05-10,2,3.8,0,8.51
3705,7253,3911,2023-03-22,29,31.76,1,40.64
3706,6998,4191,2023-05-03,14,16.72,0,6.35
3707,4282,8443,2025-02-21,62,59.47,1,62.34
3708,8671,9961,2025-07-13,5,10.18,0,15.81
3709,9487,2922,2025-05-05,88,56.37,0,38.94
3710,1150,9431,2020-07-22,121,73.81,0,39.24
3711,1281,3560,2026-06-30,7,4.5,0,11.44
3712,4845,7105,2025-12-10,44,98.99,1,83.71
3713,7597,1195,2025-10-02,49,57.25,0,41.61
3714,4321,4078,2024-12-17,8,4.48,0,5.09
3715,5476,4554,2021-01-18,9,47.17,1,47.93
3716,7665,4251,2025-09-10,76,60.61,1,55.72
3717,6446,173,2026-01-23,13,12.42,1,30.49
3718,8748,1178,2026-06-04,50,52.87,0,28.79
3719,9037,3590,2024-11-12,96,53.45,0,41.67
3720,6122,1292,2026-05-17,139,82.24,1,67.69
3721,9298,7164,2026-02-02,16,51.43,1,56.75
3722,1380,8926,2022-06-04,26,63.29,0,45.46
3723,8227,8131,2025-09-10,47,26.86,1,36.29
3724,3825,8094,2024-03-14,33,33.02,0,10.03
3725,9828,1419,2024-04-19,59,78.22,0,56.5
3726,7152,9632,2022-05-03,26,43.98,0,35.48
3727,9794,2909,2025-08-16,32,19.91,0,14.13
3728,3525,2906,2020-12-10,17,64.64,1,56.87
3729,4536,8341,2025-06-03,12,9.66,0,0
3730,6522,4107,2021-06-24,128,93.93,0,55.52
3731,7612,4317,2026-01-17,48,36.17,0,29.82
3732,4491,1310,2023-11-23,35,38.46,1,52.96
3733,3641,4568,2024-02-16,150,92.3,1,71.26
3734,6798,1947,2025-02-20,6,4.84,0,1.11
3735,4426,7164,2022-05-18,91,94.08,1,84.41
3736,6172,4723,2025-09-16,11,21.66,1,32.05
3737,2991,1442,2026-03-14,7,22.57,0,16.67
3738,118,5442,2024-01-17,4,9.15,0,0
3739,7347,8795,2025-07-07,11,14.88,1,27.11
3740,3022,2036,2024-05-23,110,61.16,1,62.54
3741,9273,7841,2026-01-25,14,9.89,0,11.26
3742,8406,7335,2026-06-18,19,29.03,0,13.95
3743,1860,98,2021-03-05,151,88.48,1,70.96
3744,9312,7522,2021-09-29,7,14.24,0,6.86
3745,5415,9439,2020-03-13,102,57.36,0,32.13
3746,6878,7836,2025-03-20,40,30.62,0,23.23
3747,57,1615,2025-09-23,34,77.34,1,56.49
3748,3831,6902,2025-07-29,32,63.04,1,59.2
3749,1454,2603,2022-05-03,12,6.67,0,9.49
3750,6522,8752,2023-12-05,31,21.8,0,13.6
3751,4699,1125,2026-03-06,20,34.42,0,21.92
3752,5255,6800,2023-08-22,111,79.59,1,67.19
3753,5057,4970,2024-01-12,56,44.84,1,44.12
3754,9202,9731,2022-04-06,36,31.27,0,18.42
3755,4027,2721,2026-05-08,97,81.34,1,60.62
3756,4622,938,2025-05-04,1,3.38,0,9.42
3757,1040,2859,2025-03-25,26,27.44,1,36.33
3758,3848,646,2024-10-02,30,41.73,1,46.29
3759,7166,1969,2022-08-02,18,11.01,0,3.67
3760,1013,9068,2026-06-10,2,3.1,0,9.72
3761,1381,2191,2026-04-22,51,51.61,1,49.86
3762,5537,2740,2024-10-26,29,37.78,1,43.22
3763,5019,772,2025-04-01,74,69.96,1,60.64
3764,3420,1937,2024-09-03,26,14.86,0,12.9
3765,1846,309,2025-09-05,8,40.19,1,35.75
3766,683,2921,2023-07-23,42,54.03,0,31.78
3767,7271,1088,2023-12-29,44,62.55,0,33.54
3768,1186,1488,2021-09-01,109,71.31,1,68.05
3769,3027,7472,2021-04-14,45,39.87,0,20.8
3770,4851,5111,2023-03-25,87,75.97,1,71.75
3771,5830,6114,2024-09-03,135,93.78,1,78.23
3772,332,765,2025-01-21,82,63.64,1,52.23
3773,8712,9757,2024-08-04,108,83.43,1,62.02
3774,2252,7671,2024-03-03,80,85.27,0,57.57
3775,1705,5575,2024-12-15,1,1.17,1,11.81
3776,3455,6769,2023-02-09,2,7.9,0,12.19
3777,5553,5054,2022-06-28,31,44.87,1,47.91
3778,615,4390,2024-09-12,33,85.81,1,64.38
3779,2894,6961,2023-06-06,60,82.73,0,46.55
3780,3865,5730,2025-04-01,49,52.29,0,36.25
3781,8478,956,2021-12-10,58,59.41,0,42.92
3782,2316,3029,2026-01-11,33,59.63,0,32.13
3783,7161,8773,2025-12-14,20,33.13,0,26.2
3784,2235,3984,2025-05-26,27,68.25,0,36.79
3785,285,6674,2025-08-10,61,92.44,1,71.3
3786,6816,8105,2026-02-16,59,39.38,1,49.02
3787,3787,5440,2025-06-13,109,73.91,0,51.52
3788,6108,8901,2024-06-29,33,18.65,0,16.9
3789,6929,4053,2026-01-26,31,39.19,1,53.05
3790,512,5881,2025-02-19,110,92.82,1,72
3791,4844,1993,2026-01-09,47,73.11,1,55.41
3792,2231,4529,2023-10-11,49,49.34,0,34.47
3793,6997,2411,2023-04-07,150,96.04,1,68.04
3794,5458,8337,2026-02-08,53,44.65,0,19.27
3795,9060,9876,2025-08-03,61,47.64,0,27.7
3796,6495,2094,2025-07-09,98,95.48,1,81.67
3797,4508,2500,2025-01-16,78,49.34,1,42.35
3798,62,6819,2026-02-18,54,43.74,1,39.51
3799,5370,8937,2026-02-03,166,99.67,1,86.11
3800,7576,7843,2025-08-29,94,71.76,0,40.44
3801,8316,6443,2022-05-19,128,85.01,0,53.49
3802,6434,3694,2024-02-02,146,87.54,1,76.3
3803,8250,7382,2021-03-11,15,11.73,1,17.25
3804,2940,4749,2026-01-01,104,68.75,1,52.34
3805,8870,4449,2022-11-22,23,78.2,0,41.5
3806,6151,9511,2023-05-27,36,90.08,1,72.61
3807,2699,2633,2026-06-21,96,88.44,1,65.83
3808,2532,9179,2019-05-01,12,25.92,0,8.77
3809,5045,1040,2023-06-04,96,60.9,1,63.33
3810,2397,2060,2026-03-28,46,47.4,0,31.32
3811,5111,4520,2026-03-10,32,24.52,0,8.59
3812,7921,1280,2025-08-06,61,46.99,1,48.34
3813,9315,2084,2024-12-14,4,14.32,0,8.96
3814,219,5029,2025-10-05,15,12.87,0,4.45
3815,3162,3749,2026-04-10,9,11.12,0,7.9
3816,9027,1577,2025-12-19,1,1.02,1,27.71
3817,296,1943,2026-03-26,78,94.52,0,61.62
3818,9157,1075,2020-03-09,16,34.45,0,12.71
3819,8178,684,2025-12-12,140,90.38,1,73.83
3820,6220,3848,2025-01-31,83,69.16,1,56.89
3821,8449,8317,2025-01-28,25,78.43,0,54.38
3822,9019,2808,2023-12-24,63,83.37,1,67.32
3823,8270,4989,2020-07-18,39,90.34,0,56.52
3824,8863,6109,2026-02-14,10,6.52,1,22.1
3825,4716,2612,2021-01-12,5,16.4,0,3.95
3826,3253,4703,2026-01-15,12,16.54,1,29.12
3827,9536,6499,2026-05-21,49,90.51,1,69.7
3828,9889,9947,2026-03-13,52,55.99,0,42.04
3829,2456,7315,2022-05-08,108,60.14,0,28.62
3830,6957,4792,2025-03-19,13,19.98,0,18.82
3831,4240,7237,2020-04-27,21,40.22,0,14.65
3832,3624,8466,2024-03-21,103,62.43,1,58.72
3833,5220,5032,2025-11-13,30,17.5,0,3.11
3834,4181,6953,2024-08-24,37,53.76,0,36.08
3835,2758,7705,2025-08-27,51,64.16,0,43.62
3836,270,9173,2023-07-23,52,37.4,1,39.79
3837,1763,5256,2022-06-30,12,8.21,0,2.48
3838,4453,9898,2025-11-03,23,41.8,1,44.2
3839,4149,3974,2020-02-17,95,53.38,0,26.87
3840,1765,8114,2026-01-12,8,12.84,0,0.92
3841,3997,623,2024-01-16,20,15.78,0,2.53
3842,7428,2946,2026-03-11,129,79.44,0,39.04
3843,9174,8219,2024-07-23,47,32.55,0,17.44
3844,4949,2186,2024-10-30,28,31.54,0,27.84
3845,655,605,2025-10-24,43,81.99,1,61.49
3846,6240,2397,2025-06-30,16,11.75,0,16.42
3847,2302,487,2024-05-29,113,93.45,1,84.11
3848,4421,6082,2025-01-04,84,51.67,1,54.63
3849,3910,4790,2023-09-13,143,91.95,1,84.36
3850,5207,3227,2024-07-10,38,57.79,1,54.78
3851,2095,7824,2025-05-30,90,64.03,1,57.74
3852,8430,7187,2026-04-19,7,9.28,0,15.49
3853,3312,9434,2024-02-16,41,33.91,1,39.1
3854,5248,8842,2026-06-15,61,74.97,1,70.11
3855,715,8225,2021-01-20,78,83.47,1,74.52
3856,1688,7832,2022-04-05,40,51.15,1,49.9
3857,6661,691,2019-11-22,6,12.99,0,8.09
3858,8622,9522,2023-01-08,116,80.28,1,67.39
3859,73,4131,2025-05-24,60,59.52,0,41.58
3860,8312,6416,2024-05-08,53,55.45,0,25.84
3861,1847,2911,2026-06-25,16,29.85,1,34.63
3862,1521,8783,2026-05-19,61,65.52,1,60.81
3863,755,302,2026-05-29,49,90.24,1,81.04
3864,3278,5175,2026-05-24,20,15.29,0,2.72
3865,4654,4071,2023-04-24,62,51.74,0,22.08
3866,914,8235,2024-08-04,75,75.31,0,53.45
3867,4688,1652,2026-05-31,138,97.57,1,74.34
3868,5693,5257,2023-05-03,93,68.07,1,65.04
3869,9153,9167,2026-01-11,33,94.19,0,55.62
3870,1849,8870,2024-09-15,20,22.52,1,34.25
3871,7063,2820,2025-01-18,14,33.76,1,33.39
3872,9720,4162,2025-10-27,34,74.79,0,53.01
3873,7624,2785,2026-04-12,17,10.48,0,5.65
3874,5886,379,2025-06-01,56,33.17,0,24.41
3875,4201,8131,2024-08-11,30,23.93,0,16.62
3876,8175,5443,2025-09-20,22,93.75,1,80.91
3877,1154,3399,2026-03-27,84,78.53,1,75.96
3878,9403,4684,2024-07-04,18,55.17,0,32.6
3879,3278,3640,2026-04-07,40,40.45,0,19.2
3880,6915,4425,2025-12-23,80,87.81,1,62.81
3881,9678,3601,2024-07-02,12,26.95,1,27.36
3882,1429,2079,2025-07-27,34,45.43,0,19.3
3883,1523,8068,2024-08-02,98,91.18,1,73.16
3884,5209,460,2024-09-26,132,78.04,1,68.45
3885,6921,6698,2025-10-22,41,27.88,0,18.18
3886,1067,5582,2023-03-19,149,85.29,1,78.76
3887,7630,9743,2024-04-21,2,2.62,0,0
3888,7039,5032,2025-02-14,79,71.19,1,56.72
3889,3959,2992,2026-06-03,29,45.74,1,51.44
3890,606,2794,2026-06-10,38,52.93,0,32.24
3891,3417,5785,2023-02-03,17,37.95,0,14.02
3892,6403,2208,2024-02-16,25,34.65,0,13.62
3893,9888,2091,2026-03-19,26,44.89,1,49.34
3894,8050,2472,2026-04-19,98,55.29,0,38.64
3895,2064,2835,2025-07-12,81,77.5,0,44.96
3896,8270,1752,2022-09-09,51,49.52,1,45.08
3897,2463,3416,2024-09-21,98,78.65,0,52.42
3898,6899,4103,2026-05-13,29,20.35,0,6.39
3899,6752,5466,2025-10-04,60,79.79,1,59.91
3900,273,1744,2021-11-20,79,89.34,1,80.8
3901,7223,2356,2025-12-24,3,2.06,0,0
3902,6307,179,2024-10-19,31,84.01,0,48.33
3903,7568,984,2026-05-29,20,40.08,0,14.2
3904,9205,7847,2025-08-10,103,81.18,0,52.86
3905,3085,4693,2025-10-02,23,61.18,0,26.76
3906,4548,7076,2025-02-08,16,14.27,0,7.81
3907,9785,4871,2022-08-03,16,10.82,0,4.56
3908,1384,6120,2020-07-24,33,35.88,1,35.16
3909,1755,8341,2026-05-22,18,27.68,0,10.12
3910,4514,5711,2025-12-29,2,6.02,0,0
3911,4563,7502,2024-12-19,164,99.94,1,82.66
3912,7591,2491,2024-05-04,43,90.51,1,69.3
3913,1199,3172,2023-08-04,75,93.73,1,71.63
3914,8854,6894,2022-12-20,90,60.53,1,65.21
3915,1227,7864,2024-01-31,31,48.79,1,45.42
3916,3036,6300,2020-03-05,84,86.05,1,69.05
3917,4298,4984,2025-02-04,20,17.05,0,12.07
3918,1544,2242,2023-12-05,15,70.92,1,58.76
3919,2174,9951,2026-05-21,27,43.26,1,40.63
3920,1469,8804,2022-09-15,54,73.27,0,42
3921,8161,3996,2025-08-08,162,96.01,0,53.96
3922,7732,944,2026-06-23,42,27.21,1,39.75
3923,7831,8226,2024-01-31,13,34.44,1,40.92
3924,5949,3908,2025-02-16,151,86.57,1,71.26
3925,244,7225,2024-10-21,43,48.04,1,41.76
3926,8222,6284,2023-07-30,42,69.51,1,68.37
3927,7982,5819,2021-04-19,39,23.39,1,25.69
3928,8399,909,2025-12-30,16,20.82,1,27.63
3929,7410,3159,2024-09-02,36,32.81,1,45.3
3930,6204,3340,2024-09-27,16,11.43,1,33.62
3931,4502,1066,2025-08-28,17,20.76,1,28.53
3932,4595,3800,2026-06-29,2,2.69,0,0
3933,79,1600,2025-10-01,16,34.73,1,40.67
3934,7160,906,2022-06-06,29,42.68,1,43.02
3935,4687,2702,2022-11-26,2,1.22,0,8.44
3936,9024,4940,2024-09-03,68,55.55,0,39.56
3937,660,8384,2022-12-18,15,33.21,0,23.09
3938,2010,7873,2025-03-17,146,89.31,0,48.49
3939,8859,1766,2025-09-23,140,85.75,1,77.8
3940,6217,7309,2022-05-22,74,49.92,0,27.73
3941,5357,6761,2026-06-04,28,24.62,0,20.4
3942,7353,6220,2023-10-15,3,8.55,1,34.35
3943,2500,6816,2021-11-20,93,71.14,1,68
3944,4955,4559,2023-05-20,8,4.34,0,12.47
3945,6268,4531,2025-10-11,30,30.77,1,33.55
3946,6604,2769,2025-04-13,173,97.69,1,88.44
3947,5468,8227,2023-06-15,76,75.88,1,68.04
3948,3052,6476,2026-03-14,32,24.05,0,4.97
3949,1184,6997,2025-04-22,17,20.47,1,26.39
3950,5114,3892,2023-06-19,93,53.59,1,56.38
3951,907,6670,2026-05-30,16,17.29,0,15.78
3952,516,8980,2022-04-05,45,90.97,1,83.27
3953,9040,8336,2020-08-20,35,75.29,0,45.57
3954,1321,5717,2024-12-10,79,52.55,1,50.68
3955,6873,4475,2026-03-26,18,42.02,1,42.08
3956,917,3224,2024-09-29,9,29.5,1,29.94
3957,5214,9427,2024-05-03,27,34.32,0,22.99
3958,4781,4725,2025-10-20,8,7.82,0,0
3959,7768,5444,2025-12-31,6,3.6,0,0
3960,8090,7257,2024-11-23,25,48.65,0,32.68
3961,1562,3243,2024-01-27,159,91.11,1,81.48
3962,5793,3219,2025-05-26,5,11.66,0,1.83
3963,4774,9153,2025-12-21,14,10.98,0,0
3964,9070,1095,2022-12-19,31,17.1,0,8.7
3965,9685,1864,2025-12-22,6,3.6,1,13.94
3966,9071,9388,2023-11-14,19,68.54,1,51.6
3967,1238,7034,2022-07-31,2,7.1,0,5
3968,3290,9262,2024-01-06,16,10,1,26.41
3969,621,2768,2025-12-27,134,79.28,1,69.93
3970,6947,795,2024-07-13,18,31.47,0,23.36
3971,8830,4726,2026-06-14,76,56.84,0,25.7
3972,7977,2989,2026-01-25,85,50.56,1,41.42
3973,6573,530,2020-06-09,81,62.84,1,65.66
3974,7462,3903,2026-06-08,21,53.06,0,30.48
3975,7966,1934,2025-01-18,6,4.52,0,0
3976,1214,5733,2026-02-19,145,84.26,1,68.21
3977,9050,7399,2025-08-11,64,64.42,1,61.11
3978,1392,2200,2023-03-15,74,95.51,1,68.97
3979,2643,2246,2026-05-25,85,73.57,1,57.52
3980,2150,4749,2023-09-21,7,19.85,0,7.56
3981,1115,3065,2026-04-05,135,88.97,1,81
3982,4722,9664,2022-09-21,148,94.57,1,76.3
3983,900,1344,2023-12-04,31,69.01,1,53.24
3984,3802,275,2024-02-26,62,97.39,1,75.38
3985,5131,8224,2025-10-21,53,52.25,0,25.18
3986,5628,1243,2025-11-09,87,85.68,1,81.2
3987,7965,4032,2025-11-16,31,17.37,1,31.63
3988,5364,344,2025-01-25,58,47.3,0,30.91
3989,6751,5931,2025-11-11,42,24.55,0,15.3
3990,5862,130,2021-02-16,64,40.64,0,19.78
3991,6673,3806,2026-05-23,3,3.28,0,0
3992,8486,2845,2026-01-31,53,29.74,0,23.31
3993,8733,4668,2024-06-06,105,95.05,0,51.53
3994,6062,6001,2025-07-06,30,22.06,1,30.15
3995,6020,6900,2023-11-06,93,52.61,0,24.32
3996,9169,7137,2024-01-18,30,25.79,0,23.56
3997,4601,1750,2025-08-03,108,76.4,1,62.25
3998,4146,7478,2023-12-09,14,21.52,0,7.65
3999,5443,7457,2026-04-27,81,71.39,0,51.83
4000,6238,7742,2021-06-08,66,68.07,1,63.3
4001,5240,9382,2025-06-29,16,22.48,0,11.72
4002,1592,6902,2025-12-20,6,28.38,0,8.34
4003,5280,2763,2022-04-18,73,97.96,1,85.32
4004,9701,9204,2021-01-10,19,40.14,0,27.05
4005,980,7657,2024-12-10,146,82.37,0,44.41
4006,2088,2512,2022-11-26,25,74.96,1,68.43
4007,1846,9374,2025-11-11,140,85.12,1,69.03
4008,7928,732,2024-01-27,163,91.8,1,74.37
4009,1257,9274,2025-01-30,65,52.73,0,37.47
4010,749,1730,2025-09-22,70,87.31,1,79.31
4011,5715,8989,2023-01-21,10,40.02,0,25.7
4012,6572,1349,2026-03-30,35,46.71,1,56.97
4013,8783,2997,2026-05-21,74,93.88,1,69.48
4014,6081,530,2024-11-27,28,33.5,0,22.95
4015,4422,3317,2025-06-15,63,39.02,1,35.09
4016,5414,9254,2025-08-24,28,49.71,1,53.62
4017,2852,7334,2025-11-19,46,93.95,1,67.96
4018,7062,3709,2024-04-18,54,67.49,0,45.84
4019,6940,6563,2026-06-02,59,46.17,1,51.39
4020,7114,2409,2026-06-25,94,84.23,1,62.54
4021,8570,5339,2026-01-25,112,79.21,1,64.78
4022,7806,6649,2026-04-02,93,58.94,1,56.61
4023,8517,8972,2024-11-10,107,83.11,1,63.61
4024,7177,9631,2025-04-29,3,5.43,0,12.01
4025,8266,5835,2023-08-11,66,49.26,1,48.02
4026,9566,9472,2025-10-08,30,34.87,1,47.6
4027,3551,6336,2024-01-03,18,22.33,0,22.5
4028,1252,7522,2025-01-01,31,17.59,0,11.38
4029,6682,2960,2024-04-07,15,9.42,0,6.27
4030,4472,3064,2026-01-31,74,42.78,0,28.77
4031,3881,7204,2025-07-26,14,30.38,0,11.27
4032,5511,3429,2025-03-02,10,13.87,0,10.93
4033,2188,1474,2025-03-25,40,42.13,1,44.8
4034,1660,3561,2026-02-09,103,90.66,1,76.15
4035,8023,3391,2023-06-06,87,94.92,0,57.14
4036,1155,8219,2025-09-16,73,95.54,1,73.91
4037,9453,1071,2025-01-15,70,58.14,1,57.33
4038,4782,557,2026-05-02,122,77.47,0,54.91
4039,4605,1619,2024-05-12,154,92.84,1,71.9
4040,178,9997,2025-12-17,35,40.35,1,52.67
4041,3796,8698,2026-04-03,63,40.94,0,20.04
4042,8493,9955,2025-02-15,47,37.31,0,14.36
4043,9250,8519,2026-01-08,5,22.53,0,17.47
4044,2953,750,2023-07-01,95,71.24,1,53.58
4045,7475,2295,2026-05-28,7,4.46,0,1.77
4046,1958,4863,2022-12-10,71,59.32,0,32.95
4047,8091,5098,2022-07-04,158,98.58,1,75.56
4048,5469,6517,2025-01-11,84,65.97,1,54.34
4049,8454,1576,2020-10-02,127,76.29,0,40.26
4050,8874,3940,2026-02-18,52,51.65,0,23.58
4051,3127,1612,2024-08-31,59,50.94,1,54.84
4052,4078,6595,2021-10-14,40,41.67,0,32.67
4053,3813,515,2025-05-29,78,74.48,1,70.66
4054,229,720,2023-03-19,24,35.52,1,45.99
4055,8104,5933,2022-07-19,18,20.37,0,5.27
4056,6353,3012,2024-12-25,41,72.67,1,62.22
4057,6971,3329,2026-03-24,46,33.41,0,13.33
4058,1746,1851,2024-03-27,54,69.72,1,59.87
4059,9124,4828,2026-05-01,15,9.77,0,6.17
4060,6852,3825,2026-01-15,6,4.27,0,1.68
4061,7750,9303,2026-03-19,135,77.6,0,45.55
4062,815,6032,2025-07-07,3,7.98,0,8.31
4063,2615,5732,2025-03-26,110,95.56,1,86.11
4064,5966,4038,2024-07-19,119,90.53,0,46.32
4065,2095,4571,2024-12-03,1,4.41,1,30.17
4066,937,4051,2025-05-15,18,29.06,1,34.32
4067,7098,563,2023-08-01,48,56.56,0,32.63
4068,6021,2568,2022-08-29,48,61.19,0,45.91
4069,2234,5038,2026-06-20,4,3.83,0,0
4070,1085,2026,2021-10-12,26,25.38,1,39.01
4071,1807,6721,2025-04-21,82,72.35,0,41.66
4072,607,5200,2026-05-27,92,76.8,1,56.52
4073,5452,6541,2026-06-17,3,5.66,0,4.71
4074,3621,4330,2025-02-11,35,80.03,1,74.72
4075,8205,2750,2021-08-01,62,57.11,1,62.08
4076,1199,6974,2025-09-12,34,54.11,1,48.02
4077,9865,1374,2024-02-02,70,48.22,1,57.61
4078,5071,8597,2024-07-19,78,68.67,0,33.91
4079,5491,465,2023-11-25,7,3.89,1,20.28
4080,8294,4192,2026-06-02,17,57.21,1,53.04
4081,7244,4986,2025-05-03,65,47.61,0,25.95
4082,6372,9084,2023-08-24,127,84.49,1,68.81
4083,4109,2871,2021-08-30,66,43.6,0,16.73
4084,677,3794,2024-09-08,13,34.3,0,18.04
4085,2292,4804,2024-03-20,116,69.71,1,69.14
4086,7871,7069,2024-12-23,33,79.77,1,69.74
4087,1122,7082,2024-01-03,2,4.55,0,0
4088,6506,8229,2024-12-29,129,80.48,1,62.63
4089,342,9955,2024-08-13,66,51.87,1,46.06
4090,764,1822,2025-05-02,92,51.26,1,57.97
4091,6981,5420,2026-06-23,118,83.71,1,67.95
4092,9158,1047,2024-05-08,30,83.2,1,73.59
4093,3168,6604,2024-03-02,3,2.61,0,0
4094,2730,9484,2023-03-19,23,70.12,1,70.84
4095,9679,4079,2026-02-18,36,24.18,0,21.46
4096,9914,2035,2023-01-14,113,76.11,1,67.52
4097,6727,3912,2025-02-07,8,15.76,0,18.37
4098,4708,6039,2023-08-07,3,12,0,13.18
4099,3016,9962,2025-04-07,29,44.72,0,29.02
4100,5394,677,2021-11-13,52,78.72,1,64.52
4101,8418,7046,2022-12-24,60,79.39,0,51.51
4102,2898,679,2026-01-02,111,69.53,1,69.19
4103,5030,7965,2026-04-11,126,69.78,0,42.73
4104,9101,3480,2024-01-21,82,65.3,0,46
4105,3109,2450,2026-02-20,93,71.83,1,63.1
4106,8260,9683,2023-05-19,139,98.37,1,83.2
4107,2032,586,2024-03-14,45,30.33,0,16.22
4108,8546,9674,2024-08-22,11,13.36,0,0
4109,3843,3671,2020-10-17,9,22.41,0,5.13
4110,5087,4512,2025-12-31,34,50.64,0,26.11
4111,9767,7906,2024-06-09,60,41.34,0,23.61
4112,3097,388,2026-02-11,27,60.24,1,60.76
4113,6700,4415,2021-10-29,46,46.64,0,19.09
4114,5565,1660,2021-11-14,19,14.43,1,29.75
4115,4440,4149,2023-01-04,96,53.11,0,37.28
4116,5785,9540,2025-05-21,147,88.26,1,75.69
4117,2401,9904,2021-11-06,19,13.97,0,1.86
4118,2974,4943,2026-03-31,90,81.08,0,54.57
4119,211,328,2025-02-14,22,51.09,1,50.69
4120,933,4778,2023-02-16,11,20.13,1,37.1
4121,3853,3233,2021-06-17,36,89.67,1,66.28
4122,4722,4892,2022-03-20,8,28.09,1,45.86
4123,8513,4577,2023-09-19,14,11.35,0,6.03
4124,3915,8230,2025-02-06,30,17.44,0,3.93
4125,3889,2632,2024-07-03,78,52.17,1,56.53
4126,2016,681,2026-03-10,19,50.65,1,55.39
4127,9444,5048,2025-12-20,16,10.39,0,13.77
4128,2525,543,2025-02-26,104,79.72,1,68.63
4129,9949,6805,2025-04-06,57,68.43,0,35.3
4130,1340,4295,2022-05-26,16,60.92,1,60.33
4131,8936,9553,2024-12-03,104,96.77,0,58.91
4132,4977,3545,2026-01-31,9,16.32,0,16.78
4133,3072,359,2024-10-18,75,99.96,0,57.41
4134,3945,7005,2026-03-04,44,52.97,0,31.64
4135,951,2244,2021-05-19,40,29.46,0,10.31
4136,3139,8008,2026-02-06,92,70.02,0,40.91
4137,536,3644,2026-03-30,137,89.7,0,46.71
4138,9179,8158,2020-11-19,81,58.83,0,34.03
4139,9529,2015,2026-04-25,3,1.48,0,5.87
4140,190,6607,2025-02-18,27,17.64,0,14.91
4141,2562,7378,2026-04-28,32,68.8,1,71.23
4142,7237,9994,2023-05-25,111,89.49,1,64.19
4143,2599,9200,2026-06-23,94,63.78,1,58.47
4144,5815,3719,2026-05-19,94,71.87,1,56.73
4145,4108,4405,2024-05-31,28,19.28,0,17.92
4146,6307,2433,2026-03-31,13,28.89,1,43.35
4147,636,6411,2025-10-13,107,91.39,0,46.94
4148,3315,8083,2026-02-28,2,3.32,0,1.05
4149,9489,6655,2026-06-27,60,97.09,1,87.79
4150,1526,8765,2024-08-09,13,52.87,0,36.87
4151,1444,5286,2023-09-25,75,65.8,1,52.55
4152,1150,6977,2024-04-27,63,97.53,1,73.34
4153,1765,8837,2025-11-24,40,28.67,0,9.97
4154,8683,31,2021-10-20,13,57.14,0,42
4155,3637,1508,2024-05-01,4,20.8,0,9.27
4156,8256,5510,2025-05-22,36,91.65,0,49.9
4157,8043,2265,2023-12-18,45,60.22,1,54.62
4158,5161,3937,2025-11-21,78,92.16,1,81.64
4159,5603,5153,2025-06-16,50,80.64,1,71.41
4160,8427,9887,2025-04-15,53,42.98,1,45.99
4161,9927,3399,2026-03-31,42,24.23,0,12.13
4162,1658,7406,2026-06-19,29,26.91,0,17
4163,218,5473,2023-12-14,11,12.22,0,13.94
4164,9426,5469,2025-02-08,42,32.64,0,29.57
4165,6810,3436,2026-04-29,45,48.68,0,24.73
4166,4579,9190,2021-10-14,97,97.63,0,55.98
4167,1530,3375,2026-06-30,29,71.83,0,40.34
4168,8691,4114,2025-07-07,10,29.06,1,37.17
4169,3212,7100,2025-07-29,10,30.15,0,20.82
4170,2275,1027,2026-05-03,50,46.05,0,36.19
4171,4808,4026,2025-03-17,13,8.91,0,1.77
4172,404,134,2021-03-29,47,36.01,0,31.01
4173,1790,1148,2025-03-18,107,68.64,1,69.49
4174,2858,5232,2022-08-23,1,3.67,1,27.33
4175,9041,5419,2026-05-18,20,99.85,1,72.03
4176,6710,178,2024-06-13,3,2.5,0,6.26
4177,2064,7579,2026-06-13,26,93.92,1,67.8
4178,7070,9759,2025-11-20,130,72.7,0,38.84
4179,5793,9896,2022-11-12,14,21.96,0,4.17
4180,8289,8729,2025-09-27,69,75.26,1,68.77
4181,6182,8436,2026-04-07,133,91.57,1,69.02
4182,5336,7604,2023-04-28,47,38.46,0,20.99
4183,7578,6077,2026-03-06,37,76.11,1,68.05
4184,9533,3629,2026-01-25,23,14.86,0,7.31
4185,4127,3664,2020-11-08,33,32.74,0,21.3
4186,8111,6332,2026-03-04,31,20.19,1,23.27
4187,2398,2292,2024-03-03,14,61.31,1,66.43
4188,4375,3913,2025-06-22,4,2.93,0,2.3
4189,55,3000,2025-03-05,33,65.44,1,68.6
4190,8017,6689,2026-06-23,75,66.04,1,49.88
4191,5649,7855,2024-03-01,62,55.74,1,43.54
4192,6962,4209,2026-01-23,49,43.15,0,28.36
4193,8062,5532,2026-06-02,25,15.34,1,38.25
4194,2080,5725,2019-09-19,1,1.99,0,10.49
4195,4099,3068,2025-10-13,12,45.94,1,51.25
4196,9535,8460,2021-02-05,64,53.67,1,42.49
4197,9003,8068,2025-02-26,46,35.04,0,26.27
4198,7663,6898,2024-05-30,93,52.12,0,24.24
4199,2317,3667,2023-09-14,32,69.63,1,68.79
4200,1442,1955,2026-04-20,17,22.43,0,22.45
4201,7202,3016,2026-06-14,47,39.4,1,50.75
4202,3011,2042,2024-11-24,40,28.38,1,39.02
4203,3789,7236,2024-10-06,43,56.91,1,47.69
4204,7085,5682,2021-02-22,32,18.27,0,10.26
4205,6544,2767,2025-12-16,85,64.53,0,47.46
4206,9319,8242,2026-06-23,132,94.61,1,86.53
4207,277,9252,2024-06-30,40,37.89,1,36.43
4208,4192,8973,2024-12-02,18,20.05,0,19.64
4209,5187,3714,2024-07-29,34,85.41,1,69.34
4210,7380,207,2026-06-24,36,93.57,0,59.92
4211,6338,7511,2026-02-24,20,30.95,0,20.59
4212,2920,9391,2024-08-31,28,68.83,1,70.13
4213,2686,286,2026-04-10,29,43.37,0,35.07
4214,4914,629,2024-12-27,3,10.13,1,33.7
4215,3825,6989,2025-09-30,35,40.18,0,22.97
4216,5354,5434,2025-12-03,20,12.4,0,5.1
4217,1280,2508,2023-03-30,22,39.22,1,39.85
4218,8664,4073,2021-09-08,102,95.05,1,84.62
4219,4652,4566,2022-05-30,122,83.96,1,67.08
4220,2994,1758,2026-06-09,41,89.3,1,66.36
4221,8037,8550,2026-01-18,23,26.64,1,34.88
4222,1480,1071,2025-01-03,19,71.2,0,38.96
4223,8893,8768,2024-06-25,72,48.66,1,47.89
4224,9117,6317,2023-12-02,103,71.34,1,59.77
4225,2875,7308,2026-01-31,14,9.77,0,3.28
4226,6863,2346,2023-02-12,7,17.11,1,22
4227,4763,9261,2025-12-03,12,8.71,0,1.61
4228,6457,9260,2026-01-28,3,4.21,0,11.25
4229,4083,6277,2026-03-28,38,31.52,0,11.51
4230,1191,8916,2024-12-23,11,20.54,1,24.01
4231,6799,30,2026-05-28,42,37.12,0,18.13
4232,3682,1746,2025-09-10,29,41.2,1,46.45
4233,5549,6058,2025-11-21,3,7.64,0,12.42
4234,309,6624,2024-03-30,115,76.14,1,65.77
4235,8878,3154,2023-08-15,12,37.97,0,13.55
4236,998,4743,2026-02-02,44,99.47,1,84.3
4237,1089,9489,2021-08-09,37,78,1,75.32
4238,2402,528,2020-07-07,90,79.83,1,70.11
4239,1294,820,2026-01-11,84,65.07,1,63.78
4240,1495,9414,2021-01-18,36,44.22,0,34.31
4241,3656,4138,2026-06-21,24,30.61,1,38.63
4242,4176,3263,2020-04-29,3,4.64,0,12.19
4243,9514,6498,2025-04-29,20,47.06,0,27.77
4244,6096,8712,2021-08-29,144,80.68,0,51.32
4245,2655,3416,2025-07-31,24,81.62,0,55.47
4246,87,2439,2026-04-23,105,86.42,0,57.19
4247,4212,8460,2024-10-18,27,21.71,0,10.8
4248,5597,9564,2023-07-27,10,9.71,0,14.99
4249,5333,8324,2025-04-04,114,81.45,0,50.05
4250,1943,4199,2026-03-12,118,75.42,1,59.11
4251,2835,9020,2026-06-27,71,47.8,0,30.71
4252,4446,524,2025-06-28,49,47.86,1,42.82
4253,8566,361,2026-06-11,50,29.29,0,8.72
4254,7554,7545,2026-03-31,43,69.75,0,43.54
4255,6444,8715,2022-05-16,39,42.5,1,55.36
4256,379,5477,2022-08-16,70,76.15,1,73.03
4257,4366,3772,2024-05-13,59,60.8,0,30.85
4258,3683,3459,2024-12-11,8,15.95,0,13.69
4259,9857,3159,2024-12-14,9,11.07,0,10.35
4260,6348,3921,2026-03-08,106,73.22,1,57.71
4261,8376,6515,2025-08-29,7,22.51,0,7.45
4262,4192,9175,2025-06-29,34,26.49,0,17.35
4263,3035,4691,2026-04-27,99,91.15,1,76.69
4264,8563,1425,2026-03-16,38,52.65,0,41.36
4265,3914,8638,2025-06-22,89,52.72,1,44.5
4266,1230,5796,2024-09-29,15,12.73,0,4.96
4267,5642,4759,2026-05-06,7,25.59,0,24.9
4268,1408,8292,2026-06-12,88,56.32,1,60.87
4269,18,3892,2024-12-18,107,98.07,0,60.01
4270,1534,4279,2026-05-13,72,72.86,0,36.77
4271,6574,298,2026-03-05,66,83.76,1,62.57
4272,6685,540,2020-01-20,30,19.67,0,13.43
4273,4777,3635,2024-10-24,63,60.25,0,35.46
4274,2950,1086,2026-04-03,135,98.21,1,78.88
4275,8193,2982,2026-06-29,40,64.79,0,31.46
4276,9102,4632,2023-07-24,67,53.8,1,48.94
4277,4090,7607,2024-11-01,105,86.61,1,74.89
4278,7401,192,2026-05-03,39,26,1,29.21
4279,9557,789,2022-11-08,37,22.11,0,9.16
4280,7633,7038,2026-01-24,44,36.87,0,29.68
4281,3640,4687,2024-05-29,82,48.25,0,36.07
4282,1386,7168,2024-10-12,11,42.61,0,28.17
4283,1385,98,2024-10-23,35,56.21,1,51.1
4284,8411,951,2026-02-02,82,90.09,1,78.89
4285,8010,9660,2020-01-31,45,57.75,0,27.35
4286,8951,1148,2026-04-24,116,83.5,1,71.19
4287,6157,5285,2023-06-07,55,35.71,0,26.6
4288,8274,6693,2023-03-28,100,68.84,1,64.71
4289,2620,1456,2024-03-10,39,24.02,0,16.05
4290,7046,7659,2025-10-11,73,59.03,1,45.95
4291,1155,2308,2024-07-24,72,79.83,1,77.68
4292,2383,52,2026-06-28,14,23.55,1,38.13
4293,8522,8038,2024-10-25,77,52.07,0,39.51
4294,2640,3629,2026-01-11,111,66.69,1,69.01
4295,89,9486,2025-04-15,9,14.26,1,30.53
4296,6514,4241,2025-02-21,147,95.44,1,86.39
4297,3851,9645,2024-07-28,119,88.29,1,81.19
4298,9483,3741,2023-12-12,21,46.36,0,37.19
4299,6063,6364,2026-05-25,34,72.79,1,70.23
4300,445,8149,2025-12-22,11,18.95,0,21.15
4301,9119,6653,2020-05-06,5,2.86,0,0
4302,6437,7161,2026-04-05,5,11.55,0,7.76
4303,2312,1820,2025-08-26,2,5.79,0,12.36
4304,3347,7136,2021-08-25,53,71.13,1,67.77
4305,2631,7783,2023-01-03,19,35.45,1,33.93
4306,5623,3984,2026-06-10,20,26.3,0,12.22
4307,7063,3693,2024-04-25,51,48.69,0,32.34
4308,9047,8520,2023-10-22,85,57.33,1,63.6
4309,7631,5057,2026-04-13,50,88.82,0,43.83
4310,1487,9690,2021-01-13,7,19.26,0,11.94
4311,3989,3811,2025-07-20,21,70.96,0,49.14
4312,5712,3221,2023-10-09,14,17.09,0,2.28
4313,2952,9653,2026-06-17,30,74.34,1,73.94
4314,5457,531,2026-04-17,41,23.61,0,16.87
4315,3043,5971,2025-05-18,80,98.32,1,85.15
4316,6772,8219,2023-12-13,87,85.44,1,75.54
4317,7925,739,2024-06-23,57,50.82,1,51.59
4318,1049,2673,2026-03-21,162,92.91,1,81.47
4319,5668,3829,2020-08-03,89,63.35,1,53.04
4320,3839,2485,2022-01-22,17,21.78,0,17.98
4321,9125,5804,2025-10-15,104,59.17,1,63.78
4322,9951,9430,2026-03-22,64,75.65,1,73.31
4323,2161,1265,2026-02-23,145,85.53,1,70.6
4324,1763,4760,2022-08-13,55,55.54,1,57
4325,8325,4739,2023-12-14,130,82.57,0,51.82
4326,5706,8434,2026-06-28,29,30.16,0,25.42
4327,2447,9792,2020-12-26,67,37.39,0,14.26
4328,292,2345,2024-05-11,7,26.46,0,8.59
4329,9435,9245,2026-03-28,11,52.91,0,23.39
4330,7199,4526,2021-08-29,20,21.12,0,15.38
4331,7497,7623,2026-01-19,74,48.48,1,48.4
4332,3908,2554,2019-12-17,89,76.56,0,42.04
4333,8530,9553,2026-03-05,16,9.93,0,2.68
4334,5811,9909,2026-05-27,48,56.67,1,53.2
4335,9171,762,2026-06-28,8,6.88,0,0
4336,9228,3140,2025-11-07,2,1.34,0,0
4337,4447,3690,2024-01-14,150,93.76,1,85.48
4338,8498,9164,2025-08-23,13,13.35,0,14
4339,1772,8053,2021-06-27,105,81.38,1,60.66
4340,3068,3705,2024-06-15,7,18.28,0,11.42
4341,8820,1909,2021-08-21,61,70.99,1,57.66
4342,4077,4604,2025-10-21,90,79.36,1,68.99
4343,9712,4772,2025-12-04,57,99.67,0,54.21
4344,9868,4106,2024-02-29,80,65.97,1,64.92
4345,6707,5331,2020-12-01,47,60.62,0,37.14
4346,4768,1897,2026-06-20,82,83.49,1,68.49
4347,6882,3443,2023-04-28,114,69.06,1,66.56
4348,8287,4250,2024-03-19,31,36.9,0,28.31
4349,6073,7501,2024-09-25,25,18.61,0,12.64
4350,1269,384,2025-11-22,93,52.03,0,30.02
4351,1740,326,2025-11-05,5,9.54,0,13.41
4352,9545,9875,2022-05-08,103,63.25,0,30.96
4353,4806,4051,2026-06-15,54,32.92,0,13.58
4354,5786,2607,2024-11-22,25,29.74,0,23.29
4355,5788,6881,2022-07-13,116,89.1,1,70.96
4356,9917,6636,2026-02-25,114,95.75,1,72.76
4357,4919,6480,2024-02-23,17,85.56,0,45.09
4358,5627,9331,2023-11-16,7,7.59,0,2.22
4359,7802,4197,2025-09-07,12,53.04,1,44.43
4360,1710,1005,2025-11-13,44,98.21,1,81.68
4361,1889,2906,2024-11-15,13,9.39,0,12.62
4362,3361,9189,2024-09-09,39,81.77,0,50.51
4363,1478,4743,2024-11-16,57,33.32,0,27.47
4364,6919,552,2023-08-31,40,26.59,0,7.52
4365,7320,2571,2024-07-20,60,46.17,1,50.62
4366,577,9260,2025-07-18,52,52.04,1,41.94
4367,8525,9779,2022-06-10,99,64.88,0,36.61
4368,6570,8191,2026-06-21,13,22.91,0,14.28
4369,5707,9925,2023-01-12,1,4.28,0,9.11
4370,6169,8335,2025-12-14,29,73.08,1,70.59
4371,3486,6558,2023-08-28,103,87.68,0,43.13
4372,4317,6753,2026-06-13,106,62.07,1,59.09
4373,3648,7092,2023-10-27,37,64.66,1,57.51
4374,3360,7263,2025-08-11,48,42.54,0,21.02
4375,9483,8594,2024-09-25,4,21.27,0,7.47
4376,2487,2285,2025-09-25,21,95.75,1,82.69
4377,6551,1328,2021-04-16,25,74.8,0,52.7
4378,4520,5609,2024-02-05,53,47.6,1,50.36
4379,5678,524,2026-03-07,49,77.19,1,64.04
4380,3176,12,2025-07-22,82,63.49,1,48.3
4381,9376,2923,2020-09-11,10,20.02,0,21.16
4382,6827,3039,2023-03-13,47,27.43,1,29.01
4383,6476,1807,2026-04-22,8,9.72,0,3.63
4384,23,3061,2025-03-27,12,7.7,0,13.62
4385,4140,631,2025-04-23,64,77.57,0,45.05
4386,1551,576,2026-05-14,87,56.32,0,34.17
4387,4683,5782,2022-07-03,103,82.73,0,58.52
4388,3814,2883,2025-08-10,58,87.51,1,73.69
4389,165,1051,2025-05-17,1,1.66,0,7.64
4390,6124,3446,2026-06-06,39,33.14,1,44.61
4391,5222,1433,2025-02-04,132,93.48,1,73.28
4392,4927,4543,2026-05-27,30,83.75,1,69.84
4393,549,1709,2025-06-09,2,1.15,1,24.59
4394,9256,4482,2026-01-03,40,81.85,1,66.92
4395,1733,2555,2023-12-01,42,45.41,0,32.43
4396,4687,9312,2022-11-19,25,98.18,1,82.59
4397,1954,1361,2021-09-05,48,39.68,1,51.11
4398,4754,2043,2022-08-14,58,82.19,0,59.18
4399,4127,4770,2022-01-11,122,84.45,1,70.65
4400,7531,2577,2026-05-12,98,98.81,1,75.74
4401,2015,3193,2025-08-15,84,99.05,1,85.01
4402,57,9750,2025-07-02,43,32.13,0,17.66
4403,2983,6013,2025-10-31,17,13.77,0,12.21
4404,5011,8295,2020-09-23,3,2.58,0,0
4405,1268,9866,2025-08-05,87,57.44,1,54.77
4406,8118,6123,2026-01-05,135,84.75,1,61.11
4407,653,3337,2023-05-09,23,23.59,0,21.03
4408,7945,9521,2026-06-02,31,20.66,1,39.88
4409,885,9259,2021-08-12,108,60.69,1,48.64
4410,749,818,2026-01-10,26,25.59,1,44.91
4411,3754,4775,2022-08-06,48,51.15,0,34.59
4412,2332,3,2025-09-08,102,70.1,0,36.91
4413,3229,9243,2024-01-17,21,97.31,1,83.64
4414,8415,819,2020-05-20,46,55.09,0,31.93
4415,3246,6717,2023-02-10,85,67.89,1,60.84
4416,3980,9569,2024-09-15,25,41.39,0,31.08
4417,4508,4576,2025-03-30,1,1.66,0,0
4418,77,9794,2024-09-29,111,84.98,0,44.38
4419,3328,3689,2025-10-23,85,94.42,1,71.4
4420,903,6451,2023-09-08,3,4.04,1,26.19
4421,2907,175,2024-05-05,146,89.47,0,55.43
4422,4181,5738,2026-02-02,85,56.61,1,52.84
4423,892,5341,2026-05-22,136,82.5,1,66.94
4424,5909,4916,2026-05-10,10,34.3,1,32.25
4425,1711,7284,2025-06-17,37,21.34,0,10.41
4426,5865,659,2025-09-21,10,40.8,0,19.33
4427,3552,3353,2024-12-03,43,31.61,1,40.48
4428,3076,3328,2026-04-19,21,18.29,0,9.05
4429,4657,4975,2025-07-02,9,17.87,1,30.16
4430,4700,6225,2024-07-26,2,3.57,0,8.75
4431,6223,9878,2025-07-31,111,71.41,0,36.7
4432,2522,8905,2026-03-30,4,2.58,0,7.83
4433,6975,4001,2022-02-08,17,26.77,0,16.9
4434,1481,6237,2022-08-17,53,36.29,1,40.45
4435,4790,443,2021-06-01,15,44.15,1,47.96
4436,6721,3066,2022-05-19,17,63.93,0,28.38
4437,4738,5389,2024-05-28,114,89.49,1,82.62
4438,9758,5788,2025-04-12,21,60.75,1,48.21
4439,7147,8754,2024-10-20,125,75.28,0,52.23
4440,7269,9157,2023-07-29,7,10.65,1,32.76
4441,3622,4576,2026-01-15,74,44.32,0,17.24
4442,6626,4953,2021-04-22,10,6.03,0,6.53
4443,3749,204,2025-12-30,18,12.28,0,6.07
4444,2592,1941,2023-02-02,35,92.05,1,71.16
4445,6689,1442,2026-04-19,61,54.19,0,24.18
4446,1303,5175,2024-10-06,8,6.89,1,30.95
4447,4725,4555,2024-01-08,39,91.25,1,79.51
4448,7733,1270,2020-03-21,97,55.24,1,45.92
4449,9055,5241,2026-01-18,42,63.56,0,31.36
4450,9271,4608,2023-01-27,62,76.13,1,60
4451,7419,1143,2025-12-20,104,92.44,0,65.07
4452,1497,1816,2026-05-14,4,15.17,0,3.87
4453,1069,2417,2025-10-17,63,41.33,0,32.99
4454,9243,4440,2023-11-13,18,75.26,1,58.78
4455,3761,1696,2021-08-15,107,64.33,0,34.65
4456,5035,9871,2021-11-28,82,53.99,1,60.41
4457,8126,9048,2026-01-02,88,73.56,0,35.22
4458,3484,7919,2023-04-30,26,29.76,0,14.69
4459,4766,3580,2021-10-21,8,7.6,1,25.79
4460,8562,1215,2025-04-18,41,52.37,1,56.58
4461,9671,7054,2025-06-18,16,52.36,1,51.96
4462,6704,6275,2024-07-02,54,66.41,1,64.12
4463,3579,7402,2026-01-16,43,25.69,0,10.89
4464,2766,4380,2026-02-18,91,61.57,1,60.89
4465,6818,3096,2026-05-08,40,98.43,1,83.92
4466,1219,7912,2025-06-08,69,57.83,0,42.94
4467,412,3048,2026-05-09,66,91.97,1,70.54
4468,8100,3484,2024-05-09,7,21.94,1,38.1
4469,1898,4548,2026-02-27,34,94.33,1,71.53
4470,3751,4671,2026-05-13,80,48.51,0,35.09
4471,51,3903,2020-01-26,67,90.97,0,58.52
4472,7325,7980,2025-10-02,87,59.52,1,60.35
4473,4126,2332,2024-12-20,47,82.57,1,69.05
4474,2568,2061,2024-10-09,150,94.15,1,70.1
4475,254,6438,2025-04-11,80,90.46,1,82.15
4476,7247,3342,2023-07-29,37,92.95,1,79.64
4477,5721,4424,2023-01-15,139,77,1,63.3
4478,9757,644,2022-01-06,4,2.87,1,30.92
4479,375,3645,2021-12-01,143,91.52,1,76.12
4480,2277,1090,2026-06-22,22,30.37,0,8.76
4481,6457,6442,2025-06-07,14,26.02,0,16.23
4482,6151,84,2020-08-05,22,62,0,32.63
4483,6913,5178,2026-01-02,145,96.88,1,79.8
4484,5325,4618,2024-06-30,25,37.2,1,50.31
4485,9741,4876,2024-06-19,18,32.2,0,27.13
4486,3933,4721,2023-09-04,38,55.38,1,60.7
4487,3982,9433,2026-03-05,22,21.21,0,4.25
4488,2942,1876,2020-03-07,66,42.59,1,48.59
4489,7513,6089,2024-12-18,81,72.03,1,70.96
4490,10,6051,2022-05-18,71,60.04,0,35.63
4491,4003,1774,2025-11-26,126,84,0,47.97
4492,1682,8274,2026-01-26,107,82.8,1,67.27
4493,4339,3003,2026-06-12,10,19.21,0,13.77
4494,979,9094,2025-08-03,14,32.89,1,44.66
4495,9471,352,2025-04-15,33,81.47,1,70.95
4496,5909,6760,2022-04-02,88,62.97,1,62.13
4497,5342,4957,2025-10-15,2,3.04,0,4.7
4498,5410,5492,2021-10-19,36,36.56,0,19.13
4499,6447,181,2026-04-29,61,64.07,1,53.61
4500,6225,2195,2025-10-19,8,26.2,0,17.58
4501,6008,9157,2025-03-19,23,27.52,0,22.9
4502,693,9068,2023-09-01,166,99.28,0,50.02
4503,9490,9095,2022-02-18,6,7.54,0,0
4504,7794,9156,2026-06-10,4,7.77,0,0
4505,5508,4952,2025-09-17,79,97.84,1,69.68
4506,2971,5530,2022-12-30,15,13.75,0,3.87
4507,8196,5997,2021-05-14,11,35.4,0,24.96
4508,4864,3110,2025-04-24,7,6.42,0,6.42
4509,9977,2205,2025-10-17,131,83.74,0,54.1
4510,1325,7274,2025-07-24,59,79.37,0,42.98
4511,5737,1134,2024-10-13,54,40.35,1,37.88
4512,9049,1327,2026-06-12,45,46.33,0,20.03
4513,9414,8368,2024-12-08,18,30.27,1,35.79
4514,5050,2463,2024-10-19,27,94.63,1,70.36
4515,5166,8532,2024-08-10,42,26.16,0,7
4516,1565,6997,2026-05-20,52,56.98,0,38.62
4517,8628,961,2024-12-09,144,95.71,1,79.97
4518,5278,4995,2025-09-11,45,53.49,0,28.91
4519,3836,4077,2026-01-06,96,89.64,1,72.76
4520,4374,5747,2026-05-22,17,49.66,1,48.93
4521,8505,3855,2025-05-31,82,80.97,1,71.87
4522,8753,3509,2023-12-14,53,56,1,51.65
4523,2004,6403,2026-06-09,22,26.22,1,39.71
4524,7872,6586,2024-08-26,3,2.26,0,0
4525,7127,309,2025-07-22,27,25.97,1,31.36
4526,3613,1318,2022-04-15,10,15.09,0,3.39
4527,3479,8383,2023-07-29,104,67.47,0,35.21
4528,2022,3892,2023-03-27,41,43.7,0,22.78
4529,6802,7169,2026-05-11,38,42.32,0,35.35
4530,2929,1665,2026-05-18,32,34.97,1,33.24
4531,4597,2379,2024-05-05,88,94.99,1,69.2
4532,3922,2720,2021-08-01,140,82.16,1,75.67
4533,6209,9454,2023-12-30,3,3.86,0,0
4534,949,6653,2025-04-18,4,2.11,0,0
4535,1178,1085,2024-01-01,8,38.48,0,26.92
4536,5878,6226,2023-03-24,39,44.25,0,17.42
4537,4037,3612,2025-03-16,49,69.38,1,53.19
4538,1812,5507,2025-02-02,107,81.47,1,64.2
4539,7373,431,2026-02-25,29,96.48,1,82.87
4540,1216,8555,2026-03-06,6,5.48,0,8.97
4541,7435,778,2024-04-16,20,22.86,0,12.94
4542,185,1805,2024-07-27,54,78.63,0,42.75
4543,7192,6313,2025-12-10,96,98.79,0,51.86
4544,2468,1780,2020-05-13,102,58.5,1,63.28
4545,6366,2460,2023-07-09,17,11.13,1,24.77
4546,4548,4109,2025-01-02,144,99.92,1,84.36
4547,3506,8169,2022-12-22,27,26.98,1,27.12
4548,3923,4578,2026-06-27,67,89.21,1,80.37
4549,7252,2997,2025-03-01,10,13.49,0,1.13
4550,6900,2189,2026-06-20,34,83.82,1,75.91
4551,2574,8435,2023-05-01,106,69.86,1,63.31
4552,5618,6860,2024-03-27,12,55.32,0,36.25
4553,4094,208,2024-03-28,30,85.45,1,65.17
4554,8542,4982,2025-10-07,2,7.03,0,5.06
4555,8203,296,2023-10-26,59,80.77,1,69.94
4556,3181,1732,2023-07-05,9,18.13,1,38.45
4557,7671,3093,2023-10-06,11,18.96,1,39.88
4558,8208,1954,2021-10-12,29,39.5,0,32.71
4559,6703,9309,2024-12-14,23,94.75,1,71.31
4560,6332,8642,2026-03-10,4,2.35,0,2.22
4561,9540,6813,2023-03-03,100,71.19,1,69.76
4562,4054,9875,2022-09-23,29,66.62,0,49.79
4563,2492,8977,2023-08-02,41,73.12,1,71.15
4564,4549,5542,2023-08-10,22,21.31,0,9.12
4565,8589,6058,2021-11-04,10,7.82,0,1.1
4566,2031,782,2023-11-15,88,70.72,0,34.2
4567,4739,5281,2024-06-01,16,26.27,1,34.46
4568,4419,1683,2025-02-28,144,97.6,1,77.92
4569,9257,205,2019-07-06,36,27.02,1,43.7
4570,3338,6973,2023-08-27,73,65.35,0,33.34
4571,1975,9663,2025-05-17,128,79.85,1,74.29
4572,968,2130,2023-01-23,43,82.11,1,74.34
4573,76,9050,2026-02-24,51,32.47,0,21.64
4574,9306,4453,2026-03-09,31,57.31,1,48.9
4575,1274,2133,2024-07-05,47,50.34,1,56.73
4576,3200,2893,2024-10-19,40,63.99,1,57.87
4577,5841,675,2026-01-31,68,42.51,0,29.72
4578,174,8125,2025-03-31,34,94.61,1,78.73
4579,7141,8153,2023-01-27,61,88.83,1,79.94
4580,239,2201,2021-08-10,53,62.82,1,65.83
4581,7453,6408,2026-04-28,11,40.86,1,49.7
4582,6297,2361,2023-02-23,48,30.68,0,23.16
4583,9175,2805,2025-10-06,49,87.96,1,79.22
4584,7373,5618,2026-04-15,84,74.17,1,56.61
4585,8043,133,2023-11-05,43,32.45,1,40.51
4586,4336,9686,2026-02-22,3,4.62,0,0
4587,7572,2589,2023-07-07,4,2.65,0,0
4588,1827,2530,2026-03-26,15,53.54,1,60.91
4589,2785,9341,2023-11-14,65,38.74,1,40.66
4590,626,2040,2025-10-05,27,84.94,1,68.36
4591,5859,8360,2026-05-25,107,92.97,0,60.32
4592,2449,4179,2021-12-27,14,20.73,0,3.15
4593,4164,9945,2024-05-11,110,61.52,1,60.44
4594,681,6506,2023-09-30,125,92.15,1,65.9
4595,9218,8624,2026-05-17,17,12.48,1,21.4
4596,971,2404,2026-01-31,67,58.52,0,43.69
4597,1697,3391,2024-11-04,9,10.94,1,19.23
4598,5280,1542,2025-05-31,105,88.9,1,79.39
4599,8089,4718,2025-03-28,132,76.48,1,69.1
4600,8580,3471,2024-02-15,31,26.59,1,41.42
4601,8142,4656,2024-04-12,92,71.51,0,42.69
4602,6666,9688,2024-04-23,109,70.9,0,40.52
4603,1396,1135,2026-03-15,16,9.73,0,13.47
4604,8659,7907,2025-05-02,5,13.89,0,3.82
4605,7341,6695,2024-01-23,25,35.53,0,24.7
4606,6676,8726,2026-02-21,55,77.51,1,75.35
4607,8542,5118,2022-10-21,70,39.11,1,39.33
4608,7067,1970,2022-06-05,24,21.75,1,35.91
4609,7977,8533,2025-11-13,21,15.86,1,24.14
4610,9071,804,2025-03-11,30,41.55,1,37.05
4611,3136,7335,2024-05-26,107,65.49,1,67.53
4612,1278,9630,2022-08-12,2,2.01,0,0
4613,2388,711,2025-08-30,109,97.26,1,86.62
4614,7871,4568,2025-02-10,52,73.26,1,68.41
4615,6405,9299,2023-12-22,21,91.14,1,74.88
4616,6713,443,2023-02-11,31,26.87,0,25.83
4617,6016,7803,2025-05-19,34,90.6,1,79.16
4618,7119,1449,2024-10-11,32,23.47,0,7.53
4619,697,8441,2025-09-03,67,82.11,1,66.4
4620,1910,8800,2026-06-27,19,21.48,1,27.94
4621,7459,589,2026-01-18,140,96.45,1,81.6
4622,5081,6695,2024-04-30,49,97.38,1,78.29
4623,7508,3218,2025-07-04,15,10.52,0,2.35
4624,3494,2639,2026-06-15,15,15.54,0,10.92
4625,5117,58,2026-03-18,11,32.6,1,40
4626,5498,2092,2025-12-17,43,29.13,1,29.87
4627,4543,7756,2022-11-27,18,45.74,1,49.04
4628,6537,9560,2025-12-19,64,42.37,0,34.85
4629,7330,5857,2026-05-15,83,88.82,1,79.91
4630,8956,1749,2025-03-16,114,83.59,0,54.62
4631,3175,2222,2023-07-25,30,88.07,1,68.87
4632,1281,4604,2026-06-19,3,5.76,0,3.34
4633,4744,3240,2025-07-20,90,51.98,1,54.47
4634,1379,4415,2023-09-07,137,79.52,1,59.99
4635,9023,1026,2020-06-25,20,82.42,0,46.61
4636,7264,5054,2025-08-26,25,90.83,1,83.59
4637,6072,3406,2026-06-05,148,82.69,0,53.02
4638,9137,7858,2026-04-15,11,18.59,0,17.06
4639,2085,6607,2025-11-22,79,97.67,1,77.36
4640,2502,8462,2026-05-16,39,28.35,0,9.89
4641,198,8541,2026-04-19,8,7.01,0,0
4642,479,3997,2023-04-05,7,5.97,1,27.85
4643,8612,4014,2025-01-28,46,55.32,1,43.23
4644,4884,5957,2023-03-27,41,46.79,0,31.02
4645,3107,4826,2026-04-22,93,65.2,1,52.65
4646,3606,6348,2026-01-08,22,13.55,0,7.68
4647,889,115,2021-03-27,53,61.02,1,56.11
4648,1042,6231,2026-06-26,17,32.98,1,44.32
4649,4568,3792,2025-06-10,44,70.92,0,47.96
4650,3314,7778,2023-11-17,66,59.84,1,61.86
4651,372,8902,2026-05-22,20,50.76,0,36.58
4652,5241,6579,2022-06-04,138,85.17,1,80.19
4653,895,5302,2021-01-28,62,83.56,0,54.65
4654,7051,9778,2025-03-26,87,62.69,1,63.13
4655,9930,9002,2026-03-27,44,67.7,0,47.6
4656,827,1723,2026-02-24,1,1.87,0,1.58
4657,6783,576,2026-06-29,70,44.89,1,54.6
4658,5634,2312,2019-01-28,69,41.77,1,36.89
4659,7552,5421,2023-03-23,59,95.33,1,83.58
4660,2630,3878,2025-03-26,28,60.39,1,50.56
4661,6539,2230,2025-06-12,29,81.39,1,72.55
4662,1241,2635,2026-06-04,88,79.39,1,72.6
4663,9179,4345,2021-06-07,43,72.32,0,34.34
4664,3185,394,2021-10-17,124,78.84,1,59.18
4665,2463,7726,2025-07-26,56,76.16,0,49.05
4666,7149,4692,2024-07-16,8,17.74,0,5.09
4667,7780,5147,2025-05-05,5,21.2,0,6.78
4668,3864,6921,2024-08-18,57,38.45,0,28.36
4669,3813,1125,2025-02-10,26,31.09,1,44.53
4670,6169,6128,2025-11-27,53,38.81,0,14.3
4671,8735,6519,2025-09-29,12,11.56,0,16.4
4672,5114,3293,2024-01-11,11,25.62,0,15.34
4673,1611,713,2023-09-17,69,97.86,1,72.46
4674,6299,3084,2025-09-03,110,91.39,1,74.84
4675,785,7096,2026-06-27,21,17.99,0,5.73
4676,8960,8161,2023-01-18,39,27.16,1,38.38
4677,775,7988,2020-07-17,17,86.19,0,55.6
4678,779,6482,2023-11-20,134,87.78,0,50.42
4679,5392,8252,2023-11-04,10,8.9,0,0
4680,8771,9378,2021-11-29,113,66.81,1,57.5
4681,6989,4852,2023-09-16,116,73.06,1,55.03
4682,1980,5756,2023-05-22,20,13.17,0,6.7
4683,5474,6837,2026-06-24,57,50.57,1,45.32
4684,311,6794,2023-08-05,9,5.7,1,19.74
4685,4382,5230,2025-07-27,12,12.12,0,12.2
4686,6953,9992,2023-02-02,28,56.63,1,49.65
4687,775,584,2024-03-30,30,62.82,0,43.23
4688,5682,1413,2024-04-11,90,59.66,0,30.83
4689,2998,6894,2021-08-08,62,64.2,0,42.63
4690,5432,9946,2026-01-17,22,13.22,0,8.19
4691,9649,834,2023-02-08,22,30.13,0,16.92
4692,5445,9600,2024-12-15,82,88.28,1,68.83
4693,7691,1757,2026-01-14,34,31.18,1,44.59
4694,9975,2987,2023-08-24,177,98.53,1,81.04
4695,1764,531,2026-04-28,9,13.53,0,7.91
4696,7460,5109,2025-12-11,94,80.89,1,76.21
4697,3995,5859,2023-04-09,20,46.59,1,42.67
4698,1007,140,2025-01-27,150,97.62,1,83.01
4699,1603,8443,2024-01-30,25,26.94,0,21.21
4700,5673,7817,2025-02-02,140,92.84,0,56.01
4701,8151,623,2025-12-12,24,16.43,0,7.69
4702,3573,980,2021-08-30,8,24.02,1,38.94
4703,9238,4899,2025-08-06,119,93.27,0,50.68
4704,1866,6509,2023-08-22,21,34.94,0,18.43
4705,3145,1949,2024-10-10,30,42.79,1,41.32
4706,839,2691,2023-03-02,123,93.38,1,81.74
4707,3306,2750,2021-04-17,121,76.54,0,46.78
4708,3822,1862,2023-03-25,50,35.61,1,36.65
4709,3870,1706,2025-11-28,139,84.97,1,72.58
4710,1632,6706,2025-08-01,115,85.37,0,46.84
4711,979,1219,2024-07-22,64,83.58,1,72.6
4712,7027,563,2023-12-17,12,16.18,0,15.92
4713,9132,7184,2023-01-27,37,66.4,1,60.82
4714,9985,4826,2026-04-14,30,32.83,0,13.24
4715,9876,3490,2026-03-31,21,12.11,0,2.68
4716,760,1720,2025-12-09,16,73.91,1,59.8
4717,5583,3146,2021-06-30,40,40.38,1,36.2
4718,8363,7810,2025-08-28,19,40.06,0,29.23
4719,6207,5207,2025-07-17,11,6.77,0,7.66
4720,1663,3831,2025-10-06,43,86.11,1,70.28
4721,9405,3153,2026-04-06,23,63.44,1,49.43
4722,3865,5465,2025-04-16,130,85.02,0,46.91
4723,5230,4123,2019-05-26,52,61.3,0,43.85
4724,3794,1748,2025-03-09,13,10.15,0,0
4725,5685,5231,2023-12-21,53,93.55,1,79.18
4726,7793,671,2025-07-31,107,95.68,1,85.62
4727,4556,2126,2025-12-21,94,92.91,1,68.42
4728,3420,2048,2024-09-14,7,5.49,1,25.94
4729,677,7790,2026-04-26,18,42.97,0,23.64
4730,5611,588,2022-10-11,27,64.21,1,66.86
4731,1250,3567,2024-07-17,20,17.54,1,33.76
4732,4272,1314,2025-07-07,17,45.76,0,34.89
4733,5583,7745,2022-12-15,61,98.21,1,80.64
4734,9985,7360,2026-06-28,37,38.11,0,27.73
4735,9434,9872,2026-01-22,7,20.1,0,5.78
4736,1566,3610,2024-10-01,84,92.88,1,70.07
4737,1649,9097,2025-02-28,5,10.15,1,20.52
4738,70,6316,2023-11-11,16,26.22,1,36.4
4739,9193,4585,2026-03-23,18,38.42,0,30.57
4740,5516,6598,2025-07-31,2,8.42,0,3.33
4741,8227,7153,2023-06-25,107,64.32,1,51.19
4742,6980,5461,2025-02-04,8,26.05,0,6.24
4743,6794,2037,2024-02-04,47,64.98,1,58.09
4744,9464,2865,2024-05-14,57,74.42,1,63.55
4745,3372,4200,2023-08-03,65,55.68,1,44.11
4746,1379,1530,2022-10-25,83,66.74,1,58.71
4747,942,9265,2020-12-13,110,66.13,0,34.23
4748,7276,7214,2023-01-02,24,25.11,0,6.58
4749,5864,5913,2024-12-10,14,16.25,0,19.06
4750,4075,2677,2023-09-21,85,47.49,1,50.92
4751,6268,3919,2025-12-28,50,53.54,0,25.18
4752,2238,7021,2021-07-24,87,69.33,1,66.26
4753,269,3469,2025-12-27,12,53.66,0,41.15
4754,8357,3074,2025-12-27,126,88.8,1,78.82
4755,7980,9987,2025-01-24,23,39.07,1,51.77
4756,9344,4488,2022-07-09,52,63.9,1,58.25
4757,7413,5459,2024-08-24,32,92.68,1,74.45
4758,8927,3490,2025-06-25,15,12.01,0,9
4759,4033,441,2025-03-30,88,87.04,0,46.54
4760,1691,9805,2026-02-09,143,90.21,1,74.75
4761,8146,2083,2025-04-08,33,19.09,1,40.09
4762,9750,434,2023-02-03,94,82.35,1,70.1
4763,5256,5363,2022-05-23,30,73.81,1,56.24
4764,4578,7605,2021-09-08,7,6.16,0,9.39
4765,2722,7871,2026-01-06,14,70.31,1,62.34
4766,7725,9333,2021-09-16,32,87.77,1,63.87
4767,3459,4689,2026-06-16,18,22.96,0,17.39
4768,1251,7524,2025-11-15,48,45.28,0,17.29
4769,5202,5085,2024-10-19,35,38.49,1,40.55
4770,1360,6379,2022-10-20,11,13.31,0,15.88
4771,5255,9751,2023-02-18,109,69.12,0,40.75
4772,8502,287,2026-04-13,9,40.68,1,46.01
4773,6830,9004,2026-05-08,25,14.93,1,25.24
4774,7448,5895,2025-07-07,8,15.98,0,0.14
4775,778,6338,2022-09-22,29,43.26,0,31.06
4776,8756,9801,2025-09-17,20,43.03,0,29.45
4777,1271,9246,2025-09-05,12,12.71,0,0.14
4778,9217,1340,2023-06-10,108,89.7,0,50
4779,1288,8796,2025-11-18,29,57.55,0,40.02
4780,1333,9344,2025-09-09,44,75.13,0,53.81
4781,763,8021,2025-11-24,80,75.92,0,38.33
4782,4343,5147,2025-04-23,27,68.08,1,64.46
4783,3765,1120,2025-02-11,3,4.5,0,11.91
4784,9672,330,2025-02-02,19,81.39,1,71.35
4785,218,6140,2023-05-07,4,12.83,1,37.64
4786,2741,2290,2025-03-17,25,18.76,0,10.38
4787,456,986,2026-05-19,51,43.27,0,32.3
4788,462,1380,2022-01-11,117,66,1,62.63
4789,2173,810,2024-01-11,69,74.82,1,66.08
4790,2784,4970,2026-05-19,47,48.64,1,53.72
4791,85,8447,2026-05-10,50,29.12,0,21.78
4792,717,766,2025-08-10,46,71.18,1,56.39
4793,7966,6682,2024-08-05,5,19.78,0,15.8
4794,7916,8638,2022-04-10,65,45.08,1,45.31
4795,3378,3969,2025-08-30,12,34.86,1,42.23
4796,3298,9074,2024-05-11,53,60.46,0,34.5
4797,9382,2488,2022-01-09,19,27.64,1,29.04
4798,7111,2687,2023-07-10,4,2.25,0,2.64
4799,1192,556,2021-11-07,109,78.6,1,70.8
4800,117,5797,2025-02-25,113,85.57,0,60.34
4801,5072,6842,2021-08-07,114,83.83,1,72.67
4802,1428,9955,2024-02-20,54,41.94,1,54.03
4803,718,5220,2023-12-30,17,69.36,1,53.93
4804,262,8919,2021-12-31,65,76.94,1,57.68
4805,6092,987,2026-03-21,124,94.43,1,74.33
4806,401,7051,2023-08-23,77,80.14,0,56.71
4807,3622,5258,2023-09-02,31,22.42,0,19.24
4808,1593,8400,2022-03-27,135,88.28,1,78.33
4809,8014,9116,2025-06-26,3,2.17,0,0
4810,6018,5105,2026-05-24,82,83.52,0,55.27
4811,2858,5726,2023-10-27,37,26.92,1,30.95
4812,2438,1681,2023-10-01,91,62.22,0,44.94
4813,1301,203,2024-01-22,7,21.34,1,23.48
4814,2242,7308,2022-12-10,141,91.01,1,74.84
4815,9844,6923,2026-06-24,52,66.04,1,69.26
4816,2425,3095,2025-06-03,85,56.17,0,30.54
4817,2064,5377,2024-04-20,153,98.82,1,76.65
4818,8664,2232,2025-07-01,93,76.42,1,69.36
4819,3843,3327,2024-04-18,23,30.67,0,16.56
4820,681,4199,2025-01-16,86,67.03,1,56.1
4821,9851,3091,2023-03-14,17,14.07,1,34.92
4822,5846,4814,2022-05-16,138,90.18,1,83.08
4823,9044,3982,2025-01-11,26,90.55,1,67.62
4824,1613,2818,2026-04-28,138,95.61,0,57.13
4825,3195,9765,2025-07-06,31,20.88,0,21.02
4826,9542,5095,2020-02-02,46,28.73,0,7.95
4827,7269,160,2023-12-04,60,54.63,1,44.26
4828,8205,2091,2026-02-08,113,70.2,0,50.41
4829,9936,4645,2024-10-13,167,93,1,75.82
4830,1544,3771,2024-06-16,39,24.52,0,10.91
4831,2721,4496,2025-12-10,27,16.19,1,27.24
4832,4687,3473,2024-09-05,25,16.46,0,11.71
4833,9309,273,2022-05-04,14,68.18,0,39.15
4834,8907,3559,2026-01-12,5,17.26,0,12.17
4835,1066,2934,2024-06-28,71,53.42,0,39.24
4836,2916,5071,2024-07-28,124,87.41,1,64.88
4837,4421,1420,2025-08-21,62,59.27,1,48.48
4838,6101,7965,2025-12-27,62,72.18,1,56
4839,8792,8752,2025-12-24,7,4.2,0,0
4840,5573,815,2021-11-10,44,58.67,0,42.03
4841,7196,9535,2025-07-14,66,46.39,1,39.83
4842,8348,5641,2025-01-30,22,48.72,0,25.28
4843,272,4499,2025-09-25,107,62.65,1,57.88
4844,2324,8836,2025-04-27,82,46.61,1,44.78
4845,8163,714,2022-08-28,26,26.59,0,17.65
4846,3582,1617,2024-04-12,15,13.34,0,2.63
4847,4119,8053,2021-06-29,50,41.83,1,41.77
4848,4931,393,2024-06-27,78,52.51,1,41.96
4849,206,2238,2022-10-13,73,61.36,0,33.19
4850,2904,4803,2025-01-18,115,73.39,0,48.95
4851,1681,6913,2026-06-09,66,42.71,0,31.45
4852,1283,6083,2025-06-29,44,31.62,0,17.99
4853,2947,5594,2024-10-28,37,36.54,0,22.51
4854,6633,5067,2025-11-29,24,47.27,0,32.91
4855,1755,1024,2026-05-09,56,44.1,1,43.8
4856,7297,3669,2025-01-25,66,96.35,1,79.58
4857,2557,3932,2022-09-21,20,22.63,1,27.02
4858,1789,5976,2022-07-17,3,1.99,1,30.09
4859,5884,6968,2025-06-15,40,37.82,1,49.99
4860,8658,7120,2026-06-06,47,95.3,0,54.64
4861,8931,4183,2025-10-31,18,18.68,0,3.81
4862,8019,3451,2025-06-25,37,44.82,1,40.7
4863,2412,9998,2025-02-27,7,10.35,0,14.28
4864,9763,4450,2026-06-02,73,50.38,1,42.98
4865,5965,8317,2024-12-23,77,60.85,0,37.79
4866,5425,2898,2026-02-08,152,99.92,1,77.01
4867,5042,2309,2024-12-17,40,76.28,1,69.29
4868,3587,2852,2024-10-25,31,64.23,0,37.98
4869,7690,5028,2026-06-11,26,50.89,0,31.45
4870,5224,5452,2023-02-13,25,18.72,0,6.23
4871,8430,8127,2025-11-10,12,28.58,0,9.13
4872,9347,9928,2026-06-23,132,97.45,1,85.68
4873,2099,6164,2026-01-24,39,86.44,1,68.54
4874,5843,2261,2024-10-08,66,37.13,1,43.41
4875,1094,7269,2023-06-04,11,33.67,1,41.1
4876,9475,5942,2025-06-19,67,62.2,1,49.64
4877,758,7108,2026-05-29,8,10.67,0,1.65
4878,4377,9469,2023-03-22,115,84.4,1,69.94
4879,2007,8909,2025-08-25,76,79.55,1,58.67
4880,4783,2142,2023-11-18,16,50.34,1,46.75
4881,6033,6419,2024-04-19,37,22.4,0,14.17
4882,9115,7697,2023-04-22,22,27.17,0,21.27
4883,3385,1942,2026-04-28,37,84.22,1,75.45
4884,1892,2429,2023-05-30,99,72.24,1,70.74
4885,8148,7343,2022-07-28,28,78.61,1,64.6
4886,9289,9367,2021-02-07,37,53.91,1,47.83
4887,5135,354,2022-07-24,39,72.97,1,59.7
4888,955,851,2022-07-01,161,90.05,1,83.31
4889,1240,7892,2026-04-14,3,2.3,1,22.69
4890,961,3414,2026-06-02,32,82.78,1,66.54
4891,2597,2688,2024-07-03,67,37.42,0,31.66
4892,6736,166,2025-02-06,11,53.46,0,35.8
4893,3838,564,2025-12-21,83,69.37,0,50.6
4894,4509,7154,2024-12-14,24,43.96,1,38.17
4895,9472,1731,2025-10-01,48,79.33,1,72.28
4896,3379,716,2025-06-28,44,58.46,1,47.16
4897,3764,8432,2026-06-06,58,51.54,1,48.43
4898,3880,1310,2025-06-27,52,96.52,1,86.07
4899,2193,4240,2024-08-02,58,79.95,1,58.15
4900,9724,6381,2025-07-15,15,30.91,1,47.87
4901,5004,5840,2026-05-20,6,3.76,0,0
4902,2117,6936,2025-11-12,76,47.84,0,34.36
4903,412,8176,2023-09-28,14,64.98,0,38.52
4904,335,138,2025-06-12,17,45.11,0,30.57
4905,468,5953,2023-06-20,39,91.82,0,45.5
4906,8422,4648,2025-12-02,47,33.34,1,39.35
4907,558,1411,2024-09-21,64,59.12,1,59.96
4908,366,7623,2022-06-25,15,9.91,1,32.83
4909,5480,5386,2026-05-15,127,90.4,1,80.2
4910,1408,2289,2026-06-07,34,51.22,1,54.59
4911,280,3701,2023-07-03,53,94.55,0,54.33
4912,2410,8099,2025-03-29,45,48.27,0,23.32
4913,2475,5680,2024-12-17,43,98.45,0,63.71
4914,872,3482,2025-07-10,20,25.9,0,22.38
4915,9717,2478,2025-11-20,62,43.99,1,53.59
4916,3182,9667,2025-07-11,137,95.85,0,56.48
4917,1836,1080,2026-02-03,57,50.94,1,43.58
4918,3054,3178,2026-01-22,49,72.39,1,65.41
4919,1169,5883,2025-12-02,74,53.43,0,31.84
4920,8286,5986,2024-02-06,42,23.43,0,16.22
4921,5444,7006,2024-06-16,60,45.33,0,26.25
4922,9785,5656,2022-03-02,74,55.73,1,55.01
4923,4110,604,2025-07-19,1,1.46,0,8.81
4924,3294,9169,2021-06-24,62,94.8,1,73.54
4925,9649,8023,2022-01-23,77,44.29,0,25.6
4926,7788,4551,2025-11-29,126,93.16,1,72.2
4927,3471,3098,2022-04-13,57,97.51,1,70.52
4928,6987,1794,2020-09-11,71,73.24,0,35.33
4929,5127,705,2021-04-18,129,84.14,1,60.66
4930,7702,5391,2026-04-05,8,4.55,0,7.54
4931,7981,2468,2024-10-16,2,1.46,0,0
4932,9286,1238,2026-06-21,71,90.51,0,55.67
4933,363,8661,2025-10-11,10,10.69,0,0.38
4934,3108,509,2023-05-10,112,70.92,1,63.38
4935,8372,8504,2026-03-27,2,1.82,0,0
4936,1779,5452,2025-08-04,17,56.93,0,28.49
4937,1348,7250,2025-07-01,90,87.34,1,64.51
4938,9645,5807,2020-12-20,110,70.95,0,40.17
4939,5900,2235,2025-04-22,22,73.46,1,65.64
4940,8916,3585,2023-03-31,43,87.38,1,75.28
4941,2049,1671,2022-07-24,12,16.86,0,15.49
4942,1811,9842,2026-06-22,13,42.28,0,33.04
4943,9223,6270,2026-06-02,3,2.94,0,4
4944,993,9129,2021-11-02,120,77.78,0,44.56
4945,4753,6723,2024-05-20,60,50.1,1,54.33
4946,3195,5092,2024-07-13,122,73.72,1,58.91
4947,6978,4976,2026-01-04,13,51.95,1,43.48
4948,5223,2269,2025-08-17,22,30.72,0,21.87
4949,8016,6490,2025-06-04,28,20.59,1,23.94
4950,1651,7640,2026-04-23,26,52.74,1,46.14
4951,5485,5775,2022-07-13,63,50.75,1,58.45
4952,646,1171,2021-11-14,52,37.17,0,27.75
4953,6589,3010,2024-10-23,81,86.13,1,79.75
4954,2657,8211,2022-09-22,28,15.78,0,13.85
4955,9311,4948,2024-10-11,52,34.41,1,39.45
4956,4473,82,2026-06-15,120,76.19,1,60.45
4957,1317,344,2026-03-14,20,15.44,1,27.46
4958,5852,5613,2026-06-03,45,56.87,0,35.73
4959,6495,4733,2024-12-03,2,4.39,0,0
4960,3418,7707,2020-01-06,8,10.01,0,0
4961,4309,8392,2024-12-26,12,49.18,1,49.2
4962,6684,3066,2026-02-18,61,54.55,1,58.81
4963,5616,6540,2024-11-21,26,51.06,0,37.13
4964,8405,3017,2026-06-03,13,53.25,0,26.06
4965,309,4197,2026-02-12,103,70.84,1,54.91
4966,7055,4768,2022-12-10,18,51.24,0,21.77
4967,3471,236,2021-11-23,178,98.71,1,78.25
4968,7324,2923,2023-01-16,89,80.41,0,39.31
4969,7827,400,2023-02-11,151,97.72,1,84.2
4970,7560,7972,2026-01-31,30,85.96,1,75.03
4971,9640,7758,2024-06-13,7,21.3,1,25.32
4972,4683,9889,2024-12-27,57,32.59,1,49.38
4973,2591,4463,2025-11-11,27,63.36,0,46.11
4974,8707,5124,2025-06-03,27,49.52,0,36.18
4975,5162,7941,2024-01-25,63,58.01,0,39.11
4976,8636,6680,2026-04-18,16,32.66,0,15.78
4977,4924,7242,2020-10-08,7,8.22,0,3.78
4978,1262,8747,2025-11-30,28,87.07,0,49.71
4979,9115,1,2025-01-24,109,96.75,0,51.86
4980,3629,6175,2025-09-18,14,15.83,0,1.31
4981,4837,7406,2023-09-22,3,5.51,0,6.68
4982,9768,4560,2026-02-17,58,98.36,1,80.45
4983,9863,5188,2024-02-21,117,79.94,1,62.27
4984,3766,9595,2025-02-17,50,35.17,0,18.94
4985,1253,9352,2024-04-08,52,41.54,1,47.29
4986,7402,9053,2026-03-11,79,65.08,0,31.71
4987,8845,1530,2026-02-25,64,61.24,1,64.43
4988,2466,267,2026-03-01,72,59.11,1,54.4
4989,2482,2699,2025-03-26,20,55.3,1,59.05
4990,6358,9826,2025-03-31,64,56.96,1,44.89
4991,7080,4910,2025-07-29,157,89.47,0,44.51
4992,4888,8190,2020-11-16,75,67.73,0,49.62
4993,5830,8,2023-03-13,72,89.29,1,78.61
4994,868,9449,2025-03-28,7,27.83,0,24.31
4995,5822,4850,2019-10-05,25,91.01,1,65.41
4996,4785,6224,2026-05-08,31,77.69,0,48.19
4997,6483,3463,2023-04-23,65,72.67,1,69.27
4998,2714,7426,2022-07-08,6,9.85,1,24.16
4999,3340,7747,2023-03-09,4,15.51,0,17.6
5000,1557,4511,2025-05-17,50,96.44,1,77.33
5001,2554,7057,2019-06-20,66,62.94,0,29.84
5002,7507,8706,2026-02-26,32,20.89,0,12.07
5003,1851,5021,2022-10-27,67,43.65,0,27.21
5004,7937,258,2021-10-13,74,89.74,1,73.04
5005,2918,5463,2025-06-03,38,83.83,0,48.9
5006,6300,2941,2026-01-19,88,58.88,0,41.72
5007,5462,7877,2025-05-02,40,80.9,1,75.87
5008,271,1146,2023-12-31,42,66.97,1,51.29
5009,1999,1157,2026-06-28,28,38.06,1,49.7
5010,7938,1258,2024-08-15,48,78.2,1,64.03
5011,5614,7567,2025-01-21,18,45.68,1,56.9
5012,5830,1988,2023-08-18,5,5.89,0,0
5013,4958,6643,2025-08-16,56,81.83,1,70.06
5014,7604,373,2024-12-11,45,27.23,1,40.82
5015,2226,3786,2025-06-02,106,58.85,0,31.62
5016,6628,9784,2022-11-12,12,61.71,0,41.19
5017,4242,6265,2025-12-27,19,29.49,1,30.23
5018,8665,4271,2022-12-07,109,78.98,1,73.04
5019,5606,6040,2026-03-13,36,40.12,0,33.1
5020,7584,8441,2023-05-24,6,20.18,1,38.73
5021,8592,3914,2025-01-01,96,63.44,0,33.75
5022,3441,3806,2024-08-13,3,6.15,0,1.15
5023,9858,4242,2022-11-20,117,76.87,0,47.09
5024,104,8764,2024-01-30,92,77.92,0,49.93
5025,7105,6994,2025-09-19,27,59.03,0,36.07
5026,5755,8575,2024-05-10,19,44.86,1,49.77
5027,7144,4390,2022-10-10,66,86.32,1,75.13
5028,5078,6674,2025-09-12,10,7.85,0,3.7
5029,8591,9676,2024-09-29,59,33.61,0,17.5
5030,3439,6412,2025-12-31,21,17.44,0,20.08
5031,6096,7541,2024-07-03,4,9.37,0,9.75
5032,4708,7881,2023-04-26,20,29.58,0,16.12
5033,7485,9914,2024-08-18,24,74.96,0,46.65
5034,5824,2540,2025-08-11,111,75.7,1,74.53
5035,1790,8423,2024-06-20,37,35.61,1,41.46
5036,386,5103,2025-06-30,34,46.18,1,55.06
5037,7905,591,2024-02-27,10,43.54,0,30.66
5038,9570,7186,2025-12-13,84,49.48,1,42.65
5039,3788,5364,2025-06-13,65,60.42,0,32.71
5040,7468,4417,2025-04-03,11,33.1,1,37.21
5041,5465,6655,2021-05-31,115,64.73,1,53.42
5042,6459,8522,2025-12-08,35,43.34,0,35.97
5043,4856,9294,2026-03-11,41,25.59,1,32.49
5044,1568,3266,2023-02-23,76,70.68,0,42.68
5045,7275,791,2024-05-12,103,70.78,1,66.59
5046,5116,9854,2025-11-07,46,33.72,1,47.77
5047,6546,1670,2023-07-06,36,43.41,0,31.48
5048,1430,8876,2025-07-23,12,13.77,0,9.83
5049,3743,1084,2023-11-18,42,59.14,0,33.56
5050,9366,7497,2025-10-31,38,46.92,0,36.71
5051,1585,2262,2022-07-12,20,72.68,1,70.94
5052,6542,9456,2024-12-14,55,41.1,0,32.15
5053,3301,7345,2022-10-09,4,4.72,0,0
5054,9971,6594,2025-10-24,16,9.53,0,4.71
5055,9425,8278,2021-10-11,72,48.15,0,21.18
5056,7492,7351,2024-11-11,18,29.46,0,8.6
5057,4817,1774,2024-10-20,56,40.19,1,41.13
5058,9506,2466,2024-01-11,4,17.37,0,9.54
5059,8021,1363,2022-08-30,55,65.51,1,64.69
5060,7098,556,2025-09-08,117,65.97,0,31.59
5061,4417,5102,2025-10-22,15,13.64,0,17.54
5062,1090,3239,2025-07-20,22,70.16,0,32.13
5063,63,7436,2021-03-03,17,20.2,0,13.8
5064,6830,2505,2023-05-15,23,42.56,1,43.02
5065,9333,8483,2024-09-09,146,82.77,1,76
5066,6097,966,2025-04-05,43,90.01,1,78.87
5067,7590,8777,2022-07-22,23,29.92,1,36.55
5068,6515,1648,2022-02-13,16,30.2,0,9.89
5069,8276,7897,2022-03-05,31,27.04,0,15
5070,443,6141,2026-04-09,138,97.29,1,82.02
5071,7540,4264,2024-03-16,88,84.51,1,73.33
5072,4129,7898,2023-11-24,34,54.44,1,47.72
5073,9134,7613,2023-04-29,92,59.66,1,52.83
5074,9237,6853,2026-02-28,152,96.55,1,84.03
5075,3096,1416,2024-10-02,80,49.83,1,46.83
5076,6431,5380,2024-10-04,103,94.32,1,71.31
5077,8950,1481,2021-12-19,3,3.43,0,0.5
5078,3717,7883,2022-07-22,14,29.04,1,29.33
5079,9811,7205,2023-03-09,55,36.87,0,26.84
5080,3358,2333,2025-07-06,78,55.04,1,51.4
5081,493,7947,2021-09-12,3,3.59,0,10.61
5082,8314,5433,2026-04-17,27,84.96,1,71.73
5083,3460,8268,2022-02-15,33,52.01,0,26.78
5084,877,2000,2024-05-12,30,40.98,0,24.67
5085,2230,4498,2025-11-03,40,38.49,0,21.7
5086,9673,5304,2023-08-10,91,92.1,1,85.22
5087,1466,7559,2025-08-19,40,40.37,1,52.28
5088,992,4065,2026-06-22,63,92.45,1,71.63
5089,4518,757,2026-03-08,10,7.98,0,0
5090,9216,1388,2024-01-28,26,42.65,0,23.96
5091,7529,5300,2022-05-31,46,69.35,1,64.02
5092,731,5400,2025-06-24,62,70.11,1,68.55
5093,7849,7446,2025-12-23,105,88.21,1,67.58
5094,8005,658,2026-05-14,60,33.56,1,32.01
5095,4751,1449,2023-04-09,2,4.9,0,2.97
5096,9192,5066,2021-02-05,8,16.87,1,24.64
5097,2994,9555,2026-05-04,46,78.7,0,54.04
5098,8321,9577,2025-12-23,134,88.61,1,80.16
5099,5490,235,2022-06-02,94,76.18,1,61.75
5100,917,7429,2023-02-16,92,85.99,1,66.54
5101,4202,2361,2024-07-30,137,86.39,1,80.96
5102,6310,6477,2022-11-30,10,16.35,1,20.55
5103,6980,9921,2022-04-24,54,97.55,1,72.51
5104,4160,7169,2021-03-31,66,38.78,0,27.29
5105,1601,9425,2026-02-24,54,32.97,1,30.08
5106,1002,9790,2025-11-25,7,23.46,0,11.1
5107,7815,9812,2026-02-26,88,87.36,1,75.44
5108,8851,692,2023-10-20,9,19.62,0,9.18
5109,6031,7071,2025-09-13,18,26.5,0,20.17
5110,2100,765,2019-06-30,74,61.54,1,60.85
5111,5980,2293,2024-07-17,61,90.43,0,55.84
5112,4073,5366,2023-09-24,20,35.37,0,16.75
5113,328,9055,2024-02-07,79,76.85,0,42.92
5114,1076,7801,2025-06-15,34,77.91,1,68.06
5115,2993,3113,2026-03-27,33,29.95,0,19.37
5116,5859,5007,2026-06-18,10,26.51,0,9.94
5117,1908,8131,2022-11-25,17,39.74,0,19.73
5118,9233,7243,2025-01-28,52,81.06,1,69.74
5119,4525,7871,2025-01-01,7,11.04,0,0.17
5120,1503,7681,2025-11-13,132,83.24,1,79.72
5121,2976,2090,2026-06-03,13,15.71,1,31.59
5122,2397,5279,2026-05-12,26,77.94,0,37.56
5123,3889,2272,2024-10-23,65,94.31,1,70.77
5124,659,7269,2020-06-10,35,35.79,0,29.93
5125,2558,408,2026-02-07,103,90.9,1,80.97
5126,8786,9003,2024-10-08,81,83.07,0,46.08
5127,6103,2592,2025-08-21,74,74.59,1,60.47
5128,1232,1731,2026-04-09,91,68.11,0,47.01
5129,8380,5549,2023-08-01,37,23.04,0,9.15
5130,685,7503,2026-02-27,16,48.34,1,56.2
5131,3360,5343,2024-07-29,50,93.67,1,66.97
5132,4129,2066,2025-06-10,95,86.31,1,81.52
5133,2347,129,2021-12-20,69,54.9,0,24.25
5134,8724,4115,2025-02-04,46,92.73,0,58.57
5135,4703,2420,2023-02-18,63,41.12,0,18.29
5136,7077,2133,2023-03-06,36,26.25,0,8.59
5137,1671,1454,2025-01-02,85,85.42,1,75.45
5138,6344,9880,2024-05-31,13,39.36,1,37.36
5139,4014,2544,2021-04-01,16,10.73,1,33.84
5140,1995,6507,2025-02-17,54,37.03,1,34.59
5141,5560,1166,2026-02-17,104,99.91,1,72.2
5142,2038,3124,2023-07-23,36,38.35,0,25.94
5143,2047,4979,2026-05-11,48,28.47,0,11.24
5144,9187,38,2023-12-04,22,34.24,0,11.1
5145,7891,7424,2026-01-30,64,62.42,0,36.72
5146,8664,387,2020-08-08,19,36.67,0,27.62
5147,9910,5647,2025-03-03,7,8,1,17.12
5148,104,2486,2025-04-05,18,29.89,0,25.74
5149,2500,3220,2025-06-27,90,68.57,1,69.76
5150,8279,9538,2026-02-11,75,79.39,1,66.46
5151,8551,2548,2024-11-10,39,22.68,0,4.8
5152,4349,5485,2023-10-26,9,18.34,0,17.6
5153,2736,1507,2025-04-21,16,21.82,0,15.27
5154,6283,5369,2025-01-13,8,29.42,1,47.26
5155,2196,4348,2021-02-25,90,65.04,1,63.6
5156,8701,5401,2026-04-04,8,27.47,0,22.37
5157,6148,7025,2022-12-15,92,57.87,0,30.04
5158,157,8764,2025-02-22,9,6.35,0,7.37
5159,8234,5250,2023-12-01,56,44.59,1,49.82
5160,586,8098,2025-02-23,4,7.02,0,4.3
5161,1668,8980,2025-07-28,18,9.88,1,19.7
5162,5082,7307,2026-06-03,14,50.3,0,24.1
5163,5271,437,2022-12-19,51,47.06,1,53.28
5164,888,9688,2025-10-05,80,84.65,1,68.73
5165,5230,3798,2025-12-07,70,76.69,1,72.12
5166,7403,3234,2024-06-10,13,29.47,1,34.02
5167,6717,485,2026-05-15,41,64.78,0,32.7
5168,6414,6039,2024-01-07,29,26.7,1,40
5169,3318,425,2025-08-17,147,90.11,1,69.46
5170,6225,336,2025-06-13,36,23.74,0,22.65
5171,69,9915,2025-10-06,52,43.6,0,35.6
5172,8857,9554,2026-04-12,40,44.6,1,50.71
5173,2305,3928,2025-06-07,151,91.41,0,47.13
5174,729,4682,2024-12-27,16,21.77,1,40.82
5175,6426,739,2024-03-03,28,75.25,1,56.76
5176,7337,3040,2021-06-28,50,76.23,0,50.9
5177,4712,5276,2023-03-15,42,56.77,1,59.8
5178,8493,8449,2026-02-11,1,3.37,0,0.61
5179,3807,324,2025-06-20,33,43.92,0,29.78
5180,7445,4965,2024-11-01,13,7.64,0,0
5181,2501,7224,2025-11-27,16,12.92,1,26.74
5182,594,3454,2025-12-26,59,66.6,0,47.3
5183,2651,4048,2024-07-25,13,51.52,0,27.89
5184,1464,4437,2022-08-13,13,8.74,0,3.11
5185,8943,4239,2026-02-19,11,42.69,1,55.58
5186,7514,8184,2026-03-22,92,64.32,0,45.38
5187,1052,6484,2026-05-09,16,25.61,0,11.43
5188,4896,5522,2021-08-22,46,40.59,1,44.25
5189,6637,5708,2026-06-13,7,15.88,0,14.99
5190,8235,4622,2025-04-21,42,93.38,1,77.15
5191,4286,6055,2026-04-18,139,88.45,1,64.1
5192,4239,7655,2026-01-28,52,51.01,1,54.19
5193,4429,3722,2023-02-23,97,89.39,1,70.54
5194,478,4024,2026-04-07,50,66.31,0,40.9
5195,8644,1745,2025-03-03,113,91.49,0,60.63
5196,4923,47,2022-11-14,17,9.82,1,32.13
5197,6075,1277,2020-02-19,57,69.49,1,64.13
5198,4954,8283,2025-02-07,96,55.81,0,37.48
5199,9181,8697,2026-01-27,91,51.33,1,47.82
5200,6948,9749,2022-09-18,20,15.79,0,16.3
5201,238,1080,2026-02-07,67,45.12,0,36.99
5202,8354,8777,2024-03-30,57,82.21,1,68.96
5203,9240,3635,2024-08-24,47,81.97,0,56.31
5204,677,7740,2024-07-12,22,72.06,1,65.74
5205,8562,7740,2024-11-27,126,74.73,0,49.84
5206,544,6878,2025-03-07,38,42.21,0,31.54
5207,4592,5274,2023-05-15,2,3.72,0,4.47
5208,5440,8942,2020-08-21,30,65.93,1,51.62
5209,4631,7413,2023-01-24,61,42.73,1,42.94
5210,4342,6476,2022-02-26,95,53.7,0,27.84
5211,9221,6912,2024-04-17,2,5.58,1,28.85
5212,433,9315,2025-07-13,92,54.43,0,35.5
5213,5664,9189,2026-05-29,65,42.95,0,16.05
5214,3526,687,2024-11-09,144,83.44,1,75.01
5215,5262,2914,2025-11-26,12,59.4,1,51.87
5216,8783,9072,2026-04-05,102,92.71,0,52.24
5217,22,3183,2026-01-02,11,7.55,0,0
5218,8606,3116,2024-03-11,10,48.99,0,36.53
5219,2225,1360,2025-11-07,1,5.12,0,1.48
5220,92,9966,2022-10-22,43,25.26,0,16.29
5221,796,5187,2023-03-16,55,48.7,0,33.49
5222,595,3697,2025-05-28,35,33.59,0,28.51
5223,6607,7317,2023-12-12,86,68.58,1,53.83
5224,1447,1039,2022-05-05,92,80.81,1,74.98
5225,5333,4060,2026-01-06,139,80.55,1,72.09
5226,9395,9351,2024-08-08,62,89.67,1,81.79
5227,4915,5441,2025-11-08,134,84.6,0,46.23
5228,61,7190,2026-02-26,46,40.54,0,19.05
5229,1147,8692,2026-01-28,113,74.08,1,57.4
5230,461,583,2026-01-28,78,58.36,0,32.89
5231,4799,6674,2024-01-01,61,39.81,0,26.75
5232,5108,8373,2024-04-23,129,73.33,0,41.95
5233,9199,2704,2020-07-18,45,50.83,1,46.86
5234,7265,4687,2021-09-21,7,31.99,1,40.56
5235,6683,9824,2026-01-21,59,44.39,0,36.21
5236,6667,1589,2025-01-29,9,20.77,0,6.43
5237,5393,9194,2021-10-13,15,54.84,0,34.46
5238,4490,5535,2026-04-14,28,93.27,1,71.81
5239,4246,4672,2026-02-21,33,36.58,0,13.14
5240,7491,6225,2022-12-12,71,54.24,0,41.2
5241,5631,9208,2024-06-11,82,93.79,1,79.09
5242,3708,3211,2023-01-18,8,25.84,1,27.38
5243,9902,7565,2024-12-16,10,40.63,0,20.39
5244,3963,4929,2024-08-10,1,2.58,0,4.72
5245,5900,3464,2024-12-27,84,67.44,1,54.91
5246,3043,572,2024-12-28,15,22.51,0,7.48
5247,3503,9674,2019-12-21,67,62.13,0,37.06
5248,667,3927,2025-01-16,54,92.35,1,73.49
5249,1785,7607,2023-12-18,105,59.91,0,28.78
5250,8423,6124,2025-04-13,78,93.71,1,74.07
5251,9580,7925,2026-02-12,7,19.89,0,4.28
5252,4760,4248,2023-07-18,47,32.82,1,42.56
5253,6784,8670,2025-02-06,22,22.31,0,12.91
5254,4207,3928,2024-04-14,32,43.11,1,44.75
5255,1417,1058,2026-03-18,16,15.73,0,8.23
5256,3189,2247,2025-09-18,43,61.76,1,57.74
5257,6358,223,2022-07-25,65,67.41,0,40.69
5258,3322,9634,2020-05-28,39,83.98,1,71.84
5259,1275,730,2025-12-16,116,86.57,1,79.15
5260,4275,7213,2023-08-06,41,61.78,1,50.93
5261,6432,9420,2021-02-16,16,65.09,1,66.88
5262,1473,6110,2023-11-19,20,13.87,0,3.47
5263,1060,2433,2026-06-27,125,75.16,1,57.3
5264,716,5144,2026-01-15,21,22.42,0,6.24
5265,6647,8076,2023-02-15,29,68.33,0,37.75
5266,2055,6524,2020-07-16,113,76.69,1,58.45
5267,1623,7389,2026-02-27,24,42.1,0,22.97
5268,503,1694,2026-06-19,15,61.88,0,43.84
5269,997,1420,2024-09-26,74,82.65,0,48.68
5270,8959,9073,2024-10-26,96,74.67,0,45.33
5271,3110,4279,2026-01-11,23,55.48,1,62.81
5272,1375,3927,2026-04-23,94,57.88,1,50.74
5273,1018,4735,2026-03-20,9,40.49,0,30.95
5274,309,8288,2022-08-18,32,20.89,0,18.47
5275,1699,6129,2026-03-17,12,39.81,0,25.21
5276,2361,5921,2025-03-15,63,41.1,1,49.99
5277,6264,1609,2023-03-06,98,87.77,1,75.24
5278,396,6658,2024-10-26,57,59.62,1,50.83
5279,8768,5972,2024-12-21,1,1.21,0,10.69
5280,5193,2258,2023-01-29,63,80.92,1,75.06
5281,7717,7584,2020-02-17,47,56.06,1,52.82
5282,2612,5675,2023-06-03,24,14.89,0,9.75
5283,3206,8044,2025-08-07,80,85.59,0,46.37
5284,9151,5732,2026-06-28,49,91.17,1,84.43
5285,783,771,2023-12-28,127,97.9,1,82.2
5286,7083,4105,2025-01-25,4,7.43,0,9.63
5287,884,5921,2025-06-04,106,66.96,1,66.61
5288,6802,7767,2026-01-30,75,84.24,1,65.03
5289,7299,8977,2026-06-02,130,77.45,0,42.64
5290,6308,6563,2026-05-23,24,92.72,1,68.65
5291,7378,8492,2025-10-31,22,17.97,0,1.42
5292,7690,1155,2026-06-17,68,44.31,0,29.63
5293,1835,2089,2019-11-27,34,28.22,0,23.13
5294,8941,8865,2026-02-16,26,18.32,1,34.78
5295,8811,2310,2022-04-06,3,11.63,0,11.87
5296,8371,9703,2025-11-11,159,94.23,1,85.5
5297,4679,1803,2025-12-30,61,39.78,1,45.02
5298,6813,8452,2025-10-06,2,4.5,1,26.02
5299,8774,6573,2022-02-15,83,91.67,0,61.85
5300,5848,6657,2026-04-22,25,78.57,0,49.1
5301,833,7740,2025-04-22,14,42.65,0,34.06
5302,253,5465,2025-06-08,34,71.32,0,36
5303,3846,271,2025-11-01,19,87.94,1,63.29
5304,7763,521,2025-11-16,11,6.28,0,0
5305,2833,404,2025-10-03,29,74,0,40.21
5306,7301,6022,2024-04-25,67,89.35,1,65.57
5307,3361,4785,2026-06-02,40,57.74,0,34.59
5308,7253,7169,2023-04-23,144,87.28,1,77.82
5309,1957,5325,2026-05-17,52,41.48,1,40.23
5310,4826,334,2024-08-21,1,1.39,0,7.18
5311,9895,8191,2026-04-18,14,57.72,1,49.64
5312,4447,2479,2023-12-18,4,9.59,0,12.5
5313,4522,3754,2025-04-29,63,38.63,0,26.92
5314,8863,5508,2025-07-30,46,28.88,1,36.04
5315,1088,2070,2024-04-26,48,98.85,0,63.92
5316,1009,9696,2026-03-24,95,59.86,1,65.72
5317,2470,4603,2022-12-25,148,85.16,1,62.98
5318,2630,6562,2022-04-22,27,27.86,1,36.91
5319,8104,3961,2024-02-25,7,23.93,0,19.99
5320,6463,8390,2026-05-05,34,98.87,1,86.96
5321,2382,4936,2026-04-02,40,41.28,0,23.1
5322,3291,190,2026-02-03,43,60.52,0,45.72
5323,7934,971,2023-10-12,15,52.69,0,40.36
5324,7703,2022,2026-01-15,25,49.82,0,34
5325,7283,5189,2025-06-18,115,86.86,0,57.33
5326,4277,2889,2026-01-14,19,22.42,0,22.93
5327,2427,2785,2025-08-10,64,55.49,0,40.98
5328,5713,1092,2022-02-03,97,75.48,1,71.94
5329,1389,6422,2022-01-18,131,90.08,1,74.57
5330,1355,9932,2025-10-30,8,15.02,0,9.3
5331,8591,9702,2025-02-21,50,36.32,1,33.55
5332,4665,6971,2025-06-29,104,92.85,1,73.13
5333,1143,8993,2024-10-07,113,71.22,0,40.12
5334,1296,6951,2022-02-09,113,91.83,0,58
5335,6049,4938,2026-05-26,16,16.04,1,32.54
5336,7544,7092,2025-11-13,141,78.58,1,57.26
5337,7944,9255,2025-11-24,41,24.38,1,25.17
5338,4100,8749,2026-03-07,14,14.06,0,16.59
5339,9291,7398,2023-09-07,76,63.88,0,33.17
5340,1790,769,2026-02-14,26,19.11,1,37.46
5341,6182,1028,2021-10-10,29,31.48,1,46.76
5342,5940,4207,2025-08-01,43,86.87,1,78.91
5343,6358,9454,2021-11-30,46,45.09,0,25.87
5344,4912,2076,2021-04-13,41,66.45,1,69.17
5345,7830,9132,2025-09-16,39,93.16,0,59
5346,2696,9201,2025-01-01,43,56.91,0,43.71
5347,8402,3907,2020-10-27,136,88.95,1,67.72
5348,6628,4096,2025-07-29,31,32.12,0,12.51
5349,6892,905,2024-10-12,23,46.79,1,54.3
5350,1824,1501,2026-03-11,12,7.24,1,22.91
5351,3158,8631,2026-06-22,77,88.5,1,73.14
5352,7169,3455,2024-10-30,5,6.87,0,7.03
5353,9317,7698,2026-02-11,42,50.05,0,37.94
5354,5138,1382,2022-04-06,14,31.72,0,17.53
5355,2894,1023,2023-05-16,6,15.52,0,7.9
5356,2486,5568,2022-07-08,6,8.2,0,0
5357,2525,9593,2026-04-30,51,56.92,0,34.98
5358,9689,5827,2024-10-06,42,24.2,0,24.22
5359,9384,7211,2026-05-13,55,64.54,1,62.3
5360,2892,1063,2026-05-26,61,80.89,1,76.53
5361,4390,6126,2026-03-26,15,59.38,1,49.08
5362,9896,7814,2024-04-25,65,46.15,0,20.85
5363,4306,9273,2026-03-07,50,74.64,0,41.65
5364,2448,8644,2025-12-10,4,5.04,0,1
5365,1644,4324,2024-05-03,86,55.75,1,57.84
5366,2918,1157,2025-08-06,3,4.97,0,12.39
5367,2963,750,2026-06-12,155,90.43,0,44.86
5368,3090,384,2025-02-20,17,32.99,1,47.54
5369,5513,9285,2024-04-14,112,94.07,0,57.36
5370,2788,5598,2026-04-09,14,25.73,0,21.8
5371,6607,7292,2023-08-12,53,79.71,1,73.37
5372,5995,579,2020-08-08,61,60.95,1,47.26
5373,1622,8149,2026-02-18,23,44.32,0,27.65
5374,9141,2509,2022-11-14,64,80.63,1,63.31
5375,8633,6935,2024-10-23,16,13.93,0,3
5376,4506,8901,2025-10-25,12,14.32,0,2.77
5377,302,1085,2025-06-15,8,25.62,0,21.47
5378,8857,6958,2025-12-05,130,83.97,1,77.42
5379,1758,8289,2023-11-24,164,95.74,0,52.38
5380,8286,6746,2023-05-24,20,95.63,1,76.31
5381,8283,5334,2024-03-07,43,24.75,0,23.05
5382,3175,5333,2024-06-01,11,23.19,0,10.23
5383,7154,5906,2025-09-06,52,89.93,0,51.21
5384,2856,1983,2023-11-29,79,83.69,1,68.38
5385,6786,6350,2025-03-16,68,56.82,1,62.89
5386,413,6802,2026-02-25,17,37,0,13.07
5387,1573,3542,2021-06-29,148,98.61,1,83.68
5388,2261,3597,2026-03-15,6,28.69,0,9.66
5389,3911,8070,2026-05-28,15,11.92,0,0
5390,2512,6901,2021-01-07,27,37.04,0,18.11
5391,541,2266,2025-09-18,87,92.24,1,68.21
5392,7986,7375,2025-08-24,43,48.83,0,24.26
5393,906,5518,2025-04-11,112,80.31,1,68.45
5394,6581,9370,2024-12-28,41,52.12,0,22.87
5395,2512,9794,2021-06-30,35,50.58,0,32.45
5396,8245,7702,2025-10-15,36,22.16,0,12.86
5397,611,8101,2025-06-21,104,73.51,1,64.14
5398,9291,6500,2024-12-02,47,83.99,1,61.57
5399,3603,6359,2026-03-05,20,19.46,1,32.53
5400,5223,4095,2025-12-08,13,21.07,0,12.78
5401,9614,8803,2026-03-11,57,52.94,0,41.48
5402,244,5290,2026-01-30,27,33.71,0,16.16
5403,4047,3683,2026-03-06,161,94.49,1,70.13
5404,8690,9316,2025-02-18,71,53.31,1,54.45
5405,9965,4949,2026-03-05,82,57.24,1,57.91
5406,7174,6505,2024-07-22,32,46.11,0,19.44
5407,7940,4331,2024-01-22,12,32.23,1,42.69
5408,6252,7710,2023-11-08,45,90.43,1,79.37
5409,2079,3655,2026-02-25,67,41.88,0,28.28
5410,6307,3290,2024-08-08,129,88.76,1,76.44
5411,8737,3813,2023-08-03,2,7.28,0,13.72
5412,962,136,2024-05-29,97,84.96,0,51.33
5413,7384,286,2026-05-26,79,49.36,0,37.02
5414,6259,5355,2024-03-05,17,24.27,0,5.22
5415,5232,3305,2022-03-18,55,70.04,1,71.09
5416,3517,2057,2023-01-09,110,78.96,1,67.07
5417,1109,7146,2025-10-21,55,34.73,0,11.98
5418,8183,9607,2024-09-07,13,7.29,1,32.53
5419,5947,7161,2025-07-27,65,60.5,1,53.9
5420,9460,5718,2025-07-29,8,10.98,0,8.72
5421,5172,3729,2022-12-16,36,99.79,1,85.38
5422,9672,6307,2026-03-08,69,60.94,1,50.84
5423,9193,5193,2026-06-02,72,41.13,1,37.85
5424,5938,1998,2024-06-25,16,10.64,0,10.54
5425,3225,6148,2026-05-27,4,17.73,0,5.75
5426,2570,9693,2023-10-12,66,93.69,1,73.34
5427,8798,844,2026-04-27,63,43.45,0,22.07
5428,6168,1992,2025-10-31,57,49.79,1,59.46
5429,4570,8618,2025-08-29,13,13.63,0,9.23
5430,2582,7124,2024-04-26,1,1.91,0,8.99
5431,5284,921,2019-12-26,130,77.49,1,73.55
5432,2734,8096,2023-12-10,80,80.12,0,43.17
5433,3429,2615,2025-08-11,39,35.63,0,17.68
5434,5748,543,2025-02-07,59,42.16,0,30.34
5435,1591,9918,2024-01-18,19,32.96,0,28.85
5436,397,879,2022-12-26,53,46,1,45.82
5437,1503,3538,2023-07-23,29,54.18,1,51.96
5438,7300,1307,2025-10-05,26,80.89,1,69.21
5439,169,7091,2026-04-30,159,96.66,1,72.2
5440,6046,2136,2024-06-25,128,84.64,1,72.82
5441,4669,2251,2025-01-20,35,44.72,0,17.96
5442,8319,2583,2025-02-10,67,45.57,1,41.83
5443,326,3718,2023-08-13,7,15.93,0,7.82
5444,7868,1560,2026-01-22,117,65.15,1,65.04
5445,1935,540,2024-08-21,36,74.67,1,63.02
5446,7911,9465,2026-03-20,31,40.35,0,19.93
5447,5898,7172,2024-07-31,54,52.26,1,41.63
5448,2418,2681,2025-04-12,64,87.35,0,51.84
5449,4933,8531,2025-08-28,35,34.03,1,36.55
5450,1241,6265,2026-01-14,20,17.7,1,37.14
5451,5485,2663,2021-08-09,27,39.85,1,42.68
5452,3521,2409,2025-11-28,42,43.67,1,40.17
5453,4941,5924,2023-11-17,38,48.24,1,57.72
5454,1196,9704,2026-02-25,22,41.16,1,37.94
5455,1672,6848,2024-11-06,8,15.39,0,0.86
5456,2062,4398,2024-12-23,18,11.99,1,31.84
5457,3964,7708,2025-09-21,124,95.27,0,61.45
5458,2611,6609,2025-11-24,49,53.83,1,46.19
5459,6803,4375,2025-09-29,69,42.12,1,44.09
5460,5127,5209,2021-05-03,1,3.01,0,0
5461,5900,2723,2025-06-13,11,39.75,0,28.65
5462,3016,4009,2024-11-19,90,66.04,1,60.03
5463,8733,8952,2026-06-13,42,52.69,0,41.19
5464,8106,665,2022-10-04,75,95.3,1,81.76
5465,1708,9690,2024-03-31,97,63.02,0,39.75
5466,2650,8092,2025-11-12,76,47.88,0,37.89
5467,7555,3751,2022-05-29,32,26.63,1,40.5
5468,1897,348,2022-11-07,46,51.2,1,45.62
5469,6720,9426,2026-06-03,25,61.19,1,55.08
5470,5535,1163,2025-09-15,167,99.2,1,74.92
5471,2087,3310,2021-06-21,164,92.94,1,70.12
5472,5480,6979,2023-05-07,50,96.92,1,70.24
5473,9526,8084,2020-06-16,4,2.5,0,0
5474,4128,9970,2026-05-23,125,77.87,1,65.55
5475,7375,8062,2025-02-03,114,87.26,1,79.98
5476,1573,859,2025-01-07,82,73.98,0,51.09
5477,4147,4780,2025-10-29,2,3.59,0,0
5478,3461,6915,2023-10-27,90,77.83,1,58.98
5479,1519,8233,2026-06-18,53,32.7,0,26.5
5480,2185,4247,2024-11-03,145,84.38,1,79.78
5481,3508,3721,2026-01-25,28,48.47,1,40.25
5482,5114,8147,2021-04-02,85,52.84,1,48.56
5483,4765,1345,2025-08-30,47,53.97,0,34.18
5484,8102,6209,2025-01-25,149,85.67,1,63.06
5485,2361,6596,2024-12-13,10,17.67,0,6.84
5486,7102,7283,2024-03-17,3,8.04,0,12.83
5487,6337,9020,2025-10-16,129,89.38,0,53.52
5488,6896,172,2021-12-14,32,63.81,1,53.74
5489,3990,4922,2026-03-20,14,25.68,1,39.2
5490,3030,9981,2025-06-16,5,11.76,1,34.7
5491,9671,7287,2025-12-29,72,51,0,27.82
5492,2562,7200,2024-07-24,85,89.75,1,67.7
5493,2166,2619,2023-08-03,6,29.27,0,20.59
5494,1719,2521,2024-07-11,41,30.06,0,27.95
5495,8783,6494,2026-05-01,77,68.72,1,54.52
5496,4812,3732,2025-12-19,144,92.59,1,67.25
5497,7272,2699,2026-03-30,20,97.91,1,81.43
5498,987,420,2026-04-08,20,79.11,0,49.62
5499,3589,5189,2024-06-09,90,95.43,1,80.28
5500,5485,7522,2025-08-14,15,8.67,0,4.64
5501,2781,155,2026-04-26,17,35.92,0,14.54
5502,1288,3528,2026-04-04,63,45.97,0,33.24
5503,1793,1061,2025-11-02,81,63.16,1,48.17
5504,865,8610,2024-09-13,16,44.11,0,31.41
5505,9245,5062,2026-01-14,39,34.07,0,20.02
5506,5070,7745,2019-08-09,72,57.5,1,50.41
5507,7887,2713,2026-02-02,39,60.13,1,59.8
5508,8244,9695,2026-04-02,121,92.71,1,78.91
5509,5110,1834,2024-01-23,18,33.26,1,32.18
5510,3681,1672,2023-03-02,46,50.11,1,55.32
5511,6570,8295,2026-05-01,53,59.35,0,33.46
5512,9980,5803,2026-05-28,20,88.82,1,77.83
5513,1305,2679,2024-03-06,29,99.91,1,73.45
5514,3214,3305,2025-01-07,11,35.7,0,26.97
5515,7821,3244,2025-10-06,26,21.58,0,3.97
5516,6168,7754,2023-11-03,17,18.73,0,2.45
5517,8741,9272,2024-09-03,19,74.22,0,39.04
5518,5819,4320,2025-12-08,35,98.55,1,80.49
5519,7666,674,2021-11-11,5,8.84,0,2.27
5520,7843,1943,2026-01-01,19,19.42,0,16.57
5521,4813,3937,2020-05-03,131,81.3,1,77.81
5522,6140,3253,2026-05-19,7,29.81,1,35.24
5523,9493,3296,2020-12-26,111,93.87,1,74.55
5524,2583,1212,2026-04-26,49,29.62,0,21.8
5525,8347,7573,2024-07-25,126,79.69,1,75.18
5526,91,8893,2024-08-27,118,86.21,1,72.08
5527,8936,1438,2023-10-08,12,18.9,0,9.4
5528,11,4582,2025-01-21,17,19.08,0,9.3
5529,9678,6941,2021-08-21,42,58.9,1,60.51
5530,8109,6314,2019-05-31,80,76.46,0,53.78
5531,6849,2440,2025-11-25,107,89.55,1,65.64
5532,8736,7337,2025-02-09,36,32.08,0,14.87
5533,1240,1571,2026-03-14,38,23.18,0,16.65
5534,5689,4188,2026-02-27,165,97.42,1,76.48
5535,6967,2034,2024-11-07,56,37.85,0,15.94
5536,6275,8786,2023-02-04,92,54.21,0,30.36
5537,650,7185,2025-06-04,155,97.68,1,83.63
5538,2009,5581,2024-03-30,80,47.14,0,32.13
5539,6317,2274,2024-11-19,76,59.64,0,30.52
5540,9218,8703,2021-08-17,32,57.81,1,57.12
5541,8318,774,2023-04-26,36,52.09,0,29.92
5542,9045,2220,2025-07-21,64,58.94,1,47.03
5543,2401,622,2023-07-31,44,73.76,1,61.19
5544,9258,5243,2021-01-23,75,80.2,1,73.52
5545,3918,1855,2024-11-20,104,79.69,1,59.72
5546,1227,5083,2025-08-08,21,90.7,1,74.91
5547,7839,2202,2024-04-14,54,87.76,1,79.89
5548,417,1518,2026-04-27,67,38.03,1,37.19
5549,3375,7732,2023-12-16,61,68.48,1,68.49
5550,8259,9207,2024-02-19,146,82.46,1,69.43
5551,1446,2055,2022-04-03,10,34.16,0,21.03
5552,8849,3075,2020-10-04,70,68.8,1,62.21
5553,6713,6713,2025-03-04,66,46.03,0,29.38
5554,7628,2535,2024-07-19,6,14.14,1,27.77
5555,3708,4750,2026-03-02,113,75.4,0,45.81
5556,3208,2059,2026-05-30,7,10.25,1,26.05
5557,4509,8566,2026-05-29,7,12.13,1,28.31
5558,1419,3459,2025-04-08,154,86.89,1,64.14
5559,8147,4010,2025-09-23,54,96.86,0,59.69
5560,6368,6440,2024-01-30,19,58.88,1,57.17
5561,9399,9688,2021-09-25,7,32.39,1,31.7
5562,7283,3659,2020-01-12,4,3.08,0,0
5563,8048,4935,2024-12-13,10,8.18,0,2.73
5564,580,4895,2022-12-28,37,45.77,1,51.22
5565,1572,2701,2025-04-27,118,87.02,1,75.86
5566,9779,683,2025-07-25,12,26.39,0,22.58
5567,8184,9720,2026-03-15,90,56.45,1,56.08
5568,1033,590,2025-10-06,12,22.4,0,23
5569,2627,3021,2021-12-18,13,29.59,0,18.66
5570,7850,5477,2022-09-11,7,31.19,0,23.7
5571,6263,3257,2025-10-30,80,76.11,1,60.61
5572,8250,9632,2023-04-21,4,3.99,0,2.98
5573,2034,9339,2025-05-10,26,25.59,1,32.12
5574,8018,6549,2024-04-22,137,98.85,1,74.65
5575,365,11,2026-06-22,66,51.88,1,44.84
5576,5846,233,2025-09-01,83,70.65,0,49.68
5577,6910,6983,2025-11-13,130,85.62,1,72.83
5578,1908,8792,2025-04-06,26,61.11,1,51.52
5579,6693,3854,2022-02-20,12,16.53,1,28.06
5580,7361,9798,2024-06-29,89,57.72,1,63.99
5581,9621,6226,2026-03-14,154,99.42,1,80.66
5582,2253,6491,2026-04-03,164,93.94,1,67.27
5583,3180,7685,2023-12-01,131,93.91,0,57.91
5584,969,1939,2026-06-16,18,52.69,0,36.75
5585,1040,3423,2024-12-29,35,90.89,0,45.09
5586,9403,9107,2024-09-28,3,14.15,1,23.14
5587,53,176,2024-08-17,126,94.26,1,71.03
5588,5840,8435,2025-10-04,66,37.69,1,35.8
5589,7286,6471,2025-09-26,42,37.5,0,32.19
5590,3047,7946,2024-11-30,13,67.03,0,30.24
5591,8563,8529,2026-01-03,10,6.86,0,3.35
5592,4644,2783,2026-03-24,27,61.7,0,40.78
5593,1706,8487,2025-09-06,147,93.87,1,86.3
5594,733,8045,2026-05-20,121,87.61,1,75
5595,5759,9237,2026-03-06,104,79.22,1,68.49
5596,2160,682,2025-10-20,55,73.69,0,43.27
5597,2481,7909,2022-12-31,2,4.08,0,4.07
5598,4488,4496,2024-09-18,76,54.95,0,29.69
5599,6852,9444,2025-12-18,97,67.05,0,44.65
5600,6810,9475,2026-05-24,24,19.48,1,32.91
5601,6150,9141,2025-06-27,89,99.03,1,79.96
5602,9724,1362,2025-03-24,5,3.44,0,1.88
5603,170,7146,2023-08-04,77,71.64,1,61.46
5604,7583,9484,2025-05-04,12,34.63,1,41.11
5605,9295,6643,2023-10-10,96,60.92,1,62.48
5606,3646,2556,2025-04-20,35,24.39,0,8.51
5607,7781,6092,2025-08-05,89,71.67,0,38.67
5608,1710,493,2021-06-10,10,41.44,0,27.21
5609,5311,5442,2024-04-09,36,82.96,1,72.83
5610,8184,7249,2024-02-21,17,24.05,0,6.08
5611,5688,6676,2021-05-18,22,38.51,0,24.37
5612,6723,4005,2024-05-10,43,51.07,1,47.37
5613,7106,9558,2025-07-23,122,74.86,0,40.56
5614,6104,4498,2026-03-04,39,40.29,1,41.67
5615,3468,7391,2022-09-20,24,16.56,0,8.3
5616,8129,7365,2026-01-17,133,78.89,1,66.45
5617,2865,7975,2025-08-14,3,3.04,0,3.75
5618,3796,8617,2025-02-02,85,78.6,1,68.35
5619,2714,2341,2024-05-20,20,32.42,0,10.96
5620,6462,254,2026-02-14,74,69.93,1,57.59
5621,7170,4788,2024-07-09,61,93.32,1,70.63
5622,9521,2070,2025-08-19,85,75.6,1,71.74
5623,3574,7081,2024-05-11,38,49.32,0,21.1
5624,1588,5256,2023-04-17,18,52.44,1,55.37
5625,4136,6043,2024-04-02,21,12.69,0,0
5626,591,2019,2024-04-03,39,32.27,1,47.47
5627,1441,8449,2021-07-18,133,86.02,1,70.27
5628,3307,8961,2026-06-30,20,16.09,0,4.52
5629,2805,1940,2025-02-13,13,30.45,0,26.78
5630,3866,654,2025-11-11,50,91.69,1,72.4
5631,3674,7688,2026-05-29,19,53.02,1,45
5632,8961,5126,2026-06-25,11,15.34,0,13.21
5633,7191,9559,2026-05-21,27,71.12,0,40.36
5634,9331,6627,2026-04-15,3,6.76,0,13.95
5635,1664,4263,2024-12-13,49,38.36,0,15.78
5636,6171,9605,2026-06-18,41,24.18,1,35.14
5637,5410,7019,2023-10-24,101,85.05,1,77.73
5638,896,6568,2020-03-24,28,67.39,0,43.33
5639,3059,4818,2024-05-31,14,27.64,0,14.58
5640,2549,9171,2025-12-02,21,46.78,0,26.12
5641,6673,7018,2024-03-16,46,32.06,1,29.89
5642,5963,3024,2023-12-19,160,99.78,1,76.54
5643,1588,4584,2022-01-24,26,54.04,1,43.87
5644,9020,1183,2023-09-14,55,84.97,1,63.98
5645,7478,7526,2021-01-20,29,16.85,1,35.11
5646,4278,5325,2024-05-22,108,68.09,1,68.18
5647,6766,7808,2025-02-13,111,84.71,0,48.11
5648,8753,5815,2022-07-07,5,8.1,1,18.62
5649,5867,3205,2021-12-18,96,97.71,1,74.41
5650,3874,5026,2020-05-03,12,8.73,0,8.41
5651,4727,9648,2025-02-04,7,7.79,0,10.93
5652,7100,1074,2022-06-22,56,73.71,1,58.86
5653,2826,1916,2021-05-23,22,17,1,24.32
5654,8585,599,2026-06-25,43,34.71,1,30.92
5655,8163,1321,2026-06-26,18,85.38,1,79.46
5656,8296,1118,2026-05-18,60,56.22,0,28.52
5657,9446,2293,2024-04-14,73,51.13,1,47
5658,3146,3812,2025-11-26,103,68.43,1,56.17
5659,3,8447,2026-06-13,68,40.47,1,34.99
5660,4681,3855,2021-11-30,29,28.89,0,12.35
5661,3489,7753,2020-01-29,2,2.11,0,1.56
5662,6316,2137,2026-01-13,60,75.86,1,66.53
5663,763,1552,2025-08-07,38,43.17,0,32.19
5664,402,8262,2026-01-25,52,29.72,0,26.69
5665,8647,1840,2024-07-23,82,54.36,1,44.28
5666,3447,8465,2026-01-20,40,34.43,0,30.41
5667,5205,6552,2020-10-19,2,6.15,0,0
5668,4334,1791,2025-09-07,164,96.24,1,87.17
5669,9614,42,2025-09-23,70,67.02,1,68
5670,2207,4197,2025-03-25,47,63.92,0,39.53
5671,2013,6312,2024-11-10,30,91.38,1,70.92
5672,2617,4567,2026-01-19,41,92.84,0,53.05
5673,4656,4419,2025-02-12,125,82.49,1,65.06
5674,9971,8835,2026-02-21,36,70.68,0,40.89
5675,8050,8566,2026-06-03,74,52.82,0,38.56
5676,694,9827,2024-03-12,12,54.78,0,32.89
5677,7273,3443,2022-07-03,33,36.27,0,29.43
5678,220,9257,2022-03-05,87,72.43,1,68.11
5679,963,2336,2025-09-10,41,22.65,0,19.43
5680,6207,4480,2024-03-01,39,23.01,0,18.13
5681,5560,6797,2023-11-22,46,31.05,0,18.59
5682,5168,8005,2024-03-11,54,65.43,1,58.6
5683,8878,8687,2023-10-20,42,43.91,1,47.39
5684,6939,9914,2025-06-04,94,96.44,1,82.18
5685,9725,5875,2025-11-18,36,67.71,0,37.86
5686,7523,5623,2026-02-23,3,10.9,0,6.23
5687,972,1192,2025-09-18,61,64.49,0,30.31
5688,6824,2055,2024-01-12,43,30.17,0,21.91
5689,5235,4086,2026-01-21,66,71.32,1,54.95
5690,5793,4405,2021-12-23,106,90.43,0,60.04
5691,2687,172,2025-03-16,56,76.45,0,53.54
5692,5729,6366,2023-10-06,33,94.84,1,76.27
5693,3806,3788,2026-02-19,6,4.63,0,0
5694,1879,1765,2024-05-12,28,33.33,0,22.92
5695,2342,8208,2024-04-20,52,62.43,1,60.73
5696,3369,1797,2026-02-05,48,39.11,0,16.5
5697,6282,9936,2025-03-03,3,7.91,1,32.5
5698,5592,5203,2026-04-01,35,20.03,1,24.09
5699,5658,3868,2026-04-23,62,50.44,0,30.83
5700,4960,348,2022-11-17,107,72.08,0,53.03
5701,6526,6888,2026-06-19,75,65.71,0,37.59
5702,4283,388,2026-06-09,95,81.27,1,68.76
5703,233,8318,2025-10-09,47,69.74,0,40.63
5704,8852,6480,2025-12-02,20,14.72,0,0.25
5705,4713,786,2024-11-21,120,96.96,1,83.54
5706,8058,8650,2025-05-04,95,97.99,0,50.45
5707,8655,7188,2026-01-07,41,39.24,0,32.74
5708,4807,5120,2024-11-28,147,89.9,1,77.37
5709,7252,693,2025-03-31,2,6.44,0,0
5710,7024,3382,2023-03-14,26,36.9,0,22.82
5711,2627,7202,2026-02-27,49,86.49,0,49.32
5712,3946,7988,2026-02-23,20,32.42,0,13.49
5713,1986,646,2025-12-13,33,22.37,1,29.49
5714,6114,3286,2026-06-26,140,89.46,1,63.9
5715,3957,2121,2026-05-23,80,82.78,1,62.24
5716,6035,373,2024-12-01,60,84.9,1,74.24
5717,4373,3066,2026-04-10,74,84.3,1,78.34
5718,1699,363,2026-03-11,14,26.73,0,11.43
5719,1188,5813,2026-03-09,3,6.63,0,5.04
5720,8318,2602,2023-07-20,32,59.91,1,57.3
5721,520,6086,2026-02-18,16,15.93,0,7.2
5722,4887,4422,2025-08-13,15,31.78,1,43.25
5723,5800,8185,2026-06-12,16,28.22,0,12.16
5724,5348,7089,2023-01-15,14,42.92,0,22.27
5725,4201,2391,2024-03-19,11,26.17,0,18.52
5726,1524,6196,2023-03-19,80,82.71,0,44.43
5727,8334,8715,2024-05-15,81,58.43,1,53.72
5728,4497,6563,2025-06-09,25,70.11,0,44.89
5729,6131,8160,2025-12-13,11,20.27,0,13.24
5730,8307,1343,2020-04-23,87,73.12,1,63.06
5731,9851,6676,2021-08-30,138,89.82,1,72.4
5732,99,4402,2024-07-30,37,45.19,0,19.86
5733,7990,1476,2024-11-18,15,19.92,0,10.22
5734,1561,9197,2026-04-25,15,10.24,0,0.95
5735,5480,9567,2024-08-05,91,95.86,1,73.95
5736,1409,4236,2025-08-01,66,53.09,0,25.74
5737,9846,1143,2026-02-28,15,23.4,0,23.23
5738,1089,1130,2021-08-09,3,2.73,0,0
5739,8718,940,2025-09-04,26,17.82,0,19.79
5740,4972,6769,2024-09-26,3,5.58,0,0
5741,8114,9844,2025-03-29,6,22.03,0,18.25
5742,5241,8878,2025-07-01,2,4.11,0,6.23
5743,6359,7771,2024-07-25,52,32.6,0,29.48
5744,5265,3188,2023-02-11,161,98.33,0,53.19
5745,1020,6601,2022-08-08,60,97.92,1,83.71
5746,6495,3306,2025-08-02,13,40.05,0,14.03
5747,5908,2071,2025-08-08,21,47.16,1,46.65
5748,9825,4746,2025-08-23,48,87.99,1,63.25
5749,237,7713,2025-12-15,52,85.09,1,80.46
5750,6015,9664,2023-12-13,9,6.66,0,2.34
5751,6216,4129,2022-01-02,56,47.19,0,25.33
5752,8502,3753,2026-06-26,22,29.82,1,46.66
5753,680,8707,2026-04-11,18,10.51,0,3.27
5754,892,1534,2026-06-02,24,58.11,0,27.11
5755,7848,1814,2025-06-18,54,33.63,1,37.23
5756,971,6081,2025-08-05,53,49.78,0,21.71
5757,4513,2902,2024-03-20,14,26.19,0,23.41
5758,5190,1692,2026-02-27,53,41.19,1,50.16
5759,9267,5313,2026-06-10,52,57.62,1,54.1
5760,5257,6921,2024-08-28,16,46.19,0,31.7
5761,4786,8171,2026-03-30,50,47.29,1,39.55
5762,547,399,2024-12-16,18,30.8,0,15.47
5763,9122,4417,2022-07-21,22,39.9,1,48.02
5764,9723,1965,2026-02-12,6,29.33,0,27.1
5765,6293,3025,2026-04-26,79,49.62,1,46.39
5766,6892,8663,2026-03-07,117,71.81,1,64.62
5767,7799,572,2026-06-30,50,30.28,1,40.72
5768,8388,1684,2025-02-01,40,39.25,0,30.24
5769,6692,4493,2026-02-08,97,68.16,0,38.65
5770,223,2076,2025-12-06,46,27.2,1,45.18
5771,2277,4415,2026-06-27,18,45.14,0,28.56
5772,7527,3317,2026-06-10,21,27.95,0,18.98
5773,6103,4825,2025-04-15,6,11.31,0,8.13
5774,5417,9073,2023-09-28,7,7.47,1,18.59
5775,2983,8136,2022-03-26,26,54.21,0,39.14
5776,4031,9960,2026-02-17,9,20.45,0,7.44
5777,693,9556,2024-03-28,14,8.01,0,12.47
5778,185,6850,2025-08-18,1,1.96,0,0
5779,2869,3984,2025-01-19,4,15.4,1,36.56
5780,6110,8213,2024-02-01,60,56.52,1,46.38
5781,4572,6320,2025-11-15,52,81.5,1,70.16
5782,5479,2955,2025-12-28,17,43.25,1,39.33
5783,2068,4276,2022-03-07,68,88.57,0,54.71
5784,9184,6734,2025-06-24,11,9.13,1,29.4
5785,8528,2803,2023-09-28,108,84.06,0,51.86
5786,77,4681,2024-05-23,48,28.63,1,34.79
5787,7233,9459,2023-11-25,113,95.9,1,76.89
5788,4215,745,2022-12-19,11,10.13,1,16.56
5789,1542,2569,2019-12-09,56,43.49,1,51.71
5790,8951,9238,2026-01-24,13,61.3,0,35.25
5791,4062,6046,2026-04-16,52,94.4,1,70.53
5792,5105,3504,2025-07-02,33,31.05,0,20.55
5793,9178,4838,2025-03-12,68,98.5,1,71.25
5794,2259,2778,2025-03-21,54,73.72,0,48.33
5795,6035,6116,2025-05-28,22,72.18,0,33.75
5796,7056,7205,2026-03-22,114,93.83,1,75.85
5797,6482,2261,2026-06-14,56,36.24,0,29.26
5798,4029,6959,2026-05-24,63,54.61,0,33.04
5799,15,5202,2023-08-17,10,18.95,1,23.33
5800,3430,8934,2020-09-03,69,54.11,0,34.47
5801,3765,5376,2022-06-06,64,80.15,1,76.91
5802,2044,4555,2022-08-05,12,16.04,1,38.23
5803,6118,1704,2025-05-01,69,76.92,1,69.97
5804,1972,8398,2024-07-12,111,87.81,0,61.87
5805,6772,6393,2023-07-28,74,50.56,0,28.37
5806,914,2042,2024-11-27,13,29.46,0,25.8
5807,9274,1177,2026-05-31,58,35.88,1,35.18
5808,3979,6522,2025-01-11,28,37.49,0,17.79
5809,3213,2617,2026-04-29,56,38.27,0,28.81
5810,3323,2414,2024-02-28,13,26.12,0,14.26
5811,5808,262,2026-06-02,10,21,0,19.48
5812,6647,331,2026-01-09,64,38.06,0,31.9
5813,5278,6125,2024-06-07,26,56.86,0,28.21
5814,1890,4318,2024-02-29,105,69.75,0,44.96
5815,2384,5726,2021-12-07,6,3.47,0,3.68
5816,6979,7271,2021-09-20,156,89.67,1,81.89
5817,4049,4106,2025-12-14,98,75.55,1,74.37
5818,4516,9454,2025-06-04,57,49,0,37.51
5819,5477,5494,2024-03-07,47,42.8,0,22.6
5820,1905,1415,2023-12-20,8,8.16,0,0
5821,1403,3752,2025-10-15,18,82.69,1,62.04
5822,6984,3337,2024-01-14,82,52.52,1,44.36
5823,6780,9981,2023-02-11,130,92.8,0,46.27
5824,2711,6781,2025-04-07,85,98.77,1,74.69
5825,1444,125,2026-06-22,121,84.59,1,75.83
5826,3315,7149,2026-06-22,77,56.07,1,55.4
5827,2953,1998,2026-06-03,69,59.22,0,31.85
5828,3650,4175,2025-12-29,22,36.41,0,27.02
5829,2709,3492,2025-12-04,135,80.69,1,68.53
5830,1786,3834,2023-04-26,32,38.66,0,15.43
5831,9096,6894,2022-08-30,31,26.3,1,44.56
5832,4124,9005,2025-10-05,150,98.03,1,80.4
5833,9435,1013,2026-05-04,13,20.51,1,28.49
5834,9205,5485,2023-02-17,34,29.96,0,20.29
5835,5446,5198,2025-09-18,54,61.84,0,43.17
5836,2523,2183,2024-11-15,153,91.17,1,81.79
5837,5312,6674,2026-03-31,18,71.63,1,68.4
5838,7332,844,2025-12-16,9,17.44,0,6.66
5839,4479,1473,2023-09-07,135,78.32,1,70.68
5840,5829,5464,2026-03-24,24,49.74,1,58.77
5841,4018,8847,2025-11-09,93,60.24,1,59.12
5842,9179,8607,2023-06-18,55,39.99,0,17.37
5843,1081,4454,2024-01-20,45,36.21,1,40.84
5844,8156,6945,2020-01-15,11,34.25,0,14.66
5845,767,2297,2021-10-28,68,76.32,1,62.25
5846,107,8820,2024-03-21,24,17.39,0,3.65
5847,2888,5314,2026-05-13,11,14.99,0,4.67
5848,2781,8015,2025-03-25,155,98.94,1,85.34
5849,2719,8390,2026-03-14,11,12.41,1,22.05
5850,9592,3486,2023-02-11,23,51.37,0,25.86
5851,8590,2128,2026-03-27,5,17.59,0,13.51
5852,9037,8914,2023-10-22,15,20.14,0,2.29
5853,8368,2620,2023-03-30,9,15.96,1,23.88
5854,5183,8965,2026-06-30,3,5.14,0,0.85
5855,525,1620,2026-06-23,83,81.13,1,73.38
5856,4784,9350,2024-11-05,9,20.34,0,8.27
5857,2342,1618,2026-01-19,64,95.51,1,77.42
5858,8866,5110,2020-12-18,92,86.5,1,71.74
5859,9098,9254,2024-12-14,63,60.29,0,41.07
5860,1800,1445,2020-09-16,166,93.17,1,76.38
5861,5713,5713,2021-09-05,32,42.21,0,33.99
5862,667,9859,2025-04-24,46,62.16,1,64.78
5863,6011,7506,2021-12-14,23,63.94,0,37.62
5864,4569,2731,2025-01-28,59,63,1,51.18
5865,2029,7809,2026-04-20,83,68.4,0,39.38
5866,4508,3603,2025-03-02,21,12.4,0,16.24
5867,6755,5360,2021-03-30,19,21.1,0,19.54
5868,4399,5777,2024-06-28,32,30.87,1,38.15
5869,5815,4366,2022-06-23,24,61.14,1,59.75
5870,3347,2783,2025-02-28,13,30.22,0,11.51
5871,9469,4743,2025-08-22,12,11.62,1,33.73
5872,371,2310,2021-08-01,15,45.99,1,44.41
5873,3529,7568,2025-09-18,13,20.43,0,13.43
5874,3573,2768,2021-03-29,71,71.33,1,61.42
5875,1208,2511,2026-06-26,31,28.62,0,12.74
5876,1495,2755,2026-02-04,85,50.91,0,23.23
5877,989,7906,2024-08-12,61,44.89,1,50.17
5878,2822,9774,2026-03-18,42,57.5,0,40.46
5879,4961,8480,2021-11-18,30,34.18,1,32.83
5880,1874,3201,2025-08-13,33,39.6,1,43.2
5881,743,4714,2025-03-09,5,8.17,0,7.16
5882,5063,7490,2026-06-16,101,68.53,0,42.06
5883,8823,3394,2021-05-18,79,74.81,0,37.9
5884,2509,1115,2026-06-28,32,93.62,1,79.35
5885,6729,4113,2023-08-19,6,5.41,0,0
5886,4549,6482,2024-09-14,6,12.02,0,3.12
5887,371,5881,2024-10-15,23,42.05,0,33.17
5888,33,2379,2026-03-07,26,40.81,0,29.94
5889,186,6866,2025-08-04,4,5.28,1,24.79
5890,8111,8872,2025-02-07,2,2.99,0,11.18
5891,2802,6557,2023-11-18,31,21,1,27.51
5892,9007,3557,2026-06-09,117,79.01,1,63.36
5893,764,2664,2025-10-10,72,73.21,1,70.6
5894,1852,4594,2020-09-27,76,88.58,0,60.75
5895,6681,1654,2025-03-09,37,28.4,0,22.25
5896,7170,9589,2025-02-09,36,59.72,0,45.46
5897,8650,4624,2022-12-26,21,85.22,1,79.43
5898,5741,8015,2023-10-26,47,44.93,0,28.5
5899,3576,5747,2019-10-08,40,57.76,1,62.52
5900,242,2094,2026-06-11,5,24.1,0,7.08
5901,444,9697,2026-05-20,10,8.73,0,0.07
5902,5084,1881,2025-12-05,19,16.34,0,15.63
5903,7570,7267,2024-08-14,17,28.59,1,27.57
5904,157,9538,2025-01-15,21,15.45,0,16.2
5905,2908,854,2026-01-16,88,58.98,0,33.12
5906,7009,637,2026-06-05,49,66.87,1,67.74
5907,9501,4878,2023-03-27,39,29.3,1,29.39
5908,3428,3968,2026-04-14,13,25.63,0,10.59
5909,45,7059,2025-06-02,1,5.33,0,10.86
5910,295,2446,2024-05-31,61,68.04,0,31.74
5911,3856,9786,2023-07-02,17,26.12,1,33.97
5912,2835,1727,2026-05-01,56,78.71,0,38.97
5913,8919,4976,2023-05-28,119,82.99,1,73.6
5914,8048,836,2025-04-13,86,93.15,1,66.46
5915,715,5207,2024-06-30,41,70.16,0,34.12
5916,7830,4784,2025-06-26,15,52.84,1,46.97
5917,3754,8381,2021-08-08,8,35.77,0,14
5918,7285,962,2021-09-13,115,92.21,1,75.83
5919,4513,9203,2020-12-05,14,8.62,0,0
5920,474,6466,2026-06-27,141,92.52,1,69.93
5921,6604,1209,2026-04-12,34,24.91,1,40.08
5922,5300,2380,2026-01-08,32,33.61,0,13.09
5923,3281,2984,2025-08-16,65,81.56,0,44.28
5924,3376,4177,2021-12-31,81,79,1,68.36
5925,9708,1992,2026-01-30,78,92.5,1,77.63
5926,285,787,2022-12-22,60,41.08,1,52.95
5927,4303,4319,2025-06-02,45,38.23,1,40.01
5928,5472,5940,2023-04-04,20,27.8,0,18.05
5929,4628,933,2019-02-08,28,68.07,1,53.55
5930,2800,387,2025-12-24,37,34.6,1,50.13
5931,9417,9677,2025-07-02,67,82.26,1,73.2
5932,8945,4926,2026-05-10,29,30.57,0,15.72
5933,3866,7083,2024-08-28,55,78.97,1,58.9
5934,1598,7759,2023-01-18,6,4.11,1,26.64
5935,8419,7154,2026-04-21,63,80.72,0,51.15
5936,4134,4975,2024-09-15,82,53.04,0,38.16
5937,7214,701,2026-06-18,50,68.96,1,56.44
5938,9371,3846,2026-06-21,9,40.52,1,43.9
5939,8372,5391,2025-12-02,24,62.77,0,38.26
5940,6913,9408,2026-03-22,68,92.4,1,74.81
5941,1625,6220,2022-12-10,62,36.73,0,18.91
5942,2097,845,2026-05-13,20,78.67,0,53.11
5943,4786,960,2026-04-17,107,86.06,1,67.3
5944,251,350,2025-01-17,63,65.54,1,52.01
5945,7446,9102,2026-05-23,11,7.74,0,10.51
5946,4852,6886,2024-09-27,87,93.31,1,83.69
5947,4933,4658,2026-02-16,35,70.33,1,58.66
5948,9232,8298,2025-07-12,20,18.49,0,19.59
5949,9913,3091,2024-03-02,16,24.25,0,20.94
5950,1073,4764,2024-09-06,88,92.75,1,71.07
5951,7517,1315,2025-06-06,22,44.09,0,26.84
5952,5858,957,2021-09-19,35,23.48,0,7.78
5953,8965,6282,2026-05-19,2,1.59,0,0
5954,8999,3881,2024-06-05,48,81.43,1,66.59
5955,8110,7483,2024-08-02,103,96.82,1,68.5
5956,4515,541,2026-03-27,12,12.81,0,0
5957,477,8631,2026-05-22,71,71.46,0,51.69
5958,615,5362,2025-04-17,5,10.82,0,0
5959,4379,1285,2026-05-25,39,38.21,0,31.14
5960,3837,4094,2023-05-05,33,59.43,1,64.51
5961,1055,4328,2025-04-05,11,48.64,0,28.41
5962,7252,1290,2025-01-22,88,59.25,1,51.86
5963,10,7485,2022-05-19,59,78.08,0,50.84
5964,7546,9857,2024-01-15,42,25.76,1,41.32
5965,1897,5112,2025-02-26,33,22.61,0,9.87
5966,24,1328,2025-11-23,79,51.16,1,57.08
5967,9837,8480,2026-04-24,48,45.77,0,30.81
5968,4941,5310,2025-07-26,89,55.85,0,40.28
5969,7466,7880,2025-02-05,5,18.86,0,14.82
5970,7672,407,2026-01-23,80,74.36,1,59.72
5971,3602,9500,2021-04-19,71,82.94,1,79.64
5972,6174,4241,2025-10-09,37,61.16,1,49.37
5973,1071,1173,2025-12-14,40,34.89,0,30.01
5974,1235,9017,2026-06-26,48,36.24,0,13.83
5975,3652,1384,2023-04-28,97,95.9,1,84.16
5976,3745,6860,2024-07-25,79,96.96,1,81.48
5977,4586,7251,2019-07-30,13,15.83,0,15.23
5978,392,1205,2023-10-29,49,97.05,1,80.78
5979,813,6833,2024-07-06,7,15.82,1,35.82
5980,6335,8945,2022-06-28,89,93.76,1,70.99
5981,2176,6087,2026-04-21,6,11.6,1,33.78
5982,9326,8386,2025-09-12,45,46.83,1,44.41
5983,5625,5913,2023-08-24,14,12.65,1,31.89
5984,3853,73,2020-03-08,4,11.17,0,16.21
5985,294,9383,2026-05-07,35,36.39,0,21.15
5986,397,7056,2025-09-17,4,3.77,0,12.2
5987,8093,7262,2020-06-16,24,67.79,0,46.71
5988,4170,6534,2026-06-19,16,59.09,0,41.89
5989,2001,78,2025-06-07,79,68.64,1,62.11
5990,2313,307,2020-08-06,93,66.08,1,54.97
5991,8316,1884,2024-07-26,71,85.92,1,68.62
5992,5302,8625,2025-03-01,24,66.78,1,55.11
5993,7520,1748,2026-02-05,101,80.23,0,38.81
5994,2572,781,2026-02-16,3,9.66,0,5.58
5995,3949,9302,2025-09-15,19,12.79,0,0
5996,1504,6056,2026-01-23,50,80.03,1,72.33
5997,1166,7798,2025-08-30,15,63.73,1,49.5
5998,2296,8590,2022-04-20,9,6.75,1,32.97
5999,4335,2514,2024-03-22,23,40.35,1,39.63
6000,4759,4948,2025-06-11,89,73.08,1,69.93
6001,2858,9973,2025-01-04,7,9.65,0,0
6002,3434,6499,2024-09-17,41,40.26,0,30.9
6003,8043,4682,2023-11-29,96,95.47,1,82.04
6004,5651,8733,2025-07-05,168,95.02,1,74.21
6005,188,6000,2026-01-28,13,7.11,0,1
6006,8060,5757,2025-12-24,11,47.51,1,44.22
6007,8846,8023,2025-09-28,15,17.82,0,18.12
6008,3189,8321,2020-06-14,76,63.66,0,35.42
6009,9156,8508,2025-09-18,33,80.49,1,72.92
6010,4793,7605,2023-06-28,67,49.35,1,47.24
6011,4617,8883,2026-03-07,92,57.29,0,37.35
6012,5293,3248,2024-07-22,53,93.21,0,56.78
6013,4867,8113,2024-04-15,57,82.11,1,69.52
6014,8745,9064,2026-06-21,55,76.95,0,42.38
6015,192,9464,2025-06-21,57,61.07,1,62.87
6016,2029,8631,2026-05-31,70,67.14,0,30.97
6017,7910,5797,2026-06-06,43,38.05,0,20.86
6018,6169,333,2025-12-17,2,2.74,0,0
6019,4481,9104,2025-12-15,14,13.71,0,9.85
6020,3099,5357,2025-09-06,56,75.4,1,69.08
6021,8695,605,2025-03-15,8,7.84,1,24.28
6022,5620,1263,2025-11-08,17,21.03,1,26.64
6023,1807,5062,2024-07-27,24,52.55,1,44.16
6024,3819,1795,2025-03-16,3,4.27,0,5.75
6025,4236,4025,2025-11-02,87,98.15,1,77.41
6026,1544,820,2023-01-28,132,80.39,1,64.04
6027,5796,2590,2026-05-26,115,81.79,1,60.03
6028,8195,5443,2020-08-13,1,1.74,1,20.3
6029,5657,8392,2025-06-05,44,43.59,1,56.13
6030,7036,1515,2025-03-12,107,86.98,1,76.42
6031,1239,5204,2024-01-07,18,10.73,0,4.98
6032,7207,3853,2025-11-19,1,2.15,0,0
6033,5612,8132,2026-01-23,59,52.52,1,53.87
6034,214,164,2025-10-21,15,35.93,1,36.47
6035,6535,9123,2020-05-28,21,22.08,0,20.86
6036,5222,3268,2024-06-22,3,4.41,0,0
6037,5692,3830,2024-04-27,136,87,1,74.56
6038,9213,4794,2026-04-03,73,76.05,1,60.56
6039,3839,7661,2023-07-21,112,84.09,0,47.94
6040,6642,1072,2026-03-30,70,57.44,1,46.75
6041,4052,7178,2023-10-23,90,75.48,1,64.07
6042,9697,6072,2024-02-28,28,92.59,1,79.69
6043,8619,7297,2026-04-14,3,3.48,0,4.88
6044,7833,8016,2025-08-06,4,3.44,0,10.74
6045,8972,5421,2024-02-10,30,37.67,0,19.38
6046,2169,2826,2025-07-24,111,72.78,0,43.29
6047,6469,3080,2025-07-04,73,70.56,1,66.2
6048,3287,96,2025-12-08,65,62.93,1,56.81
6049,7618,6123,2024-01-01,47,60.32,1,59.38
6050,7640,7199,2026-04-24,23,95.55,1,80.42
6051,354,9205,2022-04-16,11,44.54,0,21.7
6052,476,8893,2023-04-01,16,10.66,1,24.22
6053,9048,880,2026-03-30,69,88.14,0,52.58
6054,9198,1501,2026-05-08,7,5.15,0,0
6055,2589,1028,2026-06-02,100,78.1,1,62.88
6056,3352,7477,2026-06-13,53,77.69,1,69.99
6057,5589,6293,2026-03-18,9,41.19,0,28.79
6058,4206,6734,2025-09-06,7,5.77,0,9.52
6059,9107,3274,2026-01-11,24,28.97,0,13.98
6060,168,4796,2026-05-28,108,85.2,1,72.78
6061,2161,7714,2024-02-22,96,65.92,0,35.68
6062,2865,8050,2024-01-19,1,1.02,0,0
6063,2839,9010,2025-07-20,25,14.07,0,17.92
6064,2697,1168,2022-01-16,68,41.06,1,44.58
6065,2617,4972,2025-11-21,63,35.17,0,30.51
6066,4357,7518,2023-12-13,32,59.06,1,64.96
6067,3106,3711,2024-11-08,3,10.98,0,3.32
6068,9144,912,2026-05-26,14,14.57,0,18.12
6069,9915,2241,2024-04-27,16,29.49,0,25.26
6070,8629,5800,2026-06-01,45,50.06,1,58.66
6071,6329,2626,2019-10-02,92,53.88,0,22.54
6072,7588,7306,2025-08-03,18,12.77,1,36.68
6073,9350,9706,2022-03-02,15,42.78,0,17.02
6074,9814,1047,2025-03-23,108,62.28,0,46.95
6075,6975,5770,2023-10-05,19,92.1,1,74.52
6076,490,6138,2024-10-24,33,27.24,0,10.58
6077,1117,4210,2026-03-10,42,29.73,0,10.75
6078,842,9726,2026-05-25,56,91.01,1,82.16
6079,2410,248,2024-08-20,145,81.15,1,71.08
6080,8243,8735,2025-08-25,60,55.77,0,34.5
6081,8568,1056,2026-03-11,33,33.07,1,40.9
6082,2816,4212,2026-04-25,16,50,1,58.88
6083,5416,9390,2025-12-20,46,46.37,1,39.56
6084,2481,1800,2025-01-11,79,92.21,1,77.99
6085,3725,17,2025-03-23,53,80.86,1,72.32
6086,4129,9420,2024-12-27,108,92.56,1,77.4
6087,4185,2583,2026-01-19,38,35.87,0,24.64
6088,6835,9932,2026-03-23,21,73.33,0,44.51
6089,4900,1029,2026-04-01,21,24.53,0,17.95
6090,6467,6186,2022-11-26,38,35.91,1,35.17
6091,8843,9107,2025-05-12,26,42.38,1,50.84
6092,8307,8366,2023-02-24,88,60.46,1,52.67
6093,2102,8658,2026-04-11,155,91.18,0,44.72
6094,3967,2769,2024-02-20,2,3.03,0,0
6095,5172,4519,2023-08-17,1,1.54,1,26.59
6096,6582,1627,2022-12-02,133,74.82,1,63.87
6097,3318,5797,2023-03-14,13,37.2,0,24.23
6098,5003,1516,2021-10-07,8,8.94,0,4.42
6099,8297,9386,2025-04-04,47,84.34,1,71.07
6100,6328,3511,2026-05-27,107,92.82,1,69.72
6101,3725,6159,2023-12-31,44,78.87,1,68.37
6102,1442,1927,2025-12-03,63,70.45,1,52.77
6103,2993,5134,2024-10-21,8,6.48,0,0
6104,2247,870,2025-02-20,22,21.05,0,13.22
6105,3830,4726,2026-04-14,102,82.51,1,78.12
6106,2873,4661,2026-05-02,3,3.26,0,8.16
6107,7088,9125,2026-01-30,33,20.55,1,34.58
6108,3676,5924,2024-05-29,63,85.57,1,78.57
6109,262,8879,2022-08-06,1,1.86,1,24.03
6110,4878,2393,2023-08-08,51,77.94,1,74.9
6111,2172,7370,2024-06-30,115,67.53,1,64.83
6112,2643,9050,2021-02-14,133,79.32,1,73.7
6113,6097,9765,2021-07-26,5,20.17,0,15.02
6114,1916,9007,2026-05-14,15,23.3,1,42.18
6115,5416,4460,2023-04-28,69,72.11,1,66.38
6116,7956,9956,2026-03-16,7,5.45,0,0
6117,1933,9991,2025-06-18,39,23.87,1,26.02
6118,3669,7031,2023-12-03,14,18.11,0,5.95
6119,1853,8579,2024-08-15,8,29.06,0,22.84
6120,953,3568,2023-04-25,24,21.02,0,19.09
6121,4501,3969,2023-07-25,42,54.38,0,42.06
6122,1702,8203,2024-04-27,40,65.88,0,36.35
6123,8371,2093,2026-01-29,68,42.14,0,31.11
6124,1476,7306,2020-02-23,67,75.71,1,69.59
6125,8112,129,2026-05-16,139,79.48,0,42.47
6126,2468,6905,2024-01-30,74,95.63,1,78.53
6127,4358,9046,2026-01-04,57,64.04,1,65.59
6128,188,1499,2024-05-10,109,61.33,0,36.23
6129,3123,562,2024-09-25,42,85.53,1,73.75
6130,6009,7784,2025-02-21,31,99.14,1,70.22
6131,8399,4743,2025-07-17,35,84.19,1,79.28
6132,6146,5269,2022-09-14,9,41.42,0,28.66
6133,1453,1938,2023-04-02,29,47.83,1,46.35
6134,5342,8279,2025-11-30,12,40.07,0,22.23
6135,1032,2770,2026-04-12,71,95.69,0,51.35
6136,3040,5281,2024-11-24,54,34.03,0,18.91
6137,5836,2714,2025-12-07,19,32.4,1,36.17
6138,9394,518,2023-05-06,72,45.99,0,33.83
6139,8711,4370,2024-05-14,53,74,1,66.45
6140,1023,3565,2024-04-09,31,46.89,1,47.59
6141,7491,982,2022-08-03,47,52.77,1,47.52
6142,2343,5720,2026-05-31,95,65.7,1,49.7
6143,8798,465,2024-02-25,120,83.65,1,62.66
6144,2381,4650,2025-10-21,14,13.87,1,32.19
6145,8271,2813,2026-06-02,71,47.49,1,39.48
6146,7909,4964,2026-01-28,45,46.55,0,23.43
6147,5827,2804,2024-09-01,38,31.94,0,22.98
6148,7611,5078,2024-11-13,24,50.95,1,56.11
6149,1145,3980,2025-12-01,10,52.45,1,48.25
6150,1458,4463,2024-04-25,9,16.81,1,35.86
6151,9626,5882,2024-10-22,27,22.09,0,21.88
6152,3970,57,2024-05-02,67,79.69,1,76.07
6153,2552,9878,2025-12-26,121,71.85,1,68.78
6154,2975,4943,2026-04-12,77,86.03,1,71.24
6155,3746,8894,2025-10-10,92,92.69,1,85.3
6156,4237,3734,2026-01-11,80,97.17,1,79.4
6157,5860,5580,2025-07-28,74,60.54,1,66.05
6158,8767,6072,2025-04-23,97,62.51,0,43.55
6159,3423,1491,2023-04-01,19,34.53,0,16.35
6160,7277,6190,2026-02-18,33,76.05,0,43.57
6161,5532,5614,2020-06-01,4,18.97,0,11.63
6162,6699,9149,2025-03-05,130,72.82,0,47.35
6163,5652,3405,2024-05-15,161,89.37,0,62.76
6164,6018,8369,2020-04-11,89,54.79,1,53.35
6165,4468,1007,2025-07-13,106,96.21,0,49.55
6166,2959,362,2025-11-06,14,8.94,0,10.77
6167,4856,9601,2026-03-05,52,54.4,1,57.67
6168,4949,316,2025-02-13,15,12.95,1,32.09
6169,8207,6158,2024-10-08,10,14.14,0,9.07
6170,5574,8830,2024-06-21,108,91.33,0,56.51
6171,4499,3636,2022-10-30,90,72.14,1,71.02
6172,4026,3643,2026-02-16,24,35.28,1,45.7
6173,9358,8325,2025-02-17,9,15.69,0,14.16
6174,4856,5795,2026-03-26,55,69.74,0,46.93
6175,6106,3504,2021-02-01,46,70.31,0,43.57
6176,2436,4655,2019-05-11,142,88.86,1,64.59
6177,8807,649,2026-04-22,6,7.78,0,7.23
6178,6559,6317,2024-10-16,25,35.8,0,28.14
6179,2488,6306,2026-01-14,23,36.66,0,30.36
6180,7606,806,2026-02-27,103,60.16,1,47.4
6181,8441,2539,2022-12-09,97,66.67,0,41.66
6182,415,3959,2022-04-26,11,52.92,0,41.16
6183,6193,5774,2024-03-02,20,34.55,0,23.76
6184,5657,7929,2025-05-25,15,76.69,1,61.71
6185,7860,5330,2026-01-26,40,24.32,0,18.69
6186,2217,3505,2021-04-11,22,20.03,1,37.51
6187,1224,1317,2024-01-25,5,7.29,0,3.91
6188,9606,8712,2026-06-04,49,88.25,1,81.84
6189,3742,7058,2025-10-27,64,75.41,1,61.26
6190,8928,9909,2023-04-19,52,63.99,1,54.31
6191,7443,3837,2024-09-07,52,64.51,1,55.08
6192,8936,6131,2025-04-17,25,83.43,1,79.61
6193,6081,561,2026-06-15,26,16.28,0,1.65
6194,5775,3725,2025-08-10,150,92.04,1,73.65
6195,3037,3399,2026-01-23,15,64.19,1,65.35
6196,319,9119,2024-09-22,176,99.31,1,80.58
6197,1148,6170,2020-11-15,53,39.03,0,27.18
6198,3405,4920,2025-02-03,18,15.64,0,10.56
6199,613,5137,2026-06-28,127,78.63,1,71.1
6200,7929,4341,2024-03-31,9,25.54,1,28.81
6201,4276,6444,2026-03-19,94,56.06,1,55.56
6202,5493,8971,2021-07-25,50,45.15,1,53.87
6203,1552,2399,2024-07-28,27,54.43,1,57.41
6204,219,8118,2026-01-27,113,73.57,1,62.91
6205,331,2705,2023-07-16,34,52.46,1,56.19
6206,3738,8730,2026-04-12,52,45.23,1,42.1
6207,7459,586,2025-03-24,35,23.56,0,20.05
6208,8232,2650,2025-09-08,145,97.43,1,87.57
6209,3067,1474,2026-02-08,113,71.38,1,55.37
6210,4668,7749,2025-08-25,80,48.75,0,34.09
6211,7502,2181,2025-12-02,14,42.82,1,48.31
6212,4006,6558,2025-05-04,106,76.26,1,67.83
6213,9915,2259,2023-09-22,68,44.19,0,34.85
6214,6663,9732,2025-02-10,8,23.03,1,36.84
6215,7808,6404,2022-11-23,8,22.55,0,6.89
6216,7751,165,2026-06-24,30,45.51,1,44.13
6217,2301,3375,2021-05-27,47,77.51,0,51.21
6218,7039,2141,2024-12-20,93,98.92,1,78.38
6219,6378,5159,2026-01-05,32,52.61,1,56.28
6220,3405,7858,2025-01-13,53,31.01,0,11.13
6221,23,4235,2026-06-18,16,46.61,1,55.42
6222,6269,1820,2021-04-23,68,39.71,1,44.88
6223,7413,5765,2024-10-30,63,40.54,0,29.95
6224,319,4109,2024-05-07,4,9.94,1,31.83
6225,4968,6267,2024-08-05,96,82.45,0,47.21
6226,4969,6530,2022-11-14,40,27.9,0,10.06
6227,2221,4245,2026-05-27,80,55.28,0,33.9
6228,4466,1155,2025-05-28,114,83.61,1,67.7
6229,4631,5123,2019-12-16,106,67.66,1,53.06
6230,4019,810,2024-07-28,111,88.06,1,65.88
6231,7379,5228,2026-06-08,75,92.61,1,82.97
6232,8969,2974,2021-10-25,11,40.6,0,17.91
6233,6382,8903,2026-05-06,92,82.13,0,47.26
6234,2484,2137,2025-10-08,54,80.53,1,70.36
6235,4676,8239,2023-12-19,61,41.31,0,17.79
6236,582,1424,2026-05-28,104,85.42,1,74.95
6237,3404,3206,2022-09-29,132,89.29,1,83.02
6238,6879,2092,2024-10-15,157,97.43,0,53.85
6239,5093,6159,2025-09-13,70,46.41,0,25.52
6240,6310,8877,2022-02-01,16,35.68,0,16.75
6241,628,7816,2021-07-18,14,18.66,1,38.55
6242,27,8669,2026-03-08,22,17.28,1,36.19
6243,3963,5708,2021-11-18,25,51.36,0,35.37
6244,2942,529,2023-12-31,31,29.48,0,22.82
6245,4317,853,2026-06-15,74,53.49,1,51.64
6246,1142,7281,2025-02-01,73,74.99,1,57.13
6247,6234,5961,2026-06-18,3,4.03,0,2.36
6248,934,4015,2026-03-01,1,1.4,1,17.02
6249,5873,738,2024-12-18,5,12.96,0,14.44
6250,4159,6601,2022-07-13,62,37.12,0,25.46
6251,460,6376,2023-04-06,1,2.78,0,5.03
6252,4435,9226,2026-06-12,74,65.68,0,47.48
6253,2865,4455,2024-07-17,71,44.55,0,18.44
6254,8377,2490,2023-12-22,25,19.01,0,10.6
6255,5766,2199,2024-09-28,28,53.78,1,55.27
6256,9567,3598,2023-07-15,19,44.8,1,47.79
6257,1082,6246,2025-02-11,94,78.07,1,69.53
6258,9215,2948,2024-12-19,39,87.59,1,76.58
6259,5916,6696,2024-07-22,76,97.52,1,87.71
6260,2251,7910,2025-09-17,11,23.93,0,10.16
6261,8878,27,2025-11-26,95,83.64,1,64.81
6262,1730,6925,2026-04-18,48,38,0,20.43
6263,3986,8801,2022-06-11,9,30.34,0,16.03
6264,2392,7181,2019-11-30,10,49.74,1,42.76
6265,3079,1720,2025-09-07,33,21.91,0,9.05
6266,1742,2530,2026-06-17,75,46.49,1,57.69
6267,4903,2396,2019-04-25,69,63.06,1,60.71
6268,8269,9544,2025-04-17,28,20.19,0,7.37
6269,8798,3756,2025-06-02,2,9.83,0,2.71
6270,4012,3915,2023-05-30,121,94.18,1,75.11
6271,9692,7654,2025-06-29,104,64.46,1,63.5
6272,3471,8715,2023-07-07,7,6,0,0
6273,136,5593,2025-02-18,31,41.73,0,30.13
6274,2156,2730,2022-11-06,83,83.7,1,67.59
6275,9139,559,2025-12-21,21,49.25,0,36.26
6276,6289,9391,2023-11-28,102,62.09,1,50.84
6277,5484,8370,2026-03-05,53,90.05,1,75.42
6278,2644,9239,2024-12-22,46,70.79,1,57.81
6279,9285,1999,2025-03-17,57,88.32,1,79.08
6280,2189,8586,2026-02-22,19,30.93,0,25.34
6281,5861,3807,2026-05-02,38,69.82,0,33.28
6282,200,4103,2025-03-12,154,95.29,1,75.64
6283,2719,7532,2025-09-18,30,94.39,1,78.97
6284,1343,4830,2022-07-03,55,48.28,1,53.42
6285,9033,8010,2024-02-23,82,59.39,0,43.17
6286,1686,358,2022-04-24,58,39.67,0,17.37
6287,1147,3177,2026-02-12,32,95.03,1,77.71
6288,1598,1395,2024-01-03,40,29.83,1,36.98
6289,1433,7264,2021-05-25,20,51.83,1,46.18
6290,7449,3939,2024-04-25,33,58.23,1,49.85
6291,6559,8398,2025-05-24,9,17.95,0,15.8
6292,787,2718,2023-04-15,26,22.73,0,13.25
6293,4192,943,2025-06-12,98,81.92,0,42.04
6294,4680,4498,2026-02-15,14,9.94,0,13.97
6295,5535,8468,2026-02-13,92,81.65,1,68
6296,3716,7955,2026-04-14,48,43.42,0,17.23
6297,9181,5500,2024-11-28,135,89.95,0,49.92
6298,260,7862,2023-07-18,35,41.48,1,49.73
6299,1010,1412,2023-03-22,24,33.51,1,34.56
6300,1399,2763,2025-08-24,65,41.88,0,31.06
6301,5016,2892,2024-09-08,126,93.95,1,85.15
6302,2188,7465,2025-06-21,73,85.3,1,71.46
6303,8188,3507,2026-06-16,59,73.19,0,38.09
6304,2311,4620,2024-06-15,87,48.68,1,49.35
6305,5906,500,2026-01-18,31,55.18,1,49.03
6306,7098,4156,2026-01-11,4,3.83,0,2.41
6307,4174,7035,2025-03-31,16,12.76,1,24.61
6308,8824,1394,2025-09-07,53,51.81,1,47.93
6309,3128,7742,2021-05-11,4,2.35,0,7.55
6310,877,1066,2025-08-22,83,58.72,1,58.14
6311,2744,8915,2024-07-06,79,55.19,1,45.66
6312,6819,4735,2022-06-06,12,17.81,0,11.38
6313,7755,2574,2023-09-02,15,37.62,0,25.08
6314,4973,8241,2024-01-04,18,23.55,0,10.2
6315,1398,7694,2025-05-21,20,41.42,0,20.8
6316,4855,2378,2024-01-05,130,90.65,1,79.78
6317,5412,6893,2026-05-02,26,95.33,0,53.76
6318,6799,9930,2026-04-10,30,73.93,1,58.37
6319,4155,8951,2023-01-04,36,91.04,1,74.57
6320,1519,4841,2026-01-01,92,56.85,0,43.56
6321,1569,8017,2026-05-18,6,4.35,0,4.67
6322,7594,1512,2024-03-26,17,22.6,1,42.91
6323,6161,3771,2026-05-11,84,65.34,0,29.65
6324,7000,1374,2025-04-06,63,72.65,1,73.17
6325,8467,932,2024-09-03,57,37.78,0,29.96
6326,9111,8090,2026-03-24,11,15.07,1,19.89
6327,3464,9055,2024-03-06,153,99,1,84.29
6328,6948,7725,2025-06-04,76,50.64,1,42.23
6329,9678,1106,2022-02-25,38,39.25,0,25.26
6330,6990,9241,2025-10-26,42,86.58,1,74.28
6331,4946,4845,2023-05-06,1,3.09,0,5.21
6332,362,1007,2025-11-19,70,49.23,1,42.37
6333,8072,6651,2024-07-02,78,70.72,1,64.02
6334,185,4187,2025-01-08,20,57.05,0,25.2
6335,6209,7272,2026-06-11,3,8.83,0,12.67
6336,2913,901,2025-01-11,13,49.21,1,51.75
6337,3565,947,2025-01-25,111,77.89,1,66.9
6338,3745,6560,2025-05-22,16,61.83,1,63.92
6339,4418,929,2022-01-23,36,46.39,1,56.01
6340,8843,2673,2021-10-14,2,2.31,0,10.06
6341,4415,198,2025-10-01,21,85.83,1,80.77
6342,8565,2938,2023-08-18,28,27.35,1,33.35
6343,4012,7763,2023-03-08,13,62.74,1,63.94
6344,2081,8118,2022-07-17,4,4.86,0,6.46
6345,7093,5727,2025-05-08,37,97.34,1,69.53
6346,5047,9445,2023-06-04,84,77.34,0,45.07
6347,635,3424,2025-05-05,129,73.65,1,61.05
6348,8586,8767,2026-04-27,73,93.58,1,68.48
6349,8896,953,2026-06-10,34,40.93,1,53.12
6350,3659,9341,2025-11-23,60,64.25,0,41.24
6351,5512,9180,2025-10-22,44,36.29,1,34.53
6352,32,9163,2023-11-12,29,77.62,1,66.45
6353,5846,4052,2024-05-07,11,32.22,0,14.61
6354,1556,4463,2021-10-09,10,21.48,0,22.17
6355,6523,9063,2023-12-29,88,70.9,1,70.59
6356,6972,5136,2020-07-21,26,72.36,0,48.85
6357,4622,7199,2025-08-18,28,47.53,1,48.07
6358,1479,6922,2025-06-07,4,5.22,0,4.1
6359,2235,9065,2026-03-03,27,23.85,1,26.51
6360,6572,4756,2025-03-11,25,76.84,1,60.68
6361,6790,7883,2024-11-11,51,82.75,1,69.8
6362,7002,8971,2025-06-18,2,7.13,0,1.5
6363,6116,3944,2025-12-28,3,6.45,0,11.2
6364,2221,6275,2024-05-02,23,58.57,0,44.05
6365,4116,7361,2023-03-11,13,7.67,0,0
6366,4966,2066,2026-06-25,25,36.03,1,39.4
6367,3054,6537,2023-06-28,24,40.58,0,30.28
6368,251,107,2026-04-05,5,8.34,1,34.75
6369,4027,6985,2026-02-14,46,27.56,0,20.01
6370,2331,4041,2023-03-27,57,84.42,1,77.67
6371,5537,8608,2025-06-23,51,44.29,1,45.99
6372,3534,1985,2026-05-03,21,48.13,1,49.36
6373,3761,5937,2022-12-07,16,8.92,1,19.01
6374,856,8779,2026-06-17,124,94.61,0,47.13
6375,73,5604,2024-07-23,76,89.9,1,67.55
6376,598,906,2023-11-08,2,3.83,1,16.32
6377,7862,6545,2024-03-04,52,75.45,1,56.51
6378,871,4284,2021-01-26,96,67.4,1,70.25
6379,7923,3183,2025-02-19,3,7.62,0,0
6380,9439,4057,2025-04-27,27,38.46,1,46.6
6381,3144,2190,2024-03-02,52,88.59,1,72.32
6382,2115,2385,2023-01-06,15,59.63,0,36.69
6383,2808,7912,2025-10-22,10,39.76,1,42.79
6384,9504,6730,2026-01-03,60,99.56,1,81.21
6385,1960,3213,2023-08-09,52,59.28,1,47.29
6386,3807,8022,2026-05-09,22,26.16,0,6.13
6387,5500,8143,2020-09-15,72,66.85,1,54.78
6388,6453,3018,2026-06-11,5,6.78,0,5.76
6389,7801,6429,2025-06-17,19,29.71,0,10.49
6390,1569,4501,2026-04-22,76,72.83,0,53.08
6391,9107,6227,2024-02-28,9,5.34,1,30.31
6392,9820,8935,2022-01-22,34,44.01,0,18.13
6393,5010,9068,2025-05-14,28,67.53,1,59.26
6394,8927,8971,2026-03-20,120,88.66,1,63.45
6395,7797,7422,2026-05-04,71,45.41,0,20.58
6396,875,3095,2024-04-01,9,19.23,1,29.14
6397,1031,6440,2023-11-11,40,35.79,0,17.1
6398,6677,7116,2024-05-07,26,89.11,1,76.2
6399,2650,8036,2026-06-25,3,10.23,0,10.85
6400,1072,6140,2023-05-25,7,18.13,1,26.19
6401,2119,4999,2026-06-21,143,95.61,1,86.91
6402,814,5534,2026-04-22,57,92.52,1,79.94
6403,550,1426,2026-05-17,12,7.96,0,9.33
6404,6040,5221,2023-11-02,11,27.04,0,17.95
6405,625,3171,2025-09-15,25,16.12,0,17.59
6406,6520,20,2026-02-24,6,10.78,1,25.36
6407,5546,8595,2026-05-01,33,52.27,1,41.48
6408,3324,9121,2025-05-03,108,91.16,1,66.07
6409,2131,1534,2025-06-13,56,52.88,0,36.3
6410,6252,4974,2026-03-12,116,99.95,1,82.97
6411,101,4725,2025-04-23,37,29.32,0,19.39
6412,558,8329,2025-06-16,88,64.75,1,60.24
6413,7209,9681,2026-03-14,113,65.87,0,48.57
6414,7685,2939,2025-07-20,123,82.72,1,62.1
6415,2737,2308,2022-10-07,10,20.4,0,6.39
6416,5174,8783,2025-12-19,11,30.24,0,19.65
6417,4115,4136,2025-06-29,136,89.77,1,71.01
6418,3333,1070,2021-09-24,50,64.55,1,58.99
6419,671,2782,2022-07-06,87,72.6,1,68.63
6420,5199,1846,2026-01-31,58,71.04,1,67.82
6421,305,2162,2023-04-10,49,44.44,1,47.33
6422,4672,7355,2024-08-23,8,19.15,0,9.68
6423,3058,8648,2023-02-02,38,70.99,1,67.57
6424,6295,4819,2025-11-09,125,77.12,1,57.2
6425,1380,6279,2022-11-09,3,3.37,0,0
6426,9987,8404,2022-10-04,87,91.41,1,82.54
6427,7382,7914,2022-10-06,18,15.44,0,14.3
6428,7194,213,2021-10-03,115,93.17,1,73.08
6429,5175,4483,2025-09-02,26,86.74,1,63.93
6430,4030,705,2025-07-12,129,77.51,1,69.17
6431,1266,9479,2026-06-30,29,45.98,1,47.46
6432,5887,1775,2025-05-20,48,34.39,0,22.92
6433,5741,727,2023-05-10,22,34.82,0,12.77
6434,2730,5327,2022-12-23,13,10.34,1,25.33
6435,7119,1901,2026-04-07,36,49.61,0,32.06
6436,1230,2845,2025-09-24,132,87.2,1,65.79
6437,1443,1417,2026-01-11,13,32.92,1,46.59
6438,7164,9968,2024-12-16,1,2.97,0,6.95
6439,12,7993,2025-10-12,24,63.03,0,37.72
6440,8788,1969,2024-02-04,60,63.8,1,51.83
6441,9078,2148,2025-05-25,56,51.47,1,55.48
6442,3742,6509,2026-02-08,49,40.84,1,36.62
6443,957,1505,2023-03-09,16,75.51,1,61.92
6444,9444,3681,2025-09-08,18,31.19,0,10.41
6445,1891,9001,2025-10-08,14,40.6,1,37.46
6446,2343,7549,2026-06-21,45,82.89,0,56.29
6447,8109,3723,2025-04-22,22,64.36,0,42
6448,2818,5320,2022-08-12,50,61.12,0,32.64
6449,2101,5314,2025-05-15,85,86.33,1,73.52
6450,4377,72,2023-03-31,14,39.33,0,23.92
6451,3722,8867,2020-09-24,30,62.71,0,38.91
6452,6261,9407,2023-09-17,15,15.12,0,9.28
6453,4901,8762,2024-09-03,18,23.16,1,39.15
6454,596,5337,2021-09-17,142,90.96,1,72.97
6455,9554,4892,2024-07-04,46,80.78,0,50
6456,6586,5206,2021-11-19,170,96.09,1,79.72
6457,7620,7055,2024-02-22,72,54.79,1,53.34
6458,5209,6920,2022-06-30,109,85.37,1,79.41
6459,2001,6619,2025-06-11,137,82.01,0,44.55
6460,8336,2691,2025-01-04,30,20.74,0,19.09
6461,1646,8028,2022-09-02,22,57.01,0,34.71
6462,3116,9906,2026-06-24,49,55.29,1,57.49
6463,120,6615,2026-04-12,111,80.24,1,71.92
6464,7684,7976,2022-07-30,87,94.48,1,83.04
6465,2243,9914,2024-02-03,14,30.8,1,37.79
6466,5138,5836,2025-07-20,78,66.57,1,66.19
6467,8543,2924,2022-09-03,10,12.55,0,6.33
6468,9980,9465,2025-10-04,14,20.76,0,8.32
6469,3253,3438,2025-09-24,41,32.35,1,40.07
6470,3528,9793,2025-09-28,28,91.95,1,79.84
6471,1916,233,2026-04-13,3,5.82,1,24.2
6472,1474,6465,2025-10-21,16,42.16,1,42.98
6473,1027,7926,2026-04-21,14,26.94,0,20.72
6474,9159,2895,2024-07-25,60,81.25,1,73.67
6475,8730,9117,2024-04-24,34,20.95,0,13.86
6476,6612,9236,2024-11-26,116,73.57,0,54.09
6477,4869,863,2025-09-09,65,47.63,1,43.04
6478,2097,7435,2024-09-08,133,85.77,1,62.55
6479,196,6242,2026-03-07,20,38.99,0,17.18
6480,8678,8878,2026-06-30,18,74.94,0,46.17
6481,3348,9397,2022-12-15,95,57.45,0,37.81
6482,4724,4007,2026-01-29,39,56.02,1,61.94
6483,6512,6301,2026-02-25,17,21.79,0,17.69
6484,5377,5747,2025-06-19,46,61.5,0,37.71
6485,2013,6336,2023-09-23,26,15.01,0,5.47
6486,7612,4419,2024-09-26,48,31.28,0,21.81
6487,112,3844,2024-05-05,14,9.21,0,14.17
6488,8952,2105,2026-01-18,90,50.99,1,42.88
6489,8107,3117,2023-09-09,50,35.52,1,33.81
6490,3007,8863,2026-06-23,95,86.71,1,65.2
6491,7801,4652,2026-01-04,33,27.16,1,32.63
6492,6507,4024,2021-10-14,97,78.37,1,68.48
6493,7711,3563,2023-10-29,20,94.99,1,83.77
6494,864,2200,2025-04-06,10,26.92,0,21.18
6495,4351,3869,2025-08-10,60,53.84,1,62.03
6496,9954,4560,2026-04-09,51,71.12,0,42.54
6497,6274,5557,2020-05-09,21,59.18,1,51.78
6498,1043,1118,2024-04-12,46,34.33,0,24.55
6499,2673,8883,2022-04-20,70,66.35,1,66.34
6500,6837,6058,2026-05-18,51,28.69,0,25.89
6501,7226,1448,2024-11-27,62,73.16,1,66.59
6502,9809,7837,2022-09-13,1,1.72,0,9.59
6503,8091,4586,2025-07-25,26,78.04,0,54.26
6504,5515,4435,2025-07-05,33,50.35,1,46.97
6505,228,8225,2026-06-14,163,91.75,1,71.51
6506,8576,7583,2020-12-22,105,98.15,1,83.58
6507,8673,30,2023-03-13,15,11.25,0,11.35
6508,845,2075,2021-12-06,16,19.98,0,12.12
6509,4802,3549,2022-01-28,45,52.49,1,56.02
6510,5614,2799,2022-11-05,95,62.22,1,55.45
6511,9505,4653,2024-12-05,4,12.49,0,7.11
6512,152,3298,2022-07-18,114,80.45,0,54.63
6513,3154,5391,2022-09-23,11,7.96,0,0
6514,794,3395,2020-07-03,57,87.79,1,73.94
6515,5129,251,2024-03-12,93,77.08,0,52.35
6516,9490,9776,2023-10-04,51,48.15,0,23.06
6517,4897,8687,2023-07-10,19,19.27,0,4.38
6518,7223,3451,2025-02-02,85,66.35,0,42.7
6519,7164,3617,2024-10-28,43,56.34,0,33.45
6520,1481,1888,2023-02-01,112,64.18,1,54.88
6521,7440,5388,2025-10-23,16,78.14,1,71.86
6522,4084,1883,2024-02-16,51,52.22,0,32.03
6523,8744,8622,2023-09-21,5,5.14,0,3.96
6524,7371,1372,2025-06-27,21,13.73,0,5.28
6525,734,1828,2026-04-14,47,38.4,0,19.69
6526,6923,9380,2024-09-06,17,25.09,1,40.78
6527,6729,2766,2024-01-15,45,58.65,1,51.53
6528,5217,8585,2025-07-10,69,95.08,1,77.33
6529,6435,740,2024-01-07,5,5.7,0,6.59
6530,9471,4843,2026-03-10,103,65.77,1,68.71
6531,7881,944,2026-03-07,6,12.67,0,7.14
6532,1182,2722,2023-10-04,126,72.03,1,71.14
6533,5185,1615,2024-04-05,21,24.72,0,14.83
6534,173,3312,2025-07-17,84,82.53,1,64.08
6535,6397,8016,2026-01-06,152,91.42,1,71.8
6536,2948,1280,2020-10-10,86,69.94,0,39.94
6537,6617,4503,2025-12-15,46,38.14,0,23.08
6538,8689,9552,2026-06-26,122,95.01,1,81.05
6539,9580,2976,2024-01-30,76,76.35,1,74.48
6540,6003,3777,2023-12-28,32,92.68,0,49.96
6541,5048,4892,2022-04-27,61,65.36,1,50.25
6542,8424,9331,2021-03-03,9,26.78,0,9.07
6543,1263,743,2026-06-07,10,13.01,0,13.84
6544,6028,2867,2026-05-08,165,92.27,1,76.62
6545,5124,8948,2025-10-09,140,81.61,0,47.69
6546,5970,8499,2025-08-22,53,89.1,0,63.24
6547,2637,578,2026-04-04,10,8.37,1,28.92
6548,5028,3713,2026-04-24,3,5.5,0,11.87
6549,7823,7971,2026-06-15,98,86.32,1,71.11
6550,4262,360,2026-06-28,107,64.06,1,63.05
6551,6559,1913,2023-03-23,29,28.33,1,35.48
6552,4756,3747,2020-04-02,129,95.14,1,79.42
6553,5154,4061,2022-10-14,133,85.08,0,43.81
6554,2049,6319,2022-12-18,127,83.76,1,72.06
6555,7660,5354,2023-08-23,153,93.43,1,77.39
6556,197,3610,2026-04-17,120,97.5,1,86.16
6557,7693,1225,2025-06-01,24,20.87,1,37.55
6558,3327,4259,2024-12-22,47,73.9,1,73.74
6559,2070,9695,2026-06-17,54,55.76,0,37.23
6560,602,7155,2026-01-19,43,62.87,1,62.76
6561,3656,77,2026-06-26,64,37.56,0,16.57
6562,5646,1938,2023-06-23,70,42.75,0,19.42
6563,5653,8517,2025-03-05,66,47.04,0,21.4
6564,4148,2374,2026-02-12,78,71.9,1,71.4
6565,8337,2784,2026-06-14,30,83.6,1,79.74
6566,8341,8448,2025-04-30,47,62.01,1,51.7
6567,7718,2647,2024-11-28,34,74.79,0,42.67
6568,7676,3635,2025-06-24,62,96.61,1,72.8
6569,7395,602,2025-04-17,19,33.5,0,29.97
6570,5779,3363,2026-04-02,45,37.04,0,20.18
6571,727,6285,2025-04-24,114,86.29,1,71.74
6572,4626,4915,2025-06-03,16,12.97,0,15.54
6573,1557,3260,2025-08-02,39,74.3,1,60.88
6574,7835,5223,2024-11-07,106,81.88,0,40.29
6575,6324,4969,2026-06-09,17,19.74,0,6.82
6576,7068,8961,2026-05-04,1,4.61,0,11.02
6577,9762,714,2024-09-14,47,36.08,1,45.28
6578,665,8401,2023-11-20,11,26.06,1,28.73
6579,7064,5940,2025-09-23,73,71.98,0,36.12
6580,4021,8934,2022-11-26,1,3.38,0,0
6581,927,6093,2024-08-23,85,70.03,0,36.99
6582,8543,8829,2023-11-10,92,81.12,1,64.47
6583,1090,8856,2024-10-16,42,23.23,0,12.69
6584,6024,7672,2026-03-12,68,61.47,1,65.18
6585,1723,8809,2025-03-01,61,87.75,1,62.83
6586,6036,8529,2025-11-06,44,35.03,1,40.62
6587,7221,6053,2019-12-12,34,28.56,0,21.34
6588,4924,9067,2024-04-10,32,31.91,0,15.31
6589,5869,3714,2026-05-13,11,38.08,1,38.71
6590,581,8342,2023-05-07,24,74.6,1,56.46
6591,6470,9129,2025-02-15,127,78.6,0,38.84
6592,6978,1731,2026-02-19,86,83.2,1,75.43
6593,3779,5842,2026-05-29,134,90.84,0,49.44
6594,898,1161,2023-01-03,23,42.98,0,20.06
6595,1996,3615,2023-01-14,31,49.85,1,40.49
6596,7771,5252,2026-04-10,25,61.63,1,64.06
6597,8870,7249,2025-01-07,65,72.6,0,35.91
6598,7188,9809,2026-01-10,31,26.75,0,14.92
6599,8828,713,2024-11-15,2,1.38,0,0
6600,5386,7657,2026-06-21,41,32.54,0,25.63
6601,1742,5815,2026-01-22,5,3.26,0,0
6602,9825,4556,2026-03-07,128,74.49,1,61.42
6603,3413,1634,2025-07-23,129,91.23,1,81.14
6604,8969,2480,2021-09-19,44,88.83,1,80.93
6605,2800,8039,2024-09-22,88,51.7,1,59.83
6606,7592,3899,2024-07-16,103,60.49,1,64.56
6607,1680,1891,2026-06-06,31,48.36,1,58.65
6608,4026,1691,2024-07-11,38,21.36,0,9.49
6609,9622,8068,2025-08-16,90,64.36,1,65.11
6610,1177,2114,2023-06-06,8,36.11,0,26.6
6611,5117,1930,2025-07-08,94,75.57,0,40.34
6612,2919,995,2024-09-24,16,47.44,1,53.24
6613,2215,8908,2026-02-20,143,90.48,1,84.22
6614,9284,3655,2025-03-23,23,45.05,1,38.42
6615,5061,7560,2021-11-01,115,69.41,1,52.12
6616,5050,154,2021-01-19,25,94.59,1,74.29
6617,3846,9986,2026-05-13,83,50.92,0,34.47
6618,7243,9577,2021-01-31,35,95.93,0,55.36
6619,5415,4302,2022-09-27,10,32.84,0,24.11
6620,1302,8032,2023-05-22,24,27.03,1,31.14
6621,4291,2615,2020-12-03,51,39.35,0,29.57
6622,8592,7851,2022-10-29,130,87.93,0,61.19
6623,3939,8943,2026-03-27,89,83.06,0,57.35
6624,759,730,2025-04-30,11,28.46,1,37.05
6625,7827,761,2024-08-10,18,23.97,1,35.44
6626,7630,5599,2024-02-06,19,77.58,1,64.8
6627,6122,8050,2024-01-29,90,66.77,0,46.47
6628,9585,2036,2026-02-14,18,61.32,0,41.82
6629,2,2880,2025-12-15,12,9.06,0,3.5
6630,8320,131,2025-06-17,71,77.69,1,58.09
6631,8357,7158,2023-07-28,48,95.55,1,72.07
6632,1178,7046,2024-07-03,15,32.36,0,12.88
6633,3710,7627,2024-12-09,2,3.85,0,2.46
6634,7627,1395,2026-03-30,101,92.44,1,76.66
6635,1538,5926,2026-06-20,87,55.11,1,51.45
6636,2082,87,2024-02-26,12,8.9,0,11.44
6637,2148,7,2023-01-25,30,67.36,0,30.76
6638,2707,35,2026-01-09,16,22.86,0,16.66
6639,6642,4700,2025-02-12,66,73.34,1,69.38
6640,9811,5622,2024-12-02,111,93.42,1,69.06
6641,7593,3784,2026-01-01,26,29.59,0,8.99
6642,9127,4365,2026-04-29,73,88.73,1,66.61
6643,6910,3679,2025-10-03,66,69.86,1,68.52
6644,7737,468,2021-04-09,42,36.5,0,19.03
6645,3811,4462,2025-06-23,52,55.09,1,57.98
6646,8411,3610,2026-05-20,18,24.82,0,13.22
6647,2567,3560,2025-10-17,11,15.16,0,6.64
6648,9002,5928,2022-10-02,112,89.56,1,65.14
6649,6330,6110,2025-06-02,5,5.85,0,9.99
6650,6803,4795,2020-07-20,87,58.49,1,62.85
6651,8005,1884,2025-12-10,4,4.96,0,4.1
6652,3733,8475,2024-09-20,71,44.89,0,30.14
6653,9597,2472,2022-09-22,69,94.17,0,62.85
6654,3600,7422,2024-11-25,61,94.62,1,73.22
6655,946,1080,2026-01-26,18,12.19,0,0.63
6656,9281,253,2026-01-08,76,98.22,1,86.66
6657,3960,9346,2024-06-05,49,51.37,1,56.74
6658,7543,5099,2024-08-22,78,51.94,1,59.06
6659,7614,3281,2026-02-24,13,17.98,0,8.2
6660,4948,7196,2022-02-26,5,6.33,0,0
6661,3282,1640,2026-06-17,33,43.33,0,28.66
6662,9850,7266,2023-04-02,8,5.66,1,26.97
6663,5084,3999,2026-04-02,69,61.48,1,56.06
6664,6770,2507,2021-04-12,28,31.62,0,28.51
6665,2240,4717,2024-07-06,29,68.15,1,63.76
6666,9190,2853,2025-04-07,71,73.85,1,72.39
6667,971,7337,2025-11-22,37,89.28,1,69.33
6668,7035,2003,2025-09-01,12,8.65,1,17.22
6669,6802,2990,2025-07-11,115,73.02,1,56.21
6670,1949,5400,2026-03-26,18,20.09,0,5.53
6671,2844,8063,2024-08-24,67,68.4,1,61.15
6672,28,9469,2026-05-13,22,12.76,0,12.37
6673,189,4715,2025-09-29,100,56.75,1,63.54
6674,7365,4093,2026-03-15,24,47.05,0,22.34
6675,6876,6899,2026-03-07,5,7.63,0,10.91
6676,7144,3210,2024-09-14,13,48.99,1,53.24
6677,1405,9519,2023-06-14,69,43.07,0,16.62
6678,5658,498,2026-06-25,45,59.81,0,39.28
6679,3113,8662,2022-10-09,14,11.76,0,0
6680,7474,4301,2025-03-20,145,87.25,1,64.73
6681,6919,5194,2025-01-07,66,43.36,0,35.59
6682,5367,3950,2026-05-20,31,23.95,0,21.91
6683,5735,4393,2025-12-09,145,86.78,1,62.71
6684,1493,3243,2024-04-24,15,8.67,1,28.39
6685,9953,1890,2023-10-09,75,91.94,1,78.16
6686,2342,4746,2024-01-25,4,9.51,1,34.33
6687,821,9508,2022-10-07,149,90.59,1,66.12
6688,8647,6869,2025-04-27,43,53.42,1,51.96
6689,2760,2886,2026-04-22,108,65.03,1,65.1
6690,3908,9475,2021-01-21,19,25.27,1,25.25
6691,4177,2990,2025-11-03,37,36.74,0,13.62
6692,2830,6217,2026-06-25,73,67.22,0,49.64
6693,4261,7237,2022-08-16,37,39.69,0,24.85
6694,3558,3993,2023-04-29,91,78.08,1,69.12
6695,8863,8254,2025-06-14,95,63.9,1,61.43
6696,9432,450,2026-06-07,5,7.28,0,1.61
6697,436,8074,2026-03-07,58,43.74,1,40.39
6698,679,6150,2026-03-05,5,10.54,0,0.88
6699,98,2831,2025-07-21,53,36.31,0,13.46
6700,4714,8793,2026-01-20,105,69.36,0,39.27
6701,291,5847,2025-06-28,28,49.63,1,48.35
6702,8,9115,2024-06-27,33,37.23,0,31.37
6703,5012,9106,2022-05-16,144,85.45,0,46.61
6704,7924,8641,2026-04-16,5,5.63,0,5.41
6705,6471,6907,2025-11-22,82,46.95,1,45.39
6706,4464,3644,2026-05-02,142,81.69,1,72.02
6707,3802,3229,2023-04-09,18,53.78,0,35.71
6708,5592,6539,2025-12-29,79,99.46,0,57.15
6709,3875,8302,2026-03-26,5,3.66,0,10.73
6710,5315,7133,2023-02-24,60,62.23,0,45.5
6711,1972,5597,2023-10-09,130,98.23,0,54.31
6712,2335,4747,2026-03-26,15,43.46,0,18.67
6713,2272,2071,2025-12-13,10,6.08,0,6.67
6714,9550,5110,2023-09-20,45,83.19,1,68.98
6715,6761,2869,2025-06-06,10,13.48,0,9.97
6716,5395,7227,2026-03-17,37,82.05,1,67.01
6717,7330,9997,2026-03-27,6,8.21,0,2.01
6718,8255,8468,2025-01-05,66,48.44,0,34.77
6719,5369,517,2025-07-22,134,79.54,1,75.85
6720,1000,8138,2023-07-24,22,51.39,0,28.13
6721,6216,5353,2023-10-22,48,74.45,1,68.01
6722,896,4794,2026-04-27,7,8.85,0,14.3
6723,2468,5283,2023-01-22,54,47.59,1,45.37
6724,6456,7693,2025-11-03,5,8.71,1,33.8
6725,1573,4055,2025-03-07,44,59.67,0,44.31
6726,814,2042,2024-01-22,104,64.81,0,28.95
6727,3444,2444,2025-03-02,38,51.51,0,39.79
6728,7642,6469,2025-06-13,35,83.38,1,66.62
6729,1952,5457,2023-12-13,96,91.74,0,64.87
6730,5250,4127,2024-06-14,54,45.95,0,31.73
6731,853,1388,2026-02-10,129,76.3,1,58.73
6732,4121,7209,2026-05-25,75,93.97,1,83.02
6733,5028,1996,2026-03-09,24,62.12,1,48.44
6734,415,2035,2022-12-21,37,25.52,0,6.34
6735,9814,4989,2023-01-13,86,96.09,1,67.8
6736,1587,9730,2026-01-26,31,26.14,0,13.07
6737,7335,581,2025-11-24,22,16.28,0,6.85
6738,6135,4469,2024-12-20,22,12.82,0,5.93
6739,6351,1491,2025-03-17,37,25.53,1,44.55
6740,9712,6915,2024-08-04,2,1.65,0,0
6741,8857,6757,2026-06-12,101,60.88,1,57.86
6742,1391,5042,2023-12-19,6,14.84,0,7.92
6743,6614,1943,2026-05-25,54,68.76,0,36.06
6744,5910,8062,2026-06-16,49,40.7,0,31.95
6745,5835,3826,2026-03-01,132,97.66,0,59.07
6746,9242,3493,2022-10-02,128,71.18,0,52.65
6747,337,7196,2025-11-06,97,64.26,0,47.47
6748,9967,7723,2022-07-15,46,41.26,0,29.73
6749,5327,7656,2023-05-18,40,40.02,0,18.32
6750,7358,8314,2026-06-21,95,94.21,0,63.84
6751,2618,1907,2025-02-03,95,63.71,1,61.93
6752,9269,467,2024-08-07,111,73.79,1,68.43
6753,8515,7267,2023-05-26,82,51.45,1,56.95
6754,1900,5477,2023-03-27,1,1.44,0,0.77
6755,5039,2706,2024-02-26,75,57.87,0,37.34
6756,6359,144,2023-01-23,51,42.69,0,28.75
6757,9917,4479,2026-04-17,109,72.23,1,60.73
6758,6974,1731,2026-06-10,164,91.36,1,72.84
6759,1812,9409,2024-12-05,46,30.54,0,22.39
6760,4048,2176,2026-05-26,29,49.15,0,37.41
6761,7596,6303,2025-10-19,43,46,0,26.92
6762,6269,1469,2024-10-22,47,31.42,1,45.74
6763,3678,6901,2024-03-05,70,66.48,0,49.37
6764,988,330,2025-10-29,118,74.45,1,57.83
6765,9332,3855,2023-04-30,8,13.22,0,17.15
6766,3202,1285,2026-03-29,32,72.82,1,65.86
6767,2297,8181,2021-05-06,8,6.6,0,0
6768,8098,1070,2023-11-13,13,32.18,0,9.51
6769,6111,5648,2026-05-22,78,52.15,0,38.55
6770,8330,6054,2025-10-15,15,9.35,1,34.8
6771,4825,2726,2024-11-12,46,77.21,1,71.42
6772,6111,2171,2026-05-25,153,99.2,0,65.14
6773,4970,2802,2025-05-30,22,41.55,1,46.27
6774,3184,2459,2025-10-29,47,35.86,0,29.46
6775,4833,107,2026-05-04,18,18.39,0,15.64
6776,8587,3942,2022-02-23,34,21.01,1,36.09
6777,1383,3087,2025-10-11,44,84.56,1,72.8
6778,9511,5026,2026-01-22,51,49.33,1,43.62
6779,2463,9335,2025-07-08,107,77.89,1,72.02
6780,32,3126,2024-02-26,74,44.9,1,46.25
6781,8606,4351,2023-07-13,110,96.26,0,65.05
6782,5000,7460,2024-01-05,23,24.37,0,8.49
6783,1042,6307,2025-11-24,41,34.24,1,32.73
6784,9543,5958,2025-08-17,57,44.21,0,22.21
6785,9808,5161,2022-03-21,33,24.04,1,40.45
6786,6981,2896,2025-09-22,55,39.27,0,16.5
6787,2712,4283,2024-08-19,15,13.56,1,32.2
6788,2082,6803,2023-11-29,90,91.62,1,76.31
6789,516,1435,2023-06-29,41,44.52,1,45.92
6790,7099,6029,2025-12-19,26,23.1,0,23.08
6791,6335,8,2023-04-01,21,45.56,1,42.33
6792,7666,4526,2025-04-10,21,21.74,0,20.12
6793,2106,6922,2024-02-21,6,4.8,1,14.79
6794,1726,3247,2023-05-30,137,96.83,1,81.05
6795,9574,9060,2025-02-23,11,53.33,1,44.02
6796,7851,664,2022-12-18,40,58.27,0,41.77
6797,2272,9807,2025-12-25,69,59.12,1,46.09
6798,7080,1575,2023-08-07,8,6.64,0,9.47
6799,9795,9833,2022-09-18,69,46.61,0,20.67
6800,1295,9281,2023-07-07,110,81.16,1,71.16
6801,3305,4918,2022-12-18,56,71.36,0,38.45
6802,2983,8344,2025-06-14,55,37.62,0,29.55
6803,5942,2491,2025-02-22,98,95.79,1,84.94
6804,4755,4300,2024-07-07,19,23.64,1,25.59
6805,2608,3580,2024-11-23,32,49.77,1,42.07
6806,9210,2790,2020-06-22,16,18.07,0,2.83
6807,1482,2267,2024-03-08,33,43.7,1,44.19
6808,2056,5032,2024-03-30,33,35.37,1,40.27
6809,274,1430,2025-12-31,32,19.46,0,12.97
6810,5727,3881,2024-12-23,44,36.13,1,43.21
6811,6315,3562,2025-03-26,53,37.2,1,48.82
6812,8955,8938,2025-05-13,62,61.6,1,49.9
6813,4443,660,2026-05-13,9,45.88,0,22.73
6814,3449,1121,2024-04-03,85,64.21,1,68.12
6815,5452,1875,2026-06-26,38,41.85,0,31.82
6816,8778,9180,2022-09-01,139,99.45,1,79.9
6817,3454,1668,2025-07-30,7,9.36,0,5.24
6818,1473,6156,2025-06-11,79,66.58,0,36.89
6819,9156,5181,2026-02-27,50,28.43,0,10.72
6820,8341,9035,2024-05-25,61,37.27,0,20.02
6821,8432,4685,2024-10-02,3,13.17,0,14.49
6822,3644,4682,2025-06-10,13,19.13,0,21.27
6823,2106,1531,2024-08-25,62,53.53,0,23.19
6824,9650,5602,2026-02-13,20,28.82,0,10.84
6825,1401,5014,2020-02-16,15,15.23,0,12.68
6826,1522,3947,2024-09-12,12,14.6,0,5.6
6827,8869,5655,2025-11-30,47,90.34,0,47.58
6828,8081,4839,2024-05-25,3,5.51,0,0
6829,3278,8637,2026-04-17,103,77.98,0,55.18
6830,8887,3895,2025-09-25,77,48.69,1,55.42
6831,634,8347,2026-01-26,146,98.97,1,71.64
6832,5629,1347,2025-06-07,51,81.28,1,64.91
6833,5675,9192,2024-05-13,20,51.69,0,32.2
6834,8264,6317,2024-09-20,24,64.58,0,33.63
6835,2375,2367,2026-01-20,54,49.87,1,41.94
6836,5600,1293,2024-09-17,8,16.53,1,23.17
6837,9570,2490,2025-11-21,89,69.22,1,55.24
6838,5647,8407,2025-02-16,70,74.87,1,56.14
6839,648,3633,2024-07-26,12,43.32,0,28.69
6840,2924,6506,2024-01-01,106,74.39,1,63.58
6841,9921,6141,2026-04-29,35,54.26,0,33.36
6842,2904,4373,2024-06-05,9,36.94,1,42.72
6843,537,3171,2026-06-24,61,44.6,1,50.07
6844,6827,5156,2025-02-02,29,46.85,1,44.89
6845,7911,8160,2025-11-23,13,61.81,0,44.4
6846,3037,468,2025-12-20,10,48.5,0,34.37
6847,1585,2041,2026-05-02,80,74.62,1,71.34
6848,3316,1910,2026-02-28,56,73.33,0,35.69
6849,491,8319,2025-03-09,60,37.24,0,24.01
6850,7810,5218,2023-10-04,37,73.33,1,59.77
6851,543,8008,2023-04-07,156,88.26,1,68.67
6852,1863,6470,2024-10-24,74,80.73,1,67.59
6853,2997,6617,2023-08-30,5,10.86,1,28.03
6854,6681,4212,2023-07-06,22,36.59,1,36.38
6855,1248,7848,2021-06-15,39,46,0,20.97
6856,9665,5654,2024-04-21,11,12.21,0,5.36
6857,6570,9573,2026-06-23,18,10.69,1,25.51
6858,1426,6104,2025-06-05,24,73.52,0,47.81
6859,2088,9237,2024-11-30,17,25.72,1,34.6
6860,5320,1805,2026-04-30,128,72.43,0,51.63
6861,131,8503,2025-04-15,17,26.84,0,16.88
6862,9264,708,2026-03-18,22,37.09,1,38.46
6863,7496,408,2021-12-01,97,79,1,72.52
6864,3896,9583,2026-01-11,23,13.13,0,0.83
6865,213,5054,2023-12-11,19,27.75,0,20.27
6866,6163,1917,2022-12-02,31,24.49,0,5.32
6867,9804,7626,2025-01-24,17,11.02,0,0
6868,9099,8819,2025-10-30,100,83.64,1,73.35
6869,533,4704,2026-06-15,102,98.81,0,64.51
6870,7208,4177,2024-10-27,95,62.92,0,45.97
6871,7944,2475,2026-05-28,108,64.5,1,55.91
6872,3855,9108,2023-11-22,5,8.24,0,0
6873,5969,7967,2021-12-23,17,71.99,0,35.63
6874,3105,7457,2025-10-10,145,88.82,1,75.74
6875,9265,302,2025-07-11,58,66.79,0,37.33
6876,1196,5883,2021-12-13,21,61.69,1,53.03
6877,6664,8767,2026-06-13,70,70.45,1,58.73
6878,999,217,2025-07-27,75,60.85,0,35.27
6879,8795,2031,2022-07-05,62,84.31,1,77.48
6880,6806,4042,2021-06-13,1,1.06,0,9.26
6881,2541,1097,2026-06-14,62,98.21,1,77.35
6882,1686,1559,2025-09-07,71,60.26,1,60.31
6883,9114,6816,2022-03-23,24,20.61,0,2.78
6884,5301,355,2025-11-09,62,37.21,0,16.05
6885,427,9728,2025-01-14,63,50.86,0,24.55
6886,8277,576,2026-03-30,53,50.26,0,34.85
6887,4508,8251,2025-10-27,107,76.98,1,63.64
6888,9800,1803,2022-10-08,65,68.56,1,52.12
6889,8090,1998,2026-05-15,76,97,1,80.55
6890,1957,5096,2026-01-20,101,99.93,1,86.76
6891,8824,4110,2026-02-07,11,25.24,1,33.6
6892,9663,2845,2025-03-21,75,92.12,1,81.26
6893,1746,4431,2024-09-05,34,31.19,0,25.17
6894,6225,4901,2024-11-10,40,82.81,1,67.95
6895,9263,1549,2026-01-08,51,68.85,1,69.21
6896,990,4736,2024-10-12,49,29.99,0,23.33
6897,1117,1607,2026-04-09,66,95.2,1,79.63
6898,1058,6198,2026-06-30,71,81.46,1,77.28
6899,4743,3787,2025-03-25,162,97.04,1,78.48
6900,3430,2424,2024-08-31,124,87.98,1,70.61
6901,4082,563,2023-07-21,42,43.06,1,48.11
6902,4563,3699,2025-06-04,10,6.17,0,0
6903,3203,2934,2025-05-23,65,52.04,1,52.95
6904,1300,9404,2021-11-17,3,5.33,0,2.05
6905,4969,5372,2020-12-18,159,91.14,0,47.01
6906,1810,9219,2021-12-17,2,6.39,1,30.08
6907,270,701,2023-10-03,49,34.54,0,23.6
6908,7511,7642,2026-03-01,6,17.97,0,4.22
6909,5743,1264,2026-05-26,72,61.25,1,55.48
6910,1383,2024,2025-08-21,29,21.46,0,16.84
6911,3680,8281,2026-03-02,2,5.1,0,5.32
6912,4339,4545,2022-11-11,78,87.23,1,65.16
6913,9579,4117,2023-11-15,27,15.61,0,15.22
6914,6352,5852,2026-05-28,110,86.05,1,71.01
6915,6265,295,2025-08-30,19,22.25,1,25.17
6916,2077,282,2023-04-18,81,55.32,0,34.8
6917,1892,9934,2024-04-21,81,58.97,1,55.23
6918,7579,5745,2026-06-13,26,17.53,0,6.64
6919,7033,8792,2025-09-23,7,5.31,0,0.9
6920,5737,8278,2022-10-19,110,80.32,0,45.44
6921,3434,4440,2025-03-16,3,3.15,0,0
6922,146,8616,2025-01-20,4,7.37,0,5.65
6923,3247,4139,2025-06-21,1,1.63,0,7.8
6924,5853,1406,2024-03-23,19,56.85,1,58.08
6925,7222,7634,2026-03-29,33,50.44,1,56.71
6926,693,3263,2024-02-21,80,50.98,0,34.36
6927,1525,1179,2025-09-03,123,86.88,1,62.92
6928,29,7544,2019-04-09,13,26.21,0,22.08
6929,1957,3808,2025-08-19,75,65.45,0,37.54
6930,2594,627,2023-08-10,40,36.18,1,48.36
6931,9104,6330,2025-10-19,59,97.12,1,84.79
6932,8707,243,2025-12-20,18,62.31,1,52.52
6933,8220,7367,2023-09-20,146,90,1,75.47
6934,7081,6734,2022-05-24,47,54.37,0,36.29
6935,8895,2893,2025-02-23,32,70.04,0,42.11
6936,8606,5075,2026-05-24,16,9.66,0,1.74
6937,3113,900,2022-03-02,16,19.83,1,34.84
6938,9135,2022,2024-06-01,7,26.01,1,27.59
6939,4362,1019,2026-03-18,149,95.07,1,74.93
6940,3478,3526,2026-02-22,139,86.67,1,69.78
6941,3506,9459,2022-12-13,14,35.14,0,18.88
6942,7705,6396,2022-03-29,118,66.02,1,63.65
6943,3762,6098,2026-03-23,15,42.84,0,15.85
6944,6751,8379,2025-10-03,44,73.16,1,61.94
6945,6324,6689,2026-06-22,3,3.4,0,11.03
6946,7728,5748,2022-09-07,67,65.25,1,52.79
6947,1288,1511,2026-04-08,26,70.84,1,63.44
6948,838,2104,2024-01-22,33,69.45,1,64.13
6949,6303,4210,2026-06-29,9,11.13,0,2.64
6950,5463,2220,2025-07-01,67,44.84,0,23.46
6951,7543,1766,2025-12-20,10,29.98,0,13.8
6952,8769,6062,2026-01-22,31,92.41,1,81.67
6953,8389,6241,2021-12-12,37,31.89,0,18.94
6954,3801,4809,2024-12-16,50,27.58,0,9.62
6955,109,9859,2023-05-02,30,86.11,1,68.38
6956,9867,7070,2026-06-27,5,9.25,1,20.3
6957,4769,6359,2024-02-14,34,84.12,0,56.39
6958,3091,6783,2026-05-23,2,2.72,0,0.36
6959,8104,1281,2021-03-16,36,22.62,1,23.92
6960,6099,5478,2024-09-05,48,85.46,1,63.51
6961,1652,6853,2021-06-21,148,91.43,1,65.87
6962,8205,704,2022-11-24,40,33.3,0,14.73
6963,2258,4691,2024-01-20,106,81.66,1,77.05
6964,7099,4719,2026-02-10,48,69.18,0,50.93
6965,5887,3209,2025-04-07,28,62.45,0,31.64
6966,5752,1455,2023-04-04,77,84.16,1,62.18
6967,6699,504,2025-11-15,45,56.66,0,43.07
6968,8121,2646,2025-06-21,35,28.11,0,15.18
6969,1706,3679,2025-06-29,12,17.29,0,4.32
6970,7392,742,2026-01-26,54,57.54,1,53.52
6971,8266,2592,2024-02-07,92,93.28,0,53.43
6972,8124,1869,2026-03-19,22,40.71,1,53.09
6973,7633,1130,2024-06-13,58,75.49,1,63.31
6974,6278,669,2026-01-06,26,27.22,1,43.01
6975,9286,1620,2024-09-30,8,24.9,0,7.86
6976,9410,1537,2026-05-09,48,68.31,1,58.94
6977,8010,7836,2023-10-06,65,47.72,1,48.92
6978,1463,1403,2025-12-21,109,65.51,1,65.9
6979,8047,4850,2025-09-29,174,96.48,1,73.5
6980,1923,6660,2026-06-18,8,8.35,1,19.42
6981,954,6378,2026-04-13,54,32.59,1,45.76
6982,1781,5165,2026-02-21,25,15.37,0,3.14
6983,5123,2057,2025-09-25,22,19.27,0,19.52
6984,8622,832,2024-04-04,17,72.03,0,50.61
6985,2524,1793,2024-11-02,54,57.47,1,60.88
6986,1531,5027,2024-06-16,158,95.9,1,72.86
6987,576,4007,2026-01-26,17,28.52,1,30.28
6988,5119,9123,2025-11-13,60,74.69,1,74.74
6989,9853,947,2026-01-01,33,49.04,0,28.55
6990,859,4887,2023-11-13,25,41.13,0,32.07
6991,770,328,2024-08-13,18,35.34,0,11.36
6992,6590,2744,2024-01-12,61,66.1,1,50.95
6993,230,2597,2023-09-08,32,80.82,1,61.46
6994,62,5812,2026-02-07,8,14.17,0,3.48
6995,6413,1664,2025-04-27,16,37.68,1,37.01
6996,8159,5402,2026-04-15,27,21.42,0,14.38
6997,4720,2141,2025-01-11,83,69.45,0,46.72
6998,9222,2521,2024-07-10,27,72.62,1,72.79
6999,8473,3755,2025-02-09,25,28.28,0,26.55
7000,2894,6790,2023-04-06,15,56.16,0,36.85
7001,7846,2346,2026-06-02,8,10.17,1,35.81
7002,6998,6132,2021-06-05,10,22.66,1,43.3
7003,5914,374,2024-05-31,81,55.48,1,53.95
7004,4656,3405,2024-03-23,30,67.28,0,39.74
7005,6197,4181,2025-09-21,18,31.36,1,36.71
7006,7445,6057,2024-11-27,57,56.28,0,34.65
7007,5591,7557,2021-06-16,31,17.89,0,19.82
7008,8576,4296,2022-05-05,5,2.93,0,0
7009,7708,5446,2025-09-17,4,7.28,0,9.02
7010,9644,2398,2025-09-28,16,60.88,1,50.03
7011,1072,6498,2021-09-29,39,77.58,1,65.37
7012,4994,22,2023-04-18,58,35.69,1,35.34
7013,4878,1351,2024-05-16,22,22.87,0,13.77
7014,134,2495,2025-11-15,4,10.43,0,0
7015,3816,7044,2023-06-14,86,60.67,0,27.77
7016,7398,8603,2023-01-24,32,24.31,0,10.78
7017,1801,6019,2026-06-26,34,29.98,0,27.94
7018,7463,8309,2025-03-11,84,83.58,1,79.53
7019,262,763,2026-02-03,31,21.32,0,11.68
7020,9588,9093,2023-01-09,156,96.42,1,69.78
7021,1185,3007,2026-05-10,72,88.78,1,68.87
7022,1524,7801,2024-08-29,85,52.88,1,57.76
7023,166,9040,2026-05-03,85,86.76,1,73.58
7024,7176,3358,2024-09-15,3,5.53,0,12.89
7025,4791,2449,2026-06-28,31,23.29,1,41.19
7026,7757,6714,2024-03-30,43,42.99,1,49.59
7027,9831,3246,2025-10-08,14,8.93,0,13.7
7028,714,632,2025-07-23,69,95.49,1,70.85
7029,116,8948,2026-02-20,25,25.33,0,21.51
7030,7746,7339,2025-09-05,106,98.43,1,86.02
7031,5209,738,2022-07-27,9,12.07,1,31.34
7032,929,2467,2026-05-07,4,5.94,0,5.66
7033,2837,5651,2024-03-03,10,38.68,0,13.85
7034,2164,8688,2026-01-22,46,40.85,1,34.54
7035,3714,1754,2025-11-08,55,75.96,1,70.67
7036,1371,3282,2024-09-17,95,53.96,1,46
7037,1757,8866,2025-09-04,141,84.31,1,72.54
7038,1652,9624,2025-10-12,45,27.71,0,18.53
7039,8042,9052,2025-10-22,35,26.21,0,24.63
7040,4775,8869,2025-10-17,68,90.32,1,71.82
7041,6389,4378,2023-12-03,42,74.98,1,73.73
7042,216,213,2023-02-24,119,84.45,1,67.41
7043,6861,6046,2025-02-12,62,48.11,1,47.77
7044,427,3,2022-10-30,31,44.58,0,29.97
7045,2838,7049,2023-07-02,15,23.61,0,17.78
7046,7499,6606,2025-10-23,26,61.17,1,61.94
7047,9758,2137,2023-03-02,43,55.47,0,24.83
7048,2217,7026,2023-05-13,19,17.76,0,4.94
7049,2041,6997,2025-07-20,27,70.51,0,33.82
7050,543,8954,2024-11-23,2,6.2,0,0
7051,5555,8370,2026-01-31,25,37.48,0,22.01
7052,8587,9134,2022-09-15,124,69.1,1,69.72
7053,6145,9668,2024-09-24,89,50.87,1,56.82
7054,5178,4194,2024-01-11,50,59.4,1,56.29
7055,9533,6375,2026-06-07,6,17.71,0,7.57
7056,8523,3411,2025-01-03,66,80.98,1,75.58
7057,2511,9146,2026-02-05,57,72.61,0,53.05
7058,2066,7097,2025-03-19,110,78.24,1,57.72
7059,1926,7523,2025-11-06,78,61.03,0,33.6
7060,2796,8121,2025-12-23,19,64.77,0,44.7
7061,6521,8614,2025-10-23,47,27.05,0,24.8
7062,2434,1028,2026-03-14,75,57.13,1,49.75
7063,2231,8092,2023-06-13,1,6.02,0,0
7064,9407,5930,2025-06-28,123,69.4,0,44.96
7065,9459,2885,2025-10-01,11,24.28,0,23.4
7066,5013,8651,2026-05-05,12,53.4,1,51.77
7067,5356,7205,2020-07-31,26,28.04,0,14.32
7068,6893,6432,2024-10-16,101,79.14,1,57.93
7069,7219,9941,2022-10-01,30,80.07,1,65.4
7070,6379,2147,2025-07-25,22,13.15,0,4.06
7071,5129,7978,2024-07-22,129,80,1,66.82
7072,9048,9906,2026-02-03,34,27.61,0,11.61
7073,6829,8961,2023-11-05,58,47.05,1,53.17
7074,3454,4290,2025-05-12,20,51.69,0,38.15
7075,756,2618,2025-05-22,54,35.81,0,28.06
7076,3761,868,2025-01-19,3,10.51,1,33.19
7077,244,73,2025-12-26,18,37.73,0,23.65
7078,9968,1339,2025-10-26,122,71.96,0,47.2
7079,8483,4388,2023-03-16,130,79.79,1,58.56
7080,5183,3328,2026-06-11,25,39.03,1,38.44
7081,6454,9199,2025-12-01,28,50.9,1,58.06
7082,2275,6584,2025-07-28,76,80.64,1,64.91
7083,2511,3697,2026-05-13,104,78.77,1,68.51
7084,4613,5545,2022-12-28,68,77.73,1,62.56
7085,1876,8732,2025-09-27,59,88.64,1,71.56
7086,9799,7475,2026-02-20,18,62.38,1,59.22
7087,4162,8162,2026-05-22,5,2.8,0,1.51
7088,1488,2457,2026-02-01,49,42.9,1,35.99
7089,7918,176,2024-06-01,53,35.61,1,42.8
7090,1763,6297,2025-03-05,91,99.75,1,70.72
7091,1794,1782,2023-01-30,128,92.43,1,68.64
7092,1534,9084,2026-02-08,11,39.07,0,17.3
7093,8007,8265,2026-03-12,41,31.11,1,48.59
7094,3997,9499,2024-04-04,28,97.74,1,79.28
7095,6176,2926,2023-04-21,107,97.11,1,76.77
7096,8654,7779,2022-10-17,96,70.37,1,52.59
7097,7696,3179,2026-05-15,108,77.97,1,73.73
7098,8318,1371,2025-10-14,143,80.12,0,54.56
7099,8826,1240,2024-08-10,73,72.1,1,61.22
7100,3179,9477,2022-01-16,69,49.84,1,47.49
7101,1607,1022,2025-03-11,44,34.75,0,28.63
7102,2268,8454,2024-06-06,92,61.04,1,59.43
7103,7582,9628,2026-03-28,6,4.38,0,4.11
7104,1071,4751,2026-06-29,78,47.19,1,43.93
7105,2197,7581,2022-10-04,55,96.5,0,58.17
7106,2908,7415,2026-02-23,130,92.31,1,79.97
7107,5159,6624,2022-11-22,63,35.97,0,16.87
7108,6923,1993,2026-06-05,31,66.61,1,53.56
7109,8210,5084,2024-12-01,20,63.69,1,64.38
7110,5987,2148,2026-06-24,119,96.41,0,67.31
7111,3961,8286,2026-06-20,12,18.05,0,3.43
7112,2559,9495,2026-04-21,58,53.42,1,44.49
7113,1746,9532,2025-07-03,85,87.12,1,73.5
7114,1737,7223,2026-01-14,16,44.08,0,27.23
7115,9243,2060,2026-03-05,59,36.45,0,31.85
7116,725,907,2026-06-12,42,96.52,1,74.25
7117,9207,8294,2024-04-11,69,87.96,0,50.67
7118,7191,2473,2026-06-27,59,50.28,1,46.55
7119,9374,4525,2024-08-03,73,42.41,0,17.48
7120,3968,4582,2024-09-18,40,81.52,1,65.6
7121,9456,9658,2024-10-14,49,89.9,1,83.69
7122,6929,2680,2025-10-30,99,92.21,1,72.4
7123,8307,2742,2019-09-21,54,78.69,1,69.83
7124,1154,4506,2025-05-29,93,58.39,0,38.26
7125,6530,6034,2024-08-27,75,64.89,0,45.51
7126,1224,1418,2025-05-24,40,24.05,0,7.64
7127,6379,5297,2022-06-12,7,34.59,1,49.02
7128,4134,196,2026-01-06,69,47.47,0,21.96
7129,6344,4891,2025-05-09,6,3.8,0,0
7130,2288,9851,2021-09-09,45,96.06,1,70.39
7131,3687,1964,2021-12-22,6,6.79,0,1.8
7132,5352,5095,2024-01-08,32,26.31,1,30.79
7133,1799,646,2025-12-12,58,61.68,1,47.47
7134,757,7925,2024-12-02,24,94.09,1,67.06
7135,5506,6444,2026-04-21,117,83.42,1,66.38
7136,5246,4925,2025-07-11,25,34.36,1,43.68
7137,7341,2953,2025-02-18,49,96.38,1,80.39
7138,4077,187,2026-06-12,44,45.76,1,44
7139,3917,6885,2025-09-09,8,14.4,0,11.68
7140,3806,1447,2026-06-09,128,77.95,1,61.73
7141,4955,8207,2024-11-26,27,80.83,0,42.21
7142,6127,9582,2022-01-12,11,7.56,0,0
7143,5292,7627,2026-06-19,21,23.94,1,34.12
7144,7029,9982,2024-09-30,87,76.68,0,55.61
7145,6690,6243,2025-12-27,22,15.91,0,11.78
7146,5681,7398,2021-01-15,33,81.83,1,75.1
7147,6904,3091,2023-05-27,4,15.76,0,1.65
7148,9929,3720,2025-12-29,21,14.58,1,27.55
7149,1686,6739,2026-03-12,4,5.91,1,32.29
7150,7186,5674,2022-02-11,13,10.99,1,25.67
7151,3352,6466,2024-09-07,4,8.72,1,32.68
7152,1457,6687,2026-01-07,83,49.2,1,43.26
7153,6052,4573,2026-06-21,60,36.45,0,20.6
7154,7830,4318,2025-09-02,72,49.54,1,47.35
7155,6984,8806,2024-07-10,49,34.05,0,24.89
7156,1578,6213,2025-11-28,6,4.15,0,0
7157,3967,2869,2025-02-23,36,26.37,0,17.32
7158,5399,5271,2023-09-27,61,37.91,0,28.71
7159,3050,7107,2025-11-26,90,62.85,1,49.62
7160,2368,3990,2026-04-30,153,91.53,1,67.58
7161,1651,1255,2025-10-28,94,57.06,1,45.37
7162,2110,9503,2026-02-19,20,31.97,0,9.74
7163,400,5541,2025-01-01,132,82.94,1,61.82
7164,565,5501,2025-05-03,73,54.2,0,40.45
7165,1967,2835,2026-05-30,29,16.03,0,12.25
7166,4036,462,2023-06-04,8,33.32,1,37.77
7167,6147,7785,2025-11-28,64,39.04,0,14.94
7168,1000,4952,2024-08-28,9,17.89,0,6.43
7169,7236,5773,2025-02-18,92,82.1,1,73.85
7170,5900,1942,2025-04-27,88,62.61,1,59.31
7171,6859,3639,2025-08-16,25,16.52,0,1.64
7172,4366,9271,2025-01-10,115,93.53,1,82.68
7173,3024,7315,2021-11-24,117,67.69,0,38.25
7174,1092,3605,2024-06-22,9,9.33,0,4.32
7175,4101,7931,2025-10-01,46,29.75,0,22.84
7176,9142,5742,2020-07-26,99,90.44,0,60.3
7177,5611,9221,2025-02-27,5,2.92,1,15.59
7178,4137,5999,2025-08-16,17,14.97,0,13.62
7179,5859,6425,2026-06-29,16,24.28,1,37.29
7180,1412,6343,2026-03-30,6,18.41,0,2.36
7181,3298,7668,2024-08-23,2,6.05,1,24.95
7182,9326,3477,2025-04-25,51,48.23,1,55.53
7183,3959,2294,2025-03-21,5,14.13,0,12.79
7184,608,3957,2024-05-05,40,54.38,1,44.84
7185,5791,9982,2025-08-17,80,48.49,0,33.22
7186,9817,7571,2026-06-07,19,22.6,0,6.77
7187,8065,562,2026-05-28,73,44.76,0,25.86
7188,6658,3228,2023-02-25,41,24.62,0,13.11
7189,8311,1740,2020-08-31,28,67.73,1,63.1
7190,3559,7567,2023-06-19,56,36.68,1,32.61
7191,1034,4290,2026-04-02,10,7.85,0,0.25
7192,9910,9316,2026-05-13,14,36.49,0,28.67
7193,1201,5353,2025-08-11,4,19.22,1,27.4
7194,1508,9903,2026-04-01,67,38.03,1,38.32
7195,6455,1275,2026-03-14,13,19.33,1,39.18
7196,1153,2276,2025-08-03,22,18.42,1,31.66
7197,385,6771,2025-09-16,59,33.48,1,48.21
7198,3115,3818,2023-12-04,65,52.88,0,23.33
7199,2866,2981,2024-05-14,18,76.76,1,71.69
7200,8708,859,2023-11-22,81,71.42,0,51.67
7201,3765,3905,2026-01-07,35,68.04,0,36.89
7202,4445,952,2025-12-19,27,14.8,1,28.64
7203,2416,5211,2026-05-14,115,67.18,0,35.02
7204,1800,6099,2022-11-06,102,96.33,0,64.49
7205,5679,2862,2020-08-11,172,99.71,1,78.55
7206,2028,4935,2026-03-14,80,98.39,1,83.98
7207,8036,8376,2024-03-10,67,89.89,0,50.59
7208,5362,8399,2021-10-25,140,96.2,1,82.34
7209,1004,6001,2025-07-10,89,67.22,0,43.62
7210,9663,9468,2022-09-28,71,48.35,1,58.37
7211,1977,4978,2026-06-17,9,5.25,0,0.82
7212,7394,7367,2023-05-28,16,21.77,1,32.28
7213,7655,328,2024-07-13,71,60.1,1,61.4
7214,7074,4,2024-06-23,55,98.29,1,81.79
7215,1977,982,2026-06-18,108,94.24,1,71.95
7216,1967,2894,2026-02-19,86,74.02,1,61.65
7217,1162,9018,2020-11-07,12,16.43,1,27.47
7218,7875,7107,2025-11-22,114,91.91,1,84.12
7219,1650,3659,2025-11-22,51,35.07,0,30.25
7220,4314,6728,2025-11-07,143,80.97,1,65.4
7221,730,2468,2020-12-21,19,84.64,1,68.54
7222,355,7788,2024-02-20,67,43.86,1,41.41
7223,3801,9192,2022-07-30,102,91.4,1,65.6
7224,9627,8874,2025-04-07,113,96.68,0,48.12
7225,833,6871,2022-09-15,25,76.77,1,73.24
7226,6814,9206,2025-09-13,75,95.1,1,84.79
7227,1513,9290,2022-09-01,73,56.26,1,49.19
7228,2804,2541,2025-10-19,5,13.39,0,18.03
7229,5340,3310,2026-01-29,42,41.87,0,27.26
7230,3751,7455,2024-08-27,28,29.19,0,9.97
7231,4613,9855,2023-08-07,34,65.1,1,56.07
7232,1322,8807,2026-05-11,118,70.88,0,46.33
7233,9597,7953,2022-10-24,101,95.81,1,74.78
7234,9441,6389,2024-03-17,126,80.11,1,61.53
7235,4085,1367,2026-06-26,35,72.58,1,54.55
7236,594,4256,2023-11-24,11,9.92,0,11.57
7237,8872,2447,2023-05-01,6,19.89,0,10.88
7238,4930,4698,2026-01-07,63,98.13,1,72.07
7239,2105,990,2025-11-26,5,13.34,0,17.05
7240,2808,4160,2023-11-03,20,31.22,1,43.27
7241,9202,8125,2024-12-27,114,81.1,0,44.58
7242,5279,3991,2026-04-08,131,95.23,1,81.88
7243,1936,2352,2022-03-28,15,36.53,1,43.51
7244,8458,2693,2025-01-05,77,75.47,0,36.7
7245,3169,8919,2023-04-08,86,50.57,0,33.05
7246,7990,3067,2024-06-30,16,15.2,0,2.03
7247,3016,2423,2024-03-24,1,1.26,0,0.65
7248,1207,3969,2025-10-06,10,33.79,0,16.61
7249,4728,9397,2026-03-05,11,24.14,0,5.92
7250,4037,8022,2025-04-04,56,63.93,1,67.94
7251,3936,4746,2024-11-19,10,7.86,0,4.92
7252,434,8962,2026-06-30,21,53.97,1,47.19
7253,4601,1537,2025-07-26,95,77.47,1,66.88
7254,9665,6803,2025-11-23,20,52.95,1,57.11
7255,4427,1885,2021-10-16,53,37.58,0,28.29
7256,2258,8695,2025-04-22,108,88.56,1,78.95
7257,8098,764,2025-04-25,12,7.29,0,0
7258,8808,1423,2024-07-06,129,96.06,1,70.71
7259,6503,5784,2026-01-17,38,63.95,1,49.43
7260,9499,7102,2025-03-22,11,15.63,0,9.05
7261,9174,3522,2025-06-29,56,82.74,0,43.42
7262,1945,602,2023-03-02,42,81.58,1,68.64
7263,9852,5516,2025-05-15,114,80.9,0,48.16
7264,9612,1896,2026-02-23,45,51.01,1,50.09
7265,1714,1384,2026-02-13,36,74.48,1,59.95
7266,807,984,2026-06-15,55,47.77,1,54.1
7267,2882,2874,2023-12-01,42,26.5,1,42.66
7268,1950,2773,2025-01-06,58,91.04,1,81.14
7269,8994,8275,2024-05-03,42,80.14,1,65.54
7270,111,7114,2026-03-02,62,70.29,0,45.59
7271,4915,5610,2026-02-20,116,77.42,1,65.66
7272,1220,5054,2020-09-02,34,90.83,1,67.11
7273,9442,9361,2025-06-12,65,54.28,1,52.27
7274,5676,1976,2026-01-17,38,34.33,0,29.56
7275,6418,5411,2023-09-07,81,79.63,0,51.82
7276,8338,588,2026-01-26,40,91.06,1,84.08
7277,7451,1710,2025-01-17,51,33.98,0,25.15
7278,9281,5052,2025-11-08,98,80.01,0,54.13
7279,1084,9478,2024-04-04,44,56.98,0,41.41
7280,6774,7566,2025-04-25,121,71.06,1,53.1
7281,9232,1888,2026-05-12,99,76.42,1,72.01
7282,6241,5185,2023-07-10,42,57.35,0,38.41
7283,1834,5401,2023-04-01,131,89.38,1,67.72
7284,3364,8452,2025-11-27,108,96.62,0,59.87
7285,8058,1113,2025-11-11,26,63.05,0,31.36
7286,2936,6913,2026-04-10,23,83.57,1,63.1
7287,7685,7774,2026-01-27,47,75.03,0,47.79
7288,1138,4868,2024-12-24,61,46.26,0,32.23
7289,8345,1841,2022-11-26,81,53.59,1,43.34
7290,8309,555,2025-03-14,23,15.22,1,37.92
7291,9479,484,2020-05-10,28,34.62,0,28.55
7292,2392,9611,2021-06-10,84,50.96,1,41.73
7293,2091,4827,2025-06-10,117,99.07,1,83.15
7294,5841,7603,2021-06-25,10,24.48,1,28.77
7295,8280,8761,2026-01-07,79,58.69,0,29.36
7296,9531,7763,2024-08-30,4,8.93,1,32.48
7297,785,9229,2026-06-20,101,61.81,0,28.46
7298,8339,8264,2025-11-27,136,97.54,0,67.88
7299,3833,22,2023-06-27,2,2.43,0,6.5
7300,50,5420,2022-10-13,26,92.95,1,76.31
7301,4293,9415,2025-01-15,19,56.98,0,37.43
7302,8491,3066,2026-02-21,32,36.81,0,13.17
7303,1585,4197,2025-06-22,62,54.02,1,56.78
7304,595,6275,2025-06-29,22,72.48,1,62.7
7305,8368,3543,2024-04-02,17,53.61,0,32.14
7306,1366,1283,2026-04-10,3,11.81,0,13.02
7307,6793,6333,2026-05-07,93,77.74,1,68.36
7308,3855,4886,2022-07-20,22,20.45,0,16.72
7309,8968,1382,2026-03-06,24,15.4,0,9.07
7310,3416,1234,2026-06-22,21,57.9,1,50.94
7311,1649,1616,2026-03-03,62,41.64,0,26.56
7312,9192,3713,2024-01-20,25,48.45,1,39.77
7313,9473,6732,2023-02-08,100,62.87,0,36.97
7314,2891,9401,2024-12-31,32,97.04,1,73.02
7315,5785,1567,2026-02-18,65,79.78,1,62.46
7316,5046,2342,2026-02-01,12,7.72,0,12.42
7317,3312,4897,2022-11-26,107,91.55,0,48.45
7318,4936,2626,2024-02-27,58,47.54,0,27.83
7319,4886,6369,2022-07-04,19,10.68,0,13.15
7320,729,681,2025-10-21,1,1.94,0,9.94
7321,7123,1263,2019-10-09,21,43.84,0,32.68
7322,930,9970,2025-03-24,75,43.99,0,33.97
7323,1906,979,2025-11-04,108,75.57,1,72.72
7324,3181,7284,2021-12-01,115,97.29,0,54.24
7325,7877,6942,2025-10-06,44,48.74,0,38.65
7326,8728,6660,2025-07-01,27,17.11,0,4.13
7327,431,4196,2021-04-08,66,63.69,1,53.18
7328,8170,6986,2025-07-06,27,25.73,0,25.1
7329,4490,7274,2025-12-28,88,84.75,1,70.65
7330,4455,6458,2023-12-14,4,10.25,0,11.38
7331,1033,4905,2022-05-16,133,81.09,1,58.94
7332,9709,2235,2024-10-06,17,81.44,1,75.75
7333,4307,6575,2021-08-02,91,99.22,1,73.74
7334,1706,7210,2026-03-15,40,58.89,0,25.74
7335,5121,2323,2024-11-15,7,12.56,0,10.66
7336,2292,40,2026-03-01,18,28.29,0,12.01
7337,4131,5290,2022-10-16,51,97.31,1,82.74
7338,2790,7091,2024-10-15,26,24.85,1,33.17
7339,6882,5150,2020-05-09,9,44.49,1,43.54
7340,4813,2949,2022-12-07,48,58.96,0,33.84
7341,7620,6272,2024-05-11,56,91.37,1,71.97
7342,7767,2434,2026-04-12,44,28.46,0,14.69
7343,378,1715,2024-07-19,8,21.1,0,19.33
7344,4980,9171,2022-08-13,54,49.51,1,50.51
7345,7765,1228,2021-07-27,63,55.37,0,23.77
7346,6810,2852,2025-09-04,42,43.68,0,30.62
7347,239,4784,2019-12-03,7,16.64,0,9.93
7348,2781,7023,2025-06-14,18,28.2,1,35.85
7349,8874,8791,2026-05-05,8,39.62,0,24
7350,5556,3458,2025-12-09,44,50.51,0,28.52
7351,3784,1430,2025-06-16,95,57.36,0,41.26
7352,2200,8536,2024-09-29,44,86.41,1,78.96
7353,4070,1370,2026-04-08,131,80.51,1,72.17
7354,5895,3130,2025-05-11,16,68.65,1,66.07
7355,5058,2374,2026-03-26,42,34.09,1,47.42
7356,6124,3620,2020-06-15,4,11.54,0,9.47
7357,1706,7802,2023-07-13,82,84.13,1,67.19
7358,6343,1605,2021-04-02,53,73.43,1,61.07
7359,1323,916,2025-10-02,102,75.47,1,69.64
7360,2542,3507,2025-02-01,40,46.64,1,38.56
7361,7868,9166,2024-02-25,28,20.39,0,9.84
7362,6903,9543,2025-11-18,7,6.52,1,32.18
7363,5095,534,2026-02-27,33,81.34,0,56.6
7364,1240,6883,2026-06-27,63,46.5,1,48.67
7365,2706,7468,2023-11-30,17,80.64,0,50.83
7366,8251,2991,2024-04-06,98,60.94,0,28.57
7367,7468,3197,2024-09-04,140,81.53,1,78.19
7368,3131,6338,2026-04-28,75,73.55,1,65.08
7369,1794,4363,2022-02-09,11,41.37,1,44.12
7370,4924,5200,2025-12-09,1,1.54,0,2.22
7371,9359,3246,2025-12-22,23,25.28,0,15.11
7372,438,9151,2026-02-19,74,52.33,1,60.85
7373,4853,9628,2023-12-29,26,80.16,1,73.13
7374,8623,6430,2025-05-09,121,99.92,1,88.81
7375,7781,3601,2024-07-26,29,28.32,0,19.82
7376,4353,6408,2024-10-28,105,87.03,0,60.15
7377,7972,270,2020-12-20,82,58.05,1,47.06
7378,7149,8131,2025-08-07,74,70.85,1,69.76
7379,9595,3787,2025-12-16,63,68.03,0,42.34
7380,6445,1654,2025-12-17,122,82.66,0,44.58
7381,5430,4747,2025-01-31,96,87.84,1,80.3
7382,9985,3282,2025-12-28,4,5.66,0,0
7383,1312,1626,2026-06-02,44,38.94,0,15.14
7384,7670,2909,2023-10-29,11,10.52,0,0
7385,4837,5398,2022-11-26,57,83.07,0,43.07
7386,869,5079,2024-12-05,3,5.94,0,0
7387,4782,9524,2026-06-20,131,87.67,1,69.68
7388,2551,1842,2025-08-21,145,92.78,0,54.22
7389,1464,643,2025-09-20,17,9.72,1,25.03
7390,5170,1980,2025-06-03,162,99.58,1,72.32
7391,2532,4121,2025-10-18,6,13.07,0,15.27
7392,1337,6646,2022-03-03,16,67.6,1,67.36
7393,1453,3044,2026-06-08,26,31.51,1,37.86
7394,3077,5852,2025-03-12,14,65.7,1,54.51
7395,9677,199,2021-03-08,134,74.44,1,67.3
7396,4553,1691,2025-10-10,41,55.25,1,61.5
7397,2326,9727,2023-08-28,27,26.69,0,22.82
7398,7752,6225,2024-02-25,22,67.49,0,38.36
7399,1404,30,2020-05-22,68,51.65,1,45.31
7400,1946,8086,2025-06-19,15,73.93,1,74.34
7401,2334,3778,2024-09-18,100,84.38,1,69.25
7402,8926,9026,2025-04-30,26,22.73,1,30.1
7403,8072,9327,2024-03-20,30,28.53,0,9.77
7404,4384,2489,2022-06-04,5,4.14,0,10.33
7405,557,3329,2026-06-26,105,71.2,1,59.11
7406,3295,1633,2025-12-27,38,28.45,1,32.23
7407,1063,7818,2025-04-05,12,15.08,1,33.38
7408,8838,3124,2023-08-14,78,54.94,1,59.77
7409,6745,2410,2023-11-23,111,68.45,0,45.87
7410,3870,5280,2026-01-15,98,71.21,1,61.68
7411,535,9594,2025-06-16,11,11.78,0,7.94
7412,5058,4255,2022-07-26,11,10.29,0,0
7413,2901,9736,2024-12-07,19,20.91,0,13.85
7414,8840,2140,2020-11-23,67,62.89,1,54.54
7415,9921,1748,2025-02-26,21,12.58,0,16.97
7416,6881,3572,2024-03-21,3,4.8,0,0
7417,7900,2703,2025-06-14,25,85.84,1,74.82
7418,8814,8602,2025-06-11,16,11.55,0,0
7419,5165,8209,2025-02-28,10,23.62,0,7.41
7420,270,6160,2023-01-14,17,56.6,1,51.8
7421,3847,5924,2023-07-13,13,43.63,1,49.61
7422,9376,5695,2020-10-17,59,79.26,1,65.7
7423,167,1023,2023-01-30,12,32.41,0,22.84
7424,5690,2036,2022-11-19,36,20.56,0,12.72
7425,9847,6365,2024-07-02,7,22.3,1,30.78
7426,5264,7319,2022-12-27,134,82.92,1,60.1
7427,377,7133,2025-03-10,12,13.79,0,8.35
7428,5820,1281,2026-06-13,18,11.85,1,26.55
7429,9700,6849,2025-05-16,58,71.35,0,40.33
7430,8881,1275,2023-11-23,48,32.07,1,35.55
7431,4044,3811,2021-08-30,51,58.9,1,50.44
7432,3761,6742,2023-10-20,112,72.55,0,46.08
7433,858,9280,2025-09-14,7,23.71,0,15.32
7434,3697,5222,2022-06-22,43,52.56,1,55.78
7435,2130,819,2024-05-10,96,94.58,1,71.85
7436,218,1514,2022-05-28,31,31.52,0,13.55
7437,5292,3646,2026-06-22,37,49.11,0,28.49
7438,2310,5009,2025-09-12,142,99.73,1,77.17
7439,4738,5263,2025-04-11,21,70.86,1,59.12
7440,5558,6345,2024-02-25,17,10.54,0,12
7441,6783,5409,2026-04-16,9,5.79,0,5.15
7442,7344,8474,2025-02-26,48,70.31,1,54.42
7443,1520,7785,2026-06-13,32,17.95,0,16.21
7444,8887,6228,2025-01-13,22,51.69,0,30.08
7445,3492,3775,2026-06-20,30,32.27,0,23.28
7446,4814,8231,2020-06-11,104,96.73,1,87.2
7447,6479,4105,2026-06-16,35,68.94,0,48.58
7448,5675,4525,2021-06-27,34,24.52,0,21.85
7449,2931,3060,2024-06-01,6,3.68,0,5.43
7450,8967,1683,2025-09-20,64,84.49,1,66.95
7451,3222,989,2024-04-22,37,60.17,0,37.57
7452,461,7649,2025-12-18,83,64.36,0,31.07
7453,502,6555,2022-03-03,96,90.95,1,81.88
7454,534,4934,2025-10-13,40,75.97,0,50.66
7455,4931,7272,2025-09-13,126,76.19,1,62.11
7456,4651,2595,2025-02-04,94,55.74,1,45.19
7457,1004,3212,2026-03-27,45,71.79,0,40.26
7458,5017,1512,2026-04-22,55,70.19,1,63.35
7459,811,1749,2024-11-11,56,35.48,0,27.8
7460,73,3445,2024-03-03,52,78.97,0,56.47
7461,7609,3968,2023-11-01,143,99.04,1,84.23
7462,2050,3111,2026-01-16,109,93.44,1,82.48
7463,5737,3474,2025-11-05,46,85.07,1,64.71
7464,241,5628,2025-12-09,13,37.01,0,19.29
7465,4470,1212,2025-07-20,44,54.74,0,27.11
7466,6120,8112,2025-09-15,35,84.73,0,56.82
7467,7921,6356,2025-12-23,21,14.77,0,8.59
7468,5885,1375,2024-12-12,24,16.57,0,0.96
7469,2895,1008,2025-09-27,132,77.63,1,61.32
7470,7300,7,2024-10-27,4,7.15,0,5.53
7471,5657,9684,2023-07-24,84,55.22,0,23.52
7472,1198,514,2024-02-11,18,25.41,1,44.7
7473,5464,9385,2026-05-09,48,75.49,1,59.95
7474,9299,2482,2023-01-24,20,31.44,1,47.68
7475,5729,8554,2025-01-22,52,59.35,1,57.77
7476,1292,7940,2025-12-21,3,13.03,0,3.4
7477,1663,8755,2025-02-26,83,78.68,1,61.13
7478,4286,911,2026-02-08,62,75.09,1,58.02
7479,9817,7773,2026-06-06,68,68.35,0,46.18
7480,682,7720,2026-06-22,6,6.33,0,0
7481,5964,3479,2025-06-13,24,52.67,0,26.1
7482,6359,7805,2024-11-21,29,33.79,1,49.14
7483,9770,1615,2025-08-10,63,38.47,1,33.66
7484,2746,6444,2026-03-30,74,74.89,0,52.75
7485,9109,8715,2025-07-29,57,31.85,0,10.13
7486,185,6401,2025-11-19,13,14.08,0,6
7487,8504,4480,2026-06-05,154,91.81,1,68.48
7488,1303,5809,2024-10-11,4,5.31,0,13.18
7489,4886,1653,2025-10-16,44,63.48,1,52
7490,855,4536,2024-10-18,49,36.35,1,33.61
7491,1343,4966,2024-04-26,8,13.56,0,17.38
7492,7308,2390,2026-06-30,52,77.16,1,74.29
7493,1018,8505,2020-07-25,44,48.16,0,28.85
7494,4177,1730,2026-02-21,9,10.25,0,3.82
7495,2268,4567,2025-03-04,65,63.32,0,31.3
7496,2503,8107,2026-04-25,24,37.87,0,23.88
7497,6533,5807,2025-03-03,27,73.93,0,49.07
7498,7784,4829,2026-05-07,40,79.28,1,67.55
7499,1207,4550,2025-04-04,72,42.01,0,15.56
7500,8757,4389,2026-02-08,83,57.18,0,33.6
7501,5035,5901,2022-06-16,71,47.17,1,47.15
7502,6978,7705,2026-06-25,99,82,0,51.63
7503,3645,2072,2025-12-29,31,63.84,1,61.47
7504,9125,2063,2025-08-23,31,21.99,1,29.66
7505,5518,2994,2022-11-27,60,67.14,1,64.11
7506,1316,2696,2026-06-08,45,25.86,1,26.14
7507,7991,8916,2024-05-14,4,2.17,0,5.77
7508,87,5642,2026-05-21,86,56.52,1,46.96
7509,1616,3785,2025-11-25,7,19.84,1,27.03
7510,1385,2390,2026-01-29,104,58.62,1,53.8
7511,3679,4518,2023-05-15,65,41.1,0,25.94
7512,746,1635,2026-03-26,33,59.01,0,29.7
7513,8459,3288,2025-07-16,23,13.04,0,11.64
7514,9188,1840,2026-06-04,37,32.2,1,39.87
7515,4198,4367,2024-03-25,43,44.94,0,18.3
7516,6636,8176,2025-09-14,18,32.13,1,31.11
7517,2013,6435,2023-10-08,108,60.85,1,65.87
7518,98,322,2025-06-21,47,86.2,0,55.26
7519,9393,9883,2026-06-20,13,39.6,1,38.37
7520,1285,1454,2026-03-21,123,79.27,1,72.45
7521,9772,1381,2025-01-27,30,68.68,1,64.22
7522,3228,9956,2025-01-16,15,16.13,0,9.3
7523,3645,4054,2025-12-31,106,62.02,0,28.4
7524,6480,3614,2021-09-01,38,46.84,0,31.56
7525,4539,4693,2025-06-21,113,86.89,1,68.86
7526,9003,6971,2026-02-06,2,1.35,0,0.02
7527,8785,7110,2026-05-03,47,41.13,1,47.72
7528,2073,448,2026-06-19,156,93.66,1,75.71
7529,2263,1781,2023-07-02,43,51.64,1,55.2
7530,4377,8961,2025-08-05,89,53.86,0,31.39
7531,579,7212,2026-05-28,56,46.36,0,30.35
7532,6618,2096,2024-12-11,7,11.57,1,18.47
7533,6625,1096,2026-04-10,48,49.28,1,45.36
7534,8018,1120,2025-01-19,36,49.11,1,57.25
7535,2095,8443,2025-08-17,56,44.9,1,43.91
7536,8722,4528,2026-03-07,105,71.6,1,65.93
7537,2784,9412,2025-11-18,24,23.08,0,21.14
7538,2980,64,2024-06-18,100,88.21,1,76.41
7539,3165,5236,2024-06-05,40,22.52,0,11.17
7540,6836,9957,2025-08-20,17,19.8,0,18.32
7541,9959,6880,2022-09-09,43,29.34,0,12.11
7542,7065,2276,2023-09-05,5,6.17,0,0
7543,5806,105,2026-03-13,55,48.69,1,48.45
7544,5286,1285,2020-11-06,58,77.95,1,67.44
7545,6910,4875,2026-03-06,41,33.05,1,33.38
7546,68,6620,2025-12-08,24,22.24,1,32.22
7547,2860,1550,2022-02-17,87,79.75,1,63.2
7548,9210,4355,2020-05-20,28,73.88,1,62.16
7549,2461,8517,2023-12-01,2,1.61,0,0
7550,67,1614,2024-11-17,110,89.19,1,79.05
7551,4036,5463,2026-04-18,62,48.57,1,57.26
7552,4680,8472,2023-01-21,61,65.82,0,36.55
7553,2865,1610,2025-02-14,96,55.85,1,50.32
7554,9225,894,2026-04-22,154,92.47,0,48.96
7555,3533,4515,2026-06-19,20,62.23,1,60.16
7556,3669,9202,2025-09-29,3,1.79,0,10.22
7557,5917,3045,2025-03-25,30,19.33,0,5.74
7558,9131,4737,2025-06-28,8,15.15,0,14.35
7559,8303,6743,2026-05-24,60,53,1,58.44
7560,2395,1759,2026-03-23,58,38.49,0,30.55
7561,2679,2339,2026-03-11,62,52.46,1,58.49
7562,7603,8511,2026-03-19,8,25.09,1,38.07
7563,59,8982,2024-06-05,4,12.07,1,34.15
7564,591,9132,2024-06-16,39,26.34,0,6.1
7565,4119,3184,2025-06-23,20,20.94,1,24.73
7566,727,492,2022-12-20,151,87.12,1,70.47
7567,1149,9757,2026-03-19,162,97.22,1,85.37
7568,7614,1084,2019-10-13,17,16.64,1,39.92
7569,8270,4300,2023-11-01,28,73.27,1,54.24
7570,9983,1613,2025-10-13,29,25.49,0,22.89
7571,1809,7923,2023-04-05,11,26.17,1,41.87
7572,4744,9616,2025-05-09,77,65.14,1,61.52
7573,1448,1619,2023-06-24,45,57.72,1,59.28
7574,8043,3744,2025-01-02,37,34.79,0,29.3
7575,2328,7900,2024-11-05,31,57.12,0,31.64
7576,2224,2631,2025-05-18,94,84.22,1,79.29
7577,7652,9699,2025-03-21,91,59.83,0,39.88
7578,4662,2119,2022-06-06,15,73.73,0,40.17
7579,3366,4557,2026-03-14,84,55.41,1,49.1
7580,3506,5060,2026-02-19,31,62.18,1,48.82
7581,6023,3072,2024-08-25,8,29.6,0,17.4
7582,9024,8748,2025-10-12,15,44.28,0,28.7
7583,2554,3551,2025-06-10,37,96.41,1,78.05
7584,595,5913,2026-06-12,21,77.23,1,62.33
7585,8255,6188,2025-09-06,24,43.69,0,17.58
7586,4648,6771,2024-10-06,16,74.31,1,72.28
7587,6579,7146,2023-09-10,143,92.58,1,74.26
7588,1411,5176,2024-10-19,48,31.96,0,16.32
7589,890,1275,2024-06-13,12,17.64,0,9.85
7590,9232,6738,2023-07-17,6,3.64,0,10.86
7591,1148,306,2022-12-26,111,93.41,1,83.85
7592,1809,3211,2020-01-26,21,12.23,0,12.89
7593,421,5146,2020-05-29,73,44.57,0,25.85
7594,9439,7242,2025-01-28,57,38.28,1,34.64
7595,2943,6674,2023-07-22,51,52.64,1,59.34
7596,7546,8734,2025-09-01,81,49.69,1,43.07
7597,5409,5775,2025-09-25,140,80.27,1,63.98
7598,6762,8898,2025-07-04,4,11.47,0,13.4
7599,7358,5541,2026-01-24,50,81.42,1,75.16
7600,1277,1953,2025-03-27,12,16.19,1,30.23
7601,4789,5195,2025-03-02,12,6.41,0,4.16
7602,1411,7636,2026-04-18,59,56.8,1,57.33
7603,5607,1578,2024-06-24,14,20.2,0,3.09
7604,8754,6310,2025-01-10,108,84.74,0,51.6
7605,591,7320,2025-06-12,53,53.87,0,23.4
7606,4986,1269,2025-02-14,130,97.81,1,79.27
7607,2463,5601,2024-06-02,44,73.32,1,68.12
7608,4303,9377,2023-07-29,12,21.6,0,22.81
7609,5733,6056,2025-10-29,160,97.84,0,56.84
7610,7476,6981,2025-04-15,22,79.58,1,77.2
7611,1122,7903,2024-04-23,9,15.47,0,3.11
7612,910,4696,2025-09-29,50,39.95,0,26.7
7613,3430,3917,2021-06-19,124,72.83,1,54.44
7614,1439,710,2026-02-24,57,91.55,1,78.68
7615,6525,9118,2025-03-23,62,73.7,1,62.08
7616,8796,5952,2024-04-10,108,74.71,1,65.59
7617,7228,5033,2025-12-30,93,89.99,1,65.43
7618,1891,3431,2022-07-05,5,5.57,0,0
7619,3082,2571,2025-09-06,99,68.21,1,51.86
7620,9538,3537,2024-07-06,17,13,0,4.35
7621,5667,9363,2024-06-08,70,62.69,1,65.74
7622,4720,1439,2024-01-24,32,52.61,1,57.5
7623,67,2904,2024-09-29,84,59.32,0,35.7
7624,7437,8080,2023-05-11,157,87.36,1,78.9
7625,7971,8737,2025-05-26,79,60.61,0,35.55
7626,7562,9472,2025-08-10,18,13.86,0,6.71
7627,3500,4170,2026-02-24,10,18.93,0,18.99
7628,7219,1276,2023-09-03,88,56.48,1,58.16
7629,1547,5012,2025-11-27,4,8.79,1,22.55
7630,1638,8895,2026-03-04,97,95.99,1,70.94
7631,8122,7629,2024-10-20,57,66.74,1,57.55
7632,2373,534,2026-05-31,30,29.21,0,11.48
7633,6814,3728,2025-04-06,30,35.41,0,21.39
7634,1634,3291,2024-11-27,13,39.33,1,51.15
7635,6018,4121,2024-01-29,75,44.97,0,31.13
7636,1596,3059,2023-06-20,90,53.79,0,31.2
7637,2090,1330,2022-10-28,170,94.29,1,86.2
7638,5347,8254,2026-02-22,80,44.37,1,47.63
7639,6664,6135,2024-09-08,57,40.87,0,21.35
7640,1798,7566,2021-09-11,119,91.94,1,76.61
7641,412,7268,2026-05-24,128,77.32,1,70.59
7642,5201,1908,2025-12-09,9,9.24,0,10.06
7643,407,6048,2026-05-31,86,65.6,1,61.08
7644,7035,5329,2024-02-16,11,29.68,0,23.3
7645,1075,8871,2026-06-09,122,93.81,1,70.88
7646,894,2909,2025-06-27,44,34.42,0,24.02
7647,4139,5368,2026-06-09,30,27.84,0,19.32
7648,4724,1892,2026-01-28,46,40.29,1,42.42
7649,9144,7507,2022-12-20,37,59.41,0,33.16
7650,3823,560,2026-06-21,55,39.82,1,45.52
7651,2088,8998,2026-01-30,19,18.88,0,5.08
7652,1925,8061,2026-03-11,5,8.87,0,3.29
7653,8867,8994,2020-07-21,50,45.75,1,42.96
7654,8437,7916,2026-02-08,3,2.85,1,24.13
7655,5897,3620,2026-06-21,136,77.59,1,66.11
7656,6205,1289,2023-07-28,95,75.71,0,41.05
7657,8250,5793,2022-06-28,56,91.82,1,81.3
7658,8996,4265,2026-02-28,10,20.57,0,9.07
7659,6555,6322,2024-02-08,41,47.12,0,28.68
7660,3674,8981,2026-03-20,32,58.02,1,55.22
7661,4752,7763,2024-12-10,90,88.73,1,66.65
7662,8157,8583,2024-12-27,8,10.53,0,10.75
7663,3828,8767,2025-02-01,49,50.55,0,22.21
7664,2552,481,2023-06-28,104,69.05,0,50.5
7665,9975,171,2025-11-20,5,8.07,1,32.14
7666,3536,5844,2023-10-11,49,50.68,0,35.07
7667,834,1490,2022-11-13,89,52.66,1,46.02
7668,3195,7726,2021-07-10,55,45.33,1,55.48
7669,8242,5594,2023-05-02,82,75.33,1,65.6
7670,5545,6713,2025-11-06,58,44.64,1,50.15
7671,2276,3927,2025-12-02,41,53.25,1,50.42
7672,6122,5113,2024-05-12,9,10.38,0,0
7673,4526,4486,2026-03-08,3,11.06,0,7.92
7674,3236,5240,2024-07-29,100,57.03,1,62.2
7675,6188,7866,2020-04-12,114,91.32,1,66.33
7676,686,3150,2024-01-08,71,55.78,1,44.46
7677,5517,2873,2024-08-29,44,57.77,0,39.58
7678,2354,7938,2025-10-24,23,39.44,1,52.68
7679,1281,9381,2026-06-26,2,1.4,0,0
7680,6850,3575,2024-12-03,21,49.08,0,32.42
7681,6589,3663,2024-12-04,6,27.25,0,9.71
7682,1826,295,2024-11-06,38,31.84,0,25.37
7683,6392,8878,2019-12-12,66,42.36,1,48.01
7684,9658,2604,2024-06-15,11,14.4,0,4.22
7685,463,4937,2025-05-15,18,11.96,0,14.08
7686,7335,2853,2026-01-29,94,80.19,1,76.69
7687,6439,6377,2026-01-02,21,25.57,1,31.2
7688,1121,3179,2021-10-12,33,19.52,0,2.33
7689,598,5614,2023-07-10,37,73.49,1,66.56
7690,5917,5742,2025-12-13,7,28.17,0,24.7
7691,2710,7468,2023-09-13,77,97.38,1,85.88
7692,2343,5971,2026-06-21,121,68.87,1,60.77
7693,6961,8245,2022-10-13,107,61.36,1,53.91
7694,7796,9654,2022-05-18,95,63.64,0,34.92
7695,8622,2417,2024-02-03,22,59.93,0,35.08
7696,1252,3361,2025-07-25,48,76.88,1,59.22
7697,6176,2191,2023-08-29,31,19.05,0,5.03
7698,6059,9194,2022-03-10,2,9.34,1,21.65
7699,7631,555,2026-02-04,58,81.51,1,75.71
7700,9939,4886,2026-06-28,95,53.93,0,37.9
7701,6105,4536,2024-12-10,21,38.8,1,42.59
7702,496,3901,2023-04-22,11,8.74,0,0
7703,3151,6648,2023-02-22,7,13.25,1,21.12
7704,7443,771,2021-11-06,69,46.48,0,31.58
7705,7937,1009,2021-02-26,30,46.01,0,18.96
7706,2745,4418,2022-04-25,118,79.48,1,59.06
7707,4168,2434,2025-05-08,47,55,1,62.4
7708,9854,7223,2024-10-11,35,38.9,1,46.27
7709,5123,6034,2025-06-03,61,88.27,0,44.31
7710,6541,3728,2024-05-25,71,58.77,0,38.69
7711,9796,263,2025-07-24,155,89.58,1,76.91
7712,8458,9575,2025-03-13,59,93.62,1,72.29
7713,7340,2951,2026-04-09,81,85.78,1,81.12
7714,4163,1424,2026-06-17,9,12.1,0,5.38
7715,162,4756,2025-09-06,31,57.92,1,63.31
7716,8220,8833,2022-06-21,23,46.9,1,50.41
7717,3808,8164,2024-08-25,114,90.14,1,76.83
7718,4841,4438,2026-02-09,15,10.83,1,30.03
7719,8374,8044,2024-10-12,10,25.68,0,9.8
7720,8515,5537,2023-12-17,56,82.89,1,62.31
7721,6899,5480,2024-05-27,4,6.49,0,5.07
7722,3110,2824,2025-09-10,4,2.51,0,0
7723,9809,3559,2019-08-14,45,86.6,1,78.38
7724,4629,9956,2024-07-03,78,78.78,1,60.2
7725,7818,8293,2026-02-23,97,83.53,0,54.86
7726,4274,4002,2024-06-21,29,78.09,0,40.99
7727,1728,4296,2021-10-25,8,23.84,1,41.41
7728,7557,6779,2026-06-09,35,95.03,1,71.06
7729,6539,8765,2026-02-09,26,52.25,1,47.63
7730,4595,7446,2026-06-29,95,62.01,0,27.41
7731,4707,8456,2023-04-16,32,46.88,0,36.54
7732,7443,871,2019-06-16,3,9.5,1,29.34
7733,4994,8706,2026-04-09,88,94.51,1,69.41
7734,4669,6027,2024-05-27,38,24.88,0,8.6
7735,3801,6141,2026-05-28,93,77.6,1,75.4
7736,5794,8455,2023-07-07,11,13.57,0,3.78
7737,6369,5083,2025-07-11,97,90.11,0,44.59
7738,3918,4618,2019-10-11,31,21.99,0,20.82
7739,7563,2880,2024-01-26,6,20.3,0,8.43
7740,5744,6228,2026-03-08,38,25.08,0,23.42
7741,9408,9945,2024-06-01,16,24.26,1,41.83
7742,5584,9467,2022-03-28,14,50.94,1,50.59
7743,6807,1915,2024-07-14,132,76.32,1,63.81
7744,1748,7787,2023-06-15,61,37.5,0,27.71
7745,4476,8984,2022-04-06,128,88.66,1,72.02
7746,7670,632,2026-06-22,105,89.31,1,71.88
7747,4364,1992,2026-06-04,41,54.97,1,49.5
7748,362,9632,2025-08-20,10,25.68,0,25.18
7749,6979,9572,2023-06-12,23,13.93,0,4.9
7750,9973,9267,2022-03-07,34,69.3,0,33.2
7751,9027,9591,2026-03-13,51,86.07,1,75.36
7752,3170,362,2025-10-27,84,54.1,0,23.64
7753,3377,893,2026-01-27,17,33.25,0,27.59
7754,1025,5092,2026-06-10,33,18.67,0,13.59
7755,1347,2207,2020-07-25,7,4.29,0,0
7756,4445,3820,2026-02-25,59,39.18,0,28.71
7757,35,1705,2025-06-21,54,42.53,1,40.47
7758,3681,359,2023-07-05,61,35.44,0,29.85
7759,576,6213,2026-04-16,86,60.83,1,46.94
7760,3532,4042,2024-09-03,21,56.99,1,45.43
7761,7285,9322,2026-04-29,78,68.77,1,55.97
7762,9284,1115,2024-11-28,51,82.91,1,61.53
7763,2994,2621,2019-10-01,85,86.86,1,74.84
7764,9100,7937,2026-04-09,111,76.18,1,69.55
7765,1942,140,2025-12-24,54,62.98,0,41.43
7766,204,5284,2023-09-26,115,91.14,1,73.24
7767,5631,6542,2025-07-22,145,89.7,0,46.63
7768,8629,9562,2026-05-30,11,10.1,0,0
7769,1269,6287,2023-05-22,47,61.69,1,53.65
7770,340,357,2026-06-16,4,5.68,0,0.48
7771,238,1369,2022-04-20,14,17.37,0,13.27
7772,4070,2182,2026-03-09,18,21.71,0,22.31
7773,8820,6206,2022-07-22,58,57.24,1,54.88
7774,7790,2817,2025-10-11,81,91.74,1,73.14
7775,1715,2250,2026-03-18,34,80.82,1,63.25
7776,1785,6299,2023-10-30,8,11.24,0,6.34
7777,7802,7143,2025-07-12,86,64.4,1,53.84
7778,8865,7885,2024-01-08,55,66.81,1,69.42
7779,7782,6008,2024-05-30,7,25.55,0,19.77
7780,2259,3774,2024-03-13,26,55.86,1,57.67
7781,471,5093,2020-02-20,133,77.74,1,67.49
7782,6595,4554,2024-05-29,30,55.96,0,36.71
7783,4282,9229,2023-12-21,114,90.19,1,76.23
7784,8763,1275,2025-06-09,34,69.93,1,66.13
7785,1743,19,2021-12-15,49,82.16,0,42.52
7786,2782,6546,2025-10-11,46,50.15,1,57.46
7787,7519,4795,2025-02-28,151,86.37,0,42.91
7788,9234,4445,2025-02-26,65,61.72,1,61.02
7789,6752,5113,2023-01-29,45,66.78,1,68.07
7790,6386,6295,2023-07-16,55,67.29,0,47.85
7791,1079,2654,2024-05-15,27,28.3,1,33.94
7792,9655,205,2025-12-21,28,68.8,1,56.78
7793,1727,9321,2025-06-04,25,91.75,1,70.81
7794,3556,4832,2026-04-07,17,68.56,1,51.48
7795,5219,7768,2026-04-11,3,5.07,0,0
7796,2228,1363,2023-04-08,65,76.81,1,67.1
7797,5002,5651,2025-12-13,30,51.53,0,30.35
7798,3789,250,2024-07-04,72,46.12,1,40.87
7799,9827,6968,2026-04-17,125,88.21,0,49.44
7800,1186,9813,2025-10-18,40,33.27,1,37.04
7801,4141,1010,2025-03-13,46,41.43,0,20.5
7802,9515,5722,2025-05-09,21,31.02,0,10.29
7803,4599,6373,2025-01-07,67,65.48,1,65.84
7804,8477,3071,2026-06-10,71,92.95,1,73.48
7805,7288,664,2025-10-06,73,41.86,0,18.89
7806,4009,6638,2026-04-02,59,32.86,1,46.54
7807,3584,6229,2024-01-21,117,96.73,1,70.7
7808,962,8380,2024-05-10,29,25.83,1,34.4
7809,1137,2104,2023-02-11,74,78.4,1,74.37
7810,7540,9826,2023-03-14,18,75.57,1,71.6
7811,4604,5694,2026-04-23,10,38.3,0,19.49
7812,1410,504,2024-01-24,96,62.1,1,66.6
7813,7311,8448,2025-12-05,79,83.54,0,43.35
7814,7564,2481,2026-03-28,6,30.9,1,31.4
7815,6626,9511,2023-01-09,4,3.43,0,3.77
7816,5328,1573,2025-03-12,63,63.94,1,67.58
7817,8538,9326,2025-08-19,15,27.47,0,14.16
7818,6122,2524,2026-01-20,14,39.09,0,16.15
7819,7648,4405,2023-05-06,39,68.83,0,43.17
7820,4855,9813,2024-12-11,85,56.76,0,25.55
7821,6215,3615,2024-08-18,77,44.4,0,27.92
7822,4688,4989,2025-07-09,84,64.87,1,67.4
7823,6819,6694,2025-11-18,67,53.13,0,27.84
7824,8484,46,2024-07-11,24,63.48,1,57.27
7825,3358,3331,2026-04-13,69,58.3,0,38.48
7826,7639,9988,2025-07-23,29,34.13,0,28.07
7827,7322,3975,2024-04-05,88,56.15,1,62.08
7828,7105,5736,2024-01-25,97,90.07,1,68.98
7829,9134,2633,2022-06-24,32,80.85,1,72.98
7830,5334,3102,2025-12-03,94,84.62,0,41.17
7831,1568,3665,2022-02-14,25,85.45,1,63.82
7832,4250,6485,2026-01-18,51,71.44,1,61.91
7833,6987,9372,2025-07-29,17,16.22,1,27.92
7834,615,1776,2026-06-30,91,78.15,0,52.26
7835,3131,551,2026-06-27,35,76.07,1,58.08
7836,7429,276,2025-10-12,60,35.85,1,46.49
7837,8294,1632,2025-08-23,57,32.31,0,12.14
7838,5022,88,2026-06-05,23,20.37,1,22.42
7839,9052,290,2025-05-03,25,17.11,0,3.47
7840,5634,5137,2024-05-30,63,36.4,0,27.43
7841,2230,6300,2025-07-08,31,43.14,0,18.27
7842,817,9921,2025-12-15,22,21.09,0,17.19
7843,9601,2878,2026-02-26,28,40.7,1,37
7844,2588,7199,2025-11-10,113,80.79,0,45.96
7845,3812,6818,2022-05-04,69,44.26,0,18.88
7846,5056,3440,2026-03-23,42,43.65,1,40.67
7847,6648,879,2020-07-29,4,13.16,0,15.32
7848,2511,1474,2026-06-10,3,5.75,0,1.08
7849,4765,3389,2024-02-09,120,94.53,0,63.11
7850,9956,6197,2025-06-14,50,33.73,0,11.93
7851,2244,455,2024-05-16,109,61.31,0,35.6
7852,5569,5398,2022-02-16,47,66.53,0,42.19
7853,8560,4432,2026-06-07,22,85.34,0,57.96
7854,65,5876,2022-03-26,105,82.95,1,74.05
7855,3547,7974,2026-04-03,83,64.87,0,31.61
7856,6675,1354,2025-05-12,19,28.77,1,27.78
7857,6760,3329,2023-03-04,81,73.21,1,69.86
7858,1267,8102,2023-01-30,99,86.15,1,67.92
7859,518,397,2020-01-19,38,96.39,1,73.88
7860,2507,9445,2026-05-24,73,59.18,1,47.04
7861,9299,2503,2022-12-12,58,67.42,1,59.09
7862,3854,4595,2026-03-05,100,68.3,1,52.49
7863,2983,1331,2023-10-07,79,52.3,0,22.54
7864,1588,9729,2026-01-20,26,42.32,0,16.12
7865,3781,2129,2024-11-28,54,54.09,0,26.23
7866,4363,7685,2025-10-20,129,87.53,0,51.62
7867,9484,4117,2026-05-24,117,75.44,0,54.51
7868,4119,4639,2025-12-06,101,57.25,1,61.36
7869,1964,2428,2020-05-08,13,44.48,1,44.41
7870,3744,9871,2026-03-25,115,96.62,1,73.87
7871,4526,1705,2026-03-30,147,89.54,1,78.53
7872,9835,3821,2025-11-29,46,60.69,1,64.08
7873,611,1505,2022-10-19,53,61.21,0,38.92
7874,5711,8960,2023-03-20,104,86.99,1,62.63
7875,4300,9171,2025-09-07,118,85.43,0,58.79
7876,4253,858,2020-01-30,32,26.38,0,22.08
7877,7336,481,2022-12-13,84,72.04,1,66.97
7878,382,6376,2025-02-21,54,49.97,1,49.29
7879,5262,1571,2023-12-30,42,28.17,1,36.84
7880,2430,2714,2023-02-28,12,20.93,0,17.27
7881,3275,6282,2022-10-14,8,6.86,1,25.6
7882,227,8549,2026-06-30,32,21.43,0,9.96
7883,3276,8724,2023-09-16,32,25.97,1,32.88
7884,688,4962,2025-12-04,62,49.35,0,25.09
7885,4228,4476,2026-02-21,14,8.07,0,14.37
7886,8572,7282,2025-06-21,1,1.73,0,10.08
7887,7981,1642,2022-10-20,98,65.73,1,67.63
7888,4028,8104,2026-05-23,8,8.76,0,5.08
7889,1478,334,2024-08-27,85,62.64,0,46.07
7890,5902,7511,2026-03-29,23,32.97,0,19.58
7891,1506,4389,2025-12-18,62,50.33,1,41.31
7892,3034,180,2024-09-14,87,83.85,1,71.51
7893,7605,1329,2023-03-19,4,4.83,0,3.55
7894,7517,3826,2022-12-13,47,35.28,0,14.96
7895,3969,6948,2024-11-28,52,29.15,1,30.27
7896,2792,2323,2024-10-03,25,14.62,1,24.48
7897,4511,3896,2025-06-02,60,90.69,1,83.08
7898,2671,4538,2020-05-09,4,13.63,0,16.72
7899,8945,6862,2020-08-30,87,76.21,0,47.96
7900,1845,3156,2025-03-14,53,53.93,1,54.9
7901,1799,1510,2025-11-25,49,83.26,1,65.14
7902,8530,8592,2025-12-14,14,32.04,0,15.86
7903,1918,724,2026-04-11,24,91.97,0,48.81
7904,5054,7058,2025-04-02,77,98.29,1,75.8
7905,4744,5878,2024-07-13,15,76.17,0,35.8
7906,4506,1570,2025-12-16,140,84.23,1,71.92
7907,2667,5550,2022-10-05,89,73.52,0,49.41
7908,1558,9982,2025-03-19,23,14.51,1,36.5
7909,9969,8210,2026-01-16,48,59.54,1,50.79
7910,9907,1555,2026-06-26,27,97.03,1,83.91
7911,8630,1992,2026-05-03,94,95.29,1,70.66
7912,2395,5749,2024-10-17,39,33.73,0,27.62
7913,3548,6602,2025-01-05,12,57.21,1,57.57
7914,3536,1650,2022-10-08,30,26.45,0,15.01
7915,842,8661,2023-04-05,82,60.09,0,26.21
7916,5180,2780,2021-10-07,121,77.68,1,57.58
7917,8711,6193,2023-05-14,65,55.98,1,54.86
7918,2476,2744,2022-12-18,65,91.3,1,80.71
7919,4160,6573,2026-06-30,78,64.3,0,35.68
7920,1725,80,2022-02-18,137,96.35,1,87.28
7921,4930,4949,2026-06-15,59,80.69,1,76.86
7922,7461,2109,2024-05-30,30,50.8,1,58.35
7923,615,2282,2023-10-13,31,17.86,0,18.28
7924,3557,1295,2025-09-20,11,12.13,0,0.67
7925,3145,3760,2025-01-11,19,38.43,1,35.77
7926,9291,9332,2024-11-23,130,96.6,1,87.27
7927,9423,2783,2024-01-04,39,40.31,0,25.11
7928,8405,9774,2026-02-22,36,46.82,0,29.21
7929,5292,3065,2026-06-27,4,4.92,0,6.06
7930,2445,6972,2025-06-12,17,22.17,0,3.34
7931,4050,3719,2026-04-27,80,94.11,1,71.66
7932,4327,9566,2024-02-25,107,88.64,1,78.63
7933,1475,1120,2023-02-08,11,27.06,0,6.73
7934,7295,4904,2026-01-11,53,40.44,0,32.41
7935,8223,4096,2022-07-15,8,11.18,1,25.22
7936,5707,8118,2024-05-04,71,81.16,1,68.48
7937,2025,2193,2026-01-18,12,18.99,0,18.14
7938,2275,4951,2026-06-19,33,36.17,1,39.27
7939,6116,6814,2026-05-14,36,27.95,0,24.85
7940,6119,2845,2021-04-05,84,58.53,1,52.8
7941,4488,6890,2024-10-09,56,35.59,0,18.04
7942,3615,8152,2026-05-23,44,97.02,1,74.67
7943,9396,1442,2024-11-13,36,66.75,1,59.03
7944,9806,145,2023-10-12,31,90.81,1,78.82
7945,9262,4133,2024-01-10,21,80.22,0,56.07
7946,6819,7846,2021-09-27,26,96.82,1,77.86
7947,8795,7455,2026-04-14,3,8.79,0,11.77
7948,1552,7245,2025-11-28,44,44.48,0,17.6
7949,7447,6671,2024-02-20,131,73.91,1,61.72
7950,6616,9675,2024-03-20,141,92.35,1,80.6
7951,391,9824,2024-10-27,7,9.97,0,4.59
7952,1495,9513,2021-11-09,32,37.6,0,24.89
7953,6226,4083,2026-04-03,6,21.25,0,19.16
7954,3974,8510,2026-05-24,147,95.78,0,54.72
7955,5467,4272,2024-05-05,19,22.78,1,36.24
7956,6025,5443,2025-08-24,22,29.97,1,35.11
7957,7062,5207,2025-10-13,35,47.63,1,46.23
7958,6841,7462,2026-03-15,97,68.78,1,68.51
7959,9082,3908,2025-10-03,25,34.83,0,18.88
7960,1827,3604,2026-06-08,38,65.72,0,40.91
7961,161,5153,2024-01-21,33,41.78,0,33.74
7962,6915,1628,2023-07-31,9,11.95,0,6.21
7963,9735,2435,2025-07-25,103,86.27,1,69.4
7964,3404,8055,2023-02-14,8,7.06,0,0
7965,1198,6237,2023-01-08,25,35.35,1,41.88
7966,3224,770,2025-05-22,75,88.07,1,67.06
7967,403,8504,2025-11-24,20,17.33,0,20.29
7968,3638,8907,2021-09-19,53,51.53,1,50.47
7969,9481,6287,2023-01-04,70,69.95,0,35.07
7970,4555,1315,2026-04-10,11,22.37,1,42.26
7971,3593,4884,2022-03-06,4,6.78,0,0
7972,119,4456,2022-01-01,62,63.75,1,64.01
7973,4226,4606,2025-06-20,23,24.74,1,37.78
7974,4837,1717,2025-11-29,21,13.07,1,30.71
7975,6505,9902,2024-11-24,48,28.86,0,24.35
7976,7928,9580,2023-01-28,15,65.33,1,62.53
7977,7000,6177,2020-01-01,113,91.3,0,47.89
7978,9215,6007,2025-08-08,17,24.15,1,31.33
7979,2201,7825,2025-07-07,14,11.05,0,11.24
7980,6656,6822,2026-05-28,8,35.47,0,23.04
7981,6832,8870,2025-06-08,49,89.87,1,77.21
7982,9058,7506,2026-05-13,15,75.15,0,49.02
7983,4980,1355,2024-09-19,107,90.93,1,82.84
7984,8401,7370,2020-10-12,54,38.55,1,42.99
7985,4533,6725,2025-12-31,29,54.46,0,25.14
7986,2672,7117,2022-01-05,62,41.68,1,46.54
7987,6581,576,2024-06-02,34,59.61,0,45.18
7988,7179,2530,2024-09-22,90,75.6,1,69.04
7989,117,6006,2024-11-28,99,67.14,1,68.9
7990,5845,851,2022-04-26,64,47.97,1,49.47
7991,8831,5081,2026-06-11,20,92.58,1,69.22
7992,9240,3224,2024-09-01,22,38.82,1,46.88
7993,644,7383,2025-06-04,8,14.44,0,16.62
7994,2823,6466,2020-04-05,48,51,1,44.97
7995,5595,3285,2025-02-05,18,14.93,0,10.44
7996,1524,9043,2024-11-28,45,28.56,1,46.73
7997,2632,986,2024-12-20,12,19.46,0,14.34
7998,8470,83,2026-05-31,61,39.98,0,15.69
7999,8362,8448,2026-04-25,33,94.72,1,69.72
8000,9735,5751,2026-04-11,31,28.48,1,28
8001,985,2373,2025-01-08,14,17.19,0,3.74
8002,3469,7090,2024-07-30,13,17.47,0,5.6
8003,5869,2210,2022-07-29,14,33.29,1,33.43
8004,6204,1416,2024-07-04,12,13.83,1,32.47
8005,2055,829,2026-01-23,98,77.52,1,58.51
8006,591,7356,2023-12-07,6,27.28,0,11.49
8007,6844,9249,2022-12-18,44,31.08,0,12.27
8008,9887,6280,2023-06-19,33,72.5,1,55.89
8009,2600,9248,2026-04-28,22,46.19,1,56.71
8010,2424,9347,2026-05-12,90,62.16,0,33.36
8011,278,6488,2022-07-05,23,76.2,0,39.2
8012,5108,4215,2024-07-31,54,57.36,0,28.94
8013,5500,9014,2021-01-15,6,12.1,1,25.15
8014,444,7284,2024-06-23,2,3.23,0,11.69
8015,2380,3330,2024-02-07,93,75.38,1,55.46
8016,4229,2295,2026-06-05,24,43.54,1,37.85
8017,7086,5482,2026-03-19,43,43,1,53.17
8018,6085,2782,2022-11-15,5,22.12,1,35.08
8019,4575,1696,2026-06-15,76,62.47,0,35.04
8020,4870,3185,2025-08-15,48,33.85,0,10.94
8021,6607,3952,2024-05-25,96,55.77,0,36.59
8022,7576,5220,2025-08-22,26,33.15,1,36.9
8023,5103,9647,2026-06-20,59,61.06,1,60.49
8024,632,9002,2024-07-26,94,62.73,1,55.89
8025,9842,3915,2023-06-07,24,62.46,0,42.69
8026,4688,2661,2023-03-23,171,96.34,1,82.37
8027,939,8094,2024-03-17,169,98.44,1,81.88
8028,1803,5998,2026-02-12,69,54.27,0,39.7
8029,2442,6024,2024-11-21,37,21.86,0,12.01
8030,2585,8994,2024-04-04,63,66.62,1,59.14
8031,5161,4272,2026-06-09,55,51.27,1,46.6
8032,2110,2309,2025-10-17,136,93.86,0,61.62
8033,5908,4337,2025-02-10,57,77.68,1,72.15
8034,9855,7795,2025-04-01,29,28.82,0,10.98
8035,520,7917,2026-03-19,14,38.83,1,42.4
8036,1235,7176,2026-05-04,53,75.94,1,74.01
8037,8400,470,2025-11-27,10,7.84,0,12.93
8038,9416,8757,2026-03-27,53,38.33,0,32.51
8039,2912,7935,2024-12-11,31,67.71,0,45.4
8040,6052,1558,2024-07-24,10,6.44,0,6.04
8041,8382,7957,2026-03-20,22,13.84,1,19.48
8042,5744,256,2025-11-27,9,6.5,0,2.82
8043,3552,4970,2025-07-15,73,96.95,1,70.74
8044,4770,7210,2021-11-08,84,85.34,0,42.45
8045,6384,2939,2026-05-09,5,22.72,1,41.2
8046,9408,3635,2026-04-30,9,8.77,0,0
8047,9927,7464,2025-12-09,14,30.52,1,40.98
8048,8261,2096,2025-04-18,107,76.08,1,69.13
8049,2300,4649,2022-04-13,16,40.28,0,23.95
8050,4519,1420,2026-06-08,161,92.34,1,66.57
8051,8402,7705,2022-03-04,2,3.44,0,0
8052,9208,6254,2025-08-11,42,29.75,0,13.21
8053,3290,7564,2025-11-22,31,96.12,1,81.81
8054,9428,8194,2020-05-14,34,45.54,1,50.49
8055,8488,8521,2023-10-09,37,30.69,0,24.44
8056,3412,7446,2023-05-30,72,41.58,1,52.64
8057,4342,5053,2024-08-19,52,44.83,1,53.54
8058,4832,8603,2026-03-17,90,96.63,1,71.96
8059,7700,9421,2026-03-25,14,50.56,0,34.78
8060,1829,3953,2026-04-24,32,24.75,1,33.12
8061,8290,2828,2022-12-19,63,41.78,0,33.71
8062,9239,5673,2026-01-24,3,6.74,0,12.75
8063,8373,1538,2023-03-28,28,28.88,0,24.39
8064,1265,749,2024-11-13,16,73.11,1,69.76
8065,9404,5667,2025-10-01,79,56.5,1,57.01
8066,3875,9528,2024-08-13,2,1.71,0,0.41
8067,5316,8046,2023-07-03,78,85.52,1,73.91
8068,3815,2147,2026-06-18,49,30.37,0,16.03
8069,6920,9625,2025-12-29,6,7.61,0,0
8070,8494,778,2024-04-25,48,32.91,0,13.76
8071,3294,5568,2024-04-23,30,30.94,0,12.47
8072,9938,1519,2024-05-15,44,35.58,1,45.59
8073,7523,3927,2026-06-28,174,99.98,1,78.43
8074,3013,6414,2024-07-25,7,10.85,0,4.49
8075,6824,2236,2024-02-14,51,68.34,1,69.18
8076,4763,3979,2024-03-24,72,92.54,1,83.92
8077,8400,3678,2026-05-10,32,60.16,0,38.5
8078,3740,6525,2026-04-10,2,3.17,0,0
8079,5278,8582,2025-10-19,40,22.56,1,24.16
8080,4441,6745,2026-05-28,6,16.04,0,4.08
8081,8488,9975,2023-05-27,75,54.89,1,52.79
8082,9981,2869,2025-02-20,21,84.55,1,61.58
8083,3832,3813,2026-01-31,91,69.66,1,63.33
8084,3304,1285,2024-03-22,98,69.16,0,34.58
8085,2908,1344,2026-05-23,108,79.42,1,60.73
8086,5008,4416,2023-02-19,1,1.41,0,0.08
8087,6759,7218,2025-04-29,34,41.73,0,18.65
8088,5002,267,2024-10-12,29,42.18,0,33.57
8089,1677,7465,2025-06-22,113,71.36,1,62.58
8090,8702,6730,2026-06-19,45,59.7,1,53.09
8091,8586,6296,2026-01-31,85,57,1,61.57
8092,5726,7639,2026-04-11,112,74.14,1,64.25
8093,1391,3070,2023-04-06,1,1.82,0,9.84
8094,8568,8842,2025-01-18,66,70.07,1,59.2
8095,2363,8072,2019-10-08,35,23.27,0,22.05
8096,8367,3039,2026-01-07,5,11.55,0,9.02
8097,1103,9843,2025-11-18,16,23.58,0,21.96
8098,8897,4769,2025-08-06,82,85.05,1,65.25
8099,545,8694,2023-03-01,7,4.55,0,8.39
8100,1729,8597,2021-07-31,112,91.41,1,75.75
8101,5924,8388,2022-09-11,69,53.26,0,27.31
8102,675,16,2025-09-22,4,2.49,0,2.42
8103,1221,1612,2025-11-22,90,52.4,1,46.17
8104,3201,2698,2023-04-04,15,29.93,0,21.71
8105,9677,9921,2022-05-20,9,36.08,0,27.2
8106,7296,6715,2025-08-13,125,71.73,1,68.49
8107,8702,8101,2026-05-16,105,72.65,1,63.13
8108,5960,6482,2023-08-29,47,35.72,1,37.5
8109,8695,5225,2024-03-22,51,66.85,0,41.09
8110,446,4295,2022-09-07,35,25.73,1,32.46
8111,1312,875,2023-04-29,17,44.75,1,41.96
8112,2277,2824,2026-06-26,103,61.52,1,48.33
8113,1045,7598,2023-02-10,13,7.23,0,0
8114,3480,7809,2026-06-04,16,10.44,1,17.87
8115,9103,9277,2025-01-26,28,38.18,1,51.54
8116,6716,8901,2026-04-27,14,10.1,0,12.12
8117,6527,3464,2025-11-23,60,56.61,0,26.04
8118,6965,5703,2025-11-20,28,27.94,0,20.55
8119,4196,4642,2026-06-10,59,53.51,0,29.51
8120,2176,6822,2026-05-15,4,2.66,1,12.33
8121,4672,6719,2026-03-10,98,88.81,1,82.9
8122,680,5018,2026-02-20,39,58.76,1,61.52
8123,7382,8394,2025-12-31,1,3.85,1,18.62
8124,217,7957,2024-10-26,14,66.1,1,67.45
8125,3594,5983,2024-05-03,110,61.98,0,33.36
8126,5385,4768,2023-12-05,48,35.05,1,34.92
8127,3520,4438,2026-06-25,96,57.47,0,38.8
8128,6756,6975,2026-04-07,10,38.94,1,43.2
8129,3999,3409,2026-05-15,83,73.77,0,44.28
8130,1168,2725,2026-03-16,48,43.91,1,54.26
8131,5126,4464,2024-05-12,18,14.33,1,32.67
8132,9541,5559,2025-12-06,101,78,1,64.65
8133,7003,4513,2023-01-16,76,78.77,1,67.52
8134,8083,3422,2026-02-04,85,59.98,1,50.78
8135,1921,8629,2026-05-26,127,74.78,1,55.25
8136,9108,2378,2022-11-28,136,90.63,1,79.4
8137,9247,7136,2026-06-22,51,89.2,1,82.02
8138,4164,2597,2026-01-22,3,2.33,0,0
8139,6301,1452,2024-09-05,99,73.66,1,59.27
8140,2602,569,2025-11-13,45,59.52,0,40.71
8141,3252,3355,2026-03-03,73,52.03,0,35.08
8142,9657,6708,2024-07-23,10,6.53,0,2.36
8143,5238,8352,2021-10-18,95,61.04,1,48.7
8144,5696,953,2025-07-28,9,40.9,0,32.93
8145,5796,8795,2022-03-10,47,52.19,1,53.13
8146,7493,7547,2025-08-07,52,29.61,0,24.87
8147,2852,2549,2023-04-26,77,67.45,1,66.69
8148,3829,6769,2026-06-12,59,55.97,1,47.47
8149,6423,217,2023-06-11,3,2.66,1,13.52
8150,5480,8509,2025-02-28,9,6,0,5.49
8151,7342,3699,2026-03-01,146,83.26,1,60.06
8152,6147,3515,2025-01-03,1,1.73,1,14.19
8153,1425,6634,2025-09-08,22,52.5,0,30.18
8154,5460,5108,2022-02-08,2,2.15,0,5.36
8155,5157,8124,2021-03-02,10,15.65,0,0.3
8156,2165,371,2021-12-20,125,94.53,1,82.28
8157,6387,4574,2025-10-22,9,34.3,1,36.1
8158,5753,3214,2021-03-21,150,97.56,1,68.58
8159,9172,1189,2025-03-06,14,29.32,1,32.67
8160,9358,4603,2024-09-16,89,61.24,1,66.29
8161,7036,7188,2023-08-04,32,41.97,1,45.45
8162,6256,8010,2021-10-22,18,29.35,0,12.17
8163,6241,9612,2026-03-08,63,39.4,1,34.01
8164,8050,5536,2025-04-13,36,29.95,0,11.83
8165,9149,4432,2021-10-03,121,80.38,0,56.34
8166,3377,1003,2025-08-08,112,75.86,1,67.65
8167,2545,3982,2026-02-16,109,72.13,0,33.44
8168,5279,3688,2026-04-03,6,6.13,0,0
8169,7361,9124,2025-05-02,85,68.16,1,57.04
8170,2116,9280,2026-05-31,121,97.81,0,51.96
8171,6101,1316,2025-04-02,14,26.56,0,12.08
8172,6674,3900,2025-11-01,14,53.01,1,60.45
8173,4663,1644,2021-07-11,105,68.37,0,32.94
8174,1867,253,2022-08-20,140,78.87,1,69.29
8175,3083,7325,2021-12-30,13,7.47,0,0
8176,4356,207,2026-06-14,160,92.58,1,78.36
8177,310,860,2024-09-28,15,34.87,1,35.79
8178,3618,5507,2024-08-08,11,6.16,0,5.97
8179,1729,6108,2020-07-17,51,39.66,1,46.13
8180,8326,6302,2026-04-25,31,30.65,0,10.8
8181,4194,4688,2026-06-29,2,3.52,0,0
8182,3213,5174,2024-06-12,6,18.14,0,14.19
8183,5803,3283,2025-10-21,9,7.78,1,30.59
8184,1541,6722,2024-02-20,81,47.39,0,21.67
8185,3622,7732,2024-02-16,31,27.72,0,12.1
8186,6579,1663,2022-07-24,34,27.18,1,32.49
8187,5678,2125,2025-10-17,5,13.57,1,28.15
8188,572,4576,2025-11-04,54,41.83,0,28.49
8189,6203,160,2021-09-14,63,64.82,1,55.34
8190,5456,1212,2026-06-29,36,76.14,1,72.3
8191,797,4681,2024-09-22,50,76.19,0,44.66
8192,7708,4347,2023-09-27,16,16.13,1,32.03
8193,7868,6273,2023-05-16,5,9.35,1,19.99
8194,5676,8672,2025-10-15,25,15.59,0,12.21
8195,9808,7094,2026-02-17,123,85.36,1,68.54
8196,3985,2840,2024-05-08,79,56.08,1,43.97
8197,8041,631,2023-08-07,2,6.09,0,0
8198,5964,10,2026-01-26,56,74.33,1,60.56
8199,6147,3500,2024-11-17,49,67.52,1,56.8
8200,9212,7471,2026-06-03,61,51.49,1,59.59
8201,4585,6020,2025-08-20,74,96.07,1,69.72
8202,8620,7014,2026-01-19,67,72.53,1,71.07
8203,4697,3496,2024-06-27,9,15.7,1,25.93
8204,8113,4822,2025-01-12,3,6.57,0,3.92
8205,3831,6982,2025-07-04,36,84.06,0,54.83
8206,4559,1133,2022-07-22,148,83.32,1,76.72
8207,6533,2229,2024-01-24,85,66.31,1,63.05
8208,612,9732,2025-04-23,13,14.71,0,4.32
8209,2037,5447,2026-03-06,112,99,0,69.02
8210,1488,9162,2024-02-29,75,78.18,1,64.14
8211,5677,259,2026-06-10,18,43.32,1,37.8
8212,1059,1615,2024-10-22,13,19.69,0,5.03
8213,5358,477,2025-03-28,59,61.72,1,51.25
8214,5377,9034,2026-06-04,109,63.78,0,34.09
8215,8716,2123,2026-05-14,71,40.31,1,48.82
8216,2786,8376,2026-03-03,26,58.84,0,27.89
8217,5503,8016,2025-12-31,2,3.07,0,0
8218,483,6634,2024-02-16,107,78.93,0,47.25
8219,506,6301,2024-08-08,28,23.69,1,43.15
8220,4379,6899,2024-08-01,38,23.62,1,27.87
8221,736,9188,2024-09-21,111,68.68,1,68.8
8222,5416,4564,2021-07-06,48,29.37,0,11.64
8223,3485,5368,2025-09-18,12,43.57,1,44.6
8224,8938,9972,2025-01-11,35,47.59,0,25.09
8225,1063,6814,2025-06-03,64,53.64,1,58.96
8226,6813,6989,2024-10-29,7,4.52,0,0.99
8227,6710,4544,2025-11-12,137,80.06,1,75.16
8228,9277,3301,2026-04-06,44,40.75,0,22.73
8229,1230,329,2026-06-20,39,59.17,0,36.06
8230,4945,3189,2026-03-10,31,38.86,0,27.99
8231,3395,4679,2025-09-21,2,2.28,0,7.18
8232,2370,2530,2022-05-19,79,54.95,1,46.55
8233,7916,7440,2024-06-14,30,21.11,0,6.01
8234,5702,5277,2023-01-25,81,45.62,1,48.56
8235,1576,1022,2026-01-20,3,5.64,0,3.08
8236,5314,2879,2026-05-20,52,67.86,0,36.46
8237,6193,2268,2023-03-29,80,82.41,0,40.88
8238,3844,2792,2026-05-19,78,66.16,1,51.96
8239,4244,8907,2026-02-19,19,14.52,0,0.29
8240,1145,9721,2021-09-22,17,22.41,0,16.9
8241,2275,4480,2025-07-06,18,28.56,0,16.64
8242,7629,669,2025-10-08,8,6.1,0,5.94
8243,3349,7202,2026-01-09,107,73.8,1,57.17
8244,2574,4688,2024-05-23,102,65.98,1,51.5
8245,2082,9157,2026-03-08,45,37.53,1,42.67
8246,3033,9193,2019-05-21,120,98.1,1,70.32
8247,402,8507,2025-04-08,43,46.12,1,54.42
8248,4576,5560,2025-10-19,105,67.52,1,69.73
8249,6022,7549,2025-10-25,1,1.07,1,25.49
8250,9466,1313,2026-06-25,24,88.02,1,79.24
8251,4977,2749,2026-04-26,117,92.68,1,71.71
8252,9014,749,2021-06-26,120,99.7,0,61.69
8253,3181,7578,2022-08-26,12,17.26,1,35.92
8254,844,2876,2022-06-15,47,73.04,0,49.61
8255,1738,6776,2026-06-25,18,42.84,0,32.15
8256,3589,1933,2021-12-02,13,16.96,1,36.89
8257,2870,4613,2022-10-16,65,81.11,1,71.93
8258,7129,6876,2026-06-28,47,49.37,0,33.65
8259,2958,6293,2026-06-01,44,97.77,1,73.55
8260,3953,3450,2023-07-04,79,88.65,1,83.05
8261,6683,7956,2025-09-04,20,27.75,0,24.48
8262,1794,4938,2026-03-09,26,57.23,1,56.09
8263,6048,6470,2025-07-12,89,60.63,1,59.7
8264,3971,312,2020-10-31,150,90.61,1,77.6
8265,6234,947,2026-06-30,80,63.82,1,48.48
8266,1294,419,2025-02-26,16,40.82,1,47.59
8267,7406,8715,2025-06-14,51,86.66,0,52.52
8268,4314,3057,2026-03-21,100,61.58,0,39.43
8269,2718,7324,2020-08-17,56,66.66,1,63.4
8270,1501,8795,2022-09-09,43,80.73,1,66.89
8271,1516,8747,2026-03-23,111,71.36,1,60.36
8272,3196,7407,2026-01-27,23,15.69,0,6
8273,5673,769,2020-09-04,40,33.81,0,10.64
8274,2175,7249,2026-03-07,113,77.74,0,55.17
8275,8985,3207,2026-06-04,77,88.45,0,51.54
8276,2235,5989,2022-11-22,5,6.55,0,0
8277,3140,737,2022-08-10,18,10.47,1,22.79
8278,9964,4284,2023-04-16,25,24.27,0,4.83
8279,5996,5155,2026-06-14,23,23.48,1,24.2
8280,5960,2695,2023-04-17,2,1.22,0,0
8281,2982,3462,2025-05-04,29,98.41,0,65.29
8282,3115,533,2023-11-28,8,13.02,1,30.92
8283,8743,1287,2024-07-28,2,2.07,0,8.18
8284,6184,4876,2022-10-07,46,28.98,1,29.82
8285,5941,8837,2025-05-26,29,51.85,0,32.09
8286,7770,564,2024-10-26,108,71.14,1,55.66
8287,5181,4372,2022-08-24,82,56.66,0,38.12
8288,7920,6217,2025-09-21,100,69.66,1,65.61
8289,6661,1610,2024-10-01,30,34.78,0,12.77
8290,1618,1097,2025-09-05,4,11.88,1,20.69
8291,5427,210,2026-06-13,37,61.19,1,49.74
8292,4061,7397,2026-03-01,39,30.35,1,40.48
8293,6580,8757,2023-10-12,8,5.21,0,4.15
8294,7330,429,2026-06-05,64,93.14,1,82.8
8295,8148,1586,2026-06-04,99,64.2,1,59.85
8296,1469,787,2024-06-24,128,95.18,1,72.26
8297,4111,8464,2025-11-07,44,72.62,1,59.85
8298,2795,3732,2022-10-10,48,70.95,1,54.03
8299,8996,450,2026-05-31,120,80.93,1,64.26
8300,1098,5251,2021-09-25,2,3.65,1,14.67
8301,2358,8917,2025-08-19,10,40.71,1,50.48
8302,2638,442,2026-05-27,8,28.1,0,10.6
8303,6684,9790,2025-08-08,4,11.53,0,0
8304,881,7757,2025-01-14,26,21.07,0,13.64
8305,6753,6614,2023-08-31,5,12.16,0,0.44
8306,9201,100,2022-09-21,14,36.34,0,26.59
8307,5191,2309,2020-08-30,125,71.98,0,41.07
8308,3701,3341,2023-11-07,17,36.04,1,49.77
8309,3261,6481,2025-01-19,133,78.81,0,45.81
8310,5465,2990,2025-08-17,78,64.96,1,49.76
8311,3143,7307,2025-09-22,50,77.5,1,56.72
8312,3286,9525,2021-10-15,130,85.59,1,80.94
8313,7402,9574,2026-05-06,10,7.34,0,1.12
8314,6943,2665,2026-06-23,3,1.75,0,0
8315,2834,8702,2026-06-25,3,4,0,3.04
8316,6228,9325,2023-01-11,90,55.08,0,39.75
8317,445,9212,2025-02-20,61,71.41,0,49.22
8318,5364,2478,2023-12-23,9,20.34,1,27.36
8319,8254,870,2025-09-17,23,98.63,1,72.24
8320,8375,6187,2023-12-15,32,24.87,0,5.44
8321,8674,4319,2026-06-23,173,96.28,1,69.06
8322,4459,2006,2026-05-06,7,17.93,0,7.5
8323,6853,9324,2026-01-28,47,99.23,1,75.66
8324,9093,2529,2025-01-29,67,62.4,0,32.06
8325,5229,8916,2025-04-03,110,61.23,1,49.16
8326,2262,8777,2026-04-19,32,28.28,0,10.7
8327,8422,6500,2026-02-27,139,83.34,1,78.43
8328,3201,4629,2025-03-06,136,84.99,1,72.61
8329,105,6689,2023-06-02,21,64.46,0,28.71
8330,5721,113,2025-03-31,18,80.24,1,64.51
8331,6598,2494,2025-04-03,16,10.86,0,13.57
8332,6239,6520,2023-04-23,49,55.99,1,46.71
8333,1021,4775,2019-12-19,36,40.21,0,23.79
8334,9596,1739,2025-12-19,10,5.94,0,0
8335,6454,3748,2022-05-04,67,43.42,0,26.81
8336,8804,6292,2025-05-10,43,32.58,1,44.07
8337,6186,2359,2024-09-28,124,78.72,1,71.24
8338,2428,1694,2024-06-08,38,65.23,1,58.84
8339,7293,5496,2026-04-23,26,15.99,1,24.05
8340,9131,8882,2025-05-25,59,56.71,0,34.37
8341,9156,2106,2025-12-17,19,16.25,0,17.25
8342,2144,3080,2024-06-22,21,98.74,1,88
8343,618,8617,2026-04-15,33,94.4,1,77.53
8344,3736,6585,2026-01-28,133,74.25,1,70.92
8345,1931,262,2025-09-11,99,85.82,0,51.72
8346,563,3680,2025-11-21,38,85.56,1,75
8347,4807,7366,2025-10-27,105,74.02,1,69.4
8348,2743,6840,2025-01-17,5,6.06,0,8.13
8349,7004,2350,2021-07-08,158,96.1,0,52.5
8350,1459,2974,2025-07-13,159,93.15,1,76.71
8351,5840,1356,2025-02-24,28,16.03,0,6.27
8352,7525,4614,2025-06-18,33,56.74,1,53.02
8353,509,3786,2024-01-09,47,31.86,1,37.25
8354,7761,9370,2024-02-05,19,89.67,1,64.71
8355,9994,4397,2023-11-28,24,16.01,0,0.58
8356,7850,8591,2022-04-15,109,97.53,1,86.77
8357,7007,4645,2026-02-15,18,43.54,0,22.6
8358,2154,5354,2025-08-19,98,76.73,0,38.29
8359,7643,7205,2025-12-05,59,69.03,1,58.96
8360,1620,7125,2021-01-31,33,23.99,0,5.87
8361,7586,2746,2026-02-07,10,20.73,0,11.36
8362,3395,1332,2026-01-19,8,7.6,0,0
8363,8525,9748,2024-06-22,33,28.09,0,24.38
8364,7703,219,2026-05-09,62,73.24,1,72.87
8365,8873,4951,2023-02-04,41,47.66,0,27.78
8366,5757,3563,2026-06-20,50,86.71,1,75.21
8367,4622,5719,2024-11-16,36,56.52,0,31.77
8368,754,5688,2026-06-12,44,37.5,0,24.24
8369,8933,6141,2026-06-05,77,78.12,1,75.62
8370,5557,4744,2023-03-17,18,38.76,0,15.95
8371,1479,6498,2025-05-07,73,84.34,1,79.76
8372,1076,9859,2023-07-19,29,72.75,1,60.51
8373,9261,1963,2024-12-11,60,47.18,1,50.07
8374,1414,7716,2020-03-27,53,53.58,0,27.4
8375,8534,240,2025-12-06,14,26.76,0,25.61
8376,7405,9280,2026-06-01,93,57.09,0,36.22
8377,9321,4680,2025-11-18,47,40.94,0,30.7
8378,987,8436,2025-07-21,93,55.2,0,31.69
8379,6482,8425,2026-06-19,73,69.39,1,56.51
8380,1400,1371,2025-06-14,20,42.32,0,27.23
8381,7565,1053,2021-09-22,135,85.7,1,79.83
8382,8899,6632,2025-12-12,1,2.06,0,1.84
8383,4415,8681,2025-08-25,154,99.5,1,82.74
8384,5500,8161,2021-05-27,3,2.43,0,0
8385,5188,2719,2023-01-21,29,20.55,1,42.17
8386,8560,1621,2026-05-28,73,73.58,1,67.69
8387,4659,5724,2025-06-26,40,48.66,0,33.11
8388,9658,4935,2021-09-19,6,5.39,0,0
8389,1146,3970,2026-03-31,23,16,0,7.24
8390,2737,477,2025-06-09,19,71.58,1,71.98
8391,8044,5799,2026-04-12,72,60.61,1,49.9
8392,6930,8867,2025-11-25,12,17.24,0,8.71
8393,2032,5515,2025-03-20,29,95.34,1,77.45
8394,932,814,2026-05-05,139,97.16,1,77.18
8395,4617,8735,2022-04-02,35,50.34,0,38.48
8396,5056,7437,2026-06-19,23,23.81,1,28.42
8397,7261,9971,2026-03-16,5,14.28,1,34.3
8398,3308,460,2025-02-05,6,21.69,0,4.78
8399,127,8363,2025-04-05,16,20.79,1,31.49
8400,9604,7898,2026-06-29,74,52.52,0,33.23
8401,5012,6896,2024-04-20,99,98.85,1,77.74
8402,2525,884,2025-12-13,28,34.56,0,21.7
8403,6776,9696,2026-02-04,18,70.32,1,56.41
8404,7336,6522,2024-10-20,18,12.04,0,10.79
8405,4650,6785,2024-08-10,118,75.71,0,49.95
8406,9071,3216,2023-09-05,31,73.49,1,64.88
8407,4784,4634,2024-10-11,42,63.35,0,47.57
8408,3339,131,2023-12-13,99,90.07,1,79.02
8409,2958,5118,2023-06-14,12,17,1,27.96
8410,5825,4003,2024-05-06,5,3.95,0,8.62
8411,7587,6006,2026-04-22,21,15.35,1,33.74
8412,352,4671,2025-12-17,33,19.89,0,14.26
8413,8553,9296,2025-10-26,140,84.17,1,67.17
8414,1105,852,2020-07-23,1,2.06,0,0
8415,4830,6022,2026-02-16,82,54.07,0,40.29
8416,1944,9076,2026-03-29,28,31.29,0,27.66
8417,7589,271,2026-03-25,60,64.24,0,40.97
8418,9180,7893,2024-11-23,138,83.31,1,65.81
8419,633,3299,2021-07-26,55,38.03,1,36.33
8420,3159,4248,2025-11-14,88,64.33,1,63.26
8421,2358,3286,2023-06-12,23,59.71,1,63.94
8422,7193,1992,2026-02-01,37,72.35,0,47.15
8423,1875,6679,2023-08-04,31,93.24,1,73.44
8424,2350,1011,2024-04-21,29,18.93,1,31.09
8425,5050,3825,2022-09-27,58,59.31,1,54.79
8426,316,3006,2023-12-30,11,11.07,0,3.73
8427,4755,8883,2025-04-23,52,58.25,1,63.5
8428,5757,92,2026-06-18,6,17.56,0,9.3
8429,9033,894,2022-06-15,33,25.5,0,6.22
8430,9883,1077,2024-12-07,41,70.82,1,71.45
8431,2794,8032,2025-11-16,5,11.01,1,34.33
8432,6894,7825,2025-09-16,6,21.61,0,4.48
8433,6953,6226,2026-05-03,111,75.9,1,69.06
8434,4135,7300,2023-07-10,21,76.16,1,63.93
8435,2715,6353,2025-08-14,90,56.21,0,38.28
8436,9480,1442,2026-05-29,61,69.85,0,38.76
8437,9161,9743,2022-01-23,129,77.53,0,56.22
8438,5032,9190,2021-06-02,66,88.37,1,67.67
8439,7786,7412,2026-03-28,147,99.85,1,72.36
8440,1453,7145,2026-03-16,10,35.72,1,35.34
8441,1749,6950,2026-04-08,10,30.67,0,11.67
8442,6595,108,2023-12-21,31,99.66,1,84.58
8443,1314,2350,2025-10-16,94,76.08,1,75.59
8444,2715,1738,2026-04-15,5,3.57,0,7.06
8445,5646,4052,2026-05-20,42,29.69,0,18.01
8446,30,3084,2026-05-18,38,24.87,0,21.67
8447,5104,3662,2025-03-24,22,36.61,0,12.7
8448,4621,4614,2025-03-06,65,49.91,1,54
8449,3063,9720,2025-02-06,2,4.58,0,12.27
8450,263,8221,2023-10-25,66,78.46,0,51.35
8451,1344,2592,2023-11-14,53,70.62,1,67.6
8452,6941,7460,2025-07-06,25,47.01,0,24.84
8453,9059,7522,2024-03-18,80,79.1,0,44.01
8454,7816,2859,2025-11-09,66,65.69,0,32.64
8455,6486,7432,2025-07-22,26,99.62,1,79.05
8456,8870,6203,2022-09-24,61,48.71,1,58.2
8457,6979,102,2022-10-30,34,21.07,1,22.88
8458,7362,1224,2025-05-04,18,26.23,0,16.74
8459,9444,1956,2025-12-13,18,18.82,0,2.23
8460,2015,956,2026-05-05,42,46.75,1,39.7
8461,1984,6825,2026-06-22,122,96.64,0,61.81
8462,5541,4923,2024-01-29,8,13.79,0,5.54
8463,2208,2962,2026-06-09,41,46.89,0,25.58
8464,947,4195,2026-06-05,35,35.83,1,32.1
8465,5009,1556,2026-02-13,129,92.4,1,81.58
8466,8399,296,2024-10-30,10,6.09,0,12.36
8467,2282,4549,2026-05-18,107,78.36,0,40.85
8468,4357,3346,2024-04-16,56,42.2,1,48.67
8469,7963,6728,2023-01-08,44,53.5,1,60.65
8470,3257,4726,2026-06-19,57,39.62,1,39.87
8471,2234,6014,2026-06-16,37,22.42,1,43.32
8472,9679,7508,2025-12-25,9,10.27,1,19.34
8473,6903,9926,2024-07-09,2,4.65,0,11.64
8474,2195,2369,2023-12-11,99,84.49,1,65.37
8475,9302,1008,2020-09-21,39,25.01,1,35.78
8476,2166,5765,2024-07-09,102,84.01,1,76.06
8477,6314,3699,2026-03-16,2,6.28,0,5.87
8478,34,6807,2023-06-01,46,39.57,1,34.32
8479,1065,4145,2026-03-16,8,19.18,0,8.36
8480,92,1260,2023-04-20,15,15.11,1,30.45
8481,2955,7365,2024-05-09,13,13.26,0,2.41
8482,2151,2718,2025-08-12,44,67.84,0,43.61
8483,8199,5040,2026-03-06,25,25.53,0,24.95
8484,5437,1560,2025-03-09,83,56.78,1,61.14
8485,6916,1052,2020-11-30,163,93.81,1,71.9
8486,7816,4584,2025-12-13,139,89.23,1,71.24
8487,5776,153,2024-01-05,42,49.48,1,51.02
8488,6573,7847,2020-05-03,29,94.13,1,68.04
8489,4677,9692,2022-04-27,69,89.2,1,65.74
8490,4641,7655,2023-05-29,69,67.22,0,45.55
8491,6173,5237,2025-12-24,28,20.12,0,16.43
8492,8269,4061,2025-10-16,164,91.22,1,75.6
8493,9418,4427,2026-05-09,45,35.87,0,24.32
8494,7554,4645,2025-03-13,45,99.38,1,70.99
8495,7448,16,2020-10-27,83,58.97,1,63.32
8496,9381,8089,2024-07-31,58,69.17,1,64.69
8497,390,9925,2024-02-10,38,30.58,0,23.47
8498,2158,7636,2025-05-27,55,32.27,0,21.19
8499,6191,2413,2026-01-03,47,38.74,0,27.52
8500,3327,7167,2021-11-01,29,64.88,1,53.73
8501,8561,3556,2023-03-21,72,41.81,1,36.46
8502,9706,1811,2019-08-16,10,26.84,0,18.83
8503,9731,9886,2020-12-01,1,1.54,0,0
8504,7183,4240,2026-03-06,14,14.66,0,3.27
8505,9340,8895,2023-05-28,3,2.81,1,18.06
8506,3168,6524,2023-11-17,38,49.14,1,53.86
8507,8538,6601,2025-08-15,79,71.85,1,71.82
8508,2777,3838,2024-10-31,42,47.36,0,22.55
8509,4672,1441,2020-06-26,15,11.64,0,14.12
8510,920,5057,2026-06-12,10,10.33,0,9.85
8511,3031,7142,2021-01-19,4,4.19,0,1.86
8512,8776,2765,2026-02-02,22,23.79,1,32.3
8513,9184,6100,2025-07-06,114,78.99,1,61.65
8514,5079,5168,2026-06-22,50,86.22,0,50.87
8515,6331,8817,2026-01-28,3,1.89,0,0
8516,3345,8089,2019-09-15,113,99.19,1,69.99
8517,2614,2094,2026-04-09,25,80.24,1,75.33
8518,4298,9354,2025-02-11,58,92.38,1,76.09
8519,4296,1476,2026-04-06,13,20.2,0,15.88
8520,9107,4289,2023-09-01,109,84.33,0,41.35
8521,5265,3624,2025-07-07,72,73.12,1,56.38
8522,1505,4386,2026-03-23,93,60.75,1,48.01
8523,754,6959,2026-06-24,70,57.7,0,25.69
8524,9237,1857,2025-08-19,51,52.46,1,44.49
8525,7369,6152,2023-09-22,16,23.29,0,14.05
8526,9384,6833,2023-01-02,54,46.53,1,47.75
8527,5779,6169,2023-05-08,78,53.78,1,51.13
8528,1940,4465,2026-06-19,85,75.36,1,59.48
8529,2904,6160,2026-05-07,20,12.91,0,15.36
8530,4806,5508,2026-03-03,148,92.5,1,66.35
8531,3201,7592,2025-01-10,149,86.03,0,55.59
8532,6608,8472,2025-05-31,73,49.91,0,27.88
8533,618,6244,2026-06-06,32,33.65,0,26.83
8534,425,9317,2023-12-10,37,64.54,0,40.84
8535,9504,8010,2022-12-16,18,55.79,1,43.9
8536,4971,3178,2020-03-25,37,41.01,1,49.22
8537,641,398,2024-11-24,9,7.55,0,10.09
8538,5888,7734,2025-07-30,76,48.63,0,31.02
8539,5803,9968,2024-09-21,77,42.77,0,27.4
8540,4146,7802,2025-05-07,103,63.17,1,57.06
8541,5241,2165,2025-07-15,3,2.3,0,7.57
8542,3808,6789,2025-02-16,45,30.86,1,41.26
8543,1968,2263,2024-10-25,138,82.7,1,66.52
8544,7182,6366,2025-03-10,34,46.39,1,53.06
8545,2553,5196,2026-04-10,27,70.19,1,70.91
8546,4470,4447,2025-05-27,10,8.6,0,12.41
8547,3380,8790,2019-05-28,12,30.18,0,23.35
8548,2854,4645,2025-09-10,21,43.67,0,16.21
8549,3403,700,2026-04-14,113,97.1,1,77.43
8550,5633,6604,2026-04-09,29,39.14,1,49.07
8551,6859,6853,2023-09-07,60,36.88,0,28.16
8552,1107,9708,2026-04-11,43,63.68,1,62.15
8553,2675,1694,2024-07-09,16,10.52,0,15.8
8554,4177,3904,2025-11-03,44,46.58,1,42.97
8555,7050,9028,2024-05-03,17,52.95,0,22.66
8556,2334,6731,2026-05-16,20,36.26,0,16.28
8557,6783,2404,2026-05-08,119,66.64,1,69.8
8558,3464,5150,2026-04-03,120,87.01,1,77.01
8559,8166,9954,2025-08-07,38,90.65,1,78.04
8560,6716,1412,2026-05-27,112,81.8,1,61.18
8561,5661,5185,2023-08-28,76,50.81,0,25.98
8562,3907,5733,2025-09-01,4,2.29,1,23.11
8563,6090,9547,2022-03-23,71,48.94,1,49.12
8564,1642,200,2024-01-06,10,20.29,0,13.18
8565,4378,4507,2026-06-30,65,97.77,1,88.26
8566,5463,3037,2025-11-21,48,42.12,1,52.39
8567,554,4443,2026-06-22,28,17.33,0,6.13
8568,882,9659,2026-06-09,40,25.19,1,30.42
8569,5611,491,2021-06-30,102,58.35,1,46.39
8570,90,5055,2022-09-06,28,50.72,0,38.53
8571,2980,5090,2022-03-08,60,96.66,1,77.63
8572,3680,9148,2026-01-01,34,28.46,0,12.82
8573,7678,5176,2025-05-12,2,4.28,0,5.27
8574,9941,8888,2026-01-06,143,97.08,0,66.77
8575,694,819,2024-04-20,79,66.66,0,48.87
8576,616,3583,2026-05-02,34,96.19,1,86.39
8577,6256,7027,2024-02-05,74,72.73,0,46.76
8578,5501,8365,2026-03-10,26,18.43,0,14.48
8579,9828,6711,2025-02-09,34,25.49,1,30.34
8580,3856,8148,2020-09-10,87,63.92,1,50.89
8581,2484,1236,2026-01-21,62,65.42,0,43.66
8582,1522,7079,2025-02-22,1,2.18,0,0.08
8583,4516,9482,2025-11-06,55,57.97,1,60.1
8584,8221,1808,2026-06-26,90,85.93,0,61.01
8585,1681,8700,2025-01-09,44,84.24,1,79.89
8586,6005,9992,2024-10-07,8,17.83,0,13.79
8587,2478,8979,2026-01-10,34,19.21,0,20.3
8588,6684,5492,2024-06-11,24,31.89,1,45.45
8589,8672,9133,2023-08-06,65,71.55,1,62.09
8590,2257,250,2026-01-18,78,55.81,1,45.37
8591,3825,6144,2024-04-02,6,8.12,0,0
8592,6555,9681,2025-04-16,53,72.51,1,57.89
8593,4060,3996,2024-04-12,43,38.53,1,36.33
8594,6218,5687,2025-12-01,13,8.93,0,12.23
8595,9885,7516,2024-04-24,87,73.39,0,41.05
8596,9306,7052,2026-02-13,20,96.68,1,78.66
8597,4284,542,2024-02-09,35,22.35,1,43.06
8598,9162,90,2026-02-16,8,17.33,1,26.33
8599,8886,1417,2022-04-10,87,53.6,0,29.39
8600,4753,5681,2025-12-07,15,35.75,1,46.86
8601,4519,8640,2026-03-29,4,9.36,1,19.9
8602,879,4184,2026-04-11,48,63.25,0,41.99
8603,5409,4688,2025-11-06,12,41.59,0,20.79
8604,3210,4335,2024-09-16,24,18.34,1,31.6
8605,9766,8919,2022-07-12,151,88.84,1,70.01
8606,8110,22,2025-08-06,77,47.42,0,37.21
8607,3179,5877,2025-11-25,164,91.68,0,49.38
8608,5466,1010,2024-04-06,55,71.85,1,59.11
8609,7156,6391,2025-05-18,79,77.52,0,42.63
8610,6291,5663,2024-01-27,75,73.07,1,62.57
8611,3688,9338,2020-01-29,46,49.14,1,58.09
8612,5413,9747,2025-04-27,31,54.67,1,54.4
8613,5178,4191,2026-05-21,7,3.93,0,1.7
8614,3220,533,2023-07-14,76,45.72,0,32.1
8615,1680,6238,2021-08-13,20,31.62,0,26.02
8616,3869,3128,2024-10-08,80,75.09,0,53.84
8617,6910,2144,2026-04-17,21,98.28,1,76.78
8618,4554,1012,2025-08-07,78,43.82,0,25.07
8619,5367,5126,2025-05-31,97,64.81,1,56.12
8620,6375,9990,2026-02-05,20,22.97,1,35.45
8621,131,9486,2025-12-14,10,9.71,1,33.27
8622,2220,4520,2026-02-19,14,8.43,0,0
8623,1469,2539,2024-02-29,36,48.91,0,24.15
8624,9256,4361,2025-01-05,9,24.72,1,25.68
8625,3010,9777,2025-05-21,56,48.31,1,57.13
8626,8719,1779,2026-03-04,110,97.12,1,84.89
8627,3646,7608,2025-07-16,8,22.71,1,26.74
8628,8265,4584,2026-03-17,11,30.61,1,43.84
8629,2410,4911,2026-01-02,8,34.6,0,18.86
8630,2229,8206,2025-09-01,32,27.42,0,25.75
8631,6031,1786,2025-12-21,33,33.43,0,10.16
8632,1121,6971,2021-10-23,22,30.11,1,28.89
8633,5413,433,2025-10-28,40,36.24,1,34.12
8634,7880,9311,2025-02-28,123,85.95,1,63.28
8635,2232,7659,2026-05-27,130,98.37,1,72.41
8636,3002,6038,2022-09-28,10,8.71,0,0
8637,9288,5102,2026-05-28,28,20.78,1,28.18
8638,4568,3672,2019-03-22,71,56.7,0,25.83
8639,8123,8934,2021-07-15,91,89.25,1,81.74
8640,4069,5177,2025-06-17,119,76.32,1,56.03
8641,8462,2219,2026-04-05,84,85.32,0,60.84
8642,5985,9416,2025-12-27,62,56.77,1,45.97
8643,9061,221,2025-08-02,62,64.09,0,31.08
8644,7437,5358,2021-03-22,97,74.1,1,63.95
8645,1278,2983,2025-07-01,95,85.37,0,57.76
8646,3196,1289,2020-06-20,21,11.64,0,11.63
8647,1980,6018,2024-02-20,132,79.99,1,58.18
8648,7067,9922,2023-09-11,71,86.77,1,62.35
8649,4699,2154,2025-11-30,55,51.57,0,38.13
8650,5088,1696,2025-09-30,153,89.57,1,65.27
8651,7309,8784,2025-05-17,32,91.95,1,73.02
8652,4034,5342,2026-04-19,38,44.32,0,35.69
8653,8250,7722,2019-02-01,32,30.35,0,9.81
8654,4794,2979,2025-09-15,52,48.14,1,49.95
8655,9531,8852,2026-02-24,77,47.6,1,48.31
8656,5506,3500,2021-02-09,112,78.94,1,65.77
8657,2238,6580,2024-02-08,8,9.61,0,0
8658,11,3680,2025-01-02,60,89.95,0,61.85
8659,2482,2269,2025-04-08,94,70.33,1,67.82
8660,4385,8138,2023-05-01,7,34.31,1,31.19
8661,9350,3757,2021-01-07,15,24.02,1,29.82
8662,953,5258,2020-11-23,97,94.32,0,59.49
8663,5882,4244,2026-05-22,37,57.13,1,60.16
8664,1069,2504,2026-01-14,69,46.31,1,43.55
8665,3240,4678,2025-06-06,115,94.1,1,68.64
8666,3285,9481,2025-11-20,26,41.28,0,22.9
8667,8904,2780,2025-07-10,137,91.56,1,79.07
8668,8026,19,2025-08-24,119,82.58,0,41.16
8669,4869,4578,2020-06-12,1,1.44,1,20.71
8670,610,3715,2022-02-17,95,86.39,1,62.66
8671,2302,4537,2025-02-04,55,48.31,0,36.1
8672,7047,3630,2024-10-06,24,67.18,0,46.98
8673,933,2188,2024-11-03,36,52.31,1,54.14
8674,3852,2162,2022-10-02,31,48.08,0,27.81
8675,2968,6889,2022-04-16,26,89.48,1,73.1
8676,1152,8977,2025-05-21,12,44.28,0,26.24
8677,9732,8214,2023-09-14,18,13.03,0,1.88
8678,615,872,2024-05-27,29,62.14,1,64.79
8679,3638,4074,2021-07-03,134,87.47,1,77.21
8680,5675,9700,2020-07-02,125,99.54,1,78.09
8681,7675,6938,2022-07-02,73,91.57,1,69.65
8682,6021,8995,2023-09-29,1,2.85,0,0
8683,7209,381,2026-06-03,104,93.8,0,64.9
8684,790,1234,2025-06-29,90,67.97,0,45.3
8685,5398,2579,2025-11-04,116,73.2,1,68.45
8686,1955,1360,2025-06-19,33,99.18,1,82.6
8687,572,1794,2020-06-16,4,12.2,1,22.06
8688,678,8944,2023-03-21,44,83.71,0,41.35
8689,6335,7704,2024-12-12,7,9.94,0,1.55
8690,6153,33,2022-02-18,88,54.21,1,61.43
8691,9095,3815,2024-07-03,47,75.13,0,54.41
8692,3631,6532,2021-11-26,103,97.7,1,88.28
8693,3537,186,2024-10-20,27,92.67,1,83.03
8694,1724,5782,2025-06-10,110,66.69,1,52.24
8695,6624,4835,2024-08-22,1,3.01,1,14.42
8696,5899,548,2025-08-05,48,54.72,1,49.62
8697,9676,5013,2023-04-13,3,2.18,0,6.31
8698,7689,5258,2025-03-25,79,83.59,1,75.38
8699,538,1596,2026-05-28,2,1.49,0,0
8700,2718,2159,2026-06-21,60,40.85,0,29.88
8701,7004,9154,2026-04-27,98,68.76,1,66.2
8702,5049,4144,2026-01-30,121,71.79,1,67.14
8703,2967,2389,2024-06-07,14,52.85,0,24.07
8704,7423,6706,2025-08-31,35,46.97,0,32.02
8705,148,3509,2026-06-05,50,31.79,0,14.7
8706,9429,7056,2025-11-06,40,37.74,1,47.87
8707,251,3036,2025-08-30,60,74.12,1,73.58
8708,1470,1364,2025-01-27,19,13.52,0,17.6
8709,4860,1666,2026-01-05,18,60.86,1,46.77
8710,1601,3211,2026-02-07,83,72.5,1,60.92
8711,6323,8269,2026-04-23,94,57.29,0,26.53
8712,890,6297,2025-02-03,3,10.53,0,1.82
8713,8681,573,2026-04-09,21,86.16,1,63.27
8714,7614,8935,2020-07-12,20,40.46,0,20.45
8715,6088,8856,2024-08-02,13,45.6,0,29.45
8716,6747,3994,2025-09-01,104,73.25,1,71.07
8717,8384,8717,2023-03-03,21,81.2,1,63.11
8718,5287,8571,2025-07-05,61,61.15,0,38.57
8719,8052,3898,2026-01-28,59,89.53,1,69.4
8720,9036,2219,2025-01-09,11,37.39,0,31.95
8721,2143,1723,2024-05-11,103,82.01,1,67.78
8722,7459,7558,2025-06-24,35,19.9,0,15.01
8723,9969,5497,2024-05-11,2,2.25,0,2.97
8724,6559,8074,2024-12-24,23,19.07,0,13.38
8725,9726,99,2026-06-21,15,49.32,0,32.65
8726,7214,7735,2026-05-07,81,56.66,1,56.04
8727,3822,3980,2021-08-15,76,51.8,0,31.68
8728,6158,7410,2026-03-29,117,88.28,1,71.61
8729,7123,3473,2021-01-16,2,9.08,0,4.62
8730,6678,1261,2026-06-24,26,22.7,1,40.66
8731,1284,3324,2025-01-06,40,29.25,1,39.52
8732,9614,5264,2025-06-24,115,81.93,1,70.16
8733,3937,8289,2026-06-25,26,42.26,0,26.02
8734,5237,8192,2025-12-12,33,22.28,0,15.37
8735,432,3611,2025-09-06,88,58.04,0,29.4
8736,2589,5601,2025-11-30,18,91.41,1,82.29
8737,9297,2070,2024-02-26,58,33.35,1,33.39
8738,7875,2352,2025-12-23,5,6.1,0,8.44
8739,7442,1895,2025-08-04,155,90.24,0,54.19
8740,7917,3708,2024-04-06,26,36.78,1,47.77
8741,6005,7856,2022-02-07,93,58.69,1,45.28
8742,4159,949,2021-12-21,42,27.41,0,18.33
8743,7184,2459,2026-05-20,103,79.75,1,70.34
8744,9006,4153,2025-05-27,46,88.1,0,47.69
8745,2323,924,2026-04-22,20,39.86,0,24.74
8746,6621,299,2021-11-10,112,78.34,0,38.06
8747,3368,1219,2025-02-28,32,41.57,0,28.83
8748,50,4231,2022-12-01,6,5.08,0,0
8749,3359,9466,2026-01-06,32,23.46,0,4.17
8750,5922,7306,2024-09-30,73,55.61,1,44.88
8751,6689,2816,2026-04-25,17,51.46,1,47.07
8752,6695,2909,2020-10-28,3,3.55,0,11.85
8753,8420,9985,2026-06-26,16,28.54,0,18.01
8754,8835,7602,2021-08-26,36,74.18,1,74.06
8755,8727,1705,2025-09-26,56,44.88,0,28.32
8756,4025,618,2024-11-30,2,1.43,0,0
8757,1951,63,2023-07-16,18,15.03,1,24.08
8758,194,6004,2024-05-14,77,54.01,1,43.77
8759,2705,4989,2026-06-16,20,35.32,0,30.24
8760,5198,6849,2024-08-07,114,78.06,0,46.06
8761,3433,6680,2023-12-06,31,49.81,1,50.05
8762,871,90,2021-08-13,77,69.7,0,36.85
8763,3793,4279,2026-06-16,58,53.32,1,47.18
8764,8017,9940,2026-06-30,35,80.08,0,42.2
8765,9742,7339,2021-12-20,11,17.1,0,16.32
8766,1361,1199,2025-11-16,5,10.11,1,17.88
8767,7503,984,2026-05-14,96,54.19,0,41.16
8768,4243,2728,2022-04-11,101,68.59,1,64.11
8769,1795,2404,2025-09-04,56,43.94,1,42.7
8770,8161,863,2025-11-16,67,49.6,0,38.76
8771,6301,6912,2023-12-23,15,38.27,0,17.87
8772,8586,8849,2026-02-17,5,12.03,0,6.22
8773,9308,5947,2026-01-18,92,93.86,1,81.47
8774,2515,7152,2026-05-31,31,61.52,0,37.14
8775,5656,2257,2026-05-11,16,17.86,1,36.73
8776,41,3282,2025-10-25,34,75.88,0,48.47
8777,7240,1066,2024-03-05,70,47.55,1,52.87
8778,6567,9310,2026-06-30,2,1.58,0,0
8779,4098,3234,2022-04-13,7,10.28,0,13.4
8780,7215,762,2026-02-28,61,47.88,0,38.64
8781,1864,9822,2024-04-18,41,43.11,0,16.9
8782,6159,3874,2024-01-25,32,87.64,0,51.34
8783,2994,5763,2025-12-01,29,66.77,0,30.37
8784,5658,7414,2026-01-12,55,65.83,1,63.83
8785,4799,8994,2024-07-29,59,48.7,0,32.45
8786,7858,7190,2025-09-12,96,70.32,1,70.56
8787,7196,2240,2024-10-22,56,51.89,0,30.39
8788,1290,7875,2022-06-07,36,42.16,1,47.92
8789,3234,6717,2025-12-14,128,75.33,1,57.31
8790,1055,2691,2023-12-30,10,8.71,1,27.38
8791,9911,2707,2025-04-25,65,38.47,0,20.36
8792,1936,8255,2026-02-07,18,24.17,0,6.86
8793,4639,5145,2025-10-01,5,13.17,0,9.37
8794,4862,9590,2022-05-16,18,19.85,0,15.76
8795,671,8864,2024-05-07,138,94.51,0,65.86
8796,938,7459,2024-11-30,17,31.5,1,37.89
8797,6005,2319,2024-03-26,13,28.4,0,9.16
8798,1314,6219,2025-02-28,49,75.24,0,42.03
8799,2522,173,2026-04-24,11,9.59,0,15.31
8800,5251,1645,2024-01-22,1,2.66,0,2.64
8801,9288,2829,2024-09-25,5,12.27,0,0
8802,8513,3270,2024-10-04,37,41.28,1,49.33
8803,8910,5517,2025-05-15,4,12.25,0,10.48
8804,4852,1869,2026-05-27,71,60.44,0,37.1
8805,6637,3593,2026-05-31,13,54.53,0,30.36
8806,3115,2951,2025-08-25,8,31.71,0,24.04
8807,706,9242,2023-03-20,1,2.82,0,4.81
8808,6735,4384,2025-03-22,83,46.37,1,53.54
8809,3121,4511,2023-07-06,49,61.51,0,35.49
8810,2325,1823,2025-08-13,28,44.45,0,32.84
8811,6680,4708,2026-01-03,67,77.55,1,62.26
8812,170,449,2023-06-12,28,72.97,0,48.97
8813,5689,1475,2025-10-16,110,63.22,0,44.86
8814,6781,7601,2021-12-16,18,25.01,0,6.75
8815,2555,3395,2026-03-26,28,29.86,0,26.72
8816,3923,7926,2026-06-21,31,84.22,1,78.72
8817,7279,310,2024-07-03,1,1.43,0,9.87
8818,3950,1905,2025-11-16,65,95.33,1,75.24
8819,3500,5950,2026-04-02,111,85.71,1,77.8
8820,6027,7992,2022-09-07,6,10.88,1,27.86
8821,2087,499,2025-11-16,44,94.08,1,82.78
8822,4900,8460,2023-07-06,8,16.2,0,4.83
8823,4311,7958,2020-09-17,6,3.88,0,8.78
8824,1602,7487,2026-04-21,9,9.76,0,0
8825,8751,4606,2025-04-21,28,21.81,1,33.42
8826,5708,7537,2025-10-06,25,86.41,1,62.1
8827,5320,7581,2023-01-03,5,7.5,0,3.75
8828,4551,421,2026-05-15,23,21.84,0,13.61
8829,9064,4245,2022-04-11,46,90.25,1,66.9
8830,694,8501,2026-02-17,4,3.02,0,6.46
8831,1194,4868,2025-01-20,87,51.96,0,30.67
8832,5451,6064,2022-05-25,81,86.21,1,63.49
8833,2419,500,2021-03-12,59,53.77,1,60.66
8834,4554,3801,2026-05-29,29,51.23,0,21.04
8835,7002,8291,2024-07-14,14,14.76,0,6.82
8836,2882,7280,2022-07-10,79,75.18,1,67.93
8837,4792,3050,2023-07-16,120,75.2,1,68.68
8838,6284,1047,2024-08-30,15,40.7,0,30.34
8839,7333,1164,2025-08-08,166,94.95,1,68.37
8840,9844,3883,2025-12-17,23,15.9,0,8.03
8841,4023,8041,2025-06-08,31,89.58,1,70.56
8842,3249,4521,2025-05-11,54,31.29,0,11.47
8843,5343,9810,2024-05-01,160,97.83,0,68.3
8844,957,4124,2020-06-14,1,3.27,0,0.03
8845,5176,9249,2021-11-20,5,4.66,1,13.32
8846,2955,3332,2025-11-09,29,78.49,1,74.68
8847,8901,8661,2023-02-23,77,58.82,1,54.92
8848,6811,1639,2023-05-01,54,85.83,1,74.49
8849,952,2053,2024-12-28,12,8.25,1,34.8
8850,1930,7325,2026-06-11,27,34.33,0,18.03
8851,1366,1733,2026-05-10,52,31.92,0,14.68
8852,3334,1246,2024-04-19,14,65.66,0,48.2
8853,3545,8346,2025-07-03,76,57.24,1,51.14
8854,7614,538,2020-07-05,34,31.28,0,26.87
8855,3004,6469,2026-06-21,35,30.28,0,28.16
8856,2007,906,2021-07-11,20,25.11,1,40.4
8857,8089,2983,2024-05-25,78,75.9,1,60.66
8858,4284,4739,2022-09-28,41,64.64,1,58.85
8859,9125,8789,2025-06-06,25,32.8,0,21.94
8860,9595,261,2025-12-19,41,41.08,0,17.1
8861,195,3103,2026-03-15,29,84.42,1,71.14
8862,9918,977,2026-04-17,12,20.12,1,24.9
8863,2401,2897,2025-03-02,23,21.74,1,31.11
8864,8851,8844,2024-02-26,23,40.35,1,45.26
8865,6019,1468,2022-11-13,41,46.06,1,46.52
8866,542,9613,2025-08-09,10,13.44,0,12.21
8867,5787,747,2026-01-12,39,52.38,1,56.28
8868,1440,2070,2025-05-15,34,63.73,1,61.77
8869,5147,7935,2026-01-18,8,39.17,0,28.2
8870,2865,6358,2025-05-01,152,94.32,1,82.89
8871,4288,8053,2025-12-24,4,7.76,0,12.48
8872,8723,9251,2021-05-11,136,85.45,0,51.11
8873,9003,5230,2024-09-22,22,74.42,1,68.4
8874,4652,8708,2024-10-04,145,80.31,1,61.39
8875,2376,4468,2026-01-17,150,83.25,1,61.37
8876,1602,6918,2026-06-13,4,11.03,0,6.14
8877,586,7891,2026-03-21,92,87.74,0,44.54
8878,3552,2149,2025-01-23,54,38.32,0,31.25
8879,3297,7347,2026-06-27,133,74.52,1,69.99
8880,4485,6590,2026-02-21,10,45.62,1,50.51
8881,1990,7622,2024-08-02,65,50.7,1,42.18
8882,7195,784,2023-01-23,27,26.06,0,25.58
8883,469,4873,2024-07-16,20,63.16,1,60.23
8884,3635,2774,2026-05-29,107,59.99,0,44.55
8885,1555,9354,2022-07-16,59,41.07,1,46.88
8886,1264,8036,2024-10-29,85,62.8,0,37.17
8887,1996,4550,2021-06-03,80,58.24,1,46.4
8888,2807,9429,2026-06-01,65,56.99,0,39.86
8889,9799,5660,2025-05-03,15,16.62,0,1.5
8890,3393,9418,2024-10-07,24,53.18,1,42.4
8891,3804,8570,2026-01-25,113,75.12,1,61.67
8892,8004,5591,2025-03-21,46,55.92,0,26.22
8893,6197,195,2025-07-31,83,88.81,1,82.45
8894,7765,3009,2024-08-13,29,93.68,1,69.92
8895,8984,5214,2025-07-01,103,99.29,0,66.17
8896,6505,6084,2023-11-07,119,75.69,1,63.02
8897,4923,7190,2021-06-17,4,5.1,0,10.71
8898,74,4140,2026-03-15,12,11.18,1,21.36
8899,4657,2628,2025-09-16,35,21.47,1,37.68
8900,1531,7660,2024-12-25,59,84.23,1,62.47
8901,3669,6782,2025-09-25,78,55.27,0,42.34
8902,1826,9238,2024-06-01,56,75.11,1,62.96
8903,3826,7439,2024-06-05,72,87.71,1,74.24
8904,7849,7173,2025-03-06,22,85.52,1,64.76
8905,8768,9512,2024-06-02,42,25.66,1,29.67
8906,821,3357,2021-12-03,108,69.8,0,42.4
8907,2692,7551,2025-07-25,4,7.59,0,0
8908,7150,1293,2023-08-21,21,28.92,0,17.07
8909,2822,9060,2020-05-12,117,65.06,1,64.76
8910,9104,20,2024-11-04,46,58.64,1,54.75
8911,4897,3067,2025-09-01,17,19.19,1,25.58
8912,306,5332,2022-04-09,20,27.64,0,17.4
8913,8259,5016,2025-05-15,134,95.98,1,71.69
8914,8869,3603,2025-12-22,39,47.8,1,51.04
8915,2003,6207,2026-06-14,23,16.01,0,13.6
8916,307,7790,2025-07-10,78,54.73,1,54.85
8917,8423,8622,2024-03-09,5,9.43,0,0
8918,8367,7886,2021-05-26,73,59.75,1,54.56
8919,4719,8882,2024-02-29,133,75.57,1,69.2
8920,3115,5495,2024-03-07,27,82.84,0,41.79
8921,5041,7619,2025-04-18,35,88.68,1,81.93
8922,4229,629,2026-04-05,64,42.9,1,47.24
8923,4512,7452,2026-01-31,90,66.3,0,34.3
8924,6728,2232,2024-10-16,122,74.19,1,64.16
8925,7641,2181,2025-12-02,15,51.74,0,23.81
8926,3556,4555,2026-05-05,113,92.98,1,76.18
8927,9558,4020,2025-01-22,14,11.3,1,21.61
8928,4832,7563,2025-07-13,5,4.78,0,4.19
8929,5277,7462,2024-04-23,73,81.21,1,75.19
8930,205,4830,2026-05-26,92,69.97,0,50.25
8931,5568,8668,2021-11-28,101,82.34,1,69.47
8932,5419,7878,2026-04-28,73,68.58,1,59.28
8933,7707,1010,2023-07-11,26,52.24,1,59.97
8934,8516,5513,2024-05-23,130,93.57,1,83.65
8935,4678,3586,2022-11-13,102,76.93,1,58.83
8936,1446,1434,2023-11-24,10,16.25,0,19
8937,1195,5039,2026-01-07,9,23.47,0,13.17
8938,1524,8199,2022-05-04,5,10.25,1,25.9
8939,240,7119,2023-10-15,30,19.97,0,3.82
8940,4432,1280,2025-12-24,96,78.23,0,50.68
8941,7521,7894,2023-11-04,35,36.18,0,12.2
8942,3532,6235,2020-11-12,19,92.74,1,66.12
8943,9246,6826,2024-08-29,12,9.91,0,5.37
8944,5416,5014,2025-06-12,21,20.34,0,9.96
8945,6290,4629,2023-10-24,87,82.85,1,63.17
8946,9987,259,2023-08-19,4,19.86,0,10.72
8947,5206,7832,2024-01-15,60,70.05,1,70.69
8948,9465,1166,2025-05-17,5,3.85,0,0
8949,2775,2856,2023-12-01,39,98.29,1,79.51
8950,9259,1940,2024-05-11,37,92.49,0,45.94
8951,9766,4951,2024-04-03,108,77.85,1,74.38
8952,8384,2221,2026-01-04,15,20.64,0,20.28
8953,1312,4286,2022-10-03,72,52.05,1,42.36
8954,8358,3157,2025-09-30,81,45.56,1,49.2
8955,3699,3149,2020-11-14,116,73.9,1,62.77
8956,8415,1256,2021-05-07,53,86.29,1,64.11
8957,8257,9508,2025-10-11,24,60.37,1,63.46
8958,3376,4126,2023-06-29,60,44.59,1,51.46
8959,8515,6628,2022-04-26,17,15.45,0,0.23
8960,8778,5815,2023-12-01,12,11.44,0,13.85
8961,3765,2290,2023-12-01,44,51.36,0,33.73
8962,7768,7088,2026-03-07,114,76.27,0,54.94
8963,3131,28,2026-02-09,33,43.45,1,46.34
8964,9090,6619,2026-05-22,35,24.34,0,17.43
8965,4476,7382,2025-08-11,20,82.12,0,55.19
8966,7550,5111,2026-06-24,14,36.75,1,36.72
8967,5793,8902,2025-12-10,128,74.07,0,37.46
8968,132,6842,2022-01-16,58,91.39,0,48.42
8969,7966,2907,2022-08-16,47,49.62,0,34.07
8970,7744,8092,2020-07-14,54,39.96,1,35.65
8971,4520,3189,2024-07-05,143,79.6,1,65.6
8972,5791,349,2024-08-20,4,6.56,1,32.21
8973,3586,6569,2026-01-18,92,65.43,1,67.81
8974,603,7315,2024-03-28,40,86.46,0,47.2
8975,1932,8367,2023-04-11,26,74.26,1,65.57
8976,2483,6762,2026-06-17,83,77.18,0,39.83
8977,499,2730,2025-01-27,88,52.37,1,56.35
8978,5572,6641,2022-07-17,51,58.73,1,49.17
8979,4716,8940,2022-04-08,93,96.95,1,81.14
8980,8517,9681,2020-03-29,34,25.05,1,31.04
8981,1564,3455,2025-09-23,42,35.84,1,43.93
8982,8846,4199,2026-03-05,31,30.18,1,29.09
8983,6225,3611,2024-05-09,88,68.1,1,57.52
8984,9722,4343,2026-03-02,9,22.9,0,6.51
8985,8663,9631,2025-07-20,1,4.15,0,0
8986,4299,3965,2025-01-13,2,1.86,1,13.79
8987,6320,8411,2025-08-17,17,15.46,0,0.19
8988,1787,879,2024-06-13,58,46.45,1,52.67
8989,7302,7520,2025-04-12,135,76.06,1,72.93
8990,1485,4095,2020-09-23,32,39.32,0,33.05
8991,6705,5738,2023-08-21,30,37.06,0,24.34
8992,1895,8343,2025-10-13,3,4.23,0,11.89
8993,4846,7325,2026-06-12,16,16.86,1,32.35
8994,3163,2514,2023-04-05,69,49.24,0,37.07
8995,912,8290,2026-05-28,107,90.67,1,71.99
8996,7179,5403,2022-02-13,67,47.51,1,41.46
8997,2639,6448,2025-04-01,58,81,1,75.47
8998,273,2384,2023-09-17,32,78.92,1,63.74
8999,4177,4892,2026-02-22,43,68.68,1,53.74
9000,8372,2405,2026-04-01,39,40.22,1,49.5
9001,720,9245,2024-04-22,44,76.68,1,66.31
9002,2265,6190,2026-04-13,100,79.38,1,65.68
9003,2202,3877,2026-01-13,42,37.79,0,13.52
9004,1684,6783,2025-08-07,4,5.16,0,8.78
9005,6221,4970,2022-05-21,1,3.02,0,10.32
9006,9793,5421,2022-05-28,31,59.27,0,36.62
9007,9680,3150,2026-03-31,40,43.88,0,35.3
9008,1629,3235,2025-08-23,49,37.86,0,27.51
9009,5736,7469,2023-08-12,14,23.53,0,13.54
9010,4164,9647,2026-01-29,40,62.23,0,39.83
9011,2490,6686,2025-12-22,51,76.77,0,55.73
9012,7587,2401,2025-05-21,18,77.94,1,62.81
9013,8958,5409,2025-05-30,35,35.52,1,40.8
9014,8060,8625,2025-02-16,108,60.11,1,50.81
9015,9772,5706,2024-12-11,5,11.84,0,6.05
9016,9305,6944,2024-08-29,51,80.78,1,60.01
9017,3557,2280,2025-09-03,57,56.03,1,58.83
9018,1745,9662,2023-08-22,21,29.15,0,19.69
9019,541,7799,2025-06-30,6,19.67,1,32.67
9020,3287,1519,2024-07-12,15,11.7,0,13.09
9021,3447,5299,2024-07-13,155,96.14,0,53.53
9022,1305,2542,2023-11-27,8,11.77,0,8.28
9023,7653,2746,2026-06-27,78,45.55,0,36.04
9024,2649,5784,2019-12-12,78,48.67,1,47.16
9025,6922,3877,2023-05-03,11,8.63,1,34.23
9026,8966,5289,2022-05-07,9,38.78,1,47.91
9027,8907,5106,2023-05-13,32,73.46,0,39.36
9028,3534,744,2023-01-28,26,94.12,1,68.26
9029,7939,7203,2026-04-19,50,89.53,1,82.71
9030,5782,9899,2024-11-08,6,15.75,0,1.08
9031,530,6637,2026-06-18,5,5.22,0,0
9032,6110,4024,2025-04-08,21,80.66,1,67.24
9033,4643,7342,2024-05-05,20,45.69,0,19.63
9034,5644,9863,2025-10-28,84,90.8,1,72.19
9035,5005,1343,2026-05-06,20,99.5,1,86.42
9036,3285,9827,2025-09-10,70,48.57,1,49.14
9037,5682,9629,2025-08-27,45,35.45,0,17.04
9038,9552,4168,2025-06-22,134,91.32,0,47.56
9039,1518,8263,2025-11-22,61,41.63,0,24.11
9040,4677,1163,2024-10-27,3,1.65,0,0
9041,6816,496,2026-02-08,7,9.25,0,4.44
9042,206,5719,2025-12-08,30,77.67,1,69.05
9043,2441,6364,2024-11-27,68,71.88,1,62.39
9044,6595,7228,2024-11-15,23,98.74,1,84.69
9045,4028,4699,2025-11-29,3,5.72,0,3.29
9046,1083,9629,2025-04-22,37,30.23,1,30.15
9047,1127,6855,2025-10-07,40,64.12,0,42.53
9048,3610,3159,2025-11-28,2,3.03,0,0
9049,1828,1778,2026-06-28,109,63.66,1,49.18
9050,1554,7514,2026-04-27,80,90.2,1,79.72
9051,5723,6249,2021-03-04,25,15.29,0,10.15
9052,5360,5566,2021-04-30,48,36.53,1,33.49
9053,3093,4025,2026-04-08,19,52.7,1,49.93
9054,7930,8472,2026-03-25,86,68.63,0,38.99
9055,2123,7375,2026-06-02,73,65.24,1,54.1
9056,3074,3650,2026-03-22,12,9.61,1,22.55
9057,2582,2657,2025-05-13,7,9.13,0,9.87
9058,9671,4026,2023-10-26,15,18.39,0,16.09
9059,4742,8387,2025-03-13,53,70.24,1,57.54
9060,6878,3287,2025-05-15,31,56.86,1,47.9
9061,2122,3782,2026-04-03,16,13.33,1,33.64
9062,5326,74,2026-06-26,1,1.04,1,15.71
9063,2088,799,2024-11-10,40,81.19,1,73.6
9064,3507,620,2020-03-25,2,1.55,0,0
9065,9938,7832,2025-01-15,1,1.05,0,0
9066,9088,6798,2022-12-18,94,98.74,1,86.82
9067,5482,2948,2021-12-24,105,80.97,0,46.26
9068,2299,1946,2026-01-01,122,68.34,1,56.33
9069,5340,2077,2026-01-27,33,19.65,0,15.13
9070,3069,341,2025-01-23,15,49,1,52.1
9071,2233,6673,2023-03-25,11,8.02,1,23.23
9072,3456,7607,2025-11-18,32,18.9,1,31.31
9073,5285,2937,2021-11-10,52,70.04,0,37.79
9074,8930,4961,2025-11-27,66,46.99,0,27.46
9075,683,9373,2023-08-15,7,4.76,0,4.69
9076,3670,6906,2025-04-10,110,69.39,1,53.26
9077,51,231,2023-02-13,61,82.89,0,43.92
9078,5917,4583,2026-05-25,141,98.89,0,56.55
9079,7451,4243,2023-12-21,10,12.24,1,35
9080,9166,9397,2022-10-18,36,45.37,0,21.8
9081,3907,296,2025-03-09,7,5.71,0,0
9082,9719,1003,2024-12-21,33,58.2,1,46.15
9083,6174,5949,2025-07-20,95,68.47,0,32.08
9084,7711,6059,2024-06-04,61,52.28,0,24.69
9085,7439,752,2024-08-26,102,70.41,0,47.67
9086,6028,7306,2026-03-23,166,92.31,1,79.4
9087,4926,3902,2026-02-21,36,37.48,0,16.12
9088,9377,6337,2026-02-23,20,94.93,1,86.29
9089,8736,4022,2024-05-12,15,8.24,1,26.31
9090,7217,7420,2026-06-28,13,8.89,0,13.51
9091,5835,7392,2021-08-30,8,10.2,0,6.19
9092,8602,5219,2023-03-30,39,98.62,1,75.38
9093,619,5454,2024-04-19,20,11,1,23.81
9094,5624,7257,2026-04-20,15,28.09,1,43.69
9095,4131,7029,2023-09-24,7,6.79,0,12.63
9096,2639,3464,2025-07-16,16,44.6,1,55.22
9097,4803,2271,2025-09-23,46,30.14,1,44
9098,6482,6522,2026-05-15,21,35.89,0,21.16
9099,872,1380,2023-02-17,9,10.14,0,11.42
9100,8241,6623,2024-01-28,57,36.09,0,20.3
9101,5998,5663,2024-04-30,51,43.27,0,35.81
9102,4454,1278,2024-01-13,101,70.54,1,54.01
9103,2622,788,2026-05-15,2,1.39,0,0
9104,9127,8965,2026-06-20,71,53.25,1,57.8
9105,6264,376,2021-08-09,22,15.58,0,3.91
9106,2426,8091,2023-12-27,127,74.39,1,65.31
9107,3920,8031,2024-02-18,17,46.87,1,52.61
9108,7403,5533,2025-12-24,72,43.44,1,38.41
9109,6660,479,2026-05-27,8,6.4,0,0
9110,2265,3823,2024-02-10,37,88.73,1,73.85
9111,7045,7269,2026-02-01,3,4.58,0,0
9112,4955,1135,2022-03-17,26,16.18,1,19.85
9113,5516,3030,2025-10-05,8,32.57,0,19.55
9114,4222,5953,2026-03-05,13,7.57,0,1.54
9115,9585,8219,2025-10-19,53,84.4,0,54.35
9116,5172,5603,2024-08-28,3,7.13,1,25.38
9117,7536,468,2026-06-19,168,99.85,1,84.09
9118,1876,6599,2025-12-23,55,53.82,1,61.46
9119,6669,988,2026-03-31,46,47.55,0,33.83
9120,3693,615,2025-06-21,77,67.11,1,68.64
9121,3520,3715,2026-02-26,54,66.02,0,37.89
9122,120,7633,2026-03-23,28,18.92,0,7.78
9123,1251,605,2024-01-12,95,63.15,1,59.67
9124,6752,1519,2024-12-18,77,68.87,1,65.76
9125,637,7803,2024-11-16,148,92.41,1,85.02
9126,6530,8315,2024-05-31,29,97.76,1,78.94
9127,7801,9696,2025-05-06,153,95.87,1,74.26
9128,4822,8625,2026-06-30,15,44.87,1,50.05
9129,1878,9748,2026-06-24,39,38.33,1,39.9
9130,242,7320,2026-05-29,35,65.67,1,57.87
9131,7464,2905,2024-08-22,14,13.58,0,1.75
9132,6711,6838,2023-09-15,15,60.11,1,60.81
9133,157,6854,2025-02-12,22,31.81,0,12.04
9134,429,5031,2026-01-04,2,2.37,0,0.5
9135,8449,9717,2025-08-20,34,93.21,0,50.83
9136,5668,7209,2020-11-28,45,26.63,0,23.8
9137,2612,9680,2023-05-30,22,12.92,0,11.04
9138,6224,9279,2024-08-19,38,60.06,0,33.23
9139,3297,7233,2026-06-17,10,15.71,0,11.05
9140,1671,1508,2023-05-30,6,8.07,0,11.81
9141,4876,3638,2026-01-29,42,27.44,0,22.35
9142,7751,4372,2025-09-27,163,98.43,1,73.66
9143,6522,2218,2022-02-06,68,68.48,1,65.94
9144,6986,6128,2021-10-07,92,56.4,0,40.49
9145,1304,1378,2025-11-22,32,66.82,1,60.35
9146,4160,3350,2024-07-15,6,23.25,0,8.87
9147,2864,566,2025-01-28,12,6.95,0,0
9148,1418,7446,2024-01-07,23,26.31,0,12.15
9149,9744,6218,2025-05-24,20,23.53,1,29.91
9150,1130,4921,2025-10-08,74,62.72,1,49.49
9151,1660,4978,2025-05-25,11,6.54,0,7.75
9152,695,7959,2024-07-07,16,22.06,0,14.73
9153,3353,7705,2026-04-24,54,83.74,0,40.25
9154,392,2993,2026-05-21,50,66.7,0,42.83
9155,8467,3602,2024-10-17,41,23.85,0,22.88
9156,9206,3079,2025-05-02,6,24.37,1,28.12
9157,5123,2455,2026-01-31,50,52.59,0,39.96
9158,2033,836,2021-09-09,6,13.74,0,4.98
9159,1969,8513,2022-05-06,126,73.42,1,55.22
9160,5203,1049,2026-01-30,33,71.84,1,70.86
9161,222,3284,2024-05-23,26,61.69,0,39.04
9162,3754,8416,2025-06-06,113,71.27,0,43.12
9163,6192,2626,2025-12-12,82,78.44,1,68.17
9164,9485,7714,2026-03-14,72,87.71,0,61.92
9165,7409,7939,2026-04-29,10,33.98,0,21.67
9166,9677,2614,2025-01-31,104,79.9,0,45.63
9167,9712,557,2024-10-04,108,76.49,1,70.61
9168,8794,2057,2026-02-09,4,5.11,1,26.19
9169,3465,6807,2024-06-25,100,83.16,1,62.05
9170,6528,667,2025-04-06,7,5.84,0,6.06
9171,6324,5019,2026-05-22,67,48.27,0,20.4
9172,1316,9323,2026-05-20,86,49.85,0,38.43
9173,6989,8678,2024-09-16,1,6.27,0,0.37
9174,2870,9559,2024-12-26,59,81.36,1,59.46
9175,5147,2877,2022-05-29,79,49.16,0,20.18
9176,7484,9742,2022-07-12,101,85.44,1,79.82
9177,747,317,2025-06-05,83,90.2,1,72.89
9178,793,8686,2025-09-27,28,63.76,1,59.45
9179,9279,6766,2026-06-23,50,31.68,0,27.14
9180,7890,7885,2023-02-08,63,38.63,0,13.21
9181,1412,9301,2026-03-15,41,80.75,0,46.7
9182,8923,3279,2024-06-08,158,90.74,1,65.94
9183,7461,9216,2023-06-03,41,68.59,1,67.93
9184,2068,4015,2026-03-11,54,53.47,1,57.39
9185,5950,9772,2026-06-24,53,82.59,0,46.47
9186,3380,7354,2021-09-01,92,59,0,38.95
9187,5903,2345,2022-09-17,36,43.2,0,22.57
9188,587,3114,2026-06-05,96,74.7,1,57.08
9189,6128,1001,2025-03-18,42,31.6,0,25.08
9190,9638,1357,2026-06-24,11,54.44,0,28.72
9191,9311,2858,2024-08-22,58,33.19,1,45.79
9192,5348,5952,2023-09-27,39,38.23,1,44.55
9193,7750,6195,2026-06-10,86,90.04,1,66.79
9194,4448,5112,2023-10-12,6,28.36,0,7.41
9195,3823,2471,2026-02-24,14,69.4,1,53.72
9196,2955,9891,2026-02-14,14,8.24,1,16.17
9197,2666,6527,2026-06-18,104,58.52,0,34.94
9198,259,2202,2026-06-05,72,64.64,0,43.99
9199,8956,8119,2024-07-02,10,37.49,0,22.9
9200,9717,2475,2026-04-29,5,9.9,0,15.84
9201,4187,433,2023-08-26,4,15.79,0,1.11
9202,7648,5875,2025-09-25,88,66.06,0,36.74
9203,5027,1536,2025-09-06,142,83.77,1,71.31
9204,8992,5153,2024-12-10,6,5.16,0,1.74
9205,7449,8520,2025-08-30,17,87,1,79.05
9206,8661,3471,2025-01-27,26,20.55,0,17.72
9207,8199,2330,2026-06-22,85,71.37,1,53.07
9208,4564,1386,2026-04-28,38,55.75,0,40.06
9209,137,2317,2024-11-22,48,72.31,1,68.29
9210,4677,4056,2021-01-06,87,93.15,1,83.85
9211,1609,6579,2025-11-17,68,92.89,1,76.43
9212,1299,8765,2023-07-29,31,21.21,0,6.98
9213,3195,6672,2023-08-02,97,60.05,0,26.14
9214,2167,5388,2022-08-22,17,20.8,0,20.19
9215,3469,5470,2023-10-12,29,35.1,0,26.33
9216,8441,1163,2021-06-24,11,35.91,1,39.31
9217,9704,8749,2026-03-06,60,76.81,0,37.38
9218,348,4198,2025-12-21,32,20.01,0,15.07
9219,3432,5762,2025-01-27,101,57.55,1,50.02
9220,9749,3989,2022-06-24,155,90.23,1,65.6
9221,2046,5293,2025-11-09,21,51.16,0,21.16
9222,6661,4652,2020-09-03,22,43.22,0,35.76
9223,2094,193,2022-07-23,43,51.48,0,38.79
9224,1438,6064,2022-03-08,27,39.23,1,48.75
9225,821,971,2024-06-28,29,25.27,0,23.15
9226,5765,4269,2025-04-14,43,31.24,0,15.99
9227,1727,9848,2024-08-28,4,2.68,0,11.26
9228,9271,8377,2025-08-27,127,93.44,0,64.13
9229,7820,6891,2026-06-28,75,53.58,1,60.37
9230,9672,4669,2025-03-13,75,63.32,1,56.6
9231,6942,5491,2025-11-23,153,93.08,0,48.34
9232,3231,6977,2023-03-10,91,89.17,1,81.08
9233,4853,6752,2023-12-13,25,23.1,0,4.58
9234,8774,4995,2022-05-13,62,67.29,1,64.48
9235,8680,9361,2025-12-13,68,41.64,0,22.59
9236,5006,6112,2021-01-12,11,51.32,0,30.9
9237,8305,6456,2025-04-11,25,18.09,0,12.08
9238,3743,7129,2024-08-04,3,1.4,1,27.94
9239,4738,6277,2026-05-03,84,74.73,0,54
9240,2782,5537,2026-02-24,2,5.21,0,0
9241,1702,2998,2026-06-09,18,50.54,1,44.68
9242,5787,9373,2022-08-02,22,53.68,0,34.82
9243,7724,250,2024-11-14,4,13.31,0,1.41
9244,1750,9111,2022-04-01,103,66.77,0,45.84
9245,7544,7098,2024-09-22,8,9.5,0,10.01
9246,6435,7032,2020-07-13,57,85.03,1,73.27
9247,5483,2328,2021-11-08,5,23.24,0,17.78
9248,8925,985,2024-07-06,20,30.2,1,43.06
9249,7687,5337,2026-03-20,89,59.07,1,58.38
9250,7524,7658,2026-04-29,6,3.75,0,11.27
9251,2092,7880,2026-06-05,114,67.55,1,61.28
9252,6465,2140,2024-09-29,82,77.92,1,76.24
9253,4263,3947,2026-03-21,68,65.75,1,50.94
9254,2816,777,2024-06-13,78,57.86,0,29.01
9255,7632,2483,2024-01-09,21,16.76,1,38.13
9256,6168,3635,2024-07-03,24,22.97,0,18.21
9257,3151,2021,2024-02-19,3,10.85,0,0.37
9258,4730,2938,2024-05-16,60,80.68,1,60.28
9259,4250,9055,2021-05-02,71,59.66,0,31.27
9260,3749,5662,2024-06-26,1,1.21,0,5.49
9261,3227,5701,2025-07-07,9,13.8,0,8.22
9262,1435,245,2026-06-01,64,36.17,1,41.25
9263,8118,8537,2026-05-04,100,61.19,1,65.69
9264,3092,2286,2022-10-28,23,16.47,0,4.16
9265,8846,9882,2025-07-22,79,67.57,0,32.22
9266,5659,1243,2024-08-22,128,72.95,0,42.75
9267,7695,7114,2026-03-03,78,76.58,1,66.83
9268,1737,8142,2026-06-29,23,31.2,0,18.64
9269,8613,9680,2025-12-16,35,33.15,0,14.01
9270,6133,7168,2021-03-03,17,61.37,1,58.24
9271,8283,3202,2025-12-01,9,37.87,0,14.54
9272,2952,2347,2026-02-23,60,43.03,0,18.3
9273,5363,8860,2025-02-24,24,24.07,0,14.75
9274,4515,462,2022-04-04,30,41.19,0,19.83
9275,4873,1208,2024-05-11,75,51.56,0,25.55
9276,7596,1363,2022-01-11,5,9.85,0,15.11
9277,2078,2954,2021-04-11,21,19.75,0,20.33
9278,532,3670,2024-05-30,67,45.76,0,24.19
9279,8587,4860,2024-12-10,118,69.48,1,56.91
9280,3747,1830,2023-04-06,97,83.71,1,76.8
9281,9745,9953,2020-07-18,16,24.29,1,43.3
9282,3174,5682,2025-04-02,21,16.31,0,6.05
9283,2925,9203,2025-09-15,20,39.97,0,33.49
9284,2701,6330,2021-12-10,4,9.95,0,14.73
9285,4801,7550,2026-03-13,4,22.18,1,31.18
9286,9632,2627,2022-02-11,65,44.62,0,34.52
9287,3751,1118,2023-08-11,4,5.21,0,3.32
9288,9039,7679,2024-06-25,34,35.1,1,45.24
9289,4602,7777,2026-02-23,77,43.99,1,46.56
9290,7284,1570,2023-10-14,46,95.99,1,87.35
9291,4348,4734,2026-01-19,21,45.75,1,37.9
9292,3133,3272,2023-06-14,34,26,0,13.82
9293,3736,6142,2025-10-06,49,49.96,0,24.16
9294,9142,7974,2024-06-04,24,70.81,0,35.95
9295,5719,9309,2026-03-11,17,17.72,0,3.81
9296,8288,9077,2024-10-19,61,76.38,1,67.36
9297,3003,8584,2024-03-22,169,95.4,1,75.38
9298,8270,1347,2020-12-20,123,77.99,0,47.46
9299,2974,7347,2023-03-09,27,63.97,0,42.57
9300,709,5085,2024-02-12,125,70.75,0,49.46
9301,1077,2991,2025-07-04,20,56.18,1,53.01
9302,7476,6061,2025-10-07,63,55.41,0,26.43
9303,2288,9001,2021-12-01,100,78.92,0,56.1
9304,8488,1699,2022-02-25,2,2.72,1,23.02
9305,4610,7970,2024-08-20,63,47.86,0,28.11
9306,8574,6384,2025-09-05,65,98.49,1,85.06
9307,2757,6660,2025-05-15,95,62,1,52.43
9308,590,936,2024-07-04,45,66.81,0,34.17
9309,7337,3283,2026-06-09,49,32.94,0,14
9310,2046,759,2025-01-14,37,47.38,1,57.67
9311,3046,6445,2026-01-19,88,54.17,1,59.2
9312,3971,8541,2026-06-15,14,18.1,0,16.96
9313,5638,8127,2025-07-14,81,53.32,0,28.77
9314,609,5375,2024-10-29,75,49.88,0,20.37
9315,5182,4832,2023-10-19,50,74.17,1,55.68
9316,5964,5716,2025-03-01,173,97.94,1,79.44
9317,2933,30,2023-12-03,159,92.51,1,81.48
9318,1017,6725,2024-09-20,4,7.34,0,5.07
9319,2037,5006,2025-03-05,37,38.63,1,44.61
9320,5240,635,2026-03-16,43,45.43,0,20.41
9321,2377,1097,2024-10-27,114,78.68,0,46.72
9322,6086,2340,2024-08-05,69,62.07,0,40.33
9323,8245,9482,2024-01-30,67,77.73,1,73.31
9324,9878,3420,2019-12-20,2,1.54,0,0
9325,6316,217,2023-04-16,114,76.75,0,53.42
9326,421,9227,2021-05-03,94,61.27,0,34.12
9327,6098,2537,2019-10-30,65,52.59,0,27.54
9328,795,8239,2026-03-02,96,60.42,1,47.38
9329,3234,7446,2026-01-13,21,99.57,1,70.96
9330,4965,8256,2026-04-24,85,53.07,1,48
9331,541,2077,2024-02-15,92,76.75,1,75.71
9332,9139,2376,2025-08-01,87,84.63,0,57.92
9333,6639,4504,2025-09-05,57,31.7,0,20.57
9334,6863,5275,2022-02-14,24,43.82,0,22.99
9335,7456,1939,2020-06-11,12,37.24,1,52.08
9336,1838,3215,2021-02-17,36,42.05,0,23.2
9337,661,7638,2025-07-29,21,31.77,0,17.69
9338,2883,1037,2024-10-04,88,55.74,1,49.33
9339,7275,9623,2024-06-08,163,98.01,1,80.09
9340,6082,2146,2022-11-25,49,56.23,0,29.28
9341,4469,4940,2024-08-17,7,27.76,0,25.44
9342,701,1458,2022-12-09,86,60.81,1,66.1
9343,9344,328,2023-04-29,9,4.99,0,0
9344,870,605,2019-05-26,120,92.97,1,81.61
9345,1467,1972,2025-09-07,1,1.55,0,0
9346,1560,5626,2025-08-14,7,11.2,0,0.52
9347,1367,9304,2025-03-10,100,68.69,0,36.08
9348,3455,2638,2024-01-26,36,98.49,1,70.7
9349,7005,5134,2025-11-04,119,70.45,1,64.15
9350,9190,9930,2025-06-30,49,81.34,0,44.24
9351,8550,3970,2025-03-26,132,88.43,1,66.53
9352,7930,4876,2024-08-26,4,3.55,0,0
9353,54,2840,2025-10-19,94,85.02,0,60.73
9354,8755,1427,2026-05-23,14,14.54,0,10.63
9355,3313,1940,2023-09-26,29,59.43,1,54.51
9356,7316,9429,2024-01-08,20,45.25,1,41.88
9357,4120,9240,2025-03-28,68,85.63,1,72.78
9358,999,5052,2024-02-11,44,76.23,1,72.75
9359,6058,708,2026-04-17,5,12.82,0,14.32
9360,4515,8316,2023-12-14,18,12.12,1,33.75
9361,8274,8474,2024-04-14,93,76.52,0,49.85
9362,9720,6129,2025-09-22,92,52.5,1,58.75
9363,5019,3226,2024-05-20,4,6.07,0,0
9364,6400,9860,2023-06-23,108,83.45,0,58.76
9365,2997,2961,2023-10-22,81,72.52,1,64.67
9366,2808,5845,2023-09-24,12,28.39,0,9.14
9367,4518,2733,2023-07-02,103,62.32,1,61.96
9368,7040,388,2026-01-04,54,50.26,1,46.64
9369,1431,2653,2026-03-21,39,65.46,1,56.93
9370,6167,8836,2024-09-19,55,33.44,0,15.02
9371,4382,1156,2026-05-05,71,47.79,0,31.19
9372,2200,8580,2025-06-02,72,50.43,0,39.45
9373,5655,3749,2026-01-22,40,64.91,1,65.76
9374,1285,1205,2026-06-11,4,18.82,0,4.78
9375,5420,7221,2020-05-25,114,98.43,1,76.33
9376,9593,1618,2026-02-14,105,94.81,1,71.67
9377,9949,4032,2025-06-20,33,47.23,0,34.8
9378,4025,1417,2023-08-14,118,74.07,1,66.24
9379,7097,2163,2022-01-21,33,60.51,1,53.11
9380,3779,7299,2026-06-15,6,5.18,0,9.91
9381,3497,9797,2026-03-09,22,18.52,1,34.03
9382,6694,1315,2026-05-04,4,7.97,0,6.99
9383,5927,4772,2026-01-12,50,57.88,1,52.41
9384,5322,4982,2025-10-05,26,38.56,1,38.65
9385,7967,4482,2025-05-19,1,2,0,3.49
9386,1264,5133,2025-08-08,13,19.83,0,4.4
9387,7428,8975,2020-08-26,56,39.99,0,28.76
9388,169,10000,2026-03-08,81,87.61,1,79.24
9389,7634,6222,2024-11-19,170,98.28,1,69.22
9390,5672,8008,2023-11-23,31,34.57,0,25.43
9391,7225,9552,2023-06-08,15,16.72,0,15.37
9392,5102,9467,2026-06-20,9,14.8,0,0
9393,9637,4907,2026-01-16,62,42.42,0,32.1
9394,7430,1674,2023-10-13,113,95.01,1,77.46
9395,7061,2397,2024-07-08,86,89.14,1,66.23
9396,3374,8397,2026-05-08,90,92.07,1,72.65
9397,1061,6104,2024-12-13,33,57.04,1,47.21
9398,8190,5476,2023-06-18,94,84.4,1,64.38
9399,2850,8946,2025-09-22,65,47.53,1,40.04
9400,6553,3180,2022-08-29,68,57.85,1,48.79
9401,5277,8817,2026-02-13,69,89.71,1,66.68
9402,3936,2394,2025-12-28,47,57.11,0,40.86
9403,4443,9196,2024-04-08,31,96.73,1,78.73
9404,3391,9685,2023-02-11,45,45.04,1,54.21
9405,3255,4064,2025-06-22,39,52.31,1,56.44
9406,6658,7566,2026-06-24,12,41.7,0,17.68
9407,9858,5175,2026-06-10,10,7.55,0,5.83
9408,9644,5114,2026-06-20,26,85.22,0,48.5
9409,2938,1193,2026-06-29,72,69.24,1,70.28
9410,1195,3368,2026-01-09,57,73.63,1,56.01
9411,6867,5603,2026-01-27,21,59.79,0,45.84
9412,1138,3513,2026-05-22,26,94.57,1,67.49
9413,2482,4587,2025-12-29,56,59.54,0,44.57
9414,3476,4371,2025-08-28,42,25.79,0,9.66
9415,4140,710,2023-07-09,62,63.59,1,64.06
9416,7703,590,2026-05-23,30,67.22,1,65.42
9417,6525,1138,2026-04-14,2,1.39,0,0
9418,7040,6022,2025-04-22,37,30.72,0,12.93
9419,5563,4761,2026-02-21,17,31.84,0,21.12
9420,6354,4374,2026-01-16,103,64.15,0,30.1
9421,3146,1850,2024-05-10,52,40.57,0,25.83
9422,7763,7504,2026-06-25,42,50.78,0,39.33
9423,3718,1590,2026-06-21,98,75.49,1,57.13
9424,2543,9653,2023-09-30,20,60.42,1,54.6
9425,282,3296,2026-06-06,47,68.58,1,53.69
9426,7108,6556,2019-05-10,47,37.93,0,32.42
9427,6672,7724,2022-07-16,141,80.34,0,40.64
9428,47,3257,2025-01-16,30,21.46,0,9.06
9429,4950,7020,2025-06-23,31,71.74,0,51.44
9430,3546,9678,2026-05-22,59,47.66,0,23.11
9431,9215,6244,2021-01-16,12,13.6,0,8.74
9432,7147,7305,2026-03-03,30,28.09,0,24.3
9433,3756,272,2025-06-23,7,5.85,0,6.59
9434,3925,2817,2019-04-30,118,97.01,1,79.35
9435,2513,135,2026-04-19,90,80.4,0,43.16
9436,8590,3436,2025-12-13,148,82.93,1,69.22
9437,4753,3333,2026-06-24,64,71.54,1,53.46
9438,3526,797,2025-12-27,101,92.59,1,75.32
9439,205,6086,2025-08-26,37,37.85,1,34.24
9440,9996,8513,2022-06-30,26,60.75,0,43.55
9441,926,3100,2024-08-25,5,14.18,0,1.06
9442,1460,7237,2025-11-17,99,61.97,0,31.71
9443,2647,5294,2026-03-30,69,39.9,1,47.73
9444,3130,6273,2023-08-04,19,23.29,0,21.93
9445,7906,7378,2026-04-22,11,24.58,0,18.3
9446,501,1790,2026-06-03,81,65.16,0,44.98
9447,8013,4990,2025-03-17,11,9.47,0,7.23
9448,7051,5383,2025-09-10,9,43.82,1,56.17
9449,3487,6108,2025-12-06,26,20.92,0,4.02
9450,3352,7927,2026-03-17,21,33.9,0,12.67
9451,1045,2073,2021-03-18,129,84.43,1,79.46
9452,4114,226,2023-03-10,83,53.09,1,46.08
9453,1365,6949,2024-08-24,13,35.99,0,29.58
9454,6432,79,2026-01-25,27,65.08,1,51.27
9455,8457,7651,2023-06-06,26,23.96,0,15.07
9456,1727,3811,2024-02-21,98,66.07,1,51.25
9457,1899,8200,2024-01-04,10,8.27,0,0
9458,8972,8961,2025-10-22,34,34.12,0,20.97
9459,10000,3816,2026-03-20,78,46.77,0,34.7
9460,5210,3028,2025-04-25,19,76.56,1,64.47
9461,5882,4146,2026-04-23,179,99.7,1,72.55
9462,9422,7236,2024-03-29,28,99.13,1,86.49
9463,3429,7234,2024-11-26,24,20.85,0,20.2
9464,1033,3276,2023-11-16,39,28.33,0,11.28
9465,8418,5021,2025-01-04,31,23.01,0,14.12
9466,7472,80,2025-06-01,32,77.34,1,71.35
9467,5554,9417,2026-06-26,56,34.38,0,18.61
9468,2487,7577,2025-10-21,21,52.78,1,49.12
9469,2686,3913,2026-06-04,6,9.89,0,5.92
9470,8980,9039,2026-02-18,13,55.01,0,41.32
9471,1893,4741,2025-07-26,28,90.54,1,71.95
9472,9244,4764,2023-11-11,19,12.49,1,34.93
9473,6154,3503,2023-10-31,18,77.03,1,65.32
9474,2393,7220,2026-05-30,160,96.49,1,86.89
9475,1512,9452,2022-06-28,43,71.06,1,65.32
9476,9065,8333,2025-05-19,39,89.72,1,83.74
9477,3095,2411,2024-12-16,89,56.52,0,35.75
9478,6940,1959,2026-05-06,82,54.14,1,56.99
9479,4969,6044,2024-06-13,2,7.44,0,12.53
9480,1504,794,2026-01-20,12,23.34,0,5.49
9481,1293,5763,2026-06-12,53,67.53,1,62.72
9482,2478,6639,2026-04-23,63,95.67,1,69.9
9483,8087,1095,2021-02-03,5,3.62,0,6.49
9484,5125,2646,2023-10-07,10,10.25,0,12
9485,3859,6563,2025-04-15,73,58.63,0,38.41
9486,5847,6456,2021-10-19,29,37.34,0,25.75
9487,7191,7517,2026-01-21,48,51.62,0,30.33
9488,8889,5738,2021-08-23,28,26.84,0,8.27
9489,4601,7962,2025-03-01,105,66.31,0,48.26
9490,4688,9711,2022-03-04,111,76.71,1,62.83
9491,3621,6209,2026-02-04,23,13.96,0,4.59
9492,8476,7389,2026-06-21,28,77.69,1,63.91
9493,7261,8957,2021-06-10,39,77,1,61.01
9494,4274,7033,2021-01-20,84,53.84,1,48.82
9495,920,3976,2026-06-05,98,76.48,1,59.16
9496,8831,2087,2025-10-25,79,97.15,1,72.58
9497,6795,6147,2021-04-23,11,11.25,1,32.81
9498,6726,7559,2024-03-07,65,43.69,0,17.7
9499,860,4775,2026-05-08,12,33.86,1,34.02
9500,2956,5615,2024-08-02,75,93.26,1,69.52
9501,623,9944,2021-04-07,29,60.92,1,54.28
9502,4506,829,2026-02-12,38,83.37,1,62.65
9503,1243,6758,2022-11-01,98,61.18,0,39.16
9504,3007,5154,2026-06-24,70,82.74,0,48.09
9505,8671,5443,2024-08-20,20,16.68,0,18.04
9506,7404,5485,2020-12-06,127,75.81,0,50.33
9507,3282,1025,2026-06-21,20,24.51,1,44.45
9508,5643,7664,2023-10-01,13,27.22,0,11.73
9509,6819,5917,2025-12-10,31,89.93,0,44.6
9510,6166,2899,2023-10-24,126,82.59,1,69.39
9511,3764,1925,2025-05-28,70,53.16,0,28.58
9512,9362,5298,2021-08-01,117,69.41,1,59.08
9513,1156,6621,2026-02-19,79,66.87,0,34.67
9514,3663,8558,2026-01-13,70,99.05,0,53.13
9515,1635,3349,2025-04-06,39,74.76,0,40.32
9516,5455,2807,2025-08-07,33,71.25,1,58.69
9517,5588,6205,2024-06-20,50,80.57,1,61.8
9518,4531,158,2024-02-09,9,9.99,0,0
9519,2543,8973,2025-03-15,54,74.46,1,73.07
9520,8091,3778,2023-04-02,10,27.78,0,21.58
9521,7766,6239,2026-02-02,110,83.24,0,56.3
9522,4666,1003,2025-10-14,94,61.66,1,66.09
9523,7924,7867,2026-05-05,84,59.56,0,31.56
9524,6282,6023,2025-02-06,47,37.61,0,12.83
9525,4760,2729,2023-09-21,149,99,1,77.81
9526,5478,1280,2025-06-18,47,62.48,1,55.75
9527,1426,653,2025-05-12,15,36.71,0,30.23
9528,2242,5784,2021-07-15,64,37.79,0,16.16
9529,3277,6108,2026-06-23,9,30.44,0,21.54
9530,7486,8873,2022-04-06,51,74.32,0,48.03
9531,2015,6804,2026-03-26,58,58.38,0,36
9532,9854,877,2026-06-13,14,13.14,0,6.58
9533,8412,3702,2026-01-05,20,13.3,0,0
9534,2257,6533,2025-11-12,25,15.33,1,27.41
9535,2439,1894,2024-09-21,32,21.03,0,21.92
9536,3266,1109,2023-09-18,20,41.41,0,17.93
9537,3820,7014,2021-07-17,45,92.75,1,80.57
9538,62,5016,2023-07-30,39,46.43,0,23.69
9539,7533,8080,2026-02-18,14,46.22,1,53.88
9540,5706,7653,2026-06-15,21,15.46,0,8.35
9541,8666,7267,2026-03-15,46,63.33,0,44.83
9542,6001,1591,2022-11-14,66,50.1,0,22.36
9543,9745,9769,2021-11-09,126,80.25,1,64.56
9544,5681,4468,2025-07-08,2,5.43,0,0
9545,3982,7713,2024-09-18,85,87.08,1,73.77
9546,7234,7406,2026-02-19,9,7.84,0,0.66
9547,6173,2811,2025-12-14,65,95.94,1,77.82
9548,2863,9745,2022-01-19,10,21.14,0,19.81
9549,6527,1769,2026-05-21,28,25.29,0,9.72
9550,6468,4706,2024-10-10,7,7.88,0,2.05
9551,6564,9356,2024-05-27,68,69.85,1,56.48
9552,5377,8331,2026-06-07,74,96.73,1,72.76
9553,352,4415,2026-03-23,4,7.63,1,24.19
9554,9598,6370,2026-04-10,36,22.88,1,41.22
9555,6771,8436,2025-06-20,13,29.75,0,20.11
9556,6949,8361,2024-12-09,9,4.84,0,3.84
9557,3088,323,2025-04-24,112,98.16,1,69.2
9558,9912,6963,2026-05-30,95,58.62,0,27.09
9559,7927,8334,2025-01-06,89,99.47,1,77.11
9560,5463,3730,2025-07-05,9,40.9,1,36.49
9561,5888,573,2025-10-27,133,89.71,0,54.98
9562,1925,6488,2021-12-03,12,40.22,1,51.14
9563,4106,3380,2026-01-25,68,77.5,1,64.95
9564,2465,8580,2025-02-20,15,10.03,0,1.96
9565,8342,3267,2025-08-24,115,85.62,1,80.25
9566,9136,3331,2023-03-04,24,52.88,1,43.47
9567,5529,9887,2021-09-18,19,22.72,0,4.08
9568,3810,8200,2026-06-24,47,51.41,1,60.53
9569,7,9782,2025-11-11,37,26.33,1,44.01
9570,9612,3813,2026-05-05,2,2.93,0,1.71
9571,9819,3255,2026-02-25,7,6.32,0,0
9572,9383,2638,2026-06-23,164,95.39,1,80.05
9573,8953,5825,2023-10-22,70,56.33,0,25.85
9574,8207,2472,2026-05-02,26,27.96,0,12.98
9575,68,5579,2021-10-10,34,47.22,0,34.82
9576,897,4343,2025-11-08,108,62.55,0,34.12
9577,4234,7942,2026-04-23,122,84.82,1,69.06
9578,3223,7291,2026-03-14,7,4.99,1,23.79
9579,8178,5975,2026-01-23,42,48.32,1,57.7
9580,7156,9988,2026-01-05,13,13.76,0,8.61
9581,8449,9731,2025-07-02,32,31.19,1,29.68
9582,4367,1934,2023-12-10,6,7.85,0,5.23
9583,8279,6287,2025-12-22,52,29.3,1,34.54
9584,9892,8562,2025-04-21,15,68.83,1,60.24
9585,8078,3993,2021-08-07,68,52.29,0,33.27
9586,2647,36,2025-08-03,8,26.91,1,36.84
9587,3554,4672,2025-01-13,7,35.05,0,24.79
9588,3432,3577,2025-08-17,61,93.58,1,81.89
9589,4980,2627,2024-09-27,107,81.05,1,61.19
9590,3789,8183,2024-07-11,149,90.86,1,77.98
9591,1959,8679,2026-06-25,23,23.17,0,9.4
9592,4865,7789,2019-11-21,49,40.76,1,47.92
9593,2189,1384,2025-08-24,18,62.59,0,41
9594,4979,8948,2024-01-20,24,91.11,1,67.96
9595,2302,5306,2025-07-09,42,42.92,1,51.08
9596,3156,1987,2026-06-21,28,95.69,1,69.27
9597,3958,761,2024-11-17,56,34.59,0,14.78
9598,4580,8912,2026-06-29,30,51,1,48.59
9599,9619,3073,2025-04-28,16,57.66,1,45.75
9600,393,2403,2026-06-09,58,64.09,1,53
9601,7245,5265,2025-01-12,10,17.57,0,14.56
9602,7878,8990,2022-12-09,47,80.26,1,62.78
9603,1398,5237,2023-04-07,49,27.96,1,36.45
9604,3835,9183,2025-07-19,65,67.97,0,46.72
9605,9139,3376,2026-06-16,2,2.53,0,7.16
9606,4013,5894,2023-05-01,35,24.44,0,21.47
9607,9936,6392,2021-12-28,24,60.55,1,62.77
9608,3048,1318,2026-03-31,59,39.68,0,26.1
9609,586,1448,2025-09-09,15,38.02,0,17.74
9610,7050,4118,2023-05-09,77,62.68,1,66.58
9611,1009,8763,2026-03-11,91,55.98,0,28.23
9612,1401,3974,2023-03-03,3,1.74,0,0
9613,1092,5382,2026-06-15,71,44.33,1,53.35
9614,1956,3762,2025-10-23,66,48.15,0,27.76
9615,3584,1077,2023-10-24,54,93.31,1,81.18
9616,1157,7329,2023-09-30,50,37.46,0,22.69
9617,7565,1229,2021-09-20,2,2.17,0,5.87
9618,1586,2360,2026-04-09,55,41.75,0,31.76
9619,3346,5240,2025-10-27,19,13.56,0,13.91
9620,4673,5478,2025-11-19,93,56.47,1,57.93
9621,6429,8813,2024-05-15,18,13.39,0,0
9622,1263,1474,2026-03-26,118,77.95,0,54.21
9623,1884,3776,2024-03-24,6,7.64,0,10.5
9624,5161,3425,2021-12-18,16,10.43,0,4.28
9625,7869,8858,2026-06-19,34,20.23,0,19.77
9626,2513,9378,2026-01-06,46,52.94,0,31.1
9627,2425,6122,2024-10-30,43,79.78,0,57.49
9628,7130,2950,2024-10-28,79,66.79,0,38.65
9629,1735,138,2025-12-10,5,8.87,0,0
9630,7488,4000,2026-04-13,34,66.07,0,35.97
9631,5457,5111,2021-04-09,99,62.16,1,51.93
9632,7270,8724,2025-03-06,37,52.39,0,23.18
9633,4219,1526,2025-11-09,120,80.71,1,65.76
9634,1866,2940,2021-07-15,123,82.33,1,63.08
9635,7726,2344,2025-06-18,13,10.13,0,15.15
9636,1275,6610,2025-01-25,69,54.54,0,23.16
9637,7123,289,2025-12-10,74,45.47,0,27.4
9638,9950,309,2022-06-14,23,65.44,1,55.31
9639,7499,9056,2026-02-23,6,7.5,0,12.9
9640,7880,2098,2024-11-14,33,91.49,1,66.84
9641,6015,7094,2022-04-25,36,71.24,1,66.88
9642,8522,7725,2025-05-11,50,49.94,1,46.27
9643,5438,6364,2025-08-02,74,42.44,1,41.41
9644,8029,706,2024-04-22,37,93.99,1,78.52
9645,6771,6656,2025-12-02,83,88.35,1,71.55
9646,4298,4328,2025-10-07,3,8.35,1,26.53
9647,8936,6989,2023-10-12,71,77.76,1,64.84
9648,8320,6777,2025-05-06,133,74.47,1,54.76
9649,1652,782,2025-05-03,44,26.8,0,23.5
9650,2994,6289,2020-02-26,15,41.98,0,23.68
9651,1961,1049,2026-03-19,63,73.15,1,57.74
9652,339,9754,2026-02-23,74,81.72,1,63.55
9653,67,723,2024-06-13,7,11.61,0,0
9654,6270,4599,2020-07-20,64,74.34,0,52.47
9655,2143,5420,2024-08-24,23,17.61,0,5.39
9656,8399,754,2022-05-28,91,88.2,1,78.37
9657,5817,9203,2023-03-09,20,24.95,1,36.58
9658,7137,3874,2022-05-20,1,2.52,1,24.01
9659,820,4758,2026-06-30,36,77.59,0,43.53
9660,1347,6993,2026-01-15,9,17.85,0,13.24
9661,5830,1326,2020-09-26,22,45.24,0,24.37
9662,4205,6368,2026-01-15,10,26.64,0,21.39
9663,5875,6185,2026-02-21,125,82.81,0,52.98
9664,9077,7090,2026-06-04,59,47.06,0,20.05
9665,9369,9380,2024-12-29,66,69.67,1,55.65
9666,9972,3283,2023-02-19,27,49.49,1,58.72
9667,7580,514,2026-01-31,125,94.38,0,65.6
9668,7035,1640,2023-04-14,55,43.54,0,19.31
9669,5834,2712,2024-07-30,120,97.45,0,51.12
9670,5829,2671,2026-01-15,33,27.45,0,11.01
9671,1830,9972,2023-12-20,51,41.23,1,42.5
9672,5332,7363,2026-06-05,47,65.6,1,68.95
9673,6227,8155,2025-04-19,107,71.67,0,42.79
9674,6798,7505,2025-11-11,9,6.96,0,4.62
9675,9651,8916,2025-04-26,3,1.53,0,6.74
9676,2455,635,2024-12-02,22,15.81,0,17.27
9677,1975,9641,2025-10-23,27,35.22,0,15.48
9678,2367,4052,2023-06-10,37,28.56,0,22.27
9679,6691,4901,2025-08-29,85,81.66,1,59.41
9680,4951,9550,2025-08-06,102,97.27,1,85.58
9681,6058,4851,2024-04-26,178,99.52,1,89.42
9682,7873,3226,2026-02-19,12,38.59,1,49.98
9683,991,1793,2025-07-06,3,9.86,1,33.71
9684,6699,9157,2024-06-21,59,35.31,1,31.99
9685,6027,6588,2025-05-01,35,20.12,0,6.75
9686,7363,7169,2024-02-03,33,25.04,0,18.92
9687,5369,3700,2024-11-01,6,15.33,0,5.99
9688,9034,6733,2023-11-25,23,85.87,1,67.44
9689,3738,7472,2025-06-22,3,4.52,0,11.37
9690,55,6395,2025-07-08,34,34.7,0,22.29
9691,3197,3161,2024-05-25,154,93.18,1,80.72
9692,5381,5288,2024-05-09,71,40.74,1,50.42
9693,3461,8363,2026-01-11,87,54.55,0,42.24
9694,6347,7376,2025-11-09,2,4.77,0,2.48
9695,5347,1898,2026-04-14,38,35.28,0,11.82
9696,6826,4039,2026-04-25,61,44.9,1,48.05
9697,8712,6552,2026-04-18,96,53.88,1,53.46
9698,2746,773,2026-01-11,55,62.89,0,29.78
9699,2815,2604,2023-12-16,135,79.27,1,68.17
9700,7296,6923,2026-06-09,26,25.2,0,23.07
9701,4257,7695,2026-05-11,1,3.61,0,2.85
9702,9723,2221,2026-04-24,46,94.25,1,77.82
9703,2245,9411,2026-03-07,33,22.52,1,42.06
9704,8593,5375,2024-11-14,41,59.78,1,59.4
9705,2464,515,2020-12-08,26,18.63,0,8.35
9706,3711,1677,2024-12-13,6,10.5,0,0
9707,4356,8078,2026-06-13,69,57.94,0,27.82
9708,5998,3861,2021-06-02,38,85.9,1,65.49
9709,5257,9483,2023-02-10,31,62.7,0,40.66
9710,8442,8069,2021-02-16,97,82.56,1,74.97
9711,5746,1801,2022-08-10,151,90.06,1,67.17
9712,675,61,2025-09-22,32,32.16,0,15.96
9713,7366,8223,2023-11-15,43,42.81,0,16.58
9714,1473,1449,2023-12-29,22,44.19,1,48.91
9715,4228,2193,2025-05-11,71,79.09,1,75.44
9716,6583,6436,2025-05-28,33,45.31,1,42.82
9717,8684,9879,2024-04-13,96,83.18,1,76.76
9718,7303,7060,2024-05-30,36,56.34,0,24.3
9719,9504,8725,2024-04-28,62,72.37,1,70.02
9720,7580,4075,2025-07-20,72,79.76,0,40.43
9721,4467,1273,2022-12-22,21,93.25,0,57.96
9722,2633,8247,2024-06-17,27,25.59,0,16.08
9723,2151,3777,2026-06-15,69,60.7,1,47.9
9724,1044,3191,2023-12-14,93,87.1,1,63.32
9725,2828,7744,2025-08-24,41,28.08,1,33.19
9726,1106,1635,2024-02-27,47,97.25,1,84.93
9727,6009,6140,2025-01-02,100,93.3,1,76.37
9728,3073,9218,2024-11-15,18,25.1,1,25.75
9729,7131,8623,2026-01-26,13,38.08,0,24.4
9730,9735,248,2025-07-28,90,53.44,1,53.47
9731,1820,1955,2025-05-19,10,7.81,0,0
9732,1279,3448,2025-12-05,5,8.56,0,12.94
9733,4247,5343,2020-11-03,13,15.88,0,4.66
9734,9790,2903,2025-01-31,22,21.46,0,12.98
9735,7829,4333,2019-09-23,73,49.71,1,54.19
9736,1287,1878,2026-04-16,90,66.17,0,45.82
9737,2570,2875,2022-06-07,32,45.06,1,49.4
9738,5520,3010,2023-12-17,44,81.96,1,78.59
9739,8433,2199,2024-09-21,5,26.69,0,12.13
9740,5924,9228,2025-09-29,106,91.31,1,84.6
9741,5530,2130,2025-12-25,78,80.99,0,53.54
9742,459,9111,2024-12-01,100,91.53,1,79.46
9743,113,9444,2025-03-27,102,65.79,0,37.73
9744,3060,3002,2025-07-03,156,99.76,1,88.44
9745,7427,3306,2025-11-17,44,26.14,1,38.87
9746,7334,5492,2025-11-14,24,40.64,1,42.93
9747,4562,4060,2026-03-22,6,7.92,1,26.64
9748,843,8508,2023-08-02,66,61.35,1,49.02
9749,3258,6227,2025-01-09,63,42.25,1,47.97
9750,6690,9433,2023-08-27,28,86.1,1,75.05
9751,1283,4177,2024-07-05,82,86.9,1,70.02
9752,3492,6843,2026-05-08,47,72.35,1,63.53
9753,8106,1843,2025-02-13,57,72.97,1,71.15
9754,2602,9649,2025-09-25,36,28.6,0,7.53
9755,5012,5154,2025-03-10,85,65.56,1,67.31
9756,6781,3105,2022-07-12,84,52.08,0,28.45
9757,6039,1118,2024-10-18,1,2.17,1,28.38
9758,7460,1562,2025-10-21,40,55.23,1,60.37
9759,8932,6556,2026-02-12,27,24.96,0,19.61
9760,530,462,2025-09-29,10,8.35,1,21.22
9761,7467,4024,2019-09-29,19,40.49,1,54.15
9762,987,9030,2025-08-29,20,12.08,0,11.24
9763,3312,8794,2022-06-02,6,18.87,0,3.36
9764,4888,2773,2022-04-17,120,89.23,0,44.54
9765,9848,7089,2021-12-26,111,75.36,1,71.02
9766,4402,3726,2026-04-03,143,94.46,1,77.4
9767,8187,8058,2025-10-24,60,45.5,1,39.37
9768,9199,2225,2024-03-18,5,3.29,0,0
9769,5735,6116,2026-04-08,85,59.57,1,57.41
9770,6969,292,2022-11-19,80,73.4,0,49.56
9771,2827,9514,2024-01-08,19,12.99,0,13.18
9772,3051,7774,2025-03-04,21,60.52,0,29.39
9773,6110,846,2026-04-27,48,91.14,1,84.12
9774,2704,388,2022-11-09,17,41.59,0,27.27
9775,3155,3825,2024-12-23,26,23.84,1,30.5
9776,697,8473,2022-05-10,111,86.64,0,42.62
9777,5519,9417,2026-05-11,11,37.05,0,25.88
9778,697,2454,2024-01-31,45,86.01,1,63.35
9779,8709,5579,2020-02-12,56,44.05,0,35.12
9780,7143,7336,2024-11-06,83,48.85,1,57.72
9781,4235,3742,2021-07-15,7,21.13,0,21.19
9782,3100,5961,2026-06-22,96,83.57,1,68.74
9783,9252,5967,2025-04-03,25,14.01,0,8.98
9784,9210,2951,2026-06-05,10,45.69,0,34.16
9785,512,8317,2025-09-22,80,63.21,1,60.54
9786,2660,2093,2026-04-02,43,87.56,1,69.22
9787,7800,1472,2025-06-25,53,40.36,0,15.67
9788,7193,640,2025-09-14,57,32.08,0,25.12
9789,232,6813,2025-02-12,31,19.08,0,10.24
9790,1828,6454,2025-09-28,24,33.79,1,32.78
9791,6953,4632,2022-11-02,29,46.64,0,19.71
9792,9081,4197,2025-10-10,14,30.16,1,47.13
9793,1098,330,2020-03-17,26,16.43,0,15.3
9794,3277,6733,2025-06-13,15,56.38,1,52.4
9795,1090,9359,2024-05-11,45,94.74,1,83.06
9796,8884,5970,2025-08-14,54,85.02,1,68.76
9797,6703,9560,2021-11-06,97,66.72,1,54.13
9798,948,9016,2026-06-03,39,22.67,0,4.87
9799,2857,8153,2026-01-26,12,36.39,0,15.91
9800,1155,8331,2022-04-02,52,56.1,0,34.91
9801,5099,8372,2025-07-02,37,30.7,0,17.84
9802,7633,5724,2021-11-10,18,12.88,1,24.09
9803,6145,2139,2024-05-05,39,29.68,0,16.03
9804,7499,3424,2025-12-14,54,58.35,0,29.79
9805,8493,2937,2021-03-01,28,81.1,0,53.06
9806,7792,3185,2026-01-14,49,30.17,0,12.07
9807,6015,7668,2022-03-08,22,39.82,0,20.31
9808,4532,431,2023-05-21,107,81.67,1,68.92
9809,2493,1179,2021-08-24,124,73.67,1,58.95
9810,3212,8500,2026-05-12,3,3.24,0,1.45
9811,6993,6592,2024-11-16,23,46.63,1,56.1
9812,5637,8252,2026-01-30,49,40.13,0,29.28
9813,7392,6330,2024-10-04,79,67.51,1,55.27
9814,4731,672,2021-04-02,41,99.16,1,71.49
9815,1035,4532,2025-12-20,30,32.6,0,18.06
9816,7077,2230,2023-11-02,34,23.02,0,21.43
9817,2334,1215,2024-01-03,34,25.77,1,25.51
9818,5873,6426,2026-02-18,8,37.42,0,13.05
9819,17,7475,2023-06-26,2,1.18,0,0
9820,5308,940,2024-04-11,37,74.66,1,70.19
9821,3462,9140,2026-02-02,27,29.21,0,20.32
9822,4622,297,2024-12-22,74,59.18,1,59.48
9823,1662,7630,2025-12-10,46,59.81,0,35.97
9824,7343,2252,2025-07-04,38,29.38,1,41.45
9825,6638,5284,2025-02-08,37,27.43,0,23.06
9826,6356,6336,2025-12-16,35,33.14,0,17.45
9827,5626,1683,2024-04-04,18,14.81,0,18.62
9828,4178,6839,2023-10-01,152,88.98,1,76.47
9829,2136,9280,2025-11-24,59,43.32,1,55.12
9830,1990,3447,2024-11-02,27,97.66,1,83.06
9831,5530,2101,2026-05-31,33,80.22,1,59.37
9832,484,6510,2024-07-15,16,10,0,0
9833,3105,9354,2024-11-22,87,77.59,1,74.44
9834,8608,6627,2025-08-20,11,36.77,0,12.82
9835,6095,907,2025-03-06,60,44.08,0,33.06
9836,9248,7090,2025-10-24,63,68.2,1,66.6
9837,1530,1337,2024-08-14,137,86,0,60.54
9838,4007,4361,2025-07-27,47,67.24,1,58
9839,8001,8484,2025-04-02,57,53.96,1,53.7
9840,1870,6371,2025-05-12,18,47.9,0,20.01
9841,9217,4659,2025-02-12,28,37.42,0,15.22
9842,4636,448,2026-06-11,35,26.13,0,6.67
9843,7184,436,2026-06-23,119,86.08,1,80.51
9844,9567,9445,2024-09-05,33,71.05,0,50.68
9845,3939,115,2026-04-24,51,51.65,0,38.84
9846,5329,8584,2021-01-28,50,46.23,1,54.91
9847,2900,6773,2026-06-08,69,66.97,1,60.74
9848,6091,7370,2026-05-29,12,7.1,1,32.77
9849,983,699,2026-06-02,52,84.4,1,67.96
9850,7746,7660,2025-09-03,22,28.3,0,18.57
9851,705,1771,2026-06-28,92,75.8,1,63.16
9852,4807,9943,2025-09-05,92,84.77,0,44.94
9853,5786,1528,2026-03-05,40,27.94,0,8.94
9854,2636,7487,2023-07-14,111,85.01,1,80.81
9855,3317,6930,2023-05-23,41,67.93,1,50.96
9856,2575,9032,2024-12-24,134,85.6,0,56.01
9857,3854,6543,2024-11-28,6,29.16,0,26.5
9858,7112,163,2022-07-04,40,76.78,0,41.33
9859,1689,7705,2024-04-06,10,44.57,0,23.43
9860,232,2215,2025-09-24,117,83.33,1,66.75
9861,3085,8763,2025-08-07,9,6.76,0,10.49
9862,9942,5240,2023-08-14,12,48.46,0,26.47
9863,3968,2349,2025-07-01,116,87.3,1,81.53
9864,145,8278,2024-12-29,47,45.43,1,45.24
9865,6412,7437,2025-03-05,54,64.63,0,39.02
9866,5674,9772,2026-01-21,55,43.28,0,30.15
9867,1934,1393,2024-12-23,125,83.64,1,60.79
9868,3172,5425,2026-06-10,72,75.37,1,61.77
9869,7838,3267,2026-03-31,11,19.82,1,33.72
9870,2255,9008,2023-09-08,30,43.7,0,25.81
9871,4499,3844,2022-06-10,104,58.75,0,40.81
9872,6657,8113,2025-08-07,48,62.73,1,57.79
9873,5259,3849,2026-04-25,43,38.71,0,26.21
9874,2835,621,2026-06-21,106,72.3,1,67.85
9875,2794,8320,2025-10-24,9,8.17,0,6.25
9876,9871,3394,2022-10-30,9,15.18,1,24.83
9877,7302,5550,2021-05-18,7,15.93,0,15.29
9878,1736,8490,2024-12-26,57,86.3,1,80.95
9879,7678,4445,2026-05-31,94,94.16,1,73.27
9880,1779,2490,2024-08-09,34,22.09,0,8.2
9881,5173,8186,2021-03-14,19,63.48,0,33.32
9882,8838,924,2024-04-06,4,10.72,0,0
9883,4883,1917,2024-08-10,1,1.13,0,0
9884,5055,4271,2026-05-26,37,79.55,0,50.13
9885,1378,8998,2025-10-29,14,8.35,1,21.76
9886,2662,5842,2025-07-26,24,58.94,1,56.11
9887,3120,8835,2025-12-15,9,6.48,0,5.33
9888,5146,3222,2025-05-14,28,37.36,0,30.63
9889,3619,3974,2025-02-14,9,11.16,1,23.77
9890,2939,774,2024-10-08,42,29,1,44.04
9891,851,7820,2025-04-02,48,87.23,0,49.57
9892,8638,6197,2021-02-02,5,7.14,1,20.54
9893,1702,5766,2026-03-05,71,63.55,1,68.13
9894,4671,3088,2024-10-26,40,30.94,1,44.41
9895,8098,9475,2024-02-15,86,65.74,0,44.48
9896,2955,6218,2025-12-04,3,7.96,1,25.41
9897,4724,1748,2026-06-08,8,8.77,0,13.13
9898,3950,1485,2025-05-27,74,94.14,1,77.94
9899,2593,9481,2024-09-26,63,66.1,0,40.93
9900,2768,1617,2024-06-15,39,48.64,0,24.2
9901,1168,9800,2025-08-24,4,6.83,0,0
9902,1657,9284,2023-12-09,12,11.54,0,6.03
9903,1030,6127,2025-12-20,9,19.35,0,16.75
9904,9987,8220,2025-02-24,12,9.29,1,31.61
9905,4906,9776,2023-10-29,83,65.44,1,59.37
9906,1369,3444,2023-10-20,15,20.6,1,40.66
9907,3530,7541,2025-02-16,17,9.96,0,3.66
9908,1888,6496,2024-01-14,38,36.16,1,32.91
9909,2325,4207,2024-12-08,56,87.11,0,50.03
9910,1113,9350,2021-01-23,106,84.03,0,41.63
9911,1822,6965,2026-03-30,2,1.83,0,0
9912,7079,5354,2026-03-27,7,7.84,1,28.54
9913,6884,8556,2025-09-23,14,15.75,0,7.62
9914,8920,3673,2025-08-02,56,58.81,1,55.66
9915,1498,9693,2022-08-07,36,34.63,0,17.91
9916,36,7930,2019-09-10,45,76.33,1,72.95
9917,4918,9405,2023-11-29,4,1.97,0,0.42
9918,7472,2100,2025-01-19,11,22.42,0,4.48
9919,274,2335,2026-02-04,27,16.78,1,29.15
9920,823,8912,2024-04-23,67,74.36,1,60.38
9921,5503,5631,2024-02-19,125,88.93,1,81.18
9922,4296,7554,2026-04-01,4,4.78,1,28.41
9923,9149,3929,2022-08-09,45,79.32,1,63.83
9924,2518,3999,2024-02-13,22,13.66,0,17.37
9925,496,5810,2022-12-17,37,91.55,1,71.79
9926,4470,5119,2022-04-25,38,26.51,0,8.84
9927,3941,3723,2026-01-31,43,28.46,0,13.95
9928,9444,2787,2026-02-21,89,92.08,1,79.41
9929,1885,7925,2024-05-15,53,40,0,30.42
9930,3328,4196,2026-06-25,42,49.99,0,21.48
9931,190,6327,2020-12-12,37,74.1,0,49.68
9932,1621,5044,2026-05-25,30,76.01,1,70.52
9933,3403,9378,2026-06-22,34,56.45,1,58.18
9934,5726,1698,2025-09-17,48,28.6,1,36.42
9935,2547,7663,2025-03-14,46,87.95,1,67.18
9936,7181,7541,2024-02-14,11,43.38,1,37.78
9937,7452,3007,2021-02-15,6,21.33,0,5.54
9938,59,2919,2025-03-17,27,24.31,0,8.18
9939,5618,14,2024-01-26,51,92.6,1,75.69
9940,6950,5759,2023-12-22,3,12.74,0,0
9941,7636,9972,2026-03-19,65,44.02,0,26.06
9942,94,2546,2026-04-11,69,54.44,1,51.97
9943,8094,7690,2026-03-05,24,22.24,0,15.49
9944,6346,7280,2022-05-10,31,49.87,0,21.78
9945,4530,4476,2025-02-18,1,1.32,0,0
9946,2773,2025,2023-11-15,20,84.87,1,63.1
9947,7074,5645,2024-10-26,21,85.29,1,80.09
9948,7244,5732,2024-11-05,88,73.01,1,56.42
9949,6771,9294,2025-08-14,19,77.21,1,67.21
9950,2233,3676,2022-10-13,116,65.27,1,49.48
9951,8365,7658,2025-01-13,77,54.16,0,24.92
9952,7217,1400,2026-06-30,1,1.72,1,23.39
9953,4157,9069,2026-05-09,40,27.8,0,12.84
9954,6565,9824,2026-02-21,27,36.72,0,24.4
9955,186,5455,2025-10-23,127,71.28,0,43.88
9956,3828,9385,2024-05-21,30,60.38,1,49.09
9957,4697,2554,2025-07-25,51,50.76,0,35.76
9958,6762,4216,2022-02-20,22,31.97,0,13.58
9959,8563,7225,2026-02-11,35,53.92,0,34.08
9960,7910,3982,2026-01-02,18,13.44,0,6.76
9961,1687,1218,2025-12-05,27,29.89,0,17.93
9962,6697,4623,2025-07-28,23,81.47,1,72.77
9963,9845,8685,2026-06-28,57,61.41,1,61.2
9964,904,1248,2026-04-02,22,81.55,1,61.39
9965,816,3962,2025-05-31,25,48.11,0,22.49
9966,9051,9820,2026-06-26,101,95.79,1,68.23
9967,8026,4209,2026-03-25,42,81.52,1,70.42
9968,4346,6587,2025-04-25,11,8.28,0,12.76
9969,3924,8328,2025-12-02,82,83.28,0,45.88
9970,4580,8353,2025-08-09,42,63.99,1,68.38
9971,8090,6512,2021-10-31,10,6.41,0,11.35
9972,6636,9542,2026-04-15,12,8.54,0,0
9973,5297,2511,2026-06-17,95,77.65,0,54.76
9974,1673,5366,2022-01-25,78,66.55,1,53.01
9975,9650,2089,2026-02-15,59,88.77,1,72.93
9976,8019,2543,2026-06-11,36,20.97,1,39.25
9977,4461,6849,2026-06-28,48,29.21,1,42.14
9978,6411,739,2023-11-06,39,49.04,0,20.25
9979,8338,5924,2026-02-15,79,66.03,1,68.04
9980,8224,8508,2023-06-06,29,56.73,1,59.71
9981,5465,6031,2023-09-02,149,85.22,0,45.53
9982,3427,611,2024-10-16,62,40.29,0,18.91
9983,1389,2386,2023-07-25,93,73.01,1,65.29
9984,7882,79,2021-12-02,3,4.59,1,20.23
9985,2087,3416,2023-04-02,88,66.11,0,42.06
9986,794,2073,2024-09-16,65,55.74,1,49.16
9987,9296,9019,2025-06-02,17,64.74,1,64.13
9988,9485,7884,2026-06-21,158,93.21,0,61.97
9989,8571,3858,2025-08-22,159,91.06,1,67.79
9990,1597,6390,2025-08-14,63,52.73,1,59.02
9991,1477,6784,2023-09-01,92,82.05,1,78.89
9992,4055,4373,2026-05-02,151,95.26,1,78
9993,9010,5251,2022-05-06,63,82.25,0,40.75
9994,5625,8520,2025-12-29,18,48.28,1,39.4
9995,968,7486,2023-03-06,82,68.49,0,35.38
9996,7663,7915,2024-05-02,31,42.75,1,37.64
9997,3964,1761,2026-04-02,7,18.11,0,12.71
9998,3119,1486,2023-04-10,73,64.21,1,55.79
9999,7083,4622,2023-12-09,46,74.35,0,51.25
10000,2260,9753,2026-06-01,43,27.64,1,28.76
